{
	"credit": "Made with Blockbench",
	"parent": "block/block",
	"textures": {
		"3": "block/cobblestone",
		"log": "block/campfire_log",
		"particle": "block/campfire_log",
		"litlog": "block/campfire_log_lit",
		"fire": "block/campfire_fire"
	},
	"elements": [
		{
			"from": [1, 0, 0],
			"to": [5, 4, 16],
			"faces": {
				"north": {"uv": [0, 4, 4, 8], "texture": "#log", "cullface": "north"},
				"east": {"uv": [0, 1, 16, 5], "texture": "#litlog"},
				"south": {"uv": [0, 4, 4, 8], "texture": "#log", "cullface": "south"},
				"west": {"uv": [16, 0, 0, 4], "texture": "#log"},
				"up": {"uv": [0, 0, 16, 4], "rotation": 90, "texture": "#log"},
				"down": {"uv": [0, 0, 16, 4], "rotation": 90, "texture": "#log", "cullface": "down"}
			}
		},
		{
			"from": [0, 3, 11],
			"to": [16, 7, 15],
			"faces": {
				"north": {"uv": [16, 0, 0, 4], "texture": "#litlog"},
				"east": {"uv": [0, 4, 4, 8], "texture": "#log", "cullface": "east"},
				"south": {"uv": [0, 0, 16, 4], "texture": "#litlog"},
				"west": {"uv": [0, 4, 4, 8], "texture": "#log", "cullface": "west"},
				"up": {"uv": [0, 0, 16, 4], "rotation": 180, "texture": "#log"},
				"down": {"uv": [0, 4, 16, 8], "texture": "#litlog"}
			}
		},
		{
			"from": [11, 0, 0],
			"to": [15, 4, 16],
			"faces": {
				"north": {"uv": [0, 4, 4, 8], "texture": "#log", "cullface": "north"},
				"east": {"uv": [0, 0, 16, 4], "texture": "#log"},
				"south": {"uv": [0, 4, 4, 8], "texture": "#log", "cullface": "south"},
				"west": {"uv": [16, 1, 0, 5], "texture": "#litlog"},
				"up": {"uv": [0, 0, 16, 4], "rotation": 90, "texture": "#log"},
				"down": {"uv": [0, 0, 16, 4], "rotation": 90, "texture": "#log", "cullface": "down"}
			}
		},
		{
			"from": [0, 3, 1],
			"to": [16, 7, 5],
			"faces": {
				"north": {"uv": [0, 0, 16, 4], "texture": "#litlog"},
				"east": {"uv": [0, 4, 4, 8], "texture": "#log", "cullface": "east"},
				"south": {"uv": [16, 0, 0, 4], "texture": "#litlog"},
				"west": {"uv": [0, 4, 4, 8], "texture": "#log", "cullface": "west"},
				"up": {"uv": [0, 0, 16, 4], "rotation": 180, "texture": "#log"},
				"down": {"uv": [0, 4, 16, 8], "texture": "#litlog"}
			}
		},
		{
			"from": [5, 0, 0],
			"to": [11, 1, 16],
			"faces": {
				"north": {"uv": [0, 15, 6, 16], "texture": "#log", "cullface": "north"},
				"south": {"uv": [10, 15, 16, 16], "texture": "#log", "cullface": "south"},
				"up": {"uv": [0, 8, 16, 14], "rotation": 90, "texture": "#litlog"},
				"down": {"uv": [0, 8, 16, 14], "rotation": 90, "texture": "#log", "cullface": "down"}
			}
		},
		{
			"from": [0.8, 1, 8],
			"to": [15.2, 17, 8],
			"shade": false,
			"rotation": {"angle": 45, "axis": "y", "origin": [8, 8, 8], "rescale": true},
			"faces": {
				"north": {"uv": [0, 0, 16, 16], "texture": "#fire"},
				"south": {"uv": [0, 0, 16, 16], "texture": "#fire"}
			}
		},
		{
			"from": [8, 1, 0.8],
			"to": [8, 17, 15.2],
			"shade": false,
			"rotation": {"angle": 45, "axis": "y", "origin": [8, 8, 8], "rescale": true},
			"faces": {
				"east": {"uv": [0, 0, 16, 16], "texture": "#fire"},
				"west": {"uv": [0, 0, 16, 16], "texture": "#fire"}
			}
		},
		{
			"from": [-4, 0, 11],
			"to": [1, 4, 16],
			"faces": {
				"north": {"uv": [0, 4, 4, 8], "texture": "#3", "cullface": "north"},
				"east": {"uv": [0, 0, 5, 4], "texture": "#3"},
				"south": {"uv": [0, 0, 5, 4], "texture": "#3", "cullface": "south"},
				"west": {"uv": [0, 0, 5, 4], "texture": "#3"},
				"up": {"uv": [0, 0, 5, 5], "rotation": 90, "texture": "#3"},
				"down": {"uv": [0, 0, 5, 5], "rotation": 90, "texture": "#3", "cullface": "down"}
			}
		},
		{
			"from": [4, 0, -6],
			"to": [10, 5, 0],
			"faces": {
				"north": {"uv": [0, 0, 6, 5], "texture": "#3", "cullface": "north"},
				"east": {"uv": [0, 0, 6, 5], "texture": "#3"},
				"south": {"uv": [0, 0, 6, 5], "texture": "#3", "cullface": "south"},
				"west": {"uv": [0, 0, 6, 5], "texture": "#3"},
				"up": {"uv": [0, 0, 5, 5], "rotation": 90, "texture": "#3"},
				"down": {"uv": [0, 0, 6, 6], "rotation": 90, "texture": "#3", "cullface": "down"}
			}
		},
		{
			"from": [-5, 0, 4],
			"to": [1, 5, 10],
			"faces": {
				"north": {"uv": [0, 0, 6, 5], "texture": "#3", "cullface": "north"},
				"east": {"uv": [0, 0, 6, 5], "texture": "#3"},
				"south": {"uv": [0, 0, 6, 5], "texture": "#3", "cullface": "south"},
				"west": {"uv": [0, 0, 6, 5], "texture": "#3"},
				"up": {"uv": [0, 0, 5, 5], "rotation": 90, "texture": "#3"},
				"down": {"uv": [0, 0, 6, 6], "rotation": 90, "texture": "#3", "cullface": "down"}
			}
		},
		{
			"from": [11, 0, -5],
			"to": [16, 4, 0],
			"faces": {
				"north": {"uv": [0, 4, 4, 8], "texture": "#3", "cullface": "north"},
				"east": {"uv": [0, 0, 5, 4], "texture": "#3"},
				"south": {"uv": [0, 0, 5, 4], "texture": "#3", "cullface": "south"},
				"west": {"uv": [0, 0, 5, 4], "texture": "#3"},
				"up": {"uv": [0, 0, 5, 5], "rotation": 90, "texture": "#3"},
				"down": {"uv": [0, 0, 5, 5], "rotation": 90, "texture": "#3", "cullface": "down"}
			}
		},
		{
			"from": [4, 0, 16],
			"to": [10, 5, 22],
			"faces": {
				"north": {"uv": [0, 0, 6, 5], "texture": "#3", "cullface": "north"},
				"east": {"uv": [0, 0, 6, 5], "texture": "#3"},
				"south": {"uv": [0, 0, 6, 5], "texture": "#3", "cullface": "south"},
				"west": {"uv": [0, 0, 6, 5], "texture": "#3"},
				"up": {"uv": [0, 0, 5, 5], "rotation": 90, "texture": "#3"},
				"down": {"uv": [0, 0, 6, 6], "rotation": 90, "texture": "#3", "cullface": "down"}
			}
		},
		{
			"from": [-1, 0, 16],
			"to": [3, 3, 20],
			"faces": {
				"north": {"uv": [0, 0, 4, 3], "texture": "#3", "cullface": "north"},
				"east": {"uv": [0, 0, 4, 3], "texture": "#3"},
				"south": {"uv": [0, 0, 4, 3], "texture": "#3", "cullface": "south"},
				"west": {"uv": [0, 0, 4, 3], "texture": "#3"},
				"up": {"uv": [0, 0, 4, 4], "rotation": 90, "texture": "#3"},
				"down": {"uv": [0, 0, 4, 4], "rotation": 90, "texture": "#3", "cullface": "down"}
			}
		},
		{
			"from": [11, 0, 16],
			"to": [16, 4, 21],
			"faces": {
				"north": {"uv": [0, 4, 4, 8], "texture": "#3", "cullface": "north"},
				"east": {"uv": [0, 0, 5, 4], "texture": "#3"},
				"south": {"uv": [0, 0, 5, 4], "texture": "#3", "cullface": "south"},
				"west": {"uv": [0, 0, 5, 4], "texture": "#3"},
				"up": {"uv": [0, 0, 5, 5], "rotation": 90, "texture": "#3"},
				"down": {"uv": [0, 0, 5, 5], "rotation": 90, "texture": "#3", "cullface": "down"}
			}
		},
		{
			"from": [16, 0, 4],
			"to": [22, 5, 10],
			"faces": {
				"north": {"uv": [0, 0, 6, 5], "texture": "#3", "cullface": "north"},
				"east": {"uv": [0, 0, 6, 5], "texture": "#3"},
				"south": {"uv": [0, 0, 6, 5], "texture": "#3", "cullface": "south"},
				"west": {"uv": [0, 0, 6, 5], "texture": "#3"},
				"up": {"uv": [0, 0, 5, 5], "rotation": 90, "texture": "#3"},
				"down": {"uv": [0, 0, 6, 6], "rotation": 90, "texture": "#3", "cullface": "down"}
			}
		},
		{
			"from": [16, 0, 11],
			"to": [21, 4, 16],
			"faces": {
				"north": {"uv": [0, 4, 4, 8], "texture": "#3", "cullface": "north"},
				"east": {"uv": [0, 0, 5, 4], "texture": "#3"},
				"south": {"uv": [0, 0, 5, 4], "texture": "#3", "cullface": "south"},
				"west": {"uv": [0, 0, 5, 4], "texture": "#3"},
				"up": {"uv": [0, 0, 5, 5], "rotation": 90, "texture": "#3"},
				"down": {"uv": [0, 0, 5, 5], "rotation": 90, "texture": "#3", "cullface": "down"}
			}
		},
		{
			"from": [16, 0, -1],
			"to": [20, 3, 3],
			"faces": {
				"north": {"uv": [0, 0, 4, 3], "texture": "#3", "cullface": "north"},
				"east": {"uv": [0, 0, 4, 3], "texture": "#3"},
				"south": {"uv": [0, 0, 4, 3], "texture": "#3", "cullface": "south"},
				"west": {"uv": [0, 0, 4, 3], "texture": "#3"},
				"up": {"uv": [0, 0, 4, 4], "rotation": 90, "texture": "#3"},
				"down": {"uv": [0, 0, 4, 4], "rotation": 90, "texture": "#3", "cullface": "down"}
			}
		},
		{
			"from": [-1, 0, -4],
			"to": [3, 3, 0],
			"faces": {
				"north": {"uv": [0, 0, 4, 3], "texture": "#3", "cullface": "north"},
				"east": {"uv": [0, 0, 4, 3], "texture": "#3"},
				"south": {"uv": [0, 0, 4, 3], "texture": "#3", "cullface": "south"},
				"west": {"uv": [0, 0, 4, 3], "texture": "#3"},
				"up": {"uv": [0, 0, 4, 4], "rotation": 90, "texture": "#3"},
				"down": {"uv": [0, 0, 4, 4], "rotation": 90, "texture": "#3", "cullface": "down"}
			}
		},
		{
			"from": [-3, 0, 0],
			"to": [1, 3, 4],
			"faces": {
				"north": {"uv": [0, 0, 4, 3], "texture": "#3", "cullface": "north"},
				"east": {"uv": [0, 0, 4, 3], "texture": "#3"},
				"south": {"uv": [0, 0, 4, 3], "texture": "#3", "cullface": "south"},
				"west": {"uv": [0, 0, 4, 3], "texture": "#3"},
				"up": {"uv": [0, 0, 4, 4], "rotation": 90, "texture": "#3"},
				"down": {"uv": [0, 0, 4, 4], "rotation": 90, "texture": "#3", "cullface": "down"}
			}
		}
	],
	"display": {
		"head": {
			"translation": [0, 10.5, 0]
		}
	}
}