{
	"credit": "Made with Blockbench",
	"parent": "block/cross",
	"textures": {
		"1": "block/lily_of_the_valley",
		"particle": "block/lily_of_the_valley"
	},
	"elements": [
		{
			"from": [7, 0, 8],
			"to": [8, 11, 9],
			"rotation": {"angle": 0, "axis": "y", "origin": [8, 6, 8.75]},
			"faces": {
				"north": {"uv": [8, 5, 9, 16], "texture": "#1"},
				"east": {"uv": [8, 5, 9, 16], "texture": "#1"},
				"south": {"uv": [8, 5, 9, 16], "texture": "#1"},
				"west": {"uv": [8, 5, 9, 16], "texture": "#1"},
				"up": {"uv": [8, 5, 9, 6], "texture": "#1"},
				"down": {"uv": [0, 0, 2, 2], "texture": "#1"}
			}
		},
		{
			"from": [8, 11, 8],
			"to": [12, 12, 9],
			"rotation": {"angle": 0, "axis": "y", "origin": [8, 6, 8.75]},
			"faces": {
				"north": {"uv": [4, 4, 8, 5], "texture": "#1"},
				"east": {"uv": [7, 4, 8, 5], "texture": "#1"},
				"south": {"uv": [4, 4, 8, 5], "texture": "#1"},
				"west": {"uv": [7, 4, 8, 5], "texture": "#1"},
				"up": {"uv": [4, 4, 8, 5], "texture": "#1"},
				"down": {"uv": [4, 4, 8, 5], "texture": "#1"}
			}
		},
		{
			"from": [11, 9, 7],
			"to": [13, 11, 9],
			"rotation": {"angle": 0, "axis": "y", "origin": [8, 6, 8.75]},
			"faces": {
				"north": {"uv": [5, 7, 7, 9], "texture": "#1"},
				"east": {"uv": [7, 7, 5, 9], "texture": "#1"},
				"south": {"uv": [5, 7, 7, 9], "texture": "#1"},
				"west": {"uv": [7, 7, 5, 9], "texture": "#1"},
				"up": {"uv": [5, 9, 7, 7], "texture": "#1"},
				"down": {"uv": [5, 7, 7, 9], "texture": "#1"}
			}
		},
		{
			"from": [5, 3, 8],
			"to": [7, 9, 8],
			"rotation": {"angle": 22.5, "axis": "z", "origin": [7, 3, 8]},
			"faces": {
				"north": {"uv": [11, 8, 13, 14], "texture": "#1"},
				"south": {"uv": [11, 8, 13, 14], "texture": "#1"}
			}
		},
		{
			"from": [5, 1, 8],
			"to": [7, 7, 8],
			"rotation": {"angle": -45, "axis": "x", "origin": [7, 1, 8]},
			"faces": {
				"north": {"uv": [11, 8, 13, 14], "texture": "#1"},
				"south": {"uv": [11, 8, 13, 14], "texture": "#1"}
			}
		},
		{
			"from": [5, 1, 9],
			"to": [7, 7, 9],
			"rotation": {"angle": 45, "axis": "x", "origin": [7, 1, 9]},
			"faces": {
				"north": {"uv": [11, 8, 13, 14], "texture": "#1"},
				"south": {"uv": [11, 8, 13, 14], "texture": "#1"}
			}
		},
		{
			"from": [8, 8, 8],
			"to": [10, 9, 9],
			"rotation": {"angle": 0, "axis": "y", "origin": [8, 6, 8.75]},
			"faces": {
				"north": {"uv": [6, 6, 8, 7], "texture": "#1"},
				"east": {"uv": [7, 6, 8, 7], "texture": "#1"},
				"south": {"uv": [6, 6, 8, 7], "texture": "#1"},
				"west": {"uv": [7, 13, 8, 14], "texture": "#1"},
				"up": {"uv": [6, 6, 8, 7], "texture": "#1"},
				"down": {"uv": [6, 6, 8, 7], "texture": "#1"}
			}
		},
		{
			"from": [7, 6, 9],
			"to": [8, 7, 10],
			"rotation": {"angle": 0, "axis": "y", "origin": [8, 6, 8.75]},
			"faces": {
				"north": {"uv": [6, 6, 8, 7], "texture": "#1"},
				"east": {"uv": [7, 6, 8, 7], "texture": "#1"},
				"south": {"uv": [6, 6, 8, 7], "texture": "#1"},
				"west": {"uv": [9, 14, 10, 15], "texture": "#1"},
				"up": {"uv": [6, 6, 8, 7], "texture": "#1"},
				"down": {"uv": [6, 6, 8, 7], "texture": "#1"}
			}
		},
		{
			"from": [9, 6, 8],
			"to": [11, 8, 10],
			"rotation": {"angle": 0, "axis": "y", "origin": [8, 6, 8.75]},
			"faces": {
				"north": {"uv": [5, 7, 7, 9], "texture": "#1"},
				"east": {"uv": [7, 7, 5, 9], "texture": "#1"},
				"south": {"uv": [5, 7, 7, 9], "texture": "#1"},
				"west": {"uv": [7, 7, 5, 9], "texture": "#1"},
				"up": {"uv": [5, 9, 7, 7], "texture": "#1"},
				"down": {"uv": [5, 7, 7, 9], "texture": "#1"}
			}
		},
		{
			"from": [6, 5, 10],
			"to": [8, 7, 12],
			"rotation": {"angle": 0, "axis": "y", "origin": [8, 6, 8.75]},
			"faces": {
				"north": {"uv": [5, 7, 7, 9], "texture": "#1"},
				"east": {"uv": [7, 7, 5, 9], "texture": "#1"},
				"south": {"uv": [5, 7, 7, 9], "texture": "#1"},
				"west": {"uv": [7, 7, 5, 9], "texture": "#1"},
				"up": {"uv": [5, 9, 7, 7], "texture": "#1"},
				"down": {"uv": [5, 7, 7, 9], "texture": "#1"}
			}
		},
		{
			"from": [7, 7, 7],
			"to": [8, 8, 8],
			"rotation": {"angle": 0, "axis": "y", "origin": [8, 6, 8.75]},
			"faces": {
				"north": {"uv": [6, 6, 8, 7], "texture": "#1"},
				"east": {"uv": [7, 6, 8, 7], "texture": "#1"},
				"south": {"uv": [6, 6, 8, 7], "texture": "#1"},
				"west": {"uv": [9, 14, 10, 15], "texture": "#1"},
				"up": {"uv": [6, 6, 8, 7], "texture": "#1"},
				"down": {"uv": [7, 8, 8, 9], "texture": "#1"}
			}
		},
		{
			"from": [6, 6, 5],
			"to": [8, 8, 7],
			"rotation": {"angle": 0, "axis": "y", "origin": [8, 6, 8.75]},
			"faces": {
				"north": {"uv": [5, 7, 7, 9], "texture": "#1"},
				"east": {"uv": [7, 7, 5, 9], "texture": "#1"},
				"south": {"uv": [5, 7, 7, 9], "texture": "#1"},
				"west": {"uv": [7, 7, 5, 9], "texture": "#1"},
				"up": {"uv": [5, 9, 7, 7], "texture": "#1"},
				"down": {"uv": [5, 7, 7, 9], "texture": "#1"}
			}
		}
	]
}