{
	"credit": "Made with Blockbench",
	"ambientocclusion": false,
	"textures": {
		"0": "block/poppy",
		"particle": "block/poppy"
	},
	"elements": [
		{
			"from": [7.5, 7, 7.5],
			"to": [9.5, 9, 9.5],
			"rotation": {"angle": 0, "axis": "y", "origin": [8.5, 6.78649, 8.5]},
			"faces": {
				"north": {"uv": [7, 7, 10, 9], "texture": "#0"},
				"east": {"uv": [10, 7, 7, 9], "texture": "#0"},
				"south": {"uv": [7, 7, 10, 9], "texture": "#0"},
				"west": {"uv": [10, 7, 7, 9], "texture": "#0"},
				"up": {"uv": [9, 6, 10, 7], "texture": "#0"},
				"down": {"uv": [8, 8, 9, 9], "texture": "#0"}
			}
		},
		{
			"from": [7.5, 8, 7.5],
			"to": [9.5, 10, 7.5],
			"rotation": {"angle": -45, "axis": "x", "origin": [8.5, 8, 7.5]},
			"faces": {
				"north": {"uv": [9, 7, 10, 8], "texture": "#0"},
				"south": {"uv": [9, 7, 10, 8], "texture": "#0"}
			}
		},
		{
			"from": [8, 0, 8],
			"to": [9, 7, 9],
			"rotation": {"angle": 0, "axis": "y", "origin": [8.5, 6.78649, 8.5]},
			"faces": {
				"north": {"uv": [8, 9, 9, 16], "texture": "#0"},
				"east": {"uv": [8, 9, 9, 16], "texture": "#0"},
				"south": {"uv": [8, 9, 9, 16], "texture": "#0"},
				"west": {"uv": [8, 9, 9, 16], "texture": "#0"},
				"up": {"uv": [7, 15, 8, 16], "texture": "#0"},
				"down": {"uv": [8, 15, 9, 16], "texture": "#0"}
			}
		},
		{
			"from": [7, 5.48584, 8.58484],
			"to": [10, 5.48584, 11.58484],
			"rotation": {"angle": -22.5, "axis": "x", "origin": [8.5, 6.78649, 8.5]},
			"faces": {
				"up": {"uv": [8, 13, 6, 11], "texture": "#0"},
				"down": {"uv": [9, 12, 11, 14], "texture": "#0"}
			}
		},
		{
			"from": [7.5, 8, 7.5],
			"to": [7.5, 10, 9.5],
			"rotation": {"angle": 45, "axis": "z", "origin": [7.5, 8, 8.5]},
			"faces": {
				"east": {"uv": [9, 7, 10, 8], "texture": "#0"},
				"west": {"uv": [9, 7, 10, 8], "texture": "#0"}
			}
		},
		{
			"from": [7, 4.56196, 5.79784],
			"to": [10, 4.56196, 8.79784],
			"rotation": {"angle": 22.5, "axis": "x", "origin": [8.5, 6.78649, 8.5]},
			"faces": {
				"up": {"uv": [8, 13, 6, 11], "texture": "#0"},
				"down": {"uv": [9, 12, 11, 14], "texture": "#0"}
			}
		},
		{
			"from": [7.81948, 3.63808, 7],
			"to": [10.81948, 3.63808, 10],
			"rotation": {"angle": 22.5, "axis": "z", "origin": [8.5, 6.78649, 8.5]},
			"faces": {
				"up": {"uv": [8, 13, 6, 11], "texture": "#0"},
				"down": {"uv": [9, 12, 11, 14], "texture": "#0"}
			}
		},
		{
			"from": [6.56321, 2.7142, 7],
			"to": [9.56321, 2.7142, 10],
			"rotation": {"angle": -22.5, "axis": "z", "origin": [8.5, 6.78649, 8.5]},
			"faces": {
				"up": {"uv": [11, 14, 9, 12], "texture": "#0"},
				"down": {"uv": [6, 11, 8, 13], "texture": "#0"}
			}
		},
		{
			"from": [9.5, 8, 7.5],
			"to": [9.5, 10, 9.5],
			"rotation": {"angle": -45, "axis": "z", "origin": [9.5, 8, 8.5]},
			"faces": {
				"east": {"uv": [9, 7, 10, 8], "texture": "#0"},
				"west": {"uv": [9, 7, 10, 8], "texture": "#0"}
			}
		},
		{
			"from": [7.5, 8, 9.5],
			"to": [9.5, 10, 9.5],
			"rotation": {"angle": 45, "axis": "x", "origin": [8, 8, 9.5]},
			"faces": {
				"north": {"uv": [9, 7, 10, 8], "texture": "#0"},
				"south": {"uv": [9, 7, 10, 8], "texture": "#0"}
			}
		},
		{
			"from": [7.5, 9, 7.5],
			"to": [7.5, 10, 9.5],
			"rotation": {"angle": 22.5, "axis": "z", "origin": [7.5, 9, 8.5]},
			"faces": {
				"east": {"uv": [9, 6, 10, 7], "texture": "#0"},
				"west": {"uv": [9, 6, 10, 7], "texture": "#0"}
			}
		},
		{
			"from": [7.5, 9, 9.5],
			"to": [9.5, 10, 9.5],
			"rotation": {"angle": 22.5, "axis": "x", "origin": [8.5, 9, 9.5]},
			"faces": {
				"north": {"uv": [9, 6, 10, 7], "texture": "#0"},
				"south": {"uv": [9, 6, 10, 7], "texture": "#0"}
			}
		},
		{
			"from": [9.5, 9, 7.5],
			"to": [9.5, 10, 9.5],
			"rotation": {"angle": -22.5, "axis": "z", "origin": [9.5, 9, 8.5]},
			"faces": {
				"east": {"uv": [9, 6, 10, 7], "texture": "#0"},
				"west": {"uv": [9, 6, 10, 7], "texture": "#0"}
			}
		},
		{
			"from": [7.5, 9, 7.5],
			"to": [9.5, 10, 7.5],
			"rotation": {"angle": -22.5, "axis": "x", "origin": [8.5, 9, 7.5]},
			"faces": {
				"north": {"uv": [9, 6, 10, 7], "texture": "#0"},
				"south": {"uv": [9, 6, 10, 7], "texture": "#0"}
			}
		}
	]
}