{
	"parent": "block/cross",
	"textures": {
		"cross": "block/white_tulip"
	},
	"elements": [
		{
			"from": [8, 0, 8],
			"to": [9, 9, 9],
			"rotation": {"angle": 0, "axis": "y", "origin": [8.53753, 7.90538, 8.38268]},
			"faces": {
				"north": {"uv": [7, 7, 9, 16], "texture": "#cross"},
				"east": {"uv": [7, 7, 9, 16], "texture": "#cross"},
				"south": {"uv": [7, 7, 9, 16], "texture": "#cross"},
				"west": {"uv": [7, 7, 9, 16], "texture": "#cross"},
				"up": {"uv": [0, 0, 2, 2], "texture": "#cross"},
				"down": {"uv": [0, 0, 2, 2], "texture": "#cross"}
			}
		},
		{
			"from": [10.77007, 3.93933, 7],
			"to": [10.77007, 9.93933, 10],
			"rotation": {"angle": -22.5, "axis": "z", "origin": [8.53753, 7.90538, 8.38268]},
			"faces": {
				"north": {"uv": [10, 7, 12, 11], "texture": "#cross"},
				"east": {"uv": [9, 10, 7, 14], "texture": "#cross"},
				"south": {"uv": [10, 7, 12, 11], "texture": "#cross"},
				"west": {"uv": [9, 10, 7, 14], "texture": "#cross"},
				"up": {"uv": [10, 11, 12, 9], "texture": "#cross"},
				"down": {"uv": [9, 11, 11, 12], "texture": "#cross"}
			}
		},
		{
			"from": [7, 2.29148, 5.29997],
			"to": [10, 8.29148, 5.29997],
			"rotation": {"angle": -22.5, "axis": "x", "origin": [8.53753, 7.90538, 8.38268]},
			"faces": {
				"north": {"uv": [9, 10, 7, 14], "texture": "#cross"},
				"east": {"uv": [10, 7, 12, 11], "texture": "#cross"},
				"south": {"uv": [9, 10, 7, 14], "texture": "#cross"},
				"west": {"uv": [10, 7, 12, 11], "texture": "#cross"},
				"up": {"uv": [10, 11, 12, 9], "rotation": 270, "texture": "#cross"},
				"down": {"uv": [9, 11, 11, 12], "rotation": 90, "texture": "#cross"}
			}
		},
		{
			"from": [7, 3.99859, 10.75829],
			"to": [10, 9.99859, 10.75829],
			"rotation": {"angle": 22.5, "axis": "x", "origin": [8.53753, 7.90538, 8.38268]},
			"faces": {
				"north": {"uv": [9, 10, 7, 14], "texture": "#cross"},
				"east": {"uv": [10, 7, 12, 11], "texture": "#cross"},
				"south": {"uv": [9, 10, 7, 14], "texture": "#cross"},
				"west": {"uv": [10, 7, 12, 11], "texture": "#cross"},
				"up": {"uv": [10, 11, 12, 9], "rotation": 270, "texture": "#cross"},
				"down": {"uv": [9, 11, 11, 12], "rotation": 90, "texture": "#cross"}
			}
		},
		{
			"from": [5.964, 3.11611, 7],
			"to": [5.964, 9.11611, 10],
			"rotation": {"angle": 22.5, "axis": "z", "origin": [8.53753, 7.90538, 8.38268]},
			"faces": {
				"north": {"uv": [10, 7, 12, 11], "texture": "#cross"},
				"east": {"uv": [9, 10, 7, 14], "texture": "#cross"},
				"south": {"uv": [10, 7, 12, 11], "texture": "#cross"},
				"west": {"uv": [9, 10, 7, 14], "texture": "#cross"},
				"up": {"uv": [10, 11, 12, 9], "texture": "#cross"},
				"down": {"uv": [9, 11, 11, 12], "texture": "#cross"}
			}
		},
		{
			"from": [7.5, 9, 7.5],
			"to": [9.5, 13, 9.5],
			"rotation": {"angle": 0, "axis": "y", "origin": [8.53753, 7.90538, 8.38268]},
			"faces": {
				"north": {"uv": [7, 3, 9, 7], "texture": "#cross"},
				"east": {"uv": [9, 3, 7, 7], "texture": "#cross"},
				"south": {"uv": [7, 3, 9, 7], "texture": "#cross"},
				"west": {"uv": [9, 3, 7, 7], "texture": "#cross"},
				"up": {"uv": [7, 4, 9, 2], "texture": "#cross"},
				"down": {"uv": [7, 6, 9, 7], "texture": "#cross"}
			}
		},
		{
			"from": [7, 10, 7.5],
			"to": [7, 13, 9.5],
			"rotation": {"angle": 22.5, "axis": "z", "origin": [7, 11.5, 8.5]},
			"faces": {
				"north": {"uv": [7, 5, 9, 7], "texture": "#cross"},
				"east": {"uv": [9, 3, 7, 6], "texture": "#cross"},
				"south": {"uv": [7, 5, 9, 7], "texture": "#cross"},
				"west": {"uv": [9, 3, 7, 6], "texture": "#cross"},
				"up": {"uv": [7, 6, 9, 5], "texture": "#cross"},
				"down": {"uv": [7, 6, 9, 7], "texture": "#cross"}
			}
		},
		{
			"from": [7.5, 10, 10],
			"to": [9.5, 13, 10],
			"rotation": {"angle": 22.5, "axis": "x", "origin": [8.5, 11.5, 10]},
			"faces": {
				"north": {"uv": [7, 3, 9, 6], "texture": "#cross"},
				"east": {"uv": [9, 5, 7, 7], "texture": "#cross"},
				"south": {"uv": [7, 3, 9, 6], "texture": "#cross"},
				"west": {"uv": [9, 5, 7, 7], "texture": "#cross"},
				"up": {"uv": [7, 6, 9, 5], "texture": "#cross"},
				"down": {"uv": [7, 6, 9, 7], "texture": "#cross"}
			}
		},
		{
			"from": [7.5, 10, 7],
			"to": [9.5, 13, 7],
			"rotation": {"angle": -22.5, "axis": "x", "origin": [8.5, 11.5, 7]},
			"faces": {
				"north": {"uv": [7, 3, 9, 6], "texture": "#cross"},
				"east": {"uv": [9, 5, 7, 7], "texture": "#cross"},
				"south": {"uv": [7, 3, 9, 6], "texture": "#cross"},
				"west": {"uv": [9, 5, 7, 7], "texture": "#cross"},
				"up": {"uv": [7, 6, 9, 5], "texture": "#cross"},
				"down": {"uv": [7, 6, 9, 7], "texture": "#cross"}
			}
		},
		{
			"from": [10, 10, 7.5],
			"to": [10, 13, 9.5],
			"rotation": {"angle": -22.5, "axis": "z", "origin": [10, 11.5, 8.5]},
			"faces": {
				"north": {"uv": [7, 5, 9, 7], "texture": "#cross"},
				"east": {"uv": [9, 3, 7, 6], "texture": "#cross"},
				"south": {"uv": [7, 5, 9, 7], "texture": "#cross"},
				"west": {"uv": [9, 3, 7, 6], "texture": "#cross"},
				"up": {"uv": [7, 6, 9, 5], "texture": "#cross"},
				"down": {"uv": [7, 6, 9, 7], "texture": "#cross"}
			}
		}
	]
}