﻿{
  "type": "cgm:workbench",
  "materials": [
    {
      "count": 1,
      "item": "create:cogwheel"
    },
    {
      "count": 1,
      "item": "create:hand_crank"
    },
    {
      "count": 9,
      "item": "scguns:copper_gun_barrel"
    },
    {
      "count": 8,
      "tag": "forge:ingots/iron"
    },
    {
      "count": 16,
      "item": "scguns:rivet"
    },
    {
      "count": 1,
      "item": "scguns:heavy_duty_platform"
    }
  ],
  "result": {
    "count":1,
    "item": "scguns:volley_gun"
  }
}