{
  "type": "create:sequenced_assembly",
  "ingredient": {
    "item": "scguns:copper_conversion_kit"
  },
  "transitionalItem": {
    "item": "scguns:copper_conversion_kit"
  },
  "sequence": [
    {
      "type": "create:deploying",
      "ingredients": [
        {
          "item": "scguns:copper_conversion_kit"
        },
        {
          "item": "create:cogwheel"
        }
      ],
      "results": [
        {
          "item": "scguns:copper_conversion_kit"
        }
      ]
    },
    {
      "type": "create:deploying",
      "ingredients": [
        {
          "item": "scguns:copper_conversion_kit"
        },
        {
          "item": "create:large_cogwheel"
        }
      ],
      "results": [
        {
          "item": "scguns:copper_conversion_kit"
        }
      ]
    },
    {
      "type": "create:deploying",
      "ingredients": [
        {
          "item": "scguns:copper_conversion_kit"
        },
        {
          "tag": "forge:plates/iron"
        }
      ],
      "results": [
        {
          "item": "scguns:copper_conversion_kit"
        }
      ]
    },
     {
      "type": "create:deploying",
      "ingredients": [
        {
          "item": "scguns:copper_conversion_kit"
        },
        {
          "tag": "forge:plates/iron"
        }
      ],
      "results": [
        {
          "item": "scguns:copper_conversion_kit"
        }
      ]
    }
  ],
  "results": [
    {
      "item": "scguns:steel_conversion_kit",
      "chance": 20
    }
  ],
  "loops": 1
}