{
  "type": "create:sequenced_assembly",
  "ingredient": {
    "item": "scguns:basic_mechanism"
  },
  "transitionalItem": {
    "item": "scguns:basic_mechanism"
  },
  "sequence": [
    {
      "type": "create:deploying",
      "ingredients": [
        {
          "item": "scguns:basic_mechanism"
        },
        {
          "item": "scguns:ethereal_plate"
        }
      ],
      "results": [
        {
          "item": "scguns:basic_mechanism"
        }
      ]
    },
    {
      "type": "create:deploying",
      "ingredients": [
        {
          "item": "scguns:basic_mechanism"
        },
        {
          "item": "create:cogwheel"
        }
      ],
      "results": [
        {
          "item": "scguns:basic_mechanism"
        }
      ]
    },
    {
      "type": "create:deploying",
      "ingredients": [
        {
          "item": "scguns:basic_mechanism"
        },
        {
          "item": "create:large_cogwheel"
        }
      ],
      "results": [
        {
          "item": "scguns:basic_mechanism"
        }
      ]
    },
     {
      "type": "create:deploying",
      "ingredients": [
        {
          "item": "scguns:basic_mechanism"
        },
        {
           "item": "minecraft:ender_eye"
        }
      ],
      "results": [
        {
          "item": "scguns:basic_mechanism"
        }
      ]
    }
  ],
  "results": [
    {
      "item": "scguns:ethereal_mechanism",
      "chance": 20
    },
    {
      "item": "scguns:astral_gunpowder",
      "chance": 1
    },
    {
      "item": "scguns:basic_mechanism",
      "chance": 1
    },
    {
      "item": "create:electron_tube",
      "chance": 1
    },
    {
      "item": "create:precision_mechanism",
      "chance": 1
    },
    {
      "item": "create:haunted_bell",
      "chance": 1
    }
  ],
  "loops": 4
}