﻿{
  "type": "cgm:workbench",
  "materials": [
    {
      "count": 12,
      "item": "scguns:scorched_bronze_ingot"
    },
    {
      "count": 10,
      "item": "scguns:rivet"
    },
    {
      "count": 8,
      "tag": "forge:ingots/copper"
    },
    {
      "count": 8,
      "item": "create:andesite_alloy"
    },
    {
      "count": 2,
      "item": "scguns:iron_gun_barrel"
    },
    {
      "count": 1,
      "item": "scguns:wooden_stock"
    }
  ],
  "result": {
    "count":1,
    "item": "scguns:sc_lawbringer"
  }
}