{
    "ambientocclusion": false,
	"textures": {
		"texture": "block/acacia_fence",
		"particle": "block/acacia_planks"
	},
	"elements": [
		{
			"name": "top bar",
			"from": [7, 11, 3],
			"to": [9, 14, 5],
			"faces": {
				"north": {"uv": [9, 1, 11, 2], "texture": "#texture", "cullface": "north"},
				"east": {"uv": [5, 2, 7, 5], "texture": "#texture"},
				"south": {"uv": [9, 1, 11, 2], "texture": "#texture"},
				"west": {"uv": [13, 2, 15, 5], "texture": "#texture"},
				"up": {"uv": [5, 2, 7, 4], "rotation": 90, "texture": "#texture"},
				"down": {"uv": [5, 3, 7, 5], "rotation": 90, "texture": "#texture"}
			}
		},
		{
			"name": "top bar",
			"from": [7, 13, 0],
			"to": [9, 15, 3],
			"faces": {
				"north": {"uv": [9, 1, 11, 3], "texture": "#texture", "cullface": "north"},
				"east": {"uv": [7, 1, 10, 3], "texture": "#texture"},
				"south": {"uv": [9, 1, 11, 2], "texture": "#texture"},
				"west": {"uv": [10, 1, 13, 3], "texture": "#texture"},
				"up": {"uv": [7, 1, 10, 3], "rotation": 90, "texture": "#texture"},
				"down": {"uv": [7, 1, 10, 3], "rotation": 90, "texture": "#texture"}
			}
		},
		{
			"name": "lower bar",
			"from": [7, 3, 0],
			"to": [9, 5, 6],
			"faces": {
				"north": {"uv": [9, 11, 11, 13], "texture": "#texture", "cullface": "north"},
				"east": {"uv": [4, 11, 10, 13], "texture": "#texture"},
				"west": {"uv": [10, 11, 16, 13], "texture": "#texture"},
				"up": {"uv": [4, 11, 10, 13], "texture": "#texture"},
				"down": {"uv": [4, 11, 10, 13], "rotation": 90, "texture": "#texture"}
			}
		},
		{
			"name": "lower bar",
			"from": [7, 5, 4],
			"to": [9, 13, 6],
			"faces": {
				"north": {"uv": [14, 3, 16, 11], "texture": "#texture"},
				"east": {"uv": [4, 3, 6, 12], "texture": "#texture"},
				"west": {"uv": [14, 3, 16, 11], "texture": "#texture"},
				"up": {"uv": [4, 3, 6, 5], "rotation": 90, "texture": "#texture"}
			}
		},
		{
			"name": "lower bar",
			"from": [7, 5, 1],
			"to": [9, 13, 3],
			"faces": {
				"north": {"uv": [11, 3, 13, 11], "texture": "#texture"},
				"east": {"uv": [7, 3, 9, 11], "texture": "#texture"},
				"south": {"uv": [11, 3, 13, 11], "texture": "#texture"},
				"west": {"uv": [11, 3, 13, 11], "texture": "#texture"}
			}
		}
	]
}