{
	"credit": "Made with Blockbench",
	"parent": "block/block",
	"ambientocclusion": false,
	"texture_size": [16, 48],
	"textures": {
		"2": "block/big_dripleaf_tip",
		"particle": "block/big_dripleaf_top",
		"top": "block/big_dripleaf_top",
		"stem": "block/big_dripleaf_stem"
	},
	"elements": [
		{
			"from": [3, -16, 12],
			"to": [13, 10, 12],
			"shade": false,
			"rotation": {"angle": -45, "axis": "y", "origin": [8, 8, 12], "rescale": true},
			"faces": {
				"north": {"uv": [0, 2, 16, 10.66667], "texture": "#stem"},
				"south": {"uv": [0, 2, 16, 10.66667], "texture": "#stem"}
			}
		},
		{
			"from": [0, 15, 0],
			"to": [16, 15, 16],
			"shade": false,
			"rotation": {"angle": -45, "axis": "x", "origin": [8, 15, 16]},
			"faces": {
				"up": {"uv": [0, 0, 16, 16], "texture": "#top"},
				"down": {"uv": [16, 16, 0, 0], "texture": "#top"}
			}
		},
		{
			"from": [0, -0.22929, 4.7099],
			"to": [16, 3.77071, 4.7099],
			"shade": false,
			"rotation": {"angle": 0, "axis": "x", "origin": [8, 3.7, 4.8]},
			"faces": {
				"north": {"uv": [0, 0, 16, 4], "texture": "#2"},
				"south": {"uv": [0, 0, 16, 4], "texture": "#2"}
			}
		}
	],
	"groups": [
		{
			"name": "big_dripleaf_full_tilt",
			"origin": [8, 8, 8],
			"color": 0,
			"children": [0, 1, 2]
		}
	]
}