{
	"ambientocclusion": false,
	"textures": {
		"texture": "block/birch_fence",
		"particle": "block/oak_planks"
	},
	"elements": [
		{
			"name": "top bar",
			"from": [6.5, 11, 0],
			"to": [9.5, 13, 6],
			"faces": {
				"east": {"uv": [4, 2, 10, 4], "texture": "#texture"},
				"west": {"uv": [10, 2, 16, 4], "texture": "#texture"},
				"up": {"uv": [4, 2, 10, 4], "rotation": 90, "texture": "#texture"},
				"down": {"uv": [4, 2, 10, 4], "rotation": 90, "texture": "#texture"}
			}
		},
		{
			"name": "lower bar",
			"from": [6.5, 3, 0],
			"to": [9.5, 5, 6],
			"faces": {
				"east": {"uv": [4, 10, 10, 12], "texture": "#texture"},
				"west": {"uv": [10, 10, 16, 12], "texture": "#texture"},
				"up": {"uv": [4, 10, 10, 12], "rotation": 90, "texture": "#texture"},
				"down": {"uv": [4, 10, 10, 12], "rotation": 90, "texture": "#texture"}
			}
		},
		{
			"name": "lower bar",
			"from": [7, -1, 0],
			"to": [9, 15, 1],
			"faces": {
				"north": {"uv": [10, 0, 11, 16], "texture": "#texture", "cullface": "north"},
				"east": {"uv": [9, 0, 10, 16], "texture": "#texture"},
				"south": {"uv": [9, 0, 10, 16], "texture": "#texture"},
				"west": {"uv": [10, 0, 11, 16], "texture": "#texture"},
				"up": {"uv": [0, 15, 3, 16], "texture": "#texture"},
				"down": {"uv": [0, 15, 3, 16], "texture": "#texture"}
			}
		},
		{
			"from": [7, -1, 3],
			"to": [9, 15, 5],
			"faces": {
				"north": {"uv": [5, 0, 7, 16], "texture": "#texture"},
				"east": {"uv": [5, 0, 7, 16], "texture": "#texture"},
				"south": {"uv": [5, 0, 7, 16], "texture": "#texture"},
				"west": {"uv": [13, 0, 15, 16], "texture": "#texture"},
				"up": {"uv": [0, 14, 3, 16], "texture": "#texture"},
				"down": {"uv": [0, 14, 3, 16], "texture": "#texture"}
			}
		}
	]
}