{
	"credit": "Made with Blockbench",
	"parent": "minecraft:block/block",
	"textures": {
		"0": "block/bookshelf",
		"1": "block/bookshelf_top",
		"2": "block/bookshelf_trim",
		"particle": "block/bookshelf"
	},
	"elements": [
		{
			"from": [15, 0, 0],
			"to": [16, 16, 1],
			"rotation": {"angle": 0, "axis": "y", "origin": [15.5, 0.5, 15.5]},
			"faces": {
				"north": {"uv": [0, 0, 1, 16], "texture": "#2", "cullface": "north"},
				"east": {"uv": [15, 0, 16, 16], "texture": "#2", "cullface": "east"},
				"south": {"uv": [15, 0, 16, 16], "texture": "#2", "cullface": "east"},
				"west": {"uv": [0, 0, 1, 16], "texture": "#2", "cullface": "north"}
			}
		},
		{
			"from": [1, 0, 1],
			"to": [15, 16, 15],
			"faces": {
				"north": {"uv": [0.5, 0, 7.5, 8], "texture": "#0", "cullface": "north"},
				"east": {"uv": [8.5, 0, 15.5, 8], "texture": "#0", "cullface": "east"},
				"south": {"uv": [0.5, 8, 7.5, 16], "texture": "#0", "cullface": "south"},
				"west": {"uv": [8.5, 8, 15.5, 16], "texture": "#0", "cullface": "west"}
			}
		},
		{
			"from": [0, 0, 0],
			"to": [1, 16, 1],
			"rotation": {"angle": 0, "axis": "y", "origin": [0.5, 0.5, 0.5]},
			"faces": {
				"north": {"uv": [15, 0, 16, 16], "texture": "#2", "cullface": "north"},
				"east": {"uv": [15, 0, 16, 16], "texture": "#2", "cullface": "north"},
				"south": {"uv": [0, 0, 1, 16], "texture": "#2", "cullface": "west"},
				"west": {"uv": [0, 0, 1, 16], "texture": "#2", "cullface": "west"}
			}
		},
		{
			"from": [0, 0, 0],
			"to": [16, 1, 1],
			"faces": {
				"north": {"uv": [0, 15, 16, 16], "texture": "#2", "cullface": "north"},
				"up": {"uv": [0, 15, 16, 16], "texture": "#2", "cullface": "north"}
			}
		},
		{
			"from": [1, 7, 0],
			"to": [15, 9, 1],
			"faces": {
				"north": {"uv": [1, 7, 15, 9], "texture": "#2", "cullface": "north"},
				"up": {"uv": [1, 7, 15, 8], "texture": "#2", "cullface": "north"},
				"down": {"uv": [1, 8, 15, 9], "texture": "#2", "cullface": "north"}
			}
		},
		{
			"from": [0, 15, 0],
			"to": [16, 16, 1],
			"faces": {
				"north": {"uv": [0, 0, 16, 1], "texture": "#2", "cullface": "north"},
				"down": {"uv": [0, 0, 16, 1], "texture": "#2", "cullface": "north"}
			}
		},
		{
			"from": [0, 0, 15],
			"to": [1, 16, 16],
			"rotation": {"angle": 0, "axis": "y", "origin": [0.5, 0.5, 0.5]},
			"faces": {
				"north": {"uv": [15, 0, 16, 16], "texture": "#2", "cullface": "west"},
				"east": {"uv": [0, 0, 1, 16], "texture": "#2", "cullface": "south"},
				"south": {"uv": [0, 0, 1, 16], "texture": "#2", "cullface": "south"},
				"west": {"uv": [15, 0, 16, 16], "texture": "#2", "cullface": "west"}
			}
		},
		{
			"from": [0, 15, 0],
			"to": [1, 16, 16],
			"rotation": {"angle": 0, "axis": "y", "origin": [0.5, 0.5, 0.5]},
			"faces": {
				"west": {"uv": [0, 0, 16, 1], "texture": "#2", "cullface": "west"},
				"down": {"uv": [0, 0, 16, 1], "rotation": 90, "texture": "#2", "cullface": "west"}
			}
		},
		{
			"from": [0, 7, 1],
			"to": [1, 9, 15],
			"rotation": {"angle": 0, "axis": "y", "origin": [0.5, 0.5, 0.5]},
			"faces": {
				"west": {"uv": [1, 7, 15, 9], "texture": "#2", "cullface": "west"},
				"up": {"uv": [1, 7, 15, 8], "rotation": 270, "texture": "#2", "cullface": "west"},
				"down": {"uv": [1, 8, 15, 9], "rotation": 90, "texture": "#2", "cullface": "west"}
			}
		},
		{
			"from": [0, 0, 0],
			"to": [1, 1, 16],
			"rotation": {"angle": 0, "axis": "y", "origin": [0.5, 0.5, 0.5]},
			"faces": {
				"west": {"uv": [0, 15, 16, 16], "texture": "#2", "cullface": "west"},
				"up": {"uv": [0, 15, 16, 16], "rotation": 270, "texture": "#2", "cullface": "west"}
			}
		},
		{
			"from": [0, 0, 15],
			"to": [16, 1, 16],
			"rotation": {"angle": 0, "axis": "y", "origin": [15.5, 0.5, 15.5]},
			"faces": {
				"south": {"uv": [0, 15, 16, 16], "texture": "#2", "cullface": "south"},
				"up": {"uv": [0, 15, 16, 16], "rotation": 180, "texture": "#2", "cullface": "south"}
			}
		},
		{
			"from": [1, 7, 15],
			"to": [15, 9, 16],
			"rotation": {"angle": 0, "axis": "y", "origin": [15.5, 0.5, 15.5]},
			"faces": {
				"south": {"uv": [1, 7, 15, 9], "texture": "#2", "cullface": "south"},
				"up": {"uv": [1, 7, 15, 8], "rotation": 180, "texture": "#2", "cullface": "south"},
				"down": {"uv": [1, 8, 15, 9], "rotation": 180, "texture": "#2", "cullface": "south"}
			}
		},
		{
			"from": [0, 15, 15],
			"to": [16, 16, 16],
			"rotation": {"angle": 0, "axis": "y", "origin": [15.5, 0.5, 15.5]},
			"faces": {
				"south": {"uv": [0, 0, 16, 1], "texture": "#2", "cullface": "south"},
				"down": {"uv": [0, 0, 16, 1], "rotation": 180, "texture": "#2", "cullface": "south"}
			}
		},
		{
			"from": [15, 0, 15],
			"to": [16, 16, 16],
			"rotation": {"angle": 0, "axis": "y", "origin": [15.5, 0.5, 15.5]},
			"faces": {
				"north": {"uv": [0, 0, 1, 16], "texture": "#2", "cullface": "east"},
				"east": {"uv": [0, 0, 1, 16], "texture": "#2", "cullface": "east"},
				"south": {"uv": [15, 0, 16, 16], "texture": "#2", "cullface": "south"},
				"west": {"uv": [15, 0, 16, 16], "texture": "#2", "cullface": "south"}
			}
		},
		{
			"from": [15, 0, 0],
			"to": [16, 1, 16],
			"rotation": {"angle": 0, "axis": "y", "origin": [15.5, 0.5, 15.5]},
			"faces": {
				"east": {"uv": [0, 15, 16, 16], "texture": "#2", "cullface": "east"},
				"up": {"uv": [0, 15, 16, 16], "rotation": 90, "texture": "#2", "cullface": "east"}
			}
		},
		{
			"from": [15, 7, 1],
			"to": [16, 9, 15],
			"rotation": {"angle": 0, "axis": "y", "origin": [15.5, 0.5, 15.5]},
			"faces": {
				"east": {"uv": [1, 7, 15, 9], "texture": "#2", "cullface": "east"},
				"up": {"uv": [1, 7, 15, 8], "rotation": 90, "texture": "#2", "cullface": "east"},
				"down": {"uv": [1, 8, 15, 9], "rotation": 270, "texture": "#2", "cullface": "east"}
			}
		},
		{
			"from": [15, 15, 0],
			"to": [16, 16, 16],
			"rotation": {"angle": 0, "axis": "y", "origin": [15.5, 0.5, 15.5]},
			"faces": {
				"east": {"uv": [0, 0, 16, 1], "texture": "#2", "cullface": "east"},
				"down": {"uv": [0, 0, 16, 1], "rotation": 270, "texture": "#2", "cullface": "east"}
			}
		},
		{
			"from": [0, 0, 0],
			"to": [16, 16, 16],
			"faces": {
				"up": {"uv": [0, 0, 16, 16], "texture": "#1", "cullface": "up"},
				"down": {"uv": [0, 0, 16, 16], "texture": "#1", "cullface": "down"}
			}
		}
	]
}