{
	"textures": {
		"wall": "block/brick_wall",
		"particle": "block/bricks"
	},
	"elements": [
		{
			"name": "Center post",
			"from": [3.95, -0.01, 3.95],
			"to": [12.05, 16.01, 12.05],
			"faces": {
				"north": {"uv": [4, 0, 0, 8], "texture": "#wall", "cullface": "up"},
				"east": {"uv": [4, 0, 8, 8], "texture": "#wall", "cullface": "up"},
				"south": {"uv": [0, 0, 4, 8], "texture": "#wall", "cullface": "up"},
				"west": {"uv": [4, 0, 8, 8], "texture": "#wall", "cullface": "up"},
				"up": {"uv": [8, 0, 12, 4], "texture": "#wall", "cullface": "up"},
				"down": {"uv": [8, 0, 12, 4], "texture": "#wall", "cullface": "down"}
			}
		},
		{
			"name": "Center post",
			"from": [4, 0, 4],
			"to": [12, 16, 12],
			"faces": {
				"north": {"uv": [4, 8, 0, 16], "texture": "#wall"},
				"east": {"uv": [4, 8, 8, 16], "texture": "#wall"},
				"south": {"uv": [0, 8, 4, 16], "texture": "#wall"},
				"west": {"uv": [4, 8, 8, 16], "texture": "#wall"}
			}
		}
	]
}