{
	"credit": "Made with Blockbench",
	"parent": "block/block",
	"textures": {
		"bottom": "block/cake_bottom",
		"top": "block/cake_top",
		"particle": "block/cake_side",
		"side": "block/cake_side"
	},
	"elements": [
		{
			"from": [1, 0, 1],
			"to": [15, 8, 15],
			"faces": {
				"north": {"uv": [1, 8, 15, 16], "texture": "#side"},
				"east": {"uv": [1, 8, 15, 16], "texture": "#side"},
				"south": {"uv": [1, 8, 15, 16], "texture": "#side"},
				"west": {"uv": [1, 8, 15, 16], "texture": "#side"},
				"up": {"uv": [1, 1, 15, 15], "texture": "#top"},
				"down": {"uv": [1, 1, 15, 15], "texture": "#bottom", "cullface": "down"}
			}
		},
		{
			"from": [1, 5, 0.5],
			"to": [15, 8, 15.5],
			"rotation": {"angle": 0, "axis": "y", "origin": [8, 5.5, 8]},
			"faces": {
				"north": {"uv": [1, 8, 15, 11], "texture": "#side"},
				"south": {"uv": [1, 8, 15, 11], "texture": "#side"},
				"down": {"uv": [1, 10.5, 15, 11], "texture": "#side"}
			}
		},
		{
			"from": [1, 4, 0.5],
			"to": [15, 8, 1],
			"rotation": {"angle": 0, "axis": "y", "origin": [8, 5.5, 8]},
			"faces": {
				"east": {"uv": [1, 8, 2, 12], "texture": "#side"},
				"west": {"uv": [14, 8, 15, 12], "texture": "#side"},
				"up": {"uv": [1, 14, 15, 15], "texture": "#top"}
			}
		},
		{
			"from": [1, 4, 15],
			"to": [15, 8, 15.5],
			"rotation": {"angle": 0, "axis": "y", "origin": [8, 5.5, 8]},
			"faces": {
				"east": {"uv": [1, 8, 2, 12], "texture": "#side"},
				"west": {"uv": [14, 8, 15, 12], "texture": "#side"},
				"up": {"uv": [1, 14, 15, 15], "texture": "#top"}
			}
		},
		{
			"from": [13, 4, 0.5],
			"to": [15, 5, 15.5],
			"rotation": {"angle": 0, "axis": "y", "origin": [8, 5.5, 8]},
			"faces": {
				"north": {"uv": [1, 11, 3, 12], "texture": "#side"},
				"south": {"uv": [13, 11, 15, 12], "texture": "#side"},
				"west": {"uv": [2, 11, 3, 12], "texture": "#side"},
				"down": {"uv": [1, 11, 3, 12], "texture": "#side"}
			}
		},
		{
			"from": [9, 4, 0.5],
			"to": [11, 5, 15.5],
			"rotation": {"angle": 0, "axis": "y", "origin": [8, 5.5, 8]},
			"faces": {
				"north": {"uv": [5, 11, 7, 12], "texture": "#side"},
				"east": {"uv": [5, 11, 6, 12], "texture": "#side"},
				"south": {"uv": [9, 11, 11, 12], "texture": "#side"},
				"west": {"uv": [6, 11, 7, 12], "texture": "#side"},
				"down": {"uv": [5, 11, 7, 12], "texture": "#side"}
			}
		},
		{
			"from": [5, 4, 0.5],
			"to": [7, 5, 15.5],
			"rotation": {"angle": 0, "axis": "y", "origin": [8, 5.5, 8]},
			"faces": {
				"north": {"uv": [9, 11, 11, 12], "texture": "#side"},
				"east": {"uv": [9, 11, 10, 12], "texture": "#side"},
				"south": {"uv": [5, 11, 7, 12], "texture": "#side"},
				"west": {"uv": [10, 11, 11, 12], "texture": "#side"},
				"down": {"uv": [9, 11, 11, 12], "texture": "#side"}
			}
		},
		{
			"from": [1, 4, 0.5],
			"to": [3, 5, 15.5],
			"rotation": {"angle": 0, "axis": "y", "origin": [8, 5.5, 8]},
			"faces": {
				"north": {"uv": [13, 11, 15, 12], "texture": "#side"},
				"east": {"uv": [13, 11, 14, 12], "texture": "#side"},
				"south": {"uv": [1, 11, 3, 12], "texture": "#side"},
				"down": {"uv": [13, 11, 15, 12], "texture": "#side"}
			}
		},
		{
			"from": [0.5, 5, 1],
			"to": [15.5, 8, 15],
			"rotation": {"angle": 0, "axis": "y", "origin": [8, 5.5, 8]},
			"faces": {
				"east": {"uv": [1, 8, 15, 11], "texture": "#side"},
				"west": {"uv": [1, 8, 15, 11], "texture": "#side"},
				"down": {"uv": [1, 10.5, 15, 11], "rotation": 270, "texture": "#side"}
			}
		},
		{
			"from": [15, 4, 1],
			"to": [15.5, 8, 15],
			"rotation": {"angle": 0, "axis": "y", "origin": [8, 5.5, 8]},
			"faces": {
				"north": {"uv": [14, 8, 15, 12], "texture": "#side"},
				"south": {"uv": [1, 8, 2, 12], "texture": "#side"},
				"up": {"uv": [1, 14, 15, 15], "rotation": 90, "texture": "#top"}
			}
		},
		{
			"from": [0.5, 4, 1],
			"to": [1, 8, 15],
			"rotation": {"angle": 0, "axis": "y", "origin": [8, 5.5, 8]},
			"faces": {
				"north": {"uv": [14, 8, 15, 12], "texture": "#side"},
				"south": {"uv": [1, 8, 2, 12], "texture": "#side"},
				"up": {"uv": [1, 14, 15, 15], "rotation": 90, "texture": "#top"}
			}
		},
		{
			"from": [0.5, 4, 13],
			"to": [15.5, 5, 15],
			"rotation": {"angle": 0, "axis": "y", "origin": [8, 5.5, 8]},
			"faces": {
				"north": {"uv": [2, 11, 3, 12], "texture": "#side"},
				"east": {"uv": [1, 11, 3, 12], "texture": "#side"},
				"west": {"uv": [13, 11, 15, 12], "texture": "#side"},
				"down": {"uv": [1, 11, 3, 12], "rotation": 270, "texture": "#side"}
			}
		},
		{
			"from": [0.5, 4, 9],
			"to": [15.5, 5, 11],
			"rotation": {"angle": 0, "axis": "y", "origin": [8, 5.5, 8]},
			"faces": {
				"north": {"uv": [6, 11, 7, 12], "texture": "#side"},
				"east": {"uv": [5, 11, 7, 12], "texture": "#side"},
				"south": {"uv": [5, 11, 6, 12], "texture": "#side"},
				"west": {"uv": [9, 11, 11, 12], "texture": "#side"},
				"down": {"uv": [5, 11, 7, 12], "rotation": 270, "texture": "#side"}
			}
		},
		{
			"from": [0.5, 4, 5],
			"to": [15.5, 5, 7],
			"rotation": {"angle": 0, "axis": "y", "origin": [8, 5.5, 8]},
			"faces": {
				"north": {"uv": [10, 11, 11, 12], "texture": "#side"},
				"east": {"uv": [9, 11, 11, 12], "texture": "#side"},
				"south": {"uv": [9, 11, 10, 12], "texture": "#side"},
				"west": {"uv": [5, 11, 7, 12], "texture": "#side"},
				"down": {"uv": [9, 11, 11, 12], "rotation": 270, "texture": "#side"}
			}
		},
		{
			"from": [0.5, 4, 1],
			"to": [15.5, 5, 3],
			"rotation": {"angle": 0, "axis": "y", "origin": [8, 5.5, 8]},
			"faces": {
				"east": {"uv": [13, 11, 15, 12], "texture": "#side"},
				"south": {"uv": [13, 11, 14, 12], "texture": "#side"},
				"west": {"uv": [1, 11, 3, 12], "texture": "#side"},
				"down": {"uv": [13, 11, 15, 12], "rotation": 270, "texture": "#side"}
			}
		},
		{
			"from": [4, 7.7, 4],
			"to": [5, 8.7, 5],
			"faces": {
				"north": {"uv": [4, 4, 5, 5], "texture": "#top"},
				"east": {"uv": [4, 4, 5, 5], "texture": "#top"},
				"south": {"uv": [4, 4, 5, 5], "texture": "#top"},
				"west": {"uv": [4, 4, 5, 5], "texture": "#top"},
				"up": {"uv": [4, 4, 5, 5], "texture": "#top"}
			}
		},
		{
			"from": [11, 7.25, 3],
			"to": [12, 8.25, 4],
			"faces": {
				"north": {"uv": [11, 3, 12, 4], "texture": "#top"},
				"east": {"uv": [11, 3, 12, 4], "texture": "#top"},
				"south": {"uv": [11, 3, 12, 4], "texture": "#top"},
				"west": {"uv": [11, 3, 12, 4], "texture": "#top"},
				"up": {"uv": [11, 3, 12, 4], "texture": "#top"}
			}
		},
		{
			"from": [12, 7.7, 11],
			"to": [13, 8.7, 12],
			"faces": {
				"north": {"uv": [12, 11, 13, 12], "texture": "#top"},
				"east": {"uv": [12, 11, 13, 12], "texture": "#top"},
				"south": {"uv": [12, 11, 13, 12], "texture": "#top"},
				"west": {"uv": [12, 11, 13, 12], "texture": "#top"},
				"up": {"uv": [12, 11, 13, 12], "texture": "#top"}
			}
		},
		{
			"from": [5, 7.4, 12],
			"to": [6, 8.4, 13],
			"faces": {
				"north": {"uv": [5, 12, 6, 13], "texture": "#top"},
				"east": {"uv": [5, 12, 6, 13], "texture": "#top"},
				"south": {"uv": [5, 12, 6, 13], "texture": "#top"},
				"west": {"uv": [5, 12, 6, 13], "texture": "#top"},
				"up": {"uv": [5, 12, 6, 13], "texture": "#top"}
			}
		},
		{
			"from": [8, 8, 12],
			"to": [10, 9, 14],
			"rotation": {"angle": 0, "axis": "z", "origin": [9, 8.5, 13]},
			"faces": {
				"north": {"uv": [8, 12, 10, 13], "rotation": 180, "texture": "#top"},
				"east": {"uv": [9, 12, 10, 14], "rotation": 90, "texture": "#top"},
				"south": {"uv": [8, 13, 10, 14], "texture": "#top"},
				"west": {"uv": [8, 12, 9, 14], "rotation": 270, "texture": "#top"},
				"up": {"uv": [8, 12, 10, 14], "texture": "#top"}
			}
		},
		{
			"from": [12, 7.5, 6],
			"to": [14, 8.5, 8],
			"faces": {
				"north": {"uv": [12, 6, 14, 7], "rotation": 180, "texture": "#top"},
				"east": {"uv": [13, 6, 14, 8], "rotation": 90, "texture": "#top"},
				"south": {"uv": [12, 7, 14, 8], "texture": "#top"},
				"west": {"uv": [12, 6, 13, 8], "rotation": 270, "texture": "#top"},
				"up": {"uv": [12, 6, 14, 8], "texture": "#top"}
			}
		},
		{
			"from": [2, 7.75, 8],
			"to": [4, 8.75, 10],
			"faces": {
				"north": {"uv": [2, 8, 4, 9], "rotation": 180, "texture": "#top"},
				"east": {"uv": [3, 8, 4, 10], "rotation": 90, "texture": "#top"},
				"south": {"uv": [2, 9, 4, 10], "texture": "#top"},
				"west": {"uv": [2, 8, 3, 10], "rotation": 270, "texture": "#top"},
				"up": {"uv": [2, 8, 4, 10], "texture": "#top"}
			}
		},
		{
			"from": [6, 8, 2],
			"to": [8, 9, 4],
			"faces": {
				"north": {"uv": [6, 2, 8, 3], "rotation": 180, "texture": "#top"},
				"east": {"uv": [7, 2, 8, 4], "rotation": 90, "texture": "#top"},
				"south": {"uv": [6, 3, 8, 4], "texture": "#top"},
				"west": {"uv": [6, 2, 7, 4], "rotation": 270, "texture": "#top"},
				"up": {"uv": [6, 2, 8, 4], "texture": "#top"}
			}
		}
	]
}