{
	"parent": "block/block",
	"ambientocclusion": false,
	"textures": {
		"particle": "block/crimson_fence_gate",
		"texture": "block/crimson_fence_gate"
	},
	"elements": [
		{
			"from": [0, 5, 7],
			"to": [2, 16, 9],
			"rotation": {"angle": 0, "axis": "y", "origin": [1, 0, 8]},
			"faces": {
				"north": {"uv": [14, 0, 16, 11], "texture": "#texture"},
				"east": {"uv": [14, 0, 16, 11], "texture": "#texture"},
				"south": {"uv": [14, 0, 16, 11], "texture": "#texture"},
				"west": {"uv": [0, 0, 2, 11], "texture": "#texture"},
				"up": {"uv": [14, 0, 16, 2], "rotation": 90, "texture": "#texture"},
				"down": {"uv": [14, 9, 16, 11], "rotation": 90, "texture": "#texture"}
			}
		},
		{
			"from": [0, 9, 9],
			"to": [2, 14, 13],
			"rotation": {"angle": 0, "axis": "y", "origin": [1, 0, 8]},
			"faces": {
				"east": {"uv": [10, 2, 14, 7], "texture": "#texture"},
				"west": {"uv": [2, 2, 6, 7], "texture": "#texture"},
				"up": {"uv": [10, 2, 14, 4], "rotation": 90, "texture": "#texture"},
				"down": {"uv": [10, 5, 14, 7], "rotation": 270, "texture": "#texture"}
			}
		},
		{
			"from": [0, 7, 13],
			"to": [2, 16, 15],
			"rotation": {"angle": 0, "axis": "y", "origin": [1, 0, 8]},
			"faces": {
				"north": {"uv": [6, 0, 8, 9], "texture": "#texture"},
				"east": {"uv": [8, 0, 10, 9], "texture": "#texture"},
				"south": {"uv": [8, 0, 10, 9], "texture": "#texture"},
				"west": {"uv": [6, 0, 8, 9], "texture": "#texture"},
				"up": {"uv": [8, 0, 10, 2], "rotation": 90, "texture": "#texture"},
				"down": {"uv": [8, 7, 10, 9], "rotation": 270, "texture": "#texture"}
			}
		},
		{
			"from": [14, 5, 7],
			"to": [16, 16, 9],
			"rotation": {"angle": 0, "axis": "y", "origin": [15, 0, 8]},
			"faces": {
				"north": {"uv": [14, 0, 16, 11], "texture": "#texture"},
				"east": {"uv": [14, 0, 16, 11], "texture": "#texture"},
				"south": {"uv": [14, 0, 16, 11], "texture": "#texture"},
				"west": {"uv": [0, 0, 2, 11], "texture": "#texture"},
				"up": {"uv": [14, 0, 16, 2], "rotation": 90, "texture": "#texture"},
				"down": {"uv": [14, 9, 16, 11], "rotation": 90, "texture": "#texture"}
			}
		},
		{
			"from": [14, 9, 9],
			"to": [16, 14, 13],
			"rotation": {"angle": 0, "axis": "y", "origin": [15, 0, 8]},
			"faces": {
				"east": {"uv": [10, 2, 14, 7], "texture": "#texture"},
				"west": {"uv": [2, 2, 6, 7], "texture": "#texture"},
				"up": {"uv": [10, 2, 14, 4], "rotation": 90, "texture": "#texture"},
				"down": {"uv": [10, 5, 14, 7], "rotation": 270, "texture": "#texture"}
			}
		},
		{
			"from": [14, 7, 13],
			"to": [16, 16, 15],
			"rotation": {"angle": 0, "axis": "y", "origin": [15, 0, 8]},
			"faces": {
				"north": {"uv": [6, 0, 8, 9], "texture": "#texture"},
				"east": {"uv": [8, 0, 10, 9], "texture": "#texture"},
				"south": {"uv": [8, 0, 10, 9], "texture": "#texture"},
				"west": {"uv": [6, 0, 8, 9], "texture": "#texture"},
				"up": {"uv": [8, 0, 10, 2], "rotation": 90, "texture": "#texture"},
				"down": {"uv": [8, 7, 10, 9], "rotation": 270, "texture": "#texture"}
			}
		}
	]
}