{
    "ambientocclusion": false,
	"textures": {
		"texture": "block/crimson_fence",
		"particle": "block/acacia_planks"
	},
	"elements": [
		{
			"name": "top bar",
			"from": [7, 8, 0],
			"to": [9, 15, 6],
			"faces": {
				"north": {"uv": [9, 1, 11, 8], "texture": "#texture", "cullface": "north"},
				"east": {"uv": [4, 1, 10, 8], "texture": "#texture"},
				"west": {"uv": [10, 1, 16, 8], "texture": "#texture"},
				"up": {"uv": [10, 1, 16, 3], "rotation": 90, "texture": "#texture"},
				"down": {"uv": [4, 6, 10, 8], "rotation": 90, "texture": "#texture"}
			}
		}
	]
}