{
    "ambientocclusion": false,
	"textures": {
		"texture": "block/dark_oak_fence",
		"particle": "block/dark_oak_planks"
	},
	"elements": [
		{
			"name": "top bar",
			"from": [7, 3, 0],
			"to": [9, 15, 6],
			"faces": {
				"north": {"uv": [9, 2, 11, 13], "texture": "#texture", "cullface": "north"},
				"east": {"uv": [4, 2, 10, 13], "texture": "#texture"},
				"west": {"uv": [10, 2, 16, 13], "texture": "#texture"},
				"up": {"uv": [10, 2, 16, 4], "rotation": 90, "texture": "#texture"},
				"down": {"uv": [10, 11, 16, 13], "rotation": 90, "texture": "#texture"}
			}
		}
	],
	"groups": [
		{
			"name": "dark_oak_fence_side",
			"origin": [8, 8, 8],
			"color": 0,
			"children": [0]
		}
	]
}