{
  "name": "bungeons:ruins/bunker",
  "fallback": "minecraft:empty",
  "elements": [
    {
      "weight": 10,
      "element": {
        "element_type": "minecraft:empty_pool_element"
      }
    },
    {
      "weight": 1,
      "element": {
        "element_type": "minecraft:single_pool_element",
        "location": "bungeons:ruins/bunker/ashes",
        "projection": "rigid",
        "processors": "bungeons:sleepyemberify_30_percent"
      }
    },
    {
      "weight": 5,
      "element": {
        "element_type": "minecraft:single_pool_element",
        "location": "bungeons:ruins/bunker/skeleton",
        "projection": "rigid",
        "processors": "bungeons:sleepyemberify_30_percent"
      }
    },
    {
      "weight": 5,
      "element": {
        "element_type": "minecraft:single_pool_element",
        "location": "bungeons:ruins/bunker/spider",
        "projection": "rigid",
        "processors": "bungeons:sleepyemberify_30_percent"
      }
    },
    {
      "weight": 1,
      "element": {
        "element_type": "minecraft:single_pool_element",
        "location": "bungeons:ruins/bunker/the_cube_jr",
        "projection": "rigid",
        "processors": "bungeons:sleepyemberify_30_percent"
      }
    },
    {
      "weight": 1,
      "element": {
        "element_type": "minecraft:single_pool_element",
        "location": "bungeons:ruins/bunker/urns",
        "projection": "rigid",
        "processors": "bungeons:sleepyemberify_30_percent"
      }
    },
    {
      "weight": 5,
      "element": {
        "element_type": "minecraft:single_pool_element",
        "location": "bungeons:ruins/bunker/zombie",
        "projection": "rigid",
        "processors": "bungeons:sleepyemberify_30_percent"
      }
    }
  ]
}