{
  "name": "bungeons:ruins/starts",
  "fallback": "minecraft:empty",
  "elements": [
    {
      "weight": 5,
      "element": {
        "element_type": "minecraft:legacy_single_pool_element",
        "location": "bungeons:ruins/basic",
        "projection": "rigid",
        "processors": "bungeons:sleepyemberify_30_percent"
      }
    },
    {
      "weight": 5,
      "element": {
        "element_type": "minecraft:legacy_single_pool_element",
        "location": "bungeons:ruins/dirt_hut",
        "projection": "rigid",
        "processors": "minecraft:empty"
      }
    },
    {
      "weight": 5,
      "element": {
        "element_type": "minecraft:legacy_single_pool_element",
        "location": "bungeons:ruins/feet",
        "projection": "rigid",
        "processors": "bungeons:sleepyemberify_30_percent"
      }
    },
    {
      "weight": 5,
      "element": {
        "element_type": "minecraft:legacy_single_pool_element",
        "location": "bungeons:ruins/hole",
        "projection": "rigid",
        "processors": "bungeons:sleepyemberify_30_percent"
      }
    },
    {
      "weight": 5,
      "element": {
        "element_type": "minecraft:legacy_single_pool_element",
        "location": "bungeons:ruins/large",
        "projection": "rigid",
        "processors": "bungeons:sleepyemberify_30_percent"
      }
    },
    {
      "weight": 5,
      "element": {
        "element_type": "minecraft:legacy_single_pool_element",
        "location": "bungeons:ruins/slope",
        "projection": "rigid",
        "processors": "bungeons:sleepyemberify_30_percent"
      }
    },
    {
      "weight": 5,
      "element": {
        "element_type": "minecraft:legacy_single_pool_element",
        "location": "bungeons:ruins/stone_circle",
        "projection": "terrain_matching",
        "processors": "bungeons:sleepyemberify_30_percent"
      }
    },
    {
      "weight": 1,
      "element": {
        "element_type": "minecraft:legacy_single_pool_element",
        "location": "bungeons:ruins/tater",
        "projection": "rigid",
        "processors": "bungeons:sleepyemberify_30_percent"
      }
    },
    {
      "weight": 5,
      "element": {
        "element_type": "minecraft:legacy_single_pool_element",
        "location": "bungeons:ruins/tower_base",
        "projection": "rigid",
        "processors": "bungeons:sleepyemberify_30_percent"
      }
    },
    {
      "weight": 5,
      "element": {
        "element_type": "minecraft:legacy_single_pool_element",
        "location": "bungeons:ruins/vintage",
        "projection": "rigid",
        "processors": "bungeons:sleepyemberify_30_percent"
      }
    },
    {
      "weight": 5,
      "element": {
        "element_type": "minecraft:legacy_single_pool_element",
        "location": "bungeons:ruins/classic_hut",
        "projection": "rigid",
        "processors": "minecraft:empty"
      }
    },
    {
      "weight": 1,
      "element": {
        "element_type": "minecraft:legacy_single_pool_element",
        "location": "bungeons:ruins/bnuuy",
        "projection": "rigid",
        "processors": "bungeons:sleepyemberify_30_percent"
      }
    },
    {
      "weight": 5,
      "element": {
        "element_type": "minecraft:legacy_single_pool_element",
        "location": "bungeons:ruins/9x9",
        "projection": "rigid",
        "processors": "bungeons:sleepyemberify_30_percent"
      }
    }
  ]
}