{
  "replace": false,
  "values": [
    "minecraft:chest",

    { "required": false, "id": "blue_skies:bluebright_chest" },
    { "required": false, "id": "blue_skies:starlit_chest" },
    { "required": false, "id": "blue_skies:frostbright_chest" },
    { "required": false, "id": "blue_skies:lunar_chest" },
    { "required": false, "id": "blue_skies:dusk_chest" },
    { "required": false, "id": "blue_skies:maple_chest" },
    { "required": false, "id": "blue_skies:cherry_chest" },
    { "required": false, "id": "woodworks:birch_chest" },
    { "required": false, "id": "woodworks:oak_chest" },
    { "required": false, "id": "woodworks:spruce_chest" },
    { "required": false, "id": "woodworks:jungle_chest" },
    { "required": false, "id": "woodworks:acacia_chest" },
    { "required": false, "id": "woodworks:dark_oak_chest" },
    { "required": false, "id": "woodworks:mangrove_chest" },
    { "required": false, "id": "woodworks:crimson_chest" },
    { "required": false, "id": "woodworks:warped_chest" },
    { "required": false, "id": "ad_astra:aeronos_chest" },
    { "required": false, "id": "ad_astra:strophar_chest" },
    { "required": false, "id": "atmoshperic:rosewood_chest" },
    { "required": false, "id": "atmoshperic:morado_chest" },
    { "required": false, "id": "atmoshperic:yucca_chest" },
    { "required": false, "id": "atmoshperic:kousa_chest" },
    { "required": false, "id": "atmoshperic:aspen_chest" },
    { "required": false, "id": "atmoshperic:grimwood_chest" },
    { "required": false, "id": "environmental:willow_chest" },
    { "required": false, "id": "environmental:cherry_chest" },
    { "required": false, "id": "environmental:wisteria_chest" },
    { "required": false, "id": "upgrade_aquatic:driftwood_chest" },
    { "required": false, "id": "upgrade_aquatic:river_chest" },
    { "required": false, "id": "compatoplenty:cherry_chest" },
    { "required": false, "id": "compatoplenty:jacaranda_chest" },
    { "required": false, "id": "compatoplenty:fir_chest" },
    { "required": false, "id": "compatoplenty:redwood_chest" },
    { "required": false, "id": "compatoplenty:willow_chest" },
    { "required": false, "id": "compatoplenty:magic_chest" },
    { "required": false, "id": "compatoplenty:dead_chest" },
    { "required": false, "id": "compatoplenty:umbran_chest" },
    { "required": false, "id": "compatoplenty:palm_chest" },
    { "required": false, "id": "compatoplenty:hellbark_chest" }

  ]
}
