{
	"credit": "Made with Blockbench",
	"textures": {
		"top": "texture",
		"side": "texture",
		"particle": "#bottom"
	},
	"elements": [
		{
			"from": [0, 0, 6],
			"to": [16, 16, 9],
			"faces": {
				"north": {"uv": [0, 0, 16, 16], "texture": "#bottom"},
				"east": {"uv": [3, 0, 6, 16], "texture": "#side"},
				"south": {"uv": [16, 0, 0, 16], "texture": "#bottom"},
				"west": {"uv": [12, 0, 15, 16], "texture": "#side"},
				"down": {"uv": [6, 0, 9, 16], "rotation": 90, "texture": "#side"}
			}
		},
		{
			"from": [0, 16, 6],
			"to": [16, 32, 9],
			"faces": {
				"north": {"uv": [0, 0, 16, 16], "texture": "#top"},
				"east": {"uv": [0, 0, 3, 16], "texture": "#side"},
				"south": {"uv": [16, 0, 0, 16], "texture": "#top"},
				"west": {"uv": [9, 0, 12, 16], "texture": "#side"},
				"up": {"uv": [6, 0, 9, 16], "rotation": 90, "texture": "#side"}
			}
		}
	],
	"display": {
		"thirdperson_righthand": {
			"translation": [0, 0, 1.25],
			"scale": [0.3, 0.3, 0.3]
		},
		"thirdperson_lefthand": {
			"translation": [0, 0, 1.25],
			"scale": [0.3, 0.3, 0.3]
		},
		"firstperson_righthand": {
			"rotation": [-20, -90, 0],
			"translation": [0, 1.5, 4],
			"scale": [0.3, 0.3, 0.3]
		},
		"firstperson_lefthand": {
			"rotation": [-20, -90, 0],
			"translation": [0, 1.5, 4],
			"scale": [0.3, 0.3, 0.3]
		},
		"ground": {
			"translation": [0, 3, 0],
			"scale": [0.2, 0.2, 0.2]
		},
		"gui": {
			"rotation": [30, -40, 0],
			"translation": [0, -3.25, 0],
			"scale": [0.45, 0.45, 0.45]
		},
		"head": {
			"translation": [0, 0, 5],
			"scale": [0.86, 0.86, 0.86]
		},
		"fixed": {
			"translation": [0, -4, 0],
			"scale": [0.5, 0.5, 0.5]
		}
	}
}