{
	"credit": "Made with Blockbench",
	"textures": {
		"0": "block/tall_grass_top",
		"1": "block/tall_grass_bottom",
		"2": "block/grass",
		"particle": "block/tall_grass_top"
	},
	"elements": [
		{
			"from": [0, 0, 8],
			"to": [16, 16, 8],
			"rotation": {"angle": 45, "axis": "x", "origin": [8, 0, 8]},
			"faces": {
				"north": {"uv": [0, 0, 16, 16], "texture": "#2", "tintindex": 0},
				"east": {"uv": [0, 0, 16, 16], "texture": "#2", "tintindex": 0},
				"south": {"uv": [0, 0, 16, 16], "texture": "#2", "tintindex": 0},
				"west": {"uv": [0, 0, 16, 16], "texture": "#2", "tintindex": 0},
				"up": {"uv": [0, 0, 16, 16], "texture": "#2", "tintindex": 0},
				"down": {"uv": [0, 0, 16, 16], "texture": "#2", "tintindex": 0}
			}
		},
		{
			"from": [-8, 0, 0],
			"to": [8, 0, 16],
			"rotation": {"angle": -45, "axis": "z", "origin": [8, 0, 8]},
			"faces": {
				"north": {"uv": [0, 0, 16, 16], "rotation": 270, "texture": "#2", "tintindex": 0},
				"east": {"uv": [0, 0, 16, 16], "rotation": 270, "texture": "#2", "tintindex": 0},
				"south": {"uv": [0, 0, 16, 16], "rotation": 270, "texture": "#2", "tintindex": 0},
				"west": {"uv": [0, 0, 16, 16], "rotation": 270, "texture": "#2", "tintindex": 0},
				"up": {"uv": [0, 0, 16, 16], "rotation": 270, "texture": "#2", "tintindex": 0},
				"down": {"uv": [0, 0, 16, 16], "rotation": 270, "texture": "#2", "tintindex": 0}
			}
		},
		{
			"from": [0, 0, 8],
			"to": [16, 16, 8],
			"rotation": {"angle": -45, "axis": "x", "origin": [8, 0, 8]},
			"faces": {
				"north": {"uv": [0, 0, 16, 16], "texture": "#2", "tintindex": 0},
				"east": {"uv": [0, 0, 16, 16], "texture": "#2", "tintindex": 0},
				"south": {"uv": [0, 0, 16, 16], "texture": "#2", "tintindex": 0},
				"west": {"uv": [0, 0, 16, 16], "texture": "#2", "tintindex": 0},
				"up": {"uv": [0, 0, 16, 16], "texture": "#2", "tintindex": 0},
				"down": {"uv": [0, 0, 16, 16], "texture": "#2", "tintindex": 0}
			}
		},
		{
			"from": [8, 0, 0],
			"to": [8, 16, 16],
			"rotation": {"angle": -45, "axis": "z", "origin": [8, 0, 8]},
			"faces": {
				"north": {"uv": [0, 0, 16, 16], "texture": "#2", "tintindex": 0},
				"east": {"uv": [0, 0, 16, 16], "texture": "#2", "tintindex": 0},
				"south": {"uv": [0, 0, 16, 16], "texture": "#2", "tintindex": 0},
				"west": {"uv": [0, 0, 16, 16], "texture": "#2", "tintindex": 0},
				"up": {"uv": [0, 0, 16, 16], "texture": "#2", "tintindex": 0},
				"down": {"uv": [0, 0, 16, 16], "texture": "#2", "tintindex": 0}
			}
		},
		{
			"from": [0, 0, 8],
			"to": [16, 16, 8],
			"rotation": {"angle": -45, "axis": "y", "origin": [8, 8, 8]},
			"faces": {
				"north": {"uv": [0, 0, 16, 16], "texture": "#1", "tintindex": 0},
				"east": {"uv": [0, 0, 16, 16], "texture": "#1", "tintindex": 0},
				"south": {"uv": [0, 0, 16, 16], "texture": "#1", "tintindex": 0},
				"west": {"uv": [0, 0, 16, 16], "texture": "#1", "tintindex": 0},
				"up": {"uv": [0, 0, 16, 16], "texture": "#1", "tintindex": 0},
				"down": {"uv": [0, 0, 16, 16], "texture": "#1", "tintindex": 0}
			}
		},
		{
			"from": [8, 0, 0],
			"to": [8, 16, 16],
			"rotation": {"angle": -45, "axis": "y", "origin": [8, 8, 8]},
			"faces": {
				"north": {"uv": [0, 0, 16, 16], "texture": "#1", "tintindex": 0},
				"east": {"uv": [0, 0, 16, 16], "texture": "#1", "tintindex": 0},
				"south": {"uv": [0, 0, 16, 16], "texture": "#1", "tintindex": 0},
				"west": {"uv": [0, 0, 16, 16], "texture": "#1", "tintindex": 0},
				"up": {"uv": [0, 0, 16, 16], "texture": "#1", "tintindex": 0},
				"down": {"uv": [0, 0, 16, 16], "texture": "#1", "tintindex": 0}
			}
		},
		{
			"from": [0, 16, 8],
			"to": [16, 29, 8],
			"rotation": {"angle": -45, "axis": "y", "origin": [8, 8, 8]},
			"faces": {
				"north": {"uv": [0, 0, 16, 16], "texture": "#0", "tintindex": 0},
				"east": {"uv": [0, 0, 0, 16], "texture": "#0", "tintindex": 0},
				"south": {"uv": [0, 3, 16, 16], "texture": "#0", "tintindex": 0},
				"west": {"uv": [0, 0, 0, 16], "texture": "#0", "tintindex": 0},
				"up": {"uv": [0, 0, 16, 0], "texture": "#0", "tintindex": 0},
				"down": {"uv": [0, 0, 16, 0], "texture": "#0", "tintindex": 0}
			}
		},
		{
			"from": [8, 16, 0],
			"to": [8, 29, 16],
			"rotation": {"angle": -45, "axis": "y", "origin": [8, 8, 8]},
			"faces": {
				"north": {"uv": [0, 0, 0, 16], "texture": "#0", "tintindex": 0},
				"east": {"uv": [0, 3, 16, 16], "texture": "#0", "tintindex": 0},
				"south": {"uv": [0, 0, 0, 16], "texture": "#0", "tintindex": 0},
				"west": {"uv": [0, 0, 16, 16], "texture": "#0", "tintindex": 0},
				"up": {"uv": [0, 0, 0, 16], "texture": "#0", "tintindex": 0},
				"down": {"uv": [0, 0, 0, 16], "texture": "#0", "tintindex": 0}
			}
		},
		{
			"from": [9, 0, 0],
			"to": [9, 16, 16],
			"rotation": {"angle": -22.5, "axis": "z", "origin": [9, 0, 8]},
			"faces": {
				"north": {"uv": [0, 0, 16, 16], "texture": "#1", "tintindex": 0},
				"east": {"uv": [0, 0, 16, 16], "texture": "#1", "tintindex": 0},
				"south": {"uv": [0, 0, 16, 16], "texture": "#1", "tintindex": 0},
				"west": {"uv": [0, 0, 16, 16], "texture": "#1", "tintindex": 0},
				"up": {"uv": [0, 0, 16, 16], "texture": "#1", "tintindex": 0},
				"down": {"uv": [0, 0, 16, 16], "texture": "#1", "tintindex": 0}
			}
		},
		{
			"from": [7, 0, 0],
			"to": [7, 16, 16],
			"rotation": {"angle": 22.5, "axis": "z", "origin": [7, 0, 8]},
			"faces": {
				"north": {"uv": [0, 0, 16, 16], "texture": "#1", "tintindex": 0},
				"east": {"uv": [0, 0, 16, 16], "texture": "#1", "tintindex": 0},
				"south": {"uv": [0, 0, 16, 16], "texture": "#1", "tintindex": 0},
				"west": {"uv": [0, 0, 16, 16], "texture": "#1", "tintindex": 0},
				"up": {"uv": [0, 0, 16, 16], "texture": "#1", "tintindex": 0},
				"down": {"uv": [0, 0, 16, 16], "texture": "#1", "tintindex": 0}
			}
		},
		{
			"from": [9, 16, 0],
			"to": [9, 24, 16],
			"rotation": {"angle": -22.5, "axis": "z", "origin": [9, 0, 8]},
			"faces": {
				"north": {"uv": [0, 8, 16, 16], "texture": "#0", "tintindex": 0},
				"east": {"uv": [0, 4, 16, 12], "texture": "#0", "tintindex": 0},
				"south": {"uv": [0, 8, 16, 16], "texture": "#0", "tintindex": 0},
				"west": {"uv": [0, 4, 16, 12], "texture": "#0", "tintindex": 0},
				"up": {"uv": [0, 8, 16, 16], "texture": "#0", "tintindex": 0},
				"down": {"uv": [0, 8, 16, 16], "texture": "#0", "tintindex": 0}
			}
		},
		{
			"from": [7, 16, 0],
			"to": [7, 24, 16],
			"rotation": {"angle": 22.5, "axis": "z", "origin": [7, 0, 8]},
			"faces": {
				"north": {"uv": [0, 8, 16, 16], "texture": "#0", "tintindex": 0},
				"east": {"uv": [0, 4, 16, 12], "texture": "#0", "tintindex": 0},
				"south": {"uv": [0, 8, 16, 16], "texture": "#0", "tintindex": 0},
				"west": {"uv": [0, 4, 16, 12], "texture": "#0", "tintindex": 0},
				"up": {"uv": [0, 8, 16, 16], "texture": "#0", "tintindex": 0},
				"down": {"uv": [0, 8, 16, 16], "texture": "#0", "tintindex": 0}
			}
		},
		{
			"from": [0, 0, 7],
			"to": [16, 16, 7],
			"rotation": {"angle": -22.5, "axis": "x", "origin": [8, 0, 7]},
			"faces": {
				"north": {"uv": [0, 0, 16, 16], "texture": "#1", "tintindex": 0},
				"east": {"uv": [0, 0, 16, 16], "texture": "#1", "tintindex": 0},
				"south": {"uv": [0, 0, 16, 16], "texture": "#1", "tintindex": 0},
				"west": {"uv": [0, 0, 16, 16], "texture": "#1", "tintindex": 0},
				"up": {"uv": [0, 0, 16, 16], "texture": "#1", "tintindex": 0},
				"down": {"uv": [0, 0, 16, 16], "texture": "#1", "tintindex": 0}
			}
		},
		{
			"from": [0, 0, 9],
			"to": [16, 16, 9],
			"rotation": {"angle": 22.5, "axis": "x", "origin": [8, 0, 9]},
			"faces": {
				"north": {"uv": [0, 0, 16, 16], "texture": "#1", "tintindex": 0},
				"east": {"uv": [0, 0, 16, 16], "texture": "#1", "tintindex": 0},
				"south": {"uv": [0, 0, 16, 16], "texture": "#1", "tintindex": 0},
				"west": {"uv": [0, 0, 16, 16], "texture": "#1", "tintindex": 0},
				"up": {"uv": [0, 0, 16, 16], "texture": "#1", "tintindex": 0},
				"down": {"uv": [0, 0, 16, 16], "texture": "#1", "tintindex": 0}
			}
		},
		{
			"from": [0, 16, 7],
			"to": [16, 24, 7],
			"rotation": {"angle": -22.5, "axis": "x", "origin": [8, 0, 7]},
			"faces": {
				"north": {"uv": [0, 4, 16, 12], "texture": "#0", "tintindex": 0},
				"east": {"uv": [0, 8, 16, 16], "texture": "#0", "tintindex": 0},
				"south": {"uv": [0, 4, 16, 12], "texture": "#0", "tintindex": 0},
				"west": {"uv": [0, 8, 16, 16], "texture": "#0", "tintindex": 0},
				"up": {"uv": [0, 8, 16, 16], "texture": "#0", "tintindex": 0},
				"down": {"uv": [0, 8, 16, 16], "texture": "#0", "tintindex": 0}
			}
		},
		{
			"from": [0, 16, 9],
			"to": [16, 24, 9],
			"rotation": {"angle": 22.5, "axis": "x", "origin": [8, 0, 9]},
			"faces": {
				"north": {"uv": [0, 8, 16, 16], "texture": "#0", "tintindex": 0},
				"east": {"uv": [0, 8, 16, 16], "texture": "#0", "tintindex": 0},
				"south": {"uv": [0, 4, 16, 12], "texture": "#0", "tintindex": 0},
				"west": {"uv": [0, 8, 16, 16], "texture": "#0", "tintindex": 0},
				"up": {"uv": [0, 8, 16, 16], "texture": "#0", "tintindex": 0},
				"down": {"uv": [0, 8, 16, 16], "texture": "#0", "tintindex": 0}
			}
		}
	],
	"gui_light": "front",
	"display": {
		"thirdperson_righthand": {
			"rotation": [75, 45, 0],
			"translation": [0, 2.5, 0],
			"scale": [0.25, 0.25, 0.25]
		},
		"thirdperson_lefthand": {
			"rotation": [75, 45, 0],
			"translation": [0, 2.5, 0],
			"scale": [0.25, 0.25, 0.25]
		},
		"firstperson_righthand": {
			"rotation": [0, 45, 0],
			"translation": [0, -2, 0],
			"scale": [0.4, 0.4, 0.4]
		},
		"firstperson_lefthand": {
			"rotation": [0, 225, 0],
			"translation": [0, -2, 0],
			"scale": [0.4, 0.4, 0.4]
		},
		"ground": {
			"translation": [0, 3, 0],
			"scale": [0.25, 0.25, 0.25]
		},
		"gui": {
			"rotation": [30, 225, 0],
			"translation": [0, -2, 0],
			"scale": [0.5, 0.5, 0.5]
		},
		"head": {
			"translation": [0, 10, 0],
			"scale": [0.5, 0.5, 0.5]
		},
		"fixed": {
			"translation": [0, -2, 0],
			"scale": [0.5, 0.5, 0.5]
		}
	}
}