{
  "placement": {
    "type": "minecraft:random_spread",
    "exclusion_zone": {
      "chunk_count": 10,
      "other_set": "minecraft:ancient_cities"
    },
    "frequency": 0.2,
    "frequency_reduction_method": "legacy_type_1",
    "salt": 165745296,
    "separation": 6,
    "spacing": 12
  },
  "structures": [
    {
      "structure": "bungeons:andesite",
      "weight": 3
    },
    {
      "structure": "bungeons:diorite",
      "weight": 2
    },
    {
      "structure": "bungeons:granite",
      "weight": 3
    },
    {
      "structure": "bungeons:tuff",
      "weight": 2
    }
  ]
}