{
	"credit": "Made with Blockbench",
	"ambientocclusion": false,
	"textures": {
		"0": "item/water_bucket",
		"particle": "item/water_bucket"
	},
	"elements": [
		{
			"name": "Element",
			"from": [5, 4, 5],
			"to": [11, 5, 11],
			"faces": {
				"north": {"uv": [7, 8, 8, 9], "texture": "#0"},
				"east": {"uv": [0, 0, 6, 1], "texture": "#0"},
				"south": {"uv": [0, 0, 6, 1], "texture": "#0"},
				"west": {"uv": [0, 0, 6, 1], "texture": "#0"},
				"up": {"uv": [8, 6, 10, 8], "texture": "#0"},
				"down": {"uv": [6, 12, 7, 13], "texture": "#0"}
			}
		},
		{
			"name": "Element",
			"from": [11, 4, 5],
			"to": [12, 12, 12],
			"faces": {
				"north": {"uv": [0, 0, 1, 8], "texture": "#0"},
				"east": {"uv": [5, 5, 7, 13], "texture": "#0"},
				"south": {"uv": [5, 5, 6, 13], "texture": "#0"},
				"west": {"uv": [5, 5, 9, 14], "texture": "#0"},
				"up": {"uv": [4, 5, 5, 6], "texture": "#0"},
				"down": {"uv": [4, 12, 7, 13], "texture": "#0"}
			}
		},
		{
			"name": "Element",
			"from": [5, 4, 4],
			"to": [12, 12, 5],
			"faces": {
				"north": {"uv": [4, 5, 6, 13], "texture": "#0"},
				"east": {"uv": [4, 5, 5, 13], "texture": "#0"},
				"south": {"uv": [4, 5, 10, 14], "texture": "#0"},
				"west": {"uv": [0, 0, 1, 8], "texture": "#0"},
				"up": {"uv": [3, 5, 4, 6], "texture": "#0"},
				"down": {"uv": [4, 12, 11, 13], "texture": "#0"}
			}
		},
		{
			"name": "Element",
			"from": [4, 4, 11],
			"to": [11, 12, 12],
			"faces": {
				"north": {"uv": [5, 5, 11, 14], "texture": "#0"},
				"east": {"uv": [0, 0, 1, 8], "texture": "#0"},
				"south": {"uv": [6, 5, 7, 13], "texture": "#0"},
				"west": {"uv": [5, 5, 7, 13], "texture": "#0"},
				"up": {"uv": [4, 5, 11, 6], "texture": "#0"},
				"down": {"uv": [4, 12, 8, 13], "texture": "#0"}
			}
		},
		{
			"name": "Element",
			"from": [4, 4, 4],
			"to": [5, 12, 11],
			"faces": {
				"north": {"uv": [5, 5, 6, 13], "texture": "#0"},
				"east": {"uv": [5, 5, 8, 14], "texture": "#0"},
				"south": {"uv": [0, 0, 1, 8], "texture": "#0"},
				"west": {"uv": [5, 5, 7, 13], "texture": "#0"},
				"up": {"uv": [4, 5, 5, 6], "texture": "#0"},
				"down": {"uv": [5, 12, 9, 13], "texture": "#0"}
			}
		},
		{
			"name": "Element",
			"from": [3, 9, 2],
			"to": [13, 10, 3],
			"rotation": {"angle": -45, "axis": "x", "origin": [8, 8, 8]},
			"faces": {
				"north": {"uv": [5, 6, 11, 7], "texture": "#0"},
				"east": {"uv": [5, 6, 6, 7], "texture": "#0"},
				"south": {"uv": [5, 6, 10, 7], "texture": "#0"},
				"west": {"uv": [5, 6, 6, 7], "texture": "#0"},
				"up": {"uv": [5, 6, 11, 7], "texture": "#0"},
				"down": {"uv": [5, 6, 10, 7], "texture": "#0"}
			}
		},
		{
			"name": "Element",
			"from": [3, 9, 3],
			"to": [4, 10, 10],
			"rotation": {"angle": -45, "axis": "x", "origin": [8, 8, 8]},
			"faces": {
				"north": {"uv": [0, 0, 1, 1], "texture": "#0"},
				"east": {"uv": [5, 6, 11, 7], "texture": "#0"},
				"south": {"uv": [5, 6, 6, 7], "texture": "#0"},
				"west": {"uv": [5, 6, 11, 7], "texture": "#0"},
				"up": {"uv": [5, 6, 6, 7], "texture": "#0"},
				"down": {"uv": [5, 6, 6, 7], "texture": "#0"}
			}
		},
		{
			"name": "Element",
			"from": [12, 9, 3],
			"to": [13, 10, 10],
			"rotation": {"angle": -45, "axis": "x", "origin": [8, 8, 8]},
			"faces": {
				"north": {"uv": [0, 0, 1, 1], "texture": "#0"},
				"east": {"uv": [5, 6, 11, 7], "texture": "#0"},
				"south": {"uv": [5, 6, 6, 7], "texture": "#0"},
				"west": {"uv": [5, 6, 11, 7], "texture": "#0"},
				"up": {"uv": [5, 6, 6, 7], "texture": "#0"},
				"down": {"uv": [5, 6, 6, 8], "texture": "#0"}
			}
		},
		{
			"name": "Element",
			"from": [5, 5, 5],
			"to": [11, 11, 11],
			"faces": {
				"up": {"uv": [2, 3, 3, 4], "texture": "#0"}
			}
		}
	],
	"display": {
		"thirdperson_righthand": {
			"rotation": [75, 45, 0],
			"translation": [0, 2.5, 0]
		},
		"thirdperson_lefthand": {
			"rotation": [75, 45, 0],
			"translation": [0, 2.5, 0]
		},
		"firstperson_righthand": {
			"rotation": [0, 45, 0]
		},
		"firstperson_lefthand": {
			"rotation": [0, 225, 0]
		},
		"ground": {
			"translation": [0, 3, 0]
		},
		"gui": {
			"rotation": [30, 225, 0]
		}
	}
}