{
  "general": {
    "rate": 25,
    "gripType": "cgm:two_handed",
    "maxAmmo": 2,
    "recoilAngle": 40.0,
    "recoilKick": 15.0,
    "recoilDurationOffset": 0.5,
    "recoilAdsReduction": 0.4,
    "alwaysSpread": true,
    "projectileAmount": 27,
    "spread": 35.0
  },
  "projectile": {
    "item": "scguns:volatile_scrap",
    "damage": 30.0,
    "size": 0.0625,
    "speed": 25.0,
    "life": 30,
    "gravity": true
  },
  "sounds": {
    "fire": "cgm:item.shotgun.fire",
    "reload": "cgm:item.pistol.reload",
    "cock": "cgm:item.heavy_rifle.cock",
    "silencedFire": "cgm:item.heavy_rifle.silenced_fire",
    "enchantedFire": "cgm:item.heavy_rifle.enchanted_fire"
  },
  "display": {
    "flash": {
      "yOffset": 3.6,
      "zOffset": -9.41,
      "size": 1.0
    }
  },
  "modules": {
    "zoom": {
      "yOffset": 5.9,
      "zOffset": 0.5,
      "fovModifier": 0.8
    },
    "attachments": {
    }
  }
}