{
  "general": {
    "auto": true,
    "rate": 3,
    "gripType": "cgm:two_handed",
    "maxAmmo": 52,
    "reloadAmount": 52,
    "recoilAngle": 6.0,
    "recoilKick": 3.0,
    "recoilAdsReduction": 0.8,
    "alwaysSpread": false,
    "spread": 4.0
  },
  "projectile": {
    "item": "cgm:advanced_bullet",
    "damage": 19.0,
    "size": 0.2,
    "speed": 10.0,
    "life": 25
  },
  "sounds": {
    "fire": "cgm:item.pistol.fire",
    "reload": "cgm:item.pistol.reload",
    "cock": "cgm:item.pistol.cock",
    "silencedFire": "cgm:item.pistol.silenced_fire",
    "enchantedFire": "cgm:item.pistol.enchanted_fire"
  },
  "display": {
    "flash": {
      "yOffset": 3.3,
      "zOffset": -16.64
    }
  },
  "modules": {
    "zoom": {
      "yOffset": 6.3,
      "zOffset": 1.3,
      "fovModifier": 0.8
    },
    "attachments": {
      "scope": {
        "yOffset": 6.05,
        "zOffset": 4.2,
        "scale": 0.75
      },
      "barrel": {
        "yOffset": 4.0,
        "zOffset": -19.0,
        "scale": 0.40
      },
      "stock": {
        "yOffset": 3.6,
        "zOffset": 8.5
      }
    }
  }
}