{
  "general": {
    "rate": 25,
    "gripType": "cgm:two_handed",
    "maxAmmo": 1,
    "recoilAngle": 5.0,
    "recoilKick": 1.0,
    "recoilDurationOffset": 0.25
  },
  "projectile": {
    "item": "cgm:grenade",
    "visible": true,
    "damage": 15.0,
    "size": 0.3,
    "speed": 3.5,
    "life": 100,
    "gravity": true
  },
  "sounds": {
    "fire": "cgm:item.grenade_launcher.fire",
    "reload": "cgm:item.pistol.reload"
  },
  "display": {
    "flash": {
      "yOffset": 3.5,
      "zOffset": -7.8,
      "size": 0.75
    }
  },
  "modules": {
    "zoom": {
      "yOffset": 5.9,
      "zOffset": 3.0,
      "fovModifier": 0.6
    },
    "attachments": {
    }
  }
}