{
  "general": {
    "rate": 9,
    "auto": true,
    "gripType": "cgm:two_handed",
    "maxAmmo": 16,
    "reloadAmount": 16,
    "recoilAngle": 3.0,
    "recoilKick": 1.0,
    "recoilDurationOffset": 0.5,
    "recoilAdsReduction": 0.4

  },
  "projectile": {
    "item": "scguns:scorched_big_bullet",
    "damage": 18.0,
    "size": 0.0625,
    "speed": 25.0,
    "life": 30,
    "gravity": true
  },
  "sounds": {
    "fire": "cgm:item.heavy_rifle.enchanted_fire",
    "reload": "cgm:item.pistol.reload",
    "cock": "cgm:item.heavy_rifle.cock",
    "silencedFire": "cgm:item.heavy_rifle.silenced_fire",
    "enchantedFire": "cgm:item.heavy_rifle.enchanted_fire"
  },
  "display": {
    "flash": {
      "yOffset": 2.7,
      "zOffset": -8.0,
      "size": 0.6
    }
  },
  "modules": {
    "zoom": {
      "yOffset": 4.1,
      "zOffset": 2.0,
      "fovModifier": 1.0
    },
    "attachments": {
      "scope": {
        "yOffset": 3.9,
        "zOffset": 6.0,
        "scale": 0.75
      },
      "barrel": {
        "yOffset": 2.9,
        "zOffset": -7.0,
        "scale": 0.3
      },
      "underBarrel": {
        "yOffset": 1.8,
        "zOffset": 1.0,
        "scale": 0.7
      }
    }
  }
}