{
  "general": {
    "rate": 2,
    "auto": true,
    "gripType": "cgm:two_handed",
    "maxAmmo": 16,
    "reloadAmount": 16,
    "recoilAngle": 25.0,
    "recoilKick": 19.0,
    "recoilDurationOffset": 0.5,
    "recoilAdsReduction": 0.6,
    "alwaysSpread": true,
    "spread": 4.0
  },
  "projectile": {
    "item": "scguns:heavy_bullet",
    "damage": 18.0,
    "size": 0.0625,
    "speed": 50.0,
    "life": 100,
    "gravity": true
  },
  "sounds": {
    "fire": "cgm:item.heavy_rifle.fire",
    "reload": "cgm:item.pistol.reload",
    "cock": "cgm:item.heavy_rifle.cock",
    "silencedFire": "cgm:item.heavy_rifle.silenced_fire",
    "enchantedFire": "cgm:item.heavy_rifle.enchanted_fire"
  },
  "display": {
    "flash": {
      "yOffset": 3.6,
      "zOffset": -12.41,
      "size": 1.6
    }
  },
  "modules": {
    "zoom": {
      "yOffset": 6.3,
      "zOffset": -2.0,
      "fovModifier": 0.7
    },
    "attachments": {
      "scope": {
        "yOffset": 6.2,
        "zOffset": 3.0,
        "scale": 0.85
      },
      "barrel": {
        "yOffset": 4.9,
        "zOffset": -13.0,
        "scale": 0.35
      }
    }
  }
}