{
  "general": {
    "auto": true,
    "rate": 2,
    "gripType": "cgm:one_handed",
    "maxAmmo": 9,
    "reloadAmount": 9,
    "recoilAngle": 27.0,
    "recoilKick": 19.0,
    "recoilAdsReduction": 0.6,
    "alwaysSpread": true,
    "spread": 32.0,
    "projectileAmount": 12
  },
  "projectile": {
    "item": "scguns:flechette_round",
    "damage": 16.0,
    "size": 0.1,
    "speed": 24.0,
    "life": 25
  },
  "sounds": {
    "fire": "cgm:item.shotgun.fire",
    "reload": "cgm:item.pistol.reload",
    "cock": "cgm:item.pistol.cock",
    "silencedFire": "cgm:item.pistol.silenced_fire",
    "enchantedFire": "cgm:item.pistol.enchanted_fire"
  },
  "display": {
    "flash": {
      "yOffset": 4.0,
      "zOffset": -7.0
    }
  },
  "modules": {
    "zoom": {
      "yOffset": 5.6,
      "zOffset": 1.3,
      "fovModifier": 0.8
    },
    "attachments": {
      "scope": {
        "yOffset": 4.8,
        "zOffset": 0.5,
        "scale": 0.75
      },
      "barrel": {
        "yOffset": 3.5,
        "zOffset": -5.3,
        "scale": 0.60
      }

    }
  }
}