{
  "general": {
    "rate": 4,
    "gripType": "cgm:one_handed",
    "maxAmmo": 7,
    "reloadAmount": 7,
    "recoilAngle": 5.0,
    "recoilKick": 0.4,
    "recoilAdsReduction": 0.5,
    "alwaysSpread": true,
    "spread": 1.0
  },
  "projectile": {
    "item": "cgm:basic_bullet",
    "damage": 8,
    "size": 0.0625,
    "speed": 20.0,
    "life": 30,
    "gravity": false
  },
  "sounds": {
    "fire": "scguns:item.pistol.fire",
    "reload": "cgm:item.pistol.reload",
    "cock": "cgm:item.rifle.cock",
    "silencedFire": "cgm:item.rifle.silenced_fire",
    "enchantedFire": "cgm:item.rifle.enchanted_fire"
  },
  "display": {
    "flash": {
      "yOffset": 3.7,
      "zOffset": -1.21
    }
  },
  "modules": {
    "zoom": {
      "yOffset": 5.95,
      "zOffset": -1.0,
      "fovModifier": 0.8
    },
    "attachments": {
      "scope": {
        "yOffset": 6.0,
        "zOffset": 3.8,
        "scale": 0.8
      },
      "barrel": {
        "yOffset": 5.4,
        "zOffset": -0.2,
        "scale": 0.33
      },
      "stock": {
        "yOffset": 1.8,
        "zOffset": 7.7
      }
    }
  }
}