{
  "general": {
    "rate": 3,
    "gripType": "cgm:one_handed",
    "maxAmmo": 8,
    "reloadAmount": 8,
    "recoilAngle": 6.0,
    "recoilAdsReduction": 0.5,
    "alwaysSpread": true,
    "spread": 1.0
  },
  "projectile": {
    "item": "scguns:experimental_round",
    "damage": 18.0,
    "size": 0.2,
    "speed": 10.0,
    "life": 25
  },
  "sounds": {
    "fire": "scguns:item.pistol.fire",
    "reload": "cgm:item.pistol.reload",
    "cock": "cgm:item.pistol.cock",
    "silencedFire": "cgm:item.pistol.silenced_fire",
    "enchantedFire": "cgm:item.pistol.enchanted_fire"
  },
  "display": {
    "flash": {
      "yOffset": 6.0,
      "zOffset": -6.8
    }
  },
  "modules": {
    "zoom": {
      "yOffset": 7.4,
      "zOffset": -0.5,
      "fovModifier": 0.8
    },
    "attachments": {
      "scope": {
        "yOffset": 7.3,
        "zOffset": 4.0,
        "scale": 0.75
      },
      "barrel": {
        "yOffset": 6.6,
        "zOffset": -6.3,
        "scale": 0.28
      },
      "stock": {
        "yOffset": 4.3,
        "zOffset": 8.3,
        "scale": 0.9
      }
    }
  }
}