{
  "general": {
    "auto": true,
    "rate": 3,
    "gripType": "cgm:two_handed",
    "maxAmmo": 16,
    "reloadAmount": 16,
    "recoilAngle": 0.7,
    "recoilAdsReduction": 0.7,
    "alwaysSpread": true,
    "spread": 1.0
  },
  "projectile": {
    "item": "scguns:ethereal_bullet",
    "damage": 24.0,
    "size": 0.02,
    "speed": 10.0,
    "life": 25
  },
  "sounds": {
    "fire": "cgm:item.pistol.enchanted_fire",
    "reload": "cgm:item.pistol.reload",
    "cock": "cgm:item.pistol.cock",
    "silencedFire": "cgm:item.pistol.silenced_fire",
    "enchantedFire": "cgm:item.pistol.enchanted_fire"
  },
  "display": {
    "flash": {
      "yOffset": 6.9,
      "zOffset": -9.14
    }
  },
  "modules": {
    "zoom": {
      "yOffset": 8.1,
      "zOffset": -3.0,
      "fovModifier": 0.8
    },
    "attachments": {
      "scope": {
        "yOffset": 8.0,
        "zOffset": 7.0,
        "scale": 0.75
      },
      "barrel": {
        "yOffset": 7.3,
        "zOffset": -5.9,
        "scale": 0.35
      }
    }
  }
}