{
  "general": {
    "auto": true,
    "rate": 1,
    "gripType": "cgm:one_handed",
    "maxAmmo": 24,
    "reloadAmount":24,
    "recoilAngle": 9.0,
    "recoilKick": 1.0,
    "recoilAdsReduction": 0.5,
    "alwaysSpread": true,
    "spread": 6.0
  },
  "projectile": {
    "item": "cgm:basic_bullet",
    "damage": 4.0,
    "size": 0.1,
    "speed": 23.0,
    "life": 25
  },
  "sounds": {
    "fire": "cgm:item.pistol.fire",
    "reload": "cgm:item.pistol.reload",
    "cock": "cgm:item.pistol.cock",
    "silencedFire": "cgm:item.pistol.silenced_fire",
    "enchantedFire": "cgm:item.pistol.enchanted_fire"
  },
  "display": {
    "flash": {
      "yOffset": 5.8,
      "zOffset": -6.5
    }
  },
    "modules": {
      "zoom": {
        "yOffset": 7.8,
        "zOffset": 0.0,
        "fovModifier": 0.85
      },
      "attachments": {
        "scope": {
          "yOffset": 7.7,
          "zOffset": 6.0,
          "scale": 0.75
        },
        "barrel": {
          "yOffset": 6.3,
          "zOffset": -3.8,
          "scale": 0.40
        },
        "stock": {
          "yOffset": 5.5,
          "zOffset": 7.5
        }
      }
    }}