{
  "general": {
    "auto": true,
    "rate": 10,
    "gripType": "cgm:two_handed",
    "maxAmmo": 8,
    "reloadAmount": 2,
    "recoilAngle": 12.0,
    "recoilKick": 4,
    "recoilAdsReduction": 0.6,
    "alwaysSpread": true,
    "projectileAmount": 5,
    "spread": 10.0
  },
  "projectile": {
    "item": "scguns:flechette_round",
    "damage": 15.0,
    "size": 0.0625,
    "speed": 4.0,
    "life": 30,
    "gravity": true
  },
  "sounds": {
    "fire": "cgm:item.rifle.fire",
    "reload": "cgm:item.pistol.reload",
    "cock": "cgm:item.rifle.cock",
    "silencedFire": "cgm:item.rifle.silenced_fire",
    "enchantedFire": "cgm:item.rifle.enchanted_fire"
  },
  "display": {
    "flash": {
      "yOffset": 3.8365,
      "zOffset": -10.21
    }
  },
  "modules": {
    "zoom": {
      "yOffset": 5.2,
      "zOffset": 2.0,
      "fovModifier": 1.0
    },
    "attachments": {
      "scope": {
        "yOffset": 5.0,
        "zOffset": 4.2,
        "scale": 0.8
      } ,
      "stock": {
        "yOffset": 3.6,
        "zOffset": 7.5,
        "scale": 0.9
      }
    }
  }
}