{
  "general": {
    "rate": 15,
    "gripType": "cgm:two_handed",
    "maxAmmo": 12,
    "reloadAmount": 12,
    "recoilAngle": 1.0,
    "recoilKick": 1.0,
    "recoilDurationOffset": 0.5,
    "recoilAdsReduction": 0.4

  },
  "projectile": {
    "item": "scguns:scorched_big_bullet",
    "damage": 22.0,
    "size": 0.0625,
    "speed": 100.0,
    "life": 100,
    "gravity": true
  },
  "sounds": {
    "fire": "cgm:item.heavy_rifle.enchanted_fire",
    "reload": "cgm:item.pistol.reload",
    "cock": "cgm:item.heavy_rifle.cock",
    "silencedFire": "cgm:item.heavy_rifle.silenced_fire",
    "enchantedFire": "cgm:item.heavy_rifle.enchanted_fire"
  },
  "display": {
    "flash": {
      "yOffset": 3.4,
      "zOffset": -8.41,
      "size": 0.7
    }
  },
  "modules": {
    "zoom": {
      "yOffset": 4.15,
      "zOffset": 2.0,
      "fovModifier": 1.0
    },
    "attachments": {
      "scope": {
        "yOffset": 3.9,
        "zOffset": 6.0,
        "scale": 0.75
      },
      "barrel": {
        "yOffset": 3.2,
        "zOffset": -7.2,
        "scale": 0.34
      }, "underBarrel": {
        "yOffset": 1.8,
        "zOffset": 1.0,
        "scale": 0.7
      }
    }
  }
}