{
  "general": {
    "rate": 5,
    "auto": true,
    "gripType": "cgm:one_handed",
    "maxAmmo": 10,
    "reloadAmount": 10,
    "recoilAngle": 4.0,
    "recoilKick": 4.0,
    "recoilDurationOffset": 0.5,
    "recoilAdsReduction": 0.4,
    "alwaysSpread": true,
    "projectileAmount": 3,
    "spread": 2.0
  },
  "projectile": {
    "item": "scguns:scorched_bullet",
    "damage": 14.0,
    "size": 0.0625,
    "speed": 25.0,
    "life": 30,
    "gravity": true
  },
  "sounds": {
    "fire": "cgm:item.machine_pistol.enchanted_fire",
    "reload": "cgm:item.pistol.reload",
    "cock": "cgm:item.heavy_rifle.cock",
    "silencedFire": "cgm:item.heavy_rifle.silenced_fire",
    "enchantedFire": "cgm:item.heavy_rifle.enchanted_fire"
  },
  "display": {
    "flash": {
      "yOffset": 2.5,
      "zOffset": -10.41,
      "size": 0.5
    }
  },
  "modules": {
    "zoom": {
      "yOffset": 4.3,
      "zOffset": 0.0,
      "fovModifier": 1.0
    },
    "attachments": {
      "scope": {
        "yOffset": 4.4,
        "zOffset": 3.0
      }
    }
  }
}