{
  "general": {
    "rate": 25,
    "gripType": "cgm:one_handed",
    "maxAmmo": 1,
    "reloadAmount": 1,
    "recoilAngle": 20.0,
    "recoilKick": 100,
    "recoilAdsReduction": 0.4,
    "projectileAmount": 18,
    "alwaysSpread": true,
    "spread": 45.0
  },
  "projectile": {
    "item": "scguns:volatile_scrap",
    "damage": 19.0,
    "size": 1.0,
    "speed": 10.0,
    "life": 5
  },
  "sounds": {
    "fire": "cgm:item.shotgun.fire",
    "reload": "cgm:item.pistol.reload",
    "cock": "cgm:item.shotgun.cock",
    "silencedFire": "cgm:item.shotgun.silenced_fire",
    "enchantedFire": "cgm:item.shotgun.enchanted_fire"
  },
  "display": {
    "flash": {
      "yOffset": 4.0,
      "zOffset": -5.81,
      "size": 2.0
    }
  },
  "modules": {
    "zoom": {
      "yOffset": 5.0,
      "zOffset": -1.0,
      "fovModifier": 0.7
    },
    "attachments": {
    }
  }
}