{
  "general": {
    "auto": true,
    "rate": 1,
    "gripType": "cgm:one_handed",
    "maxAmmo": 32,
    "reloadAmount":32,
    "recoilAngle": 8.0,
    "recoilKick": 3.0,
    "recoilAdsReduction": 0.5,
    "alwaysSpread": true,
    "spread": 3.0
  },
  "projectile": {
    "item": "scguns:scorched_bullet",
    "damage": 5,
    "size": 0.1,
    "speed": 23.0,
    "life": 25
  },
  "sounds": {
    "fire": "cgm:item.rifle.enchanted_fire",
    "reload": "cgm:item.pistol.reload",
    "cock": "cgm:item.pistol.cock",
    "silencedFire": "cgm:item.pistol.silenced_fire",
    "enchantedFire": "cgm:item.pistol.enchanted_fire"
  },
  "display": {
    "flash": {
      "yOffset": 4.1,
      "zOffset": -8.0
    }
  },
    "modules": {
      "zoom": {
        "yOffset": 5.5,
        "zOffset": 2.6,
        "fovModifier": 1.0
      },
      "attachments": {
        "scope": {
          "yOffset": 5.0,
          "zOffset": 5.0,
          "scale": 0.75
        },
        "barrel": {
          "yOffset": 4.5,
          "zOffset": -5.3,
          "scale": 0.40
        },


        "stock": {
          "yOffset": 3.806,
          "zOffset": 10.0
        }
      }
    }}