{
  "general": {
    "rate": 20,
    "gripType": "cgm:one_handed",
    "maxAmmo": 1,
    "recoilAngle": 5.0,
    "recoilKick": 1.0,
    "recoilDurationOffset": 0.25
  },
  "projectile": {
    "item": "cgm:grenade",
    "visible": true,
    "damage": 15.0,
    "size": 0.2,
    "speed": 1.5,
    "life": 50,
    "gravity": true
  },
  "sounds": {
    "fire": "cgm:item.grenade_launcher.fire",
    "reload": "cgm:item.pistol.reload"
  },
  "display": {
    "flash": {
      "yOffset": 3.5,
      "zOffset": -3.8,
      "size": 0.75
    }
  },
  "modules": {
    "zoom": {
      "yOffset": 5.7,
      "zOffset": 3.0,
      "fovModifier": 0.6
    },
    "attachments": {
      "scope": {
        "yOffset": 4.4,
        "zOffset": 5.7
      },
      "stock": {
        "yOffset": 3.5,
        "zOffset": 10.2
      }
    }
  }
}