{
	"credit": "Made with Blockbench",
	"texture_size": [
		64,
		64
	],
	"textures": {
		"0": "scguns_laf:item/alfonz_gun",
		"1": "scguns_laf:item/animated_alfonz_texture",
		"particle": "scguns_laf:item/alfonz_gun"
	},
	"elements": [
		{
			"from": [
				6.877,
				-0.9889,
				19.2159
			],
			"to": [
				9.123,
				3.2395,
				21.2619
			],
			"rotation": {
				"angle": -45,
				"axis": "x",
				"origin": [
					8,
					1.023,
					19.591
				]
			},
			"faces": {
				"north": {
					"uv": [
						3,
						1.5,
						3.5,
						2.5
					],
					"texture": "#0"
				},
				"east": {
					"uv": [
						3.75,
						4,
						4.25,
						5
					],
					"texture": "#0"
				},
				"south": {
					"uv": [
						7.5,
						3,
						8,
						4
					],
					"texture": "#0"
				},
				"west": {
					"uv": [
						6.5,
						7.75,
						7,
						8.75
					],
					"texture": "#0"
				},
				"up": {
					"uv": [
						3.5,
						4.25,
						3,
						3.75
					],
					"texture": "#0"
				},
				"down": {
					"uv": [
						4.5,
						3.25,
						4,
						3.75
					],
					"texture": "#0"
				}
			}
		},
		{
			"from": [
				7.0248,
				-1.3981,
				19.6592
			],
			"to": [
				8.9752,
				-0.7161,
				21.1255
			],
			"rotation": {
				"angle": -45,
				"axis": "x",
				"origin": [
					8,
					1.023,
					19.591
				]
			},
			"faces": {
				"north": {
					"uv": [
						9.25,
						1,
						9.75,
						1.125
					],
					"texture": "#0"
				},
				"east": {
					"uv": [
						11.75,
						10.5,
						12.125,
						10.625
					],
					"texture": "#0"
				},
				"south": {
					"uv": [
						4.5,
						9.5,
						5,
						9.625
					],
					"texture": "#0"
				},
				"west": {
					"uv": [
						12,
						5.25,
						12.375,
						5.375
					],
					"texture": "#0"
				},
				"up": {
					"uv": [
						13.75,
						4.375,
						13.25,
						4
					],
					"texture": "#0"
				},
				"down": {
					"uv": [
						9.5,
						13.25,
						9,
						13.625
					],
					"texture": "#0"
				}
			}
		},
		{
			"from": [
				6.377,
				2.046,
				8.8752
			],
			"to": [
				9.623,
				4.9784,
				16.6132
			],
			"rotation": {
				"angle": 0,
				"axis": "y",
				"origin": [
					8,
					0.7502,
					19.591
				]
			},
			"faces": {
				"north": {
					"uv": [
						4.25,
						2,
						5,
						2.75
					],
					"texture": "#0"
				},
				"east": {
					"uv": [
						9.25,
						1.5,
						11.125,
						2.25
					],
					"texture": "#0"
				},
				"south": {
					"uv": [
						4.75,
						10.5,
						5.5,
						11.25
					],
					"texture": "#0"
				},
				"west": {
					"uv": [
						11.75,
						1,
						13.625,
						1.75
					],
					"texture": "#0"
				},
				"up": {
					"uv": [
						5,
						1.875,
						4.25,
						0
					],
					"texture": "#0"
				},
				"down": {
					"uv": [
						8.25,
						1,
						7.5,
						2.875
					],
					"texture": "#0"
				}
			}
		},
		{
			"from": [
				7.6954,
				1.0912,
				17.0676
			],
			"to": [
				8.3046,
				2.5916,
				17.6132
			],
			"rotation": {
				"angle": 0,
				"axis": "y",
				"origin": [
					8,
					1.4322,
					17.4768
				]
			},
			"faces": {
				"north": {
					"uv": [
						3.75,
						14,
						3.875,
						14.375
					],
					"texture": "#0"
				},
				"east": {
					"uv": [
						4,
						14,
						4.125,
						14.375
					],
					"texture": "#0"
				},
				"south": {
					"uv": [
						14,
						4,
						14.125,
						4.375
					],
					"texture": "#0"
				},
				"west": {
					"uv": [
						4.25,
						14,
						4.375,
						14.375
					],
					"texture": "#0"
				},
				"up": {
					"uv": [
						14.375,
						4.625,
						14.25,
						4.5
					],
					"texture": "#0"
				},
				"down": {
					"uv": [
						4.875,
						14.25,
						4.75,
						14.375
					],
					"texture": "#0"
				}
			}
		},
		{
			"from": [
				7.309,
				1.364,
				15.9764
			],
			"to": [
				8.691,
				3.069,
				16.522
			],
			"rotation": {
				"angle": -22.5,
				"axis": "x",
				"origin": [
					8,
					1.705,
					17.7496
				]
			},
			"faces": {
				"north": {
					"uv": [
						4.5,
						6,
						4.875,
						6.375
					],
					"texture": "#1"
				},
				"east": {
					"uv": [
						4.25,
						6.5,
						4.375,
						6.875
					],
					"texture": "#1"
				},
				"south": {
					"uv": [
						5,
						6,
						5.375,
						6.375
					],
					"texture": "#1"
				},
				"west": {
					"uv": [
						4.5,
						6.5,
						4.625,
						6.875
					],
					"texture": "#1"
				},
				"up": {
					"uv": [
						6.875,
						4.625,
						6.5,
						4.5
					],
					"texture": "#1"
				},
				"down": {
					"uv": [
						5.125,
						6.5,
						4.75,
						6.625
					],
					"texture": "#1"
				}
			}
		},
		{
			"from": [
				7.4454,
				1.7391,
				9.2894
			],
			"to": [
				8.5546,
				2.1142,
				16.0446
			],
			"rotation": {
				"angle": 0,
				"axis": "y",
				"origin": [
					8,
					1.705,
					17.7496
				]
			},
			"faces": {
				"north": {
					"uv": [
						6.75,
						3.5,
						7,
						3.625
					],
					"texture": "#1"
				},
				"east": {
					"uv": [
						5.75,
						5,
						7.5,
						5.125
					],
					"texture": "#1"
				},
				"south": {
					"uv": [
						6.75,
						3.75,
						7,
						3.875
					],
					"texture": "#1"
				},
				"west": {
					"uv": [
						5.75,
						5.25,
						7.5,
						5.375
					],
					"texture": "#1"
				},
				"up": {
					"uv": [
						1,
						6.75,
						0.75,
						5
					],
					"texture": "#1"
				},
				"down": {
					"uv": [
						1.25,
						5,
						1,
						6.75
					],
					"texture": "#1"
				}
			}
		},
		{
			"from": [
				7.559,
				0.5797,
				16.7607
			],
			"to": [
				8.441,
				1.0571,
				18.6703
			],
			"rotation": {
				"angle": -22.5,
				"axis": "x",
				"origin": [
					8,
					1.705,
					17.7496
				]
			},
			"faces": {
				"north": {
					"uv": [
						6.75,
						0.75,
						7,
						0.875
					],
					"texture": "#1"
				},
				"east": {
					"uv": [
						6.5,
						0.25,
						7,
						0.375
					],
					"texture": "#1"
				},
				"south": {
					"uv": [
						1,
						6.75,
						1.25,
						6.875
					],
					"texture": "#1"
				},
				"west": {
					"uv": [
						6.5,
						2,
						7,
						2.125
					],
					"texture": "#1"
				},
				"up": {
					"uv": [
						1.5,
						5.5,
						1.25,
						5
					],
					"texture": "#1"
				},
				"down": {
					"uv": [
						6.5,
						0,
						6.25,
						0.5
					],
					"texture": "#1"
				}
			}
		},
		{
			"from": [
				7.57264,
				0.81649,
				16.56383
			],
			"to": [
				8.42736,
				1.25979,
				17.72323
			],
			"rotation": {
				"angle": 22.5,
				"axis": "x",
				"origin": [
					8,
					1.63489,
					16.15463
				]
			},
			"faces": {
				"north": {
					"uv": [
						6.75,
						1,
						7,
						1.125
					],
					"texture": "#1"
				},
				"east": {
					"uv": [
						6.75,
						1.25,
						7,
						1.375
					],
					"texture": "#1"
				},
				"south": {
					"uv": [
						6.75,
						1.5,
						7,
						1.625
					],
					"texture": "#1"
				},
				"west": {
					"uv": [
						6.75,
						1.75,
						7,
						1.875
					],
					"texture": "#1"
				},
				"up": {
					"uv": [
						5,
						4,
						4.75,
						3.75
					],
					"texture": "#1"
				},
				"down": {
					"uv": [
						5.75,
						3.5,
						5.5,
						3.75
					],
					"texture": "#1"
				}
			}
		},
		{
			"from": [
				7.8318,
				1.6368,
				17.204
			],
			"to": [
				8.1682,
				2.046,
				18.568
			],
			"rotation": {
				"angle": 0,
				"axis": "y",
				"origin": [
					8,
					1.4322,
					17.4768
				]
			},
			"faces": {
				"north": {
					"uv": [
						14.25,
						4.75,
						14.375,
						4.875
					],
					"texture": "#0"
				},
				"east": {
					"uv": [
						14,
						5.5,
						14.375,
						5.625
					],
					"texture": "#0"
				},
				"south": {
					"uv": [
						5,
						14.25,
						5.125,
						14.375
					],
					"texture": "#0"
				},
				"west": {
					"uv": [
						5.75,
						14,
						6.125,
						14.125
					],
					"texture": "#0"
				},
				"up": {
					"uv": [
						14.125,
						6.125,
						14,
						5.75
					],
					"texture": "#0"
				},
				"down": {
					"uv": [
						6.375,
						14,
						6.25,
						14.375
					],
					"texture": "#0"
				}
			}
		},
		{
			"from": [
				6.5134,
				2.3188,
				0.5824
			],
			"to": [
				9.4866,
				4.7784,
				18.0252
			],
			"rotation": {
				"angle": 0,
				"axis": "y",
				"origin": [
					8,
					0.7502,
					19.591
				]
			},
			"faces": {
				"north": {
					"uv": [
						10.5,
						4.75,
						11.25,
						5.375
					],
					"texture": "#0"
				},
				"east": {
					"uv": [
						7.5,
						0.25,
						11.875,
						0.875
					],
					"texture": "#0"
				},
				"south": {
					"uv": [
						12.25,
						10.5,
						13,
						11.125
					],
					"texture": "#0"
				},
				"west": {
					"uv": [
						3.75,
						9.75,
						8.125,
						10.375
					],
					"texture": "#0"
				},
				"up": {
					"uv": [
						9.25,
						9.625,
						8.5,
						5.25
					],
					"texture": "#0"
				},
				"down": {
					"uv": [
						0.75,
						11.25,
						0,
						15.625
					],
					"texture": "#0"
				}
			}
		},
		{
			"from": [
				6.5134,
				4.1784,
				8.8316
			],
			"to": [
				9.4866,
				6.556,
				15.158
			],
			"rotation": {
				"angle": 0,
				"axis": "y",
				"origin": [
					8,
					0.7502,
					19.591
				]
			},
			"faces": {
				"north": {
					"uv": [
						4.75,
						3,
						5.5,
						3.625
					],
					"texture": "#1"
				},
				"east": {
					"uv": [
						3.5,
						0,
						5.125,
						0.625
					],
					"texture": "#1"
				},
				"south": {
					"uv": [
						0,
						5,
						0.75,
						5.625
					],
					"texture": "#1"
				},
				"west": {
					"uv": [
						3.5,
						0.75,
						5.125,
						1.375
					],
					"texture": "#1"
				},
				"up": {
					"uv": [
						3.25,
						4.625,
						2.5,
						3
					],
					"texture": "#1"
				},
				"down": {
					"uv": [
						4,
						3,
						3.25,
						4.625
					],
					"texture": "#1"
				}
			}
		},
		{
			"from": [
				6.627,
				4.1784,
				15.158
			],
			"to": [
				9.373,
				6.3424,
				17.6132
			],
			"rotation": {
				"angle": 0,
				"axis": "y",
				"origin": [
					8,
					0.7502,
					19.591
				]
			},
			"faces": {
				"north": {
					"uv": [
						5,
						5.25,
						5.625,
						5.75
					],
					"texture": "#1"
				},
				"east": {
					"uv": [
						1.25,
						5.5,
						1.875,
						6
					],
					"texture": "#1"
				},
				"south": {
					"uv": [
						5.5,
						3,
						6.125,
						3.5
					],
					"texture": "#1"
				},
				"west": {
					"uv": [
						4,
						5.5,
						4.625,
						6
					],
					"texture": "#1"
				},
				"up": {
					"uv": [
						5.625,
						4.375,
						5,
						3.75
					],
					"texture": "#1"
				},
				"down": {
					"uv": [
						5.625,
						4.5,
						5,
						5.125
					],
					"texture": "#1"
				}
			}
		},
		{
			"from": [
				6.6498,
				3.5442,
				-0.062
			],
			"to": [
				9.3502,
				6.2696,
				14.012
			],
			"rotation": {
				"angle": 0,
				"axis": "y",
				"origin": [
					8,
					0.7502,
					19.591
				]
			},
			"faces": {
				"north": {
					"uv": [
						5.25,
						0,
						5.875,
						0.625
					],
					"texture": "#1"
				},
				"east": {
					"uv": [
						0,
						0,
						3.5,
						0.625
					],
					"texture": "#1"
				},
				"south": {
					"uv": [
						5.25,
						0.75,
						5.875,
						1.375
					],
					"texture": "#1"
				},
				"west": {
					"uv": [
						0,
						0.75,
						3.5,
						1.375
					],
					"texture": "#1"
				},
				"up": {
					"uv": [
						0.625,
						5,
						0,
						1.5
					],
					"texture": "#1"
				},
				"down": {
					"uv": [
						1.375,
						1.5,
						0.75,
						5
					],
					"texture": "#1"
				}
			}
		},
		{
			"from": [
				7.4498,
				2.6442,
				-0.012
			],
			"to": [
				8.5502,
				3.5696,
				1.512
			],
			"rotation": {
				"angle": 0,
				"axis": "y",
				"origin": [
					8,
					0.7502,
					19.591
				]
			},
			"faces": {
				"north": {
					"uv": [
						3.5,
						7,
						3.75,
						7.25
					],
					"texture": "#1"
				},
				"east": {
					"uv": [
						7,
						2.75,
						7.375,
						3
					],
					"texture": "#1"
				},
				"south": {
					"uv": [
						3.75,
						7,
						4,
						7.25
					],
					"texture": "#1"
				},
				"west": {
					"uv": [
						7,
						3,
						7.375,
						3.25
					],
					"texture": "#1"
				},
				"up": {
					"uv": [
						3.5,
						7.375,
						3.25,
						7
					],
					"texture": "#1"
				},
				"down": {
					"uv": [
						7.25,
						3.25,
						7,
						3.625
					],
					"texture": "#1"
				}
			}
		},
		{
			"from": [
				3.9498,
				4.0442,
				9.638
			],
			"to": [
				6.5002,
				6.8196,
				10.412
			],
			"rotation": {
				"angle": 0,
				"axis": "y",
				"origin": [
					8,
					0.7502,
					19.591
				]
			},
			"faces": {
				"north": {
					"uv": [
						12.5,
						5.25,
						13.125,
						6
					],
					"texture": "#0"
				},
				"east": {
					"uv": [
						9.75,
						2.75,
						10,
						3.5
					],
					"texture": "#0"
				},
				"south": {
					"uv": [
						12.5,
						6,
						13.125,
						6.75
					],
					"texture": "#0"
				},
				"west": {
					"uv": [
						9.5,
						13.25,
						9.75,
						14
					],
					"texture": "#0"
				},
				"up": {
					"uv": [
						8.875,
						3,
						8.25,
						2.75
					],
					"texture": "#0"
				},
				"down": {
					"uv": [
						1.125,
						8.75,
						0.5,
						9
					],
					"texture": "#0"
				}
			}
		},
		{
			"from": [
				3.0498,
				5.3442,
				15.338
			],
			"to": [
				4.0252,
				6.4196,
				15.812
			],
			"rotation": {
				"angle": 0,
				"axis": "y",
				"origin": [
					8,
					0.7502,
					19.591
				]
			},
			"faces": {
				"north": {
					"uv": [
						3.5,
						4,
						3.75,
						4.25
					],
					"texture": "#0"
				},
				"east": {
					"uv": [
						14.25,
						2.75,
						14.375,
						3
					],
					"texture": "#0"
				},
				"south": {
					"uv": [
						0.75,
						4.25,
						1,
						4.5
					],
					"texture": "#0"
				},
				"west": {
					"uv": [
						14.25,
						3,
						14.375,
						3.25
					],
					"texture": "#0"
				},
				"up": {
					"uv": [
						14.5,
						3.375,
						14.25,
						3.25
					],
					"texture": "#0"
				},
				"down": {
					"uv": [
						14.5,
						3.5,
						14.25,
						3.625
					],
					"texture": "#0"
				}
			}
		},
		{
			"from": [
				2.9498,
				5.5442,
				15.438
			],
			"to": [
				4.3252,
				6.2196,
				15.712
			],
			"rotation": {
				"angle": 0,
				"axis": "y",
				"origin": [
					8,
					0.7502,
					19.591
				]
			},
			"faces": {
				"north": {
					"uv": [
						14,
						11.25,
						14.375,
						11.375
					],
					"texture": "#0"
				},
				"east": {
					"uv": [
						2,
						14.5,
						2.125,
						14.625
					],
					"texture": "#0"
				},
				"south": {
					"uv": [
						12.25,
						14,
						12.625,
						14.125
					],
					"texture": "#0"
				},
				"west": {
					"uv": [
						2.25,
						14.5,
						2.375,
						14.625
					],
					"texture": "#0"
				},
				"up": {
					"uv": [
						14.375,
						12.875,
						14,
						12.75
					],
					"texture": "#0"
				},
				"down": {
					"uv": [
						14.375,
						13,
						14,
						13.125
					],
					"texture": "#0"
				}
			}
		},
		{
			"from": [
				3.9498,
				4.0442,
				1.138
			],
			"to": [
				6.5002,
				6.8196,
				1.912
			],
			"rotation": {
				"angle": 0,
				"axis": "y",
				"origin": [
					8,
					0.7502,
					19.591
				]
			},
			"faces": {
				"north": {
					"uv": [
						12.5,
						6.75,
						13.125,
						7.5
					],
					"texture": "#0"
				},
				"east": {
					"uv": [
						13.5,
						4.5,
						13.75,
						5.25
					],
					"texture": "#0"
				},
				"south": {
					"uv": [
						12.5,
						7.5,
						13.125,
						8.25
					],
					"texture": "#0"
				},
				"west": {
					"uv": [
						5.25,
						13.5,
						5.5,
						14.25
					],
					"texture": "#0"
				},
				"up": {
					"uv": [
						3.125,
						9.5,
						2.5,
						9.25
					],
					"texture": "#0"
				},
				"down": {
					"uv": [
						12.375,
						9.5,
						11.75,
						9.75
					],
					"texture": "#0"
				}
			}
		},
		{
			"from": [
				5.8498,
				2.8442,
				1.213
			],
			"to": [
				6.5002,
				5.0196,
				1.837
			],
			"rotation": {
				"angle": 0,
				"axis": "y",
				"origin": [
					8,
					0.7502,
					19.591
				]
			},
			"faces": {
				"north": {
					"uv": [
						2.75,
						6.5,
						2.875,
						7
					],
					"texture": "#1"
				},
				"east": {
					"uv": [
						3,
						6.5,
						3.125,
						7
					],
					"texture": "#1"
				},
				"south": {
					"uv": [
						3.25,
						6.5,
						3.375,
						7
					],
					"texture": "#1"
				},
				"west": {
					"uv": [
						3.5,
						6.5,
						3.625,
						7
					],
					"texture": "#1"
				},
				"up": {
					"uv": [
						0.625,
						7.125,
						0.5,
						7
					],
					"texture": "#1"
				},
				"down": {
					"uv": [
						7.125,
						0.5,
						7,
						0.625
					],
					"texture": "#1"
				}
			}
		},
		{
			"from": [
				5.8498,
				2.8442,
				9.713
			],
			"to": [
				6.5002,
				5.0196,
				10.337
			],
			"rotation": {
				"angle": 0,
				"axis": "y",
				"origin": [
					8,
					0.7502,
					19.591
				]
			},
			"faces": {
				"north": {
					"uv": [
						1.25,
						6.5,
						1.375,
						7
					],
					"texture": "#1"
				},
				"east": {
					"uv": [
						1.5,
						6.5,
						1.625,
						7
					],
					"texture": "#1"
				},
				"south": {
					"uv": [
						6.5,
						1.5,
						6.625,
						2
					],
					"texture": "#1"
				},
				"west": {
					"uv": [
						2.5,
						6.5,
						2.625,
						7
					],
					"texture": "#1"
				},
				"up": {
					"uv": [
						0.375,
						7.125,
						0.25,
						7
					],
					"texture": "#1"
				},
				"down": {
					"uv": [
						7.125,
						0.25,
						7,
						0.375
					],
					"texture": "#1"
				}
			}
		},
		{
			"from": [
				6.0748,
				3.1442,
				0.713
			],
			"to": [
				6.5002,
				3.7196,
				2.337
			],
			"rotation": {
				"angle": 0,
				"axis": "y",
				"origin": [
					8,
					0.7502,
					19.591
				]
			},
			"faces": {
				"north": {
					"uv": [
						14.5,
						1.25,
						14.625,
						1.375
					],
					"texture": "#0"
				},
				"east": {
					"uv": [
						9.5,
						14,
						9.875,
						14.125
					],
					"texture": "#0"
				},
				"south": {
					"uv": [
						1.75,
						14.5,
						1.875,
						14.625
					],
					"texture": "#0"
				},
				"west": {
					"uv": [
						10,
						14,
						10.375,
						14.125
					],
					"texture": "#0"
				},
				"up": {
					"uv": [
						10.625,
						14.375,
						10.5,
						14
					],
					"texture": "#0"
				},
				"down": {
					"uv": [
						14.125,
						10.75,
						14,
						11.125
					],
					"texture": "#0"
				}
			}
		},
		{
			"from": [
				6.0748,
				3.1442,
				9.213
			],
			"to": [
				6.5002,
				3.7196,
				10.837
			],
			"rotation": {
				"angle": 0,
				"axis": "y",
				"origin": [
					8,
					0.7502,
					19.591
				]
			},
			"faces": {
				"north": {
					"uv": [
						14.5,
						0.75,
						14.625,
						0.875
					],
					"texture": "#0"
				},
				"east": {
					"uv": [
						7.5,
						14,
						7.875,
						14.125
					],
					"texture": "#0"
				},
				"south": {
					"uv": [
						14.5,
						1,
						14.625,
						1.125
					],
					"texture": "#0"
				},
				"west": {
					"uv": [
						14,
						7.75,
						14.375,
						7.875
					],
					"texture": "#0"
				},
				"up": {
					"uv": [
						14.125,
						8.375,
						14,
						8
					],
					"texture": "#0"
				},
				"down": {
					"uv": [
						14.125,
						8.5,
						14,
						8.875
					],
					"texture": "#0"
				}
			}
		},
		{
			"from": [
				4.1998,
				4.2942,
				0.638
			],
			"to": [
				6.4002,
				6.5696,
				10.337
			],
			"rotation": {
				"angle": 0,
				"axis": "y",
				"origin": [
					8,
					0.7502,
					19.591
				]
			},
			"faces": {
				"north": {
					"uv": [
						2,
						5.5,
						2.5,
						6.125
					],
					"texture": "#1"
				},
				"east": {
					"uv": [
						1.5,
						1.5,
						4,
						2.125
					],
					"texture": "#1"
				},
				"south": {
					"uv": [
						5.75,
						4,
						6.25,
						4.625
					],
					"texture": "#1"
				},
				"west": {
					"uv": [
						1.5,
						2.25,
						4,
						2.875
					],
					"texture": "#1"
				},
				"up": {
					"uv": [
						2,
						5.5,
						1.5,
						3
					],
					"texture": "#1"
				},
				"down": {
					"uv": [
						2.5,
						3,
						2,
						5.5
					],
					"texture": "#1"
				}
			}
		},
		{
			"from": [
				4.0384,
				4.9284,
				10.4316
			],
			"to": [
				6.5116,
				6.856,
				15.358
			],
			"rotation": {
				"angle": 0,
				"axis": "y",
				"origin": [
					8,
					0.7502,
					19.591
				]
			},
			"faces": {
				"north": {
					"uv": [
						0,
						5.75,
						0.625,
						6.25
					],
					"texture": "#1"
				},
				"east": {
					"uv": [
						4.75,
						1.5,
						6,
						2
					],
					"texture": "#1"
				},
				"south": {
					"uv": [
						5.75,
						3.5,
						6.375,
						4
					],
					"texture": "#1"
				},
				"west": {
					"uv": [
						4.75,
						2,
						6,
						2.5
					],
					"texture": "#1"
				},
				"up": {
					"uv": [
						4.625,
						2.75,
						4,
						1.5
					],
					"texture": "#1"
				},
				"down": {
					"uv": [
						4.625,
						2.75,
						4,
						4
					],
					"texture": "#1"
				}
			}
		},
		{
			"from": [
				4.0384,
				4.9284,
				15.8066
			],
			"to": [
				6.5116,
				6.856,
				16.433
			],
			"rotation": {
				"angle": 0,
				"axis": "y",
				"origin": [
					8,
					0.7502,
					19.591
				]
			},
			"faces": {
				"north": {
					"uv": [
						12,
						1.75,
						12.625,
						2.25
					],
					"texture": "#0"
				},
				"east": {
					"uv": [
						14,
						3.25,
						14.125,
						3.75
					],
					"texture": "#0"
				},
				"south": {
					"uv": [
						12,
						4,
						12.625,
						4.5
					],
					"texture": "#0"
				},
				"west": {
					"uv": [
						3.5,
						14,
						3.625,
						14.5
					],
					"texture": "#0"
				},
				"up": {
					"uv": [
						14.625,
						0.125,
						14,
						0
					],
					"texture": "#0"
				},
				"down": {
					"uv": [
						14.625,
						0.25,
						14,
						0.375
					],
					"texture": "#0"
				}
			}
		},
		{
			"from": [
				4.2384,
				5.0284,
				15.3566
			],
			"to": [
				6.4116,
				6.756,
				16.708
			],
			"rotation": {
				"angle": 0,
				"axis": "y",
				"origin": [
					8,
					0.7502,
					19.591
				]
			},
			"faces": {
				"north": {
					"uv": [
						6,
						1.25,
						6.5,
						1.625
					],
					"texture": "#1"
				},
				"east": {
					"uv": [
						3.5,
						6,
						3.875,
						6.375
					],
					"texture": "#1"
				},
				"south": {
					"uv": [
						6,
						1.75,
						6.5,
						2.125
					],
					"texture": "#1"
				},
				"west": {
					"uv": [
						4,
						6,
						4.375,
						6.375
					],
					"texture": "#1"
				},
				"up": {
					"uv": [
						3,
						6.375,
						2.5,
						6
					],
					"texture": "#1"
				},
				"down": {
					"uv": [
						3.5,
						6,
						3,
						6.375
					],
					"texture": "#1"
				}
			}
		},
		{
			"from": [
				4.6384,
				3.4284,
				10.4316
			],
			"to": [
				6.5116,
				4.956,
				16.058
			],
			"rotation": {
				"angle": 0,
				"axis": "y",
				"origin": [
					8,
					0.7502,
					19.591
				]
			},
			"faces": {
				"north": {
					"uv": [
						6,
						0.75,
						6.5,
						1.125
					],
					"texture": "#1"
				},
				"east": {
					"uv": [
						2.5,
						4.75,
						3.875,
						5.125
					],
					"texture": "#1"
				},
				"south": {
					"uv": [
						1.25,
						6,
						1.75,
						6.375
					],
					"texture": "#1"
				},
				"west": {
					"uv": [
						4.75,
						2.5,
						6.125,
						2.875
					],
					"texture": "#1"
				},
				"up": {
					"uv": [
						4.5,
						5.375,
						4,
						4
					],
					"texture": "#1"
				},
				"down": {
					"uv": [
						5,
						4,
						4.5,
						5.375
					],
					"texture": "#1"
				}
			}
		},
		{
			"from": [
				4.9384,
				3.2284,
				10.6316
			],
			"to": [
				6.2116,
				3.656,
				15.858
			],
			"rotation": {
				"angle": 0,
				"axis": "y",
				"origin": [
					8,
					0.7502,
					19.591
				]
			},
			"faces": {
				"north": {
					"uv": [
						7,
						2.5,
						7.375,
						2.625
					],
					"texture": "#1"
				},
				"east": {
					"uv": [
						1.5,
						7,
						2.75,
						7.125
					],
					"texture": "#1"
				},
				"south": {
					"uv": [
						2.75,
						7,
						3.125,
						7.125
					],
					"texture": "#1"
				},
				"west": {
					"uv": [
						7,
						2.25,
						8.25,
						2.375
					],
					"texture": "#1"
				},
				"up": {
					"uv": [
						1.375,
						8.25,
						1,
						7
					],
					"texture": "#1"
				},
				"down": {
					"uv": [
						7.375,
						1,
						7,
						2.25
					],
					"texture": "#1"
				}
			}
		},
		{
			"from": [
				6.4328,
				2.1322,
				8.289
			],
			"to": [
				9.5672,
				6.4436,
				8.909
			],
			"rotation": {
				"angle": 0,
				"axis": "y",
				"origin": [
					8,
					0.7502,
					19.591
				]
			},
			"faces": {
				"north": {
					"uv": [
						0,
						1,
						0.75,
						2.125
					],
					"texture": "#0"
				},
				"east": {
					"uv": [
						5.5,
						13.5,
						5.625,
						14.625
					],
					"texture": "#0"
				},
				"south": {
					"uv": [
						0,
						3.25,
						0.75,
						4.375
					],
					"texture": "#0"
				},
				"west": {
					"uv": [
						12.75,
						13.5,
						12.875,
						14.625
					],
					"texture": "#0"
				},
				"up": {
					"uv": [
						14.5,
						11.625,
						13.75,
						11.5
					],
					"texture": "#0"
				},
				"down": {
					"uv": [
						14.5,
						11.75,
						13.75,
						11.875
					],
					"texture": "#0"
				}
			}
		},
		{
			"from": [
				6.4328,
				2.2322,
				0.239
			],
			"to": [
				9.5672,
				6.4186,
				0.859
			],
			"rotation": {
				"angle": 0,
				"axis": "y",
				"origin": [
					8,
					0.7502,
					19.591
				]
			},
			"faces": {
				"north": {
					"uv": [
						7.5,
						11.75,
						8.25,
						12.75
					],
					"texture": "#0"
				},
				"east": {
					"uv": [
						7,
						13.75,
						7.125,
						14.75
					],
					"texture": "#0"
				},
				"south": {
					"uv": [
						11.75,
						8,
						12.5,
						9
					],
					"texture": "#0"
				},
				"west": {
					"uv": [
						13.75,
						7,
						13.875,
						8
					],
					"texture": "#0"
				},
				"up": {
					"uv": [
						14.5,
						12.125,
						13.75,
						12
					],
					"texture": "#0"
				},
				"down": {
					"uv": [
						14.5,
						12.25,
						13.75,
						12.375
					],
					"texture": "#0"
				}
			}
		},
		{
			"from": [
				6.86,
				3.77325,
				-0.5525
			],
			"to": [
				9.14,
				6.2195,
				-0.03
			],
			"rotation": {
				"angle": 0,
				"axis": "y",
				"origin": [
					8,
					0.57475,
					18.69875
				]
			},
			"faces": {
				"north": {
					"uv": [
						2.5,
						5.25,
						3.125,
						5.875
					],
					"texture": "#1"
				},
				"east": {
					"uv": [
						6.25,
						5.75,
						6.375,
						6.375
					],
					"texture": "#1"
				},
				"south": {
					"uv": [
						3.25,
						5.25,
						3.875,
						5.875
					],
					"texture": "#1"
				},
				"west": {
					"uv": [
						6.5,
						0.75,
						6.625,
						1.375
					],
					"texture": "#1"
				},
				"up": {
					"uv": [
						6.875,
						3.375,
						6.25,
						3.25
					],
					"texture": "#1"
				},
				"down": {
					"uv": [
						7.125,
						0,
						6.5,
						0.125
					],
					"texture": "#1"
				}
			}
		},
		{
			"from": [
				6.8998,
				3.8192,
				17.3404
			],
			"to": [
				9.1002,
				5.3196,
				18.1588
			],
			"rotation": {
				"angle": 0,
				"axis": "y",
				"origin": [
					8,
					0.7502,
					19.591
				]
			},
			"faces": {
				"north": {
					"uv": [
						13.25,
						9.25,
						13.75,
						9.625
					],
					"texture": "#0"
				},
				"east": {
					"uv": [
						3.5,
						2.75,
						3.75,
						3.125
					],
					"texture": "#0"
				},
				"south": {
					"uv": [
						13.25,
						9.75,
						13.75,
						10.125
					],
					"texture": "#0"
				},
				"west": {
					"uv": [
						3.75,
						2.25,
						4,
						2.625
					],
					"texture": "#0"
				},
				"up": {
					"uv": [
						2.5,
						2.5,
						2,
						2.25
					],
					"texture": "#0"
				},
				"down": {
					"uv": [
						4.25,
						1,
						3.75,
						1.25
					],
					"texture": "#0"
				}
			}
		},
		{
			"from": [
				7.4226,
				3.2736,
				17.8519
			],
			"to": [
				8.5774,
				4.5012,
				19.1477
			],
			"rotation": {
				"angle": 45,
				"axis": "x",
				"origin": [
					8,
					4.433,
					18.568
				]
			},
			"faces": {
				"north": {
					"uv": [
						2.75,
						3.75,
						3,
						4
					],
					"texture": "#0"
				},
				"east": {
					"uv": [
						0.75,
						4,
						1.125,
						4.25
					],
					"texture": "#0"
				},
				"south": {
					"uv": [
						4,
						2.5,
						4.25,
						2.75
					],
					"texture": "#0"
				},
				"west": {
					"uv": [
						4.5,
						3.25,
						4.875,
						3.5
					],
					"texture": "#0"
				},
				"up": {
					"uv": [
						6,
						4.875,
						5.75,
						4.5
					],
					"texture": "#0"
				},
				"down": {
					"uv": [
						8.5,
						5.25,
						8.25,
						5.625
					],
					"texture": "#0"
				}
			}
		},
		{
			"from": [
				9.5094,
				3.7286,
				16.9166
			],
			"to": [
				9.9822,
				6.3854,
				17.4746
			],
			"rotation": {
				"angle": 45,
				"axis": "x",
				"origin": [
					8.45,
					5.5944,
					18.1566
				]
			},
			"faces": {
				"north": {
					"uv": [
						2,
						6.25,
						2.125,
						6.875
					],
					"texture": "#1"
				},
				"east": {
					"uv": [
						2.25,
						6.25,
						2.375,
						6.875
					],
					"texture": "#1"
				},
				"south": {
					"uv": [
						6.25,
						4,
						6.375,
						4.625
					],
					"texture": "#1"
				},
				"west": {
					"uv": [
						5.75,
						6.25,
						5.875,
						6.875
					],
					"texture": "#1"
				},
				"up": {
					"uv": [
						5.125,
						6.875,
						5,
						6.75
					],
					"texture": "#1"
				},
				"down": {
					"uv": [
						5.375,
						6.75,
						5.25,
						6.875
					],
					"texture": "#1"
				}
			}
		},
		{
			"from": [
				9.373,
				5.30021,
				12.83346
			],
			"to": [
				10.0163,
				5.98221,
				16.75666
			],
			"rotation": {
				"angle": 0,
				"axis": "y",
				"origin": [
					9.7458,
					4.82281,
					15.93826
				]
			},
			"faces": {
				"north": {
					"uv": [
						6.75,
						4,
						6.875,
						4.125
					],
					"texture": "#1"
				},
				"east": {
					"uv": [
						6,
						2.25,
						7,
						2.375
					],
					"texture": "#1"
				},
				"south": {
					"uv": [
						6.75,
						4.25,
						6.875,
						4.375
					],
					"texture": "#1"
				},
				"west": {
					"uv": [
						6,
						5.5,
						7,
						5.625
					],
					"texture": "#1"
				},
				"up": {
					"uv": [
						1.875,
						7,
						1.75,
						6
					],
					"texture": "#1"
				},
				"down": {
					"uv": [
						5.625,
						6,
						5.5,
						7
					],
					"texture": "#1"
				}
			}
		},
		{
			"from": [
				9.4071,
				5.78221,
				13.10626
			],
			"to": [
				10.4255,
				6.11861,
				16.34746
			],
			"rotation": {
				"angle": 0,
				"axis": "y",
				"origin": [
					9.7458,
					4.82281,
					15.93826
				]
			},
			"faces": {
				"north": {
					"uv": [
						6.5,
						5.75,
						6.75,
						5.875
					],
					"texture": "#1"
				},
				"east": {
					"uv": [
						6.25,
						2.75,
						7,
						2.875
					],
					"texture": "#1"
				},
				"south": {
					"uv": [
						6.5,
						6,
						6.75,
						6.125
					],
					"texture": "#1"
				},
				"west": {
					"uv": [
						6.25,
						3,
						7,
						3.125
					],
					"texture": "#1"
				},
				"up": {
					"uv": [
						6,
						6.25,
						5.75,
						5.5
					],
					"texture": "#1"
				},
				"down": {
					"uv": [
						6.25,
						0,
						6,
						0.75
					],
					"texture": "#1"
				}
			}
		},
		{
			"from": [
				9.373,
				4.34541,
				12.96986
			],
			"to": [
				9.914,
				5.43661,
				16.75666
			],
			"rotation": {
				"angle": 0,
				"axis": "y",
				"origin": [
					9.7458,
					4.82281,
					15.93826
				]
			},
			"faces": {
				"north": {
					"uv": [
						4.75,
						5.5,
						4.875,
						5.75
					],
					"texture": "#1"
				},
				"east": {
					"uv": [
						4.75,
						5.75,
						5.75,
						6
					],
					"texture": "#1"
				},
				"south": {
					"uv": [
						5.25,
						6.5,
						5.375,
						6.75
					],
					"texture": "#1"
				},
				"west": {
					"uv": [
						5.75,
						4.75,
						6.75,
						5
					],
					"texture": "#1"
				},
				"up": {
					"uv": [
						6.125,
						6.75,
						6,
						5.75
					],
					"texture": "#1"
				},
				"down": {
					"uv": [
						0.125,
						6.25,
						0,
						7.25
					],
					"texture": "#1"
				}
			}
		},
		{
			"from": [
				9.497,
				4.71741,
				13.34186
			],
			"to": [
				10.038,
				5.31261,
				16.38466
			],
			"rotation": {
				"angle": 0,
				"axis": "y",
				"origin": [
					9.7458,
					4.82281,
					15.93826
				]
			},
			"faces": {
				"north": {
					"uv": [
						4.75,
						6.75,
						4.875,
						6.875
					],
					"texture": "#1"
				},
				"east": {
					"uv": [
						6.25,
						0.5,
						7,
						0.625
					],
					"texture": "#1"
				},
				"south": {
					"uv": [
						6.75,
						4.75,
						6.875,
						4.875
					],
					"texture": "#1"
				},
				"west": {
					"uv": [
						6.25,
						2.5,
						7,
						2.625
					],
					"texture": "#1"
				},
				"up": {
					"uv": [
						0.375,
						7,
						0.25,
						6.25
					],
					"texture": "#1"
				},
				"down": {
					"uv": [
						0.625,
						6.25,
						0.5,
						7
					],
					"texture": "#1"
				}
			}
		},
		{
			"from": [
				9.373,
				6.3854,
				16.3834
			],
			"to": [
				10.1186,
				6.869,
				17.611
			],
			"rotation": {
				"angle": 45,
				"axis": "x",
				"origin": [
					8.45,
					5.5944,
					18.1566
				]
			},
			"faces": {
				"north": {
					"uv": [
						6.75,
						5.75,
						6.875,
						5.875
					],
					"texture": "#1"
				},
				"east": {
					"uv": [
						6.25,
						6.5,
						6.5,
						6.625
					],
					"texture": "#1"
				},
				"south": {
					"uv": [
						6,
						6.75,
						6.125,
						6.875
					],
					"texture": "#1"
				},
				"west": {
					"uv": [
						6.5,
						6.25,
						6.75,
						6.375
					],
					"texture": "#1"
				},
				"up": {
					"uv": [
						6.625,
						6.75,
						6.5,
						6.5
					],
					"texture": "#1"
				},
				"down": {
					"uv": [
						0.875,
						6.75,
						0.75,
						7
					],
					"texture": "#1"
				}
			}
		},
		{
			"from": [
				9.5094,
				6.435,
				16.1106
			],
			"to": [
				9.9822,
				6.7016,
				16.4206
			],
			"rotation": {
				"angle": 45,
				"axis": "x",
				"origin": [
					8.45,
					5.5944,
					18.1566
				]
			},
			"faces": {
				"north": {
					"uv": [
						6.75,
						6,
						6.875,
						6.125
					],
					"texture": "#1"
				},
				"east": {
					"uv": [
						6.25,
						6.75,
						6.375,
						6.875
					],
					"texture": "#1"
				},
				"south": {
					"uv": [
						6.75,
						6.25,
						6.875,
						6.375
					],
					"texture": "#1"
				},
				"west": {
					"uv": [
						6.5,
						6.75,
						6.625,
						6.875
					],
					"texture": "#1"
				},
				"up": {
					"uv": [
						6.875,
						6.625,
						6.75,
						6.5
					],
					"texture": "#1"
				},
				"down": {
					"uv": [
						6.875,
						6.75,
						6.75,
						6.875
					],
					"texture": "#1"
				}
			}
		},
		{
			"from": [
				9.373,
				4.3486,
				16.929
			],
			"to": [
				9.7094,
				6.3854,
				17.3382
			],
			"rotation": {
				"angle": 45,
				"axis": "x",
				"origin": [
					8.45,
					5.5944,
					18.1566
				]
			},
			"faces": {
				"north": {
					"uv": [
						6.5,
						3.5,
						6.625,
						4
					],
					"texture": "#1"
				},
				"east": {
					"uv": [
						3.75,
						6.5,
						3.875,
						7
					],
					"texture": "#1"
				},
				"south": {
					"uv": [
						4,
						6.5,
						4.125,
						7
					],
					"texture": "#1"
				},
				"west": {
					"uv": [
						6.5,
						4,
						6.625,
						4.5
					],
					"texture": "#1"
				},
				"up": {
					"uv": [
						0.875,
						7.125,
						0.75,
						7
					],
					"texture": "#1"
				},
				"down": {
					"uv": [
						7.125,
						0.75,
						7,
						0.875
					],
					"texture": "#1"
				}
			}
		},
		{
			"from": [
				6.89064,
				2.18596,
				17.89457
			],
			"to": [
				9.10936,
				4.09556,
				19.66777
			],
			"rotation": {
				"angle": 22.5,
				"axis": "x",
				"origin": [
					8,
					4.84576,
					17.89457
				]
			},
			"faces": {
				"north": {
					"uv": [
						8.25,
						4.75,
						8.75,
						5.25
					],
					"texture": "#0"
				},
				"east": {
					"uv": [
						0,
						8.75,
						0.5,
						9.25
					],
					"texture": "#0"
				},
				"south": {
					"uv": [
						5,
						9.25,
						5.5,
						9.75
					],
					"texture": "#0"
				},
				"west": {
					"uv": [
						9.25,
						9.25,
						9.75,
						9.75
					],
					"texture": "#0"
				},
				"up": {
					"uv": [
						11.75,
						4,
						11.25,
						3.5
					],
					"texture": "#0"
				},
				"down": {
					"uv": [
						13.25,
						0.5,
						12.75,
						1
					],
					"texture": "#0"
				}
			}
		},
		{
			"from": [
				7.1498,
				-0.5456,
				19.2159
			],
			"to": [
				8.8502,
				3.6487,
				20.9891
			],
			"rotation": {
				"angle": -45,
				"axis": "x",
				"origin": [
					8,
					1.5686,
					19.591
				]
			},
			"faces": {
				"north": {
					"uv": [
						5.75,
						13,
						6.125,
						14
					],
					"texture": "#0"
				},
				"east": {
					"uv": [
						8,
						6.5,
						8.5,
						7.5
					],
					"texture": "#0"
				},
				"south": {
					"uv": [
						13,
						12.75,
						13.375,
						13.75
					],
					"texture": "#0"
				},
				"west": {
					"uv": [
						8.25,
						3.25,
						8.75,
						4.25
					],
					"texture": "#0"
				},
				"up": {
					"uv": [
						13.875,
						0.5,
						13.5,
						0
					],
					"texture": "#0"
				},
				"down": {
					"uv": [
						1.125,
						13.5,
						0.75,
						14
					],
					"texture": "#0"
				}
			}
		},
		{
			"from": [
				6.91344,
				2.59516,
				17.89457
			],
			"to": [
				9.08656,
				4.60706,
				19.53137
			],
			"rotation": {
				"angle": 22.5,
				"axis": "x",
				"origin": [
					8,
					5.39136,
					17.89457
				]
			},
			"faces": {
				"north": {
					"uv": [
						12.75,
						1.75,
						13.25,
						2.25
					],
					"texture": "#0"
				},
				"east": {
					"uv": [
						1.25,
						13.5,
						1.625,
						14
					],
					"texture": "#0"
				},
				"south": {
					"uv": [
						12.75,
						4,
						13.25,
						4.5
					],
					"texture": "#0"
				},
				"west": {
					"uv": [
						1.75,
						13.5,
						2.125,
						14
					],
					"texture": "#0"
				},
				"up": {
					"uv": [
						2.75,
						13.875,
						2.25,
						13.5
					],
					"texture": "#0"
				},
				"down": {
					"uv": [
						14,
						2.25,
						13.5,
						2.625
					],
					"texture": "#0"
				}
			}
		},
		{
			"from": [
				7.945,
				5.135,
				0.38
			],
			"to": [
				8.055,
				6.785,
				0.71
			],
			"rotation": {
				"angle": 0,
				"axis": "y",
				"origin": [
					-0.8,
					-0.825,
					2.005
				]
			},
			"faces": {
				"north": {
					"uv": [
						14,
						6.25,
						14.125,
						6.625
					],
					"texture": "#0"
				},
				"east": {
					"uv": [
						6.5,
						14,
						6.625,
						14.375
					],
					"texture": "#0"
				},
				"south": {
					"uv": [
						14,
						6.75,
						14.125,
						7.125
					],
					"texture": "#0"
				},
				"west": {
					"uv": [
						14,
						7.25,
						14.125,
						7.625
					],
					"texture": "#0"
				},
				"up": {
					"uv": [
						9.875,
						14.375,
						9.75,
						14.25
					],
					"texture": "#0"
				},
				"down": {
					"uv": [
						10.125,
						14.25,
						10,
						14.375
					],
					"texture": "#0"
				}
			}
		},
		{
			"from": [
				8.1546,
				6.3624,
				14.256
			],
			"to": [
				8.8274,
				6.897,
				14.6652
			],
			"rotation": {
				"angle": 0,
				"axis": "y",
				"origin": [
					-2.912,
					-1.023,
					-2.5058
				]
			},
			"faces": {
				"north": {
					"uv": [
						10.25,
						14.25,
						10.375,
						14.375
					],
					"texture": "#0"
				},
				"east": {
					"uv": [
						14.25,
						10.75,
						14.375,
						10.875
					],
					"texture": "#0"
				},
				"south": {
					"uv": [
						14.25,
						11,
						14.375,
						11.125
					],
					"texture": "#0"
				},
				"west": {
					"uv": [
						11.5,
						14.25,
						11.625,
						14.375
					],
					"texture": "#0"
				},
				"up": {
					"uv": [
						11.875,
						14.375,
						11.75,
						14.25
					],
					"texture": "#0"
				},
				"down": {
					"uv": [
						12.125,
						14.25,
						12,
						14.375
					],
					"texture": "#0"
				}
			}
		},
		{
			"from": [
				7.1726,
				6.3624,
				14.256
			],
			"to": [
				7.8204,
				6.897,
				14.6652
			],
			"rotation": {
				"angle": 0,
				"axis": "y",
				"origin": [
					-2.912,
					-1.023,
					-2.5058
				]
			},
			"faces": {
				"north": {
					"uv": [
						12.25,
						14.25,
						12.375,
						14.375
					],
					"texture": "#0"
				},
				"east": {
					"uv": [
						12.5,
						14.25,
						12.625,
						14.375
					],
					"texture": "#0"
				},
				"south": {
					"uv": [
						13.5,
						14.25,
						13.625,
						14.375
					],
					"texture": "#0"
				},
				"west": {
					"uv": [
						14.25,
						13.5,
						14.375,
						13.625
					],
					"texture": "#0"
				},
				"up": {
					"uv": [
						13.875,
						14.375,
						13.75,
						14.25
					],
					"texture": "#0"
				},
				"down": {
					"uv": [
						14.375,
						13.75,
						14.25,
						13.875
					],
					"texture": "#0"
				}
			}
		},
		{
			"from": [
				7.1251,
				0.94219,
				22.88281
			],
			"to": [
				9.1251,
				2.71719,
				28.38281
			],
			"rotation": {
				"angle": -22.5,
				"axis": "x",
				"origin": [
					8.125,
					-2.65781,
					25.00781
				]
			},
			"faces": {
				"north": {
					"uv": [
						13.25,
						0.5,
						13.75,
						1
					],
					"texture": "#0"
				},
				"east": {
					"uv": [
						0.75,
						1,
						2.125,
						1.5
					],
					"texture": "#0"
				},
				"south": {
					"uv": [
						13.25,
						1.75,
						13.75,
						2.25
					],
					"texture": "#0"
				},
				"west": {
					"uv": [
						2.25,
						1,
						3.625,
						1.5
					],
					"texture": "#0"
				},
				"up": {
					"uv": [
						2.25,
						4.875,
						1.75,
						3.5
					],
					"texture": "#0"
				},
				"down": {
					"uv": [
						8.5,
						8.25,
						8,
						9.625
					],
					"texture": "#0"
				}
			}
		},
		{
			"from": [
				7.1253,
				-1.16498,
				21.84334
			],
			"to": [
				9.1253,
				4.58502,
				23.34334
			],
			"rotation": {
				"angle": 45,
				"axis": "x",
				"origin": [
					8.125,
					1.46002,
					23.84334
				]
			},
			"faces": {
				"north": {
					"uv": [
						9.25,
						2.75,
						9.75,
						4.125
					],
					"texture": "#0"
				},
				"east": {
					"uv": [
						3.25,
						12,
						3.625,
						13.375
					],
					"texture": "#0"
				},
				"south": {
					"uv": [
						8.25,
						11.75,
						8.75,
						13.125
					],
					"texture": "#0"
				},
				"west": {
					"uv": [
						3.75,
						12,
						4.125,
						13.375
					],
					"texture": "#0"
				},
				"up": {
					"uv": [
						3.25,
						13.875,
						2.75,
						13.5
					],
					"texture": "#0"
				},
				"down": {
					"uv": [
						14,
						2.75,
						13.5,
						3.125
					],
					"texture": "#0"
				}
			}
		},
		{
			"from": [
				7.4251,
				1.12939,
				20.93965
			],
			"to": [
				8.8251,
				2.97939,
				26.43965
			],
			"rotation": {
				"angle": -22.5,
				"axis": "x",
				"origin": [
					8.13005,
					2.42027,
					25.00952
				]
			},
			"faces": {
				"north": {
					"uv": [
						3.25,
						13.5,
						3.625,
						14
					],
					"texture": "#0"
				},
				"east": {
					"uv": [
						2.5,
						3.25,
						3.875,
						3.75
					],
					"texture": "#0"
				},
				"south": {
					"uv": [
						13.5,
						3.25,
						13.875,
						3.75
					],
					"texture": "#0"
				},
				"west": {
					"uv": [
						0,
						8.25,
						1.375,
						8.75
					],
					"texture": "#0"
				},
				"up": {
					"uv": [
						4.625,
						13.375,
						4.25,
						12
					],
					"texture": "#0"
				},
				"down": {
					"uv": [
						5.625,
						12,
						5.25,
						13.375
					],
					"texture": "#0"
				}
			}
		},
		{
			"from": [
				7.435,
				1.09219,
				24.63281
			],
			"to": [
				8.835,
				5.34219,
				31.18281
			],
			"rotation": {
				"angle": 0,
				"axis": "y",
				"origin": [
					8.13005,
					2.42027,
					25.00952
				]
			},
			"faces": {
				"north": {
					"uv": [
						13.25,
						5.25,
						13.625,
						6.25
					],
					"texture": "#0"
				},
				"east": {
					"uv": [
						0.5,
						9,
						2.125,
						10
					],
					"texture": "#0"
				},
				"south": {
					"uv": [
						13.25,
						6.25,
						13.625,
						7.25
					],
					"texture": "#0"
				},
				"west": {
					"uv": [
						11.75,
						2.25,
						13.375,
						3.25
					],
					"texture": "#0"
				},
				"up": {
					"uv": [
						10.125,
						13.375,
						9.75,
						11.75
					],
					"texture": "#0"
				},
				"down": {
					"uv": [
						10.625,
						11.75,
						10.25,
						13.375
					],
					"texture": "#0"
				}
			}
		},
		{
			"from": [
				7.4253,
				-1.80835,
				22.6639
			],
			"to": [
				8.8253,
				4.21665,
				24.3639
			],
			"rotation": {
				"angle": 45,
				"axis": "x",
				"origin": [
					8.13005,
					2.42027,
					25.00952
				]
			},
			"faces": {
				"north": {
					"uv": [
						1.25,
						12,
						1.625,
						13.5
					],
					"texture": "#0"
				},
				"east": {
					"uv": [
						1.75,
						12,
						2.125,
						13.5
					],
					"texture": "#0"
				},
				"south": {
					"uv": [
						2.25,
						12,
						2.625,
						13.5
					],
					"texture": "#0"
				},
				"west": {
					"uv": [
						2.75,
						12,
						3.125,
						13.5
					],
					"texture": "#0"
				},
				"up": {
					"uv": [
						13.875,
						13.125,
						13.5,
						12.75
					],
					"texture": "#0"
				},
				"down": {
					"uv": [
						13.875,
						13.25,
						13.5,
						13.625
					],
					"texture": "#0"
				}
			}
		},
		{
			"from": [
				7.11,
				1.14219,
				24.63281
			],
			"to": [
				9.16,
				5.09219,
				30.98281
			],
			"rotation": {
				"angle": 0,
				"axis": "y",
				"origin": [
					8.125,
					-2.65781,
					25.00781
				]
			},
			"faces": {
				"north": {
					"uv": [
						11,
						8.5,
						11.5,
						9.5
					],
					"texture": "#0"
				},
				"east": {
					"uv": [
						2.25,
						0,
						3.875,
						1
					],
					"texture": "#0"
				},
				"south": {
					"uv": [
						5.75,
						12,
						6.25,
						13
					],
					"texture": "#0"
				},
				"west": {
					"uv": [
						1.5,
						8,
						3.125,
						9
					],
					"texture": "#0"
				},
				"up": {
					"uv": [
						0.5,
						11.125,
						0,
						9.5
					],
					"texture": "#0"
				},
				"down": {
					"uv": [
						6.75,
						11.75,
						6.25,
						13.375
					],
					"texture": "#0"
				}
			}
		},
		{
			"from": [
				7.535,
				0.94219,
				28.63281
			],
			"to": [
				8.735,
				5.24219,
				31.53281
			],
			"rotation": {
				"angle": 0,
				"axis": "y",
				"origin": [
					8.125,
					-2.65781,
					25.00781
				]
			},
			"faces": {
				"north": {
					"uv": [
						13.25,
						8,
						13.5,
						9.125
					],
					"texture": "#0"
				},
				"east": {
					"uv": [
						10.5,
						3.5,
						11.25,
						4.625
					],
					"texture": "#0"
				},
				"south": {
					"uv": [
						8.25,
						13.25,
						8.5,
						14.375
					],
					"texture": "#0"
				},
				"west": {
					"uv": [
						11.75,
						5.5,
						12.5,
						6.625
					],
					"texture": "#0"
				},
				"up": {
					"uv": [
						6.5,
						9.5,
						6.25,
						8.75
					],
					"texture": "#0"
				},
				"down": {
					"uv": [
						9.25,
						1,
						9,
						1.75
					],
					"texture": "#0"
				}
			}
		},
		{
			"from": [
				7.735,
				0.74219,
				27.03281
			],
			"to": [
				8.535,
				1.14219,
				31.43281
			],
			"rotation": {
				"angle": 0,
				"axis": "y",
				"origin": [
					8.125,
					-2.65781,
					25.00781
				]
			},
			"faces": {
				"north": {
					"uv": [
						14.25,
						4,
						14.5,
						4.125
					],
					"texture": "#0"
				},
				"east": {
					"uv": [
						13.5,
						9,
						14.625,
						9.125
					],
					"texture": "#0"
				},
				"south": {
					"uv": [
						14.25,
						4.25,
						14.5,
						4.375
					],
					"texture": "#0"
				},
				"west": {
					"uv": [
						13.75,
						1.5,
						14.875,
						1.625
					],
					"texture": "#0"
				},
				"up": {
					"uv": [
						8.75,
						14.375,
						8.5,
						13.25
					],
					"texture": "#0"
				},
				"down": {
					"uv": [
						9,
						13.25,
						8.75,
						14.375
					],
					"texture": "#0"
				}
			}
		}
	],
	"display": {
		"thirdperson_righthand": {
			"translation": [
				0,
				5.75,
				-8
			]
		},
		"thirdperson_lefthand": {
			"translation": [
				0,
				5.75,
				-8
			],
			"scale": [
				-1,
				1,
				1
			]
		},
		"firstperson_righthand": {
			"translation": [
				-3.25,
				7.75,
				-2.75
			]
		},
		"firstperson_lefthand": {
			"translation": [
				-3.25,
				7.75,
				-2.75
			],
			"scale": [
				-1,
				1,
				1
			]
		},
		"ground": {
			"translation": [
				0,
				5.75,
				-5.5
			],
			"scale": [
				0.95,
				0.95,
				0.95
			]
		},
		"gui": {
			"rotation": [
				-166.36,
				-27.39,
				-179.6
			],
			"translation": [
				1.75,
				1.75,
				7
			],
			"scale": [
				0.75,
				0.75,
				0.75
			]
		},
		"fixed": {
			"rotation": [
				0,
				90,
				0
			],
			"translation": [
				-6.75,
				6.5,
				-1.75
			],
			"scale": [
				1.85,
				1.85,
				1.85
			]
		}
	}
}