{
	"credit": "Made with Blockbench",
	"textures": {
		"1": "scguns_laf:item/animated_alfonz_turnpike_texture",
		"2": "scguns_laf:item/alfonz_turnpike_texture",
		"particle": "scguns_laf:item/alfonz_turnpike_texture"
	},
	"elements": [
		{
			"from": [
				7,
				2.5,
				4.75
			],
			"to": [
				9,
				4.5,
				9.25
			],
			"rotation": {
				"angle": 0,
				"axis": "y",
				"origin": [
					0,
					-0.05,
					-0.5
				]
			},
			"faces": {
				"east": {
					"uv": [
						7.25,
						0.75,
						8.375,
						1.25
					],
					"texture": "#2"
				},
				"west": {
					"uv": [
						7.75,
						4.5,
						8.875,
						5
					],
					"texture": "#2"
				},
				"up": {
					"uv": [
						2.75,
						9.125,
						2.25,
						8
					],
					"texture": "#2"
				},
				"down": {
					"uv": [
						5.75,
						8,
						5.25,
						9.125
					],
					"texture": "#2"
				}
			}
		},
		{
			"name": "animated_bits",
			"from": [
				7.01,
				1.45,
				7.75
			],
			"to": [
				9.01,
				2.7,
				13.25
			],
			"rotation": {
				"angle": 0,
				"axis": "y",
				"origin": [
					0,
					-0.3,
					4.5
				]
			},
			"faces": {
				"north": {
					"uv": [
						8,
						5,
						10,
						6.5
					],
					"texture": "#1"
				},
				"east": {
					"uv": [
						4,
						7,
						9.5,
						8.5
					],
					"texture": "#1"
				},
				"south": {
					"uv": [
						6,
						12,
						8,
						13.5
					],
					"texture": "#1"
				},
				"west": {
					"uv": [
						9.5,
						7,
						4,
						8.5
					],
					"texture": "#1"
				},
				"up": {
					"uv": [
						2,
						9.5,
						0,
						4
					],
					"texture": "#1"
				},
				"down": {
					"uv": [
						4,
						4,
						2,
						9.5
					],
					"texture": "#1"
				}
			}
		},
		{
			"from": [
				6.75,
				3.2,
				13.25
			],
			"to": [
				9.25,
				4.95,
				15
			],
			"rotation": {
				"angle": 0,
				"axis": "y",
				"origin": [
					0,
					-0.3,
					4.5
				]
			},
			"faces": {
				"north": {
					"uv": [
						8,
						7.25,
						9.125,
						8.25
					],
					"texture": "#1"
				},
				"east": {
					"uv": [
						5.5,
						5,
						7,
						6.5
					],
					"texture": "#1"
				},
				"south": {
					"uv": [
						4,
						5.5,
						5.375,
						6.5
					],
					"texture": "#1"
				},
				"west": {
					"uv": [
						7,
						5,
						5.5,
						6.5
					],
					"texture": "#1"
				},
				"up": {
					"uv": [
						8.375,
						8.5,
						6.75,
						7
					],
					"texture": "#1"
				},
				"down": {
					"uv": [
						9.375,
						7,
						8.25,
						8
					],
					"texture": "#1"
				}
			}
		},
		{
			"from": [
				6.95,
				1.2,
				13.25
			],
			"to": [
				9.04,
				3.2,
				14.5
			],
			"rotation": {
				"angle": 0,
				"axis": "y",
				"origin": [
					0,
					-0.3,
					4.5
				]
			},
			"faces": {
				"north": {
					"uv": [
						5,
						10,
						5.5,
						10.5
					],
					"texture": "#1"
				},
				"east": {
					"uv": [
						7,
						7,
						8,
						8.5
					],
					"texture": "#1"
				},
				"south": {
					"uv": [
						8.5,
						7,
						9.5,
						8.5
					],
					"texture": "#1"
				},
				"west": {
					"uv": [
						7,
						7,
						8,
						8.5
					],
					"texture": "#1"
				},
				"up": {
					"uv": [
						7.875,
						8.5,
						6.75,
						7
					],
					"texture": "#1"
				},
				"down": {
					"uv": [
						4.875,
						5.625,
						4,
						6.5
					],
					"texture": "#1"
				}
			}
		},
		{
			"from": [
				7.25,
				2.2,
				13
			],
			"to": [
				8.75,
				3.95,
				15.75
			],
			"rotation": {
				"angle": 0,
				"axis": "y",
				"origin": [
					0,
					-0.3,
					4.5
				]
			},
			"faces": {
				"north": {
					"uv": [
						3.75,
						4.25,
						4.125,
						4.75
					],
					"texture": "#2"
				},
				"east": {
					"uv": [
						3.5,
						0.75,
						4.25,
						1.25
					],
					"texture": "#2"
				},
				"south": {
					"uv": [
						4.25,
						4,
						4.625,
						4.5
					],
					"texture": "#2"
				},
				"west": {
					"uv": [
						3.5,
						1.25,
						4.25,
						1.75
					],
					"texture": "#2"
				},
				"up": {
					"uv": [
						1.875,
						4,
						1.5,
						3.25
					],
					"texture": "#2"
				},
				"down": {
					"uv": [
						3.875,
						1.75,
						3.5,
						2.5
					],
					"texture": "#2"
				}
			}
		},
		{
			"from": [
				7.25,
				3.95,
				15
			],
			"to": [
				8.75,
				4.95,
				15.75
			],
			"rotation": {
				"angle": 0,
				"axis": "y",
				"origin": [
					0,
					-0.3,
					4.5
				]
			},
			"faces": {
				"north": {
					"uv": [
						4.75,
						4,
						5.125,
						4.25
					],
					"texture": "#2"
				},
				"east": {
					"uv": [
						5,
						2.75,
						5.25,
						3
					],
					"texture": "#2"
				},
				"south": {
					"uv": [
						4.75,
						4.25,
						5.125,
						4.5
					],
					"texture": "#2"
				},
				"west": {
					"uv": [
						5,
						3.5,
						5.25,
						3.75
					],
					"texture": "#2"
				},
				"up": {
					"uv": [
						5.125,
						4.75,
						4.75,
						4.5
					],
					"texture": "#2"
				},
				"down": {
					"uv": [
						5.125,
						4.75,
						4.75,
						5
					],
					"texture": "#2"
				}
			}
		},
		{
			"from": [
				7.25,
				1.45,
				14.5
			],
			"to": [
				8.75,
				2.2,
				15.25
			],
			"rotation": {
				"angle": 0,
				"axis": "y",
				"origin": [
					0,
					-0.3,
					4.5
				]
			},
			"faces": {
				"north": {
					"uv": [
						4.5,
						2.75,
						4.875,
						3
					],
					"texture": "#2"
				},
				"east": {
					"uv": [
						2.5,
						5,
						2.75,
						5.25
					],
					"texture": "#2"
				},
				"south": {
					"uv": [
						4.75,
						3,
						5.125,
						3.25
					],
					"texture": "#2"
				},
				"west": {
					"uv": [
						5,
						2.5,
						5.25,
						2.75
					],
					"texture": "#2"
				},
				"up": {
					"uv": [
						5.125,
						3.5,
						4.75,
						3.25
					],
					"texture": "#2"
				},
				"down": {
					"uv": [
						4.125,
						4.75,
						3.75,
						5
					],
					"texture": "#2"
				}
			}
		},
		{
			"from": [
				7.501,
				2.45,
				15.75
			],
			"to": [
				8.501,
				3.7,
				18
			],
			"rotation": {
				"angle": 0,
				"axis": "y",
				"origin": [
					0,
					-0.3,
					4.5
				]
			},
			"faces": {
				"north": {
					"uv": [
						5.625,
						5.625,
						7,
						6.375
					],
					"texture": "#1"
				},
				"east": {
					"uv": [
						5.5,
						5.5,
						7.125,
						6.5
					],
					"texture": "#1"
				},
				"south": {
					"uv": [
						5,
						0,
						5.25,
						0.375
					],
					"texture": "#1"
				},
				"west": {
					"uv": [
						5.5,
						5.5,
						7.25,
						6.5
					],
					"texture": "#1"
				},
				"up": {
					"uv": [
						7,
						6.25,
						5.5,
						5.5
					],
					"texture": "#1"
				},
				"down": {
					"uv": [
						7.25,
						5.5,
						5.625,
						6.375
					],
					"texture": "#1"
				}
			}
		},
		{
			"from": [
				7.501,
				4.2,
				15.75
			],
			"to": [
				8.501,
				4.95,
				19.25
			],
			"rotation": {
				"angle": 0,
				"axis": "y",
				"origin": [
					0,
					-0.3,
					4.5
				]
			},
			"faces": {
				"north": {
					"uv": [
						3.75,
						5,
						4,
						5.25
					],
					"texture": "#1"
				},
				"east": {
					"uv": [
						4.25,
						5.5,
						5.75,
						6.375
					],
					"texture": "#1"
				},
				"south": {
					"uv": [
						4,
						5,
						4.25,
						5.25
					],
					"texture": "#1"
				},
				"west": {
					"uv": [
						4.25,
						5.5,
						5.625,
						6.375
					],
					"texture": "#1"
				},
				"up": {
					"uv": [
						5.5,
						6.25,
						4.25,
						5.5
					],
					"texture": "#1"
				},
				"down": {
					"uv": [
						5.5,
						5.625,
						4.375,
						6.25
					],
					"texture": "#1"
				}
			}
		},
		{
			"from": [
				7.25,
				0.47514,
				17.6469
			],
			"to": [
				8.75,
				5.22514,
				19.1469
			],
			"rotation": {
				"angle": 0,
				"axis": "x",
				"origin": [
					8,
					3.47514,
					18.8969
				]
			},
			"faces": {
				"north": {
					"uv": [
						2,
						2.75,
						2.375,
						4
					],
					"texture": "#2"
				},
				"east": {
					"uv": [
						0.5,
						2,
						1,
						3.25
					],
					"texture": "#2"
				},
				"south": {
					"uv": [
						2.75,
						3,
						3.125,
						4.25
					],
					"texture": "#2"
				},
				"west": {
					"uv": [
						2,
						1.5,
						2.5,
						2.75
					],
					"texture": "#2"
				},
				"up": {
					"uv": [
						4.875,
						0.5,
						4.5,
						0
					],
					"texture": "#2"
				},
				"down": {
					"uv": [
						0.875,
						4.5,
						0.5,
						5
					],
					"texture": "#2"
				}
			}
		},
		{
			"from": [
				7,
				-0.02486,
				19.1469
			],
			"to": [
				9,
				5.22514,
				19.6469
			],
			"rotation": {
				"angle": 0,
				"axis": "x",
				"origin": [
					8,
					3.47514,
					18.8969
				]
			},
			"faces": {
				"north": {
					"uv": [
						1,
						1.75,
						1.5,
						3.125
					],
					"texture": "#2"
				},
				"east": {
					"uv": [
						1,
						4.5,
						1.125,
						5.875
					],
					"texture": "#2"
				},
				"south": {
					"uv": [
						2,
						0,
						2.5,
						1.375
					],
					"texture": "#2"
				},
				"west": {
					"uv": [
						1.25,
						4.5,
						1.375,
						5.875
					],
					"texture": "#2"
				},
				"up": {
					"uv": [
						5.25,
						5.125,
						4.75,
						5
					],
					"texture": "#2"
				},
				"down": {
					"uv": [
						5.75,
						0,
						5.25,
						0.125
					],
					"texture": "#2"
				}
			}
		},
		{
			"from": [
				7.251,
				0.2,
				11
			],
			"to": [
				8.751,
				0.7,
				18.75
			],
			"rotation": {
				"angle": -22.5,
				"axis": "x",
				"origin": [
					8,
					2.2,
					17.125
				]
			},
			"faces": {
				"north": {
					"uv": [
						1.5,
						5.25,
						1.875,
						5.375
					],
					"texture": "#2"
				},
				"east": {
					"uv": [
						4,
						2,
						6,
						2.125
					],
					"texture": "#2"
				},
				"south": {
					"uv": [
						2.25,
						5.25,
						2.625,
						5.375
					],
					"texture": "#2"
				},
				"west": {
					"uv": [
						4,
						2.25,
						6,
						2.375
					],
					"texture": "#2"
				},
				"up": {
					"uv": [
						1.875,
						3.25,
						1.5,
						1.25
					],
					"texture": "#2"
				},
				"down": {
					"uv": [
						0.375,
						1.75,
						0,
						3.75
					],
					"texture": "#2"
				}
			}
		},
		{
			"from": [
				7.5,
				-2.47459,
				8.77657
			],
			"to": [
				8.5,
				-1.47459,
				12.17657
			],
			"rotation": {
				"angle": 0,
				"axis": "x",
				"origin": [
					8,
					-3.47459,
					8.65157
				]
			},
			"faces": {
				"north": {
					"uv": [
						5,
						0.75,
						5.25,
						1
					],
					"texture": "#2"
				},
				"east": {
					"uv": [
						3.5,
						2.5,
						4.5,
						2.75
					],
					"texture": "#2"
				},
				"south": {
					"uv": [
						2.25,
						5,
						2.5,
						5.25
					],
					"texture": "#2"
				},
				"west": {
					"uv": [
						3.5,
						2.75,
						4.5,
						3
					],
					"texture": "#2"
				},
				"up": {
					"uv": [
						2,
						1.25,
						1.75,
						0.25
					],
					"texture": "#2"
				},
				"down": {
					"uv": [
						0.25,
						3.75,
						0,
						4.75
					],
					"texture": "#2"
				}
			}
		},
		{
			"from": [
				7.5,
				-2.47459,
				8.27657
			],
			"to": [
				8.5,
				1.02541,
				8.77657
			],
			"rotation": {
				"angle": 0,
				"axis": "x",
				"origin": [
					8,
					-2.22459,
					2.90157
				]
			},
			"faces": {
				"north": {
					"uv": [
						2.75,
						4.25,
						3,
						5.125
					],
					"texture": "#2"
				},
				"east": {
					"uv": [
						4.5,
						4.5,
						4.625,
						5.375
					],
					"texture": "#2"
				},
				"south": {
					"uv": [
						3,
						4.25,
						3.25,
						5.125
					],
					"texture": "#2"
				},
				"west": {
					"uv": [
						0,
						4.75,
						0.125,
						5.625
					],
					"texture": "#2"
				},
				"up": {
					"uv": [
						5.5,
						2.875,
						5.25,
						2.75
					],
					"texture": "#2"
				},
				"down": {
					"uv": [
						3.25,
						5.25,
						3,
						5.375
					],
					"texture": "#2"
				}
			}
		},
		{
			"from": [
				7.5,
				-2.47459,
				4.52657
			],
			"to": [
				8.5,
				1.02541,
				5.02657
			],
			"rotation": {
				"angle": 0,
				"axis": "x",
				"origin": [
					8,
					-2.22459,
					2.90157
				]
			},
			"faces": {
				"north": {
					"uv": [
						0.25,
						3.75,
						0.5,
						4.625
					],
					"texture": "#2"
				},
				"east": {
					"uv": [
						2,
						4.5,
						2.125,
						5.375
					],
					"texture": "#2"
				},
				"south": {
					"uv": [
						2.25,
						4,
						2.5,
						4.875
					],
					"texture": "#2"
				},
				"west": {
					"uv": [
						4.25,
						4.5,
						4.375,
						5.375
					],
					"texture": "#2"
				},
				"up": {
					"uv": [
						1,
						5.375,
						0.75,
						5.25
					],
					"texture": "#2"
				},
				"down": {
					"uv": [
						5.5,
						1,
						5.25,
						1.125
					],
					"texture": "#2"
				}
			}
		},
		{
			"from": [
				7.51,
				-0.25,
				10.75
			],
			"to": [
				8.51,
				0.2,
				18.75
			],
			"rotation": {
				"angle": -22.5,
				"axis": "x",
				"origin": [
					8,
					2.2,
					17.125
				]
			},
			"faces": {
				"north": {
					"uv": [
						5.25,
						3,
						5.5,
						3.125
					],
					"texture": "#2"
				},
				"east": {
					"uv": [
						3.25,
						3.75,
						5.25,
						3.875
					],
					"texture": "#2"
				},
				"south": {
					"uv": [
						3.25,
						5.25,
						3.5,
						5.375
					],
					"texture": "#2"
				},
				"west": {
					"uv": [
						4,
						1.75,
						6,
						1.875
					],
					"texture": "#2"
				},
				"up": {
					"uv": [
						2.75,
						2,
						2.5,
						0
					],
					"texture": "#2"
				},
				"down": {
					"uv": [
						2.75,
						2,
						2.5,
						4
					],
					"texture": "#2"
				}
			}
		},
		{
			"name": "animated_bits",
			"from": [
				6.75,
				2.7,
				10.25
			],
			"to": [
				9.25,
				4.95,
				13.25
			],
			"rotation": {
				"angle": 0,
				"axis": "y",
				"origin": [
					0,
					-0.05,
					-0.5
				]
			},
			"faces": {
				"north": {
					"uv": [
						10,
						11,
						12.5,
						13.5
					],
					"texture": "#1"
				},
				"east": {
					"uv": [
						0,
						10,
						3,
						12.5
					],
					"texture": "#1"
				},
				"south": {
					"uv": [
						3,
						12,
						5.5,
						14.5
					],
					"texture": "#1",
					"cullface": "south"
				},
				"west": {
					"uv": [
						3,
						10,
						0,
						12.5
					],
					"texture": "#1"
				},
				"up": {
					"uv": [
						12.5,
						8,
						10,
						5
					],
					"texture": "#1"
				},
				"down": {
					"uv": [
						12.5,
						8,
						10,
						11
					],
					"texture": "#1"
				}
			}
		},
		{
			"from": [
				7.25,
				-4.2,
				5
			],
			"to": [
				8.75,
				2.8,
				8.25
			],
			"rotation": {
				"angle": 0,
				"axis": "y",
				"origin": [
					8,
					1.70625,
					6.25
				]
			},
			"faces": {
				"north": {
					"uv": [
						7.5,
						5.5,
						7.875,
						7.25
					],
					"texture": "#2"
				},
				"east": {
					"uv": [
						4.25,
						6.5,
						5.125,
						8.25
					],
					"texture": "#2"
				},
				"south": {
					"uv": [
						6.5,
						7.5,
						6.875,
						9.25
					],
					"texture": "#2",
					"cullface": "down"
				},
				"west": {
					"uv": [
						6.5,
						5.75,
						7.375,
						7.5
					],
					"texture": "#2"
				},
				"down": {
					"uv": [
						6.875,
						9.25,
						6.5,
						10.125
					],
					"texture": "#2",
					"cullface": "down"
				}
			}
		},
		{
			"from": [
				7.5,
				0.1,
				10.25
			],
			"to": [
				8.5,
				0.625,
				12.5
			],
			"rotation": {
				"angle": 0,
				"axis": "y",
				"origin": [
					8,
					1.70625,
					6.25
				]
			},
			"faces": {
				"north": {
					"uv": [
						5.5,
						1,
						5.75,
						1.25
					],
					"texture": "#2"
				},
				"east": {
					"uv": [
						10.5,
						1.25,
						11.125,
						1.5
					],
					"texture": "#2"
				},
				"south": {
					"uv": [
						5.75,
						0.25,
						6,
						0.5
					],
					"texture": "#2",
					"cullface": "down"
				},
				"west": {
					"uv": [
						1.5,
						10.5,
						2.125,
						10.75
					],
					"texture": "#2"
				},
				"up": {
					"uv": [
						2.75,
						11.125,
						2.5,
						10.5
					],
					"texture": "#2"
				},
				"down": {
					"uv": [
						3,
						10.5,
						2.75,
						11.125
					],
					"texture": "#2",
					"cullface": "down"
				}
			}
		},
		{
			"from": [
				7.5,
				0.625,
				10.25
			],
			"to": [
				8.5,
				1.525,
				10.5
			],
			"rotation": {
				"angle": 0,
				"axis": "y",
				"origin": [
					8,
					1.70625,
					6.25
				]
			},
			"faces": {
				"north": {
					"uv": [
						7.5,
						7.25,
						7.75,
						7.5
					],
					"texture": "#2"
				},
				"east": {
					"uv": [
						4,
						11,
						4.125,
						11.25
					],
					"texture": "#2"
				},
				"south": {
					"uv": [
						8.5,
						3.5,
						8.75,
						3.75
					],
					"texture": "#2",
					"cullface": "down"
				},
				"west": {
					"uv": [
						11,
						4,
						11.125,
						4.25
					],
					"texture": "#2"
				},
				"up": {
					"uv": [
						4.5,
						11.125,
						4.25,
						11
					],
					"texture": "#2"
				},
				"down": {
					"uv": [
						4.75,
						11,
						4.5,
						11.125
					],
					"texture": "#2",
					"cullface": "down"
				}
			}
		},
		{
			"from": [
				7.75,
				0.2,
				8.5
			],
			"to": [
				8.25,
				0.7,
				12.25
			],
			"rotation": {
				"angle": 0,
				"axis": "y",
				"origin": [
					8,
					1.70625,
					6.25
				]
			},
			"faces": {
				"north": {
					"uv": [
						10,
						11,
						10.125,
						11.125
					],
					"texture": "#2"
				},
				"east": {
					"uv": [
						10.5,
						5.5,
						11.5,
						5.625
					],
					"texture": "#2"
				},
				"south": {
					"uv": [
						11,
						10,
						11.125,
						10.125
					],
					"texture": "#2",
					"cullface": "down"
				},
				"west": {
					"uv": [
						10.5,
						5.75,
						11.5,
						5.875
					],
					"texture": "#2"
				},
				"up": {
					"uv": [
						6.125,
						11.5,
						6,
						10.5
					],
					"texture": "#2"
				},
				"down": {
					"uv": [
						6.375,
						10.5,
						6.25,
						11.5
					],
					"texture": "#2",
					"cullface": "down"
				}
			}
		},
		{
			"from": [
				7,
				1.05,
				4.75
			],
			"to": [
				9,
				1.3,
				8.5
			],
			"rotation": {
				"angle": 0,
				"axis": "y",
				"origin": [
					8,
					1.70625,
					6.25
				]
			},
			"faces": {
				"north": {
					"uv": [
						10.75,
						8.5,
						11.25,
						8.625
					],
					"texture": "#2"
				},
				"east": {
					"uv": [
						5,
						10.5,
						6,
						10.625
					],
					"texture": "#2"
				},
				"south": {
					"uv": [
						10.75,
						8.75,
						11.25,
						8.875
					],
					"texture": "#2",
					"cullface": "down"
				},
				"west": {
					"uv": [
						10.5,
						5,
						11.5,
						5.125
					],
					"texture": "#2"
				},
				"up": {
					"uv": [
						4.5,
						9.25,
						4,
						8.25
					],
					"texture": "#2"
				},
				"down": {
					"uv": [
						5,
						8.25,
						4.5,
						9.25
					],
					"texture": "#2"
				}
			}
		},
		{
			"from": [
				7.75,
				1.31903,
				7.64567
			],
			"to": [
				8.25,
				1.81903,
				8.14567
			],
			"rotation": {
				"angle": 0,
				"axis": "y",
				"origin": [
					8,
					2.93452,
					9.74784
				]
			},
			"faces": {
				"north": {
					"uv": [
						11,
						7.25,
						11.125,
						7.375
					],
					"texture": "#2"
				},
				"east": {
					"uv": [
						7.5,
						11,
						7.625,
						11.125
					],
					"texture": "#2"
				},
				"west": {
					"uv": [
						11,
						7.5,
						11.125,
						7.625
					],
					"texture": "#2"
				},
				"up": {
					"uv": [
						7.875,
						11.125,
						7.75,
						11
					],
					"texture": "#2"
				},
				"down": {
					"uv": [
						11.125,
						7.75,
						11,
						7.875
					],
					"texture": "#2"
				}
			}
		},
		{
			"name": "animated_bits",
			"from": [
				6.5,
				1.3,
				4.75
			],
			"to": [
				9.5,
				3.8,
				8.5
			],
			"rotation": {
				"angle": 0,
				"axis": "y",
				"origin": [
					8,
					1.70625,
					6.25
				]
			},
			"faces": {
				"north": {
					"uv": [
						4,
						9,
						7,
						11.5
					],
					"texture": "#1"
				},
				"east": {
					"uv": [
						4,
						4,
						8,
						6.5
					],
					"texture": "#1"
				},
				"south": {
					"uv": [
						7,
						9,
						10,
						11.5
					],
					"texture": "#1"
				},
				"west": {
					"uv": [
						8,
						4,
						4,
						6.5
					],
					"texture": "#1"
				},
				"up": {
					"uv": [
						3,
						4,
						0,
						0
					],
					"texture": "#1"
				},
				"down": {
					"uv": [
						6,
						0,
						3,
						4
					],
					"texture": "#1"
				}
			}
		},
		{
			"from": [
				6.5,
				1.55,
				4
			],
			"to": [
				9.5,
				4.8,
				4.75
			],
			"rotation": {
				"angle": 0,
				"axis": "y",
				"origin": [
					8,
					1.70625,
					6.25
				]
			},
			"faces": {
				"north": {
					"uv": [
						6.25,
						7.25,
						7,
						8.125
					],
					"texture": "#1"
				},
				"east": {
					"uv": [
						7.25,
						7.125,
						7.5,
						8
					],
					"texture": "#1"
				},
				"south": {
					"uv": [
						5.75,
						7,
						7,
						8.375
					],
					"texture": "#1"
				},
				"west": {
					"uv": [
						5.75,
						7.5,
						6,
						8.375
					],
					"texture": "#1"
				},
				"up": {
					"uv": [
						7.375,
						7.5,
						6.625,
						7.25
					],
					"texture": "#1"
				},
				"down": {
					"uv": [
						8,
						7.75,
						7.25,
						8
					],
					"texture": "#1"
				}
			}
		},
		{
			"from": [
				7.25,
				-0.925,
				11.625
			],
			"to": [
				8.75,
				2.075,
				12.875
			],
			"rotation": {
				"angle": -22.5,
				"axis": "x",
				"origin": [
					8,
					1.2,
					13.125
				]
			},
			"faces": {
				"north": {
					"uv": [
						9,
						9.25,
						9.375,
						10.125
					],
					"texture": "#2"
				},
				"east": {
					"uv": [
						0.75,
						9.5,
						1.125,
						10.375
					],
					"texture": "#2"
				},
				"south": {
					"uv": [
						1.25,
						9.5,
						1.625,
						10.375
					],
					"texture": "#2",
					"cullface": "south"
				},
				"west": {
					"uv": [
						2.5,
						9.5,
						2.875,
						10.375
					],
					"texture": "#2"
				},
				"down": {
					"uv": [
						10.875,
						1.5,
						10.5,
						1.875
					],
					"texture": "#2",
					"cullface": "down"
				}
			}
		},
		{
			"from": [
				7.75,
				0.95,
				11
			],
			"to": [
				8.25,
				1.45,
				11.5
			],
			"rotation": {
				"angle": 0,
				"axis": "y",
				"origin": [
					0,
					-2.8,
					6.5
				]
			},
			"faces": {
				"north": {
					"uv": [
						11,
						8,
						11.125,
						8.125
					],
					"texture": "#2"
				},
				"east": {
					"uv": [
						11,
						8.25,
						11.125,
						8.375
					],
					"texture": "#2"
				},
				"west": {
					"uv": [
						9,
						11,
						9.125,
						11.125
					],
					"texture": "#2"
				},
				"down": {
					"uv": [
						9.375,
						11,
						9.25,
						11.125
					],
					"texture": "#2"
				}
			}
		},
		{
			"from": [
				6,
				2.45,
				8.25
			],
			"to": [
				10,
				3.45,
				10.25
			],
			"rotation": {
				"angle": -22.5,
				"axis": "z",
				"origin": [
					8,
					2.95,
					9.25
				]
			},
			"faces": {
				"north": {
					"uv": [
						2.5,
						5.5,
						3.5,
						5.75
					],
					"texture": "#2"
				},
				"east": {
					"uv": [
						4.5,
						5.5,
						5,
						5.75
					],
					"texture": "#2"
				},
				"south": {
					"uv": [
						9.75,
						4.75,
						10.75,
						5
					],
					"texture": "#2"
				},
				"west": {
					"uv": [
						2.5,
						6,
						3,
						6.25
					],
					"texture": "#2"
				},
				"up": {
					"uv": [
						9.25,
						5.5,
						8.25,
						5
					],
					"texture": "#2"
				},
				"down": {
					"uv": [
						9.25,
						8,
						8.25,
						8.5
					],
					"texture": "#2"
				}
			}
		},
		{
			"from": [
				6,
				2.45,
				8.25
			],
			"to": [
				10,
				3.45,
				10.25
			],
			"rotation": {
				"angle": 22.5,
				"axis": "z",
				"origin": [
					8,
					2.95,
					9.25
				]
			},
			"faces": {
				"north": {
					"uv": [
						9.75,
						8.5,
						10.75,
						8.75
					],
					"texture": "#2"
				},
				"east": {
					"uv": [
						1.75,
						9,
						2.25,
						9.25
					],
					"texture": "#2"
				},
				"south": {
					"uv": [
						9.75,
						8.75,
						10.75,
						9
					],
					"texture": "#2"
				},
				"west": {
					"uv": [
						10.5,
						5.25,
						11,
						5.5
					],
					"texture": "#2"
				},
				"up": {
					"uv": [
						1,
						9,
						0,
						8.5
					],
					"texture": "#2"
				},
				"down": {
					"uv": [
						9.5,
						0,
						8.5,
						0.5
					],
					"texture": "#2"
				}
			}
		},
		{
			"from": [
				7.5,
				0.95,
				8.25
			],
			"to": [
				8.5,
				4.95,
				10.25
			],
			"rotation": {
				"angle": -22.5,
				"axis": "z",
				"origin": [
					8,
					2.95,
					9.25
				]
			},
			"faces": {
				"north": {
					"uv": [
						3.75,
						5.5,
						4,
						6.5
					],
					"texture": "#2"
				},
				"east": {
					"uv": [
						8.5,
						0.5,
						9,
						1.5
					],
					"texture": "#2"
				},
				"south": {
					"uv": [
						6,
						5.75,
						6.25,
						6.75
					],
					"texture": "#2"
				},
				"west": {
					"uv": [
						8.5,
						1.5,
						9,
						2.5
					],
					"texture": "#2"
				},
				"up": {
					"uv": [
						3.75,
						6,
						3.5,
						5.5
					],
					"texture": "#2"
				},
				"down": {
					"uv": [
						4.5,
						6,
						4.25,
						6.5
					],
					"texture": "#2"
				}
			}
		},
		{
			"from": [
				7.5,
				0.95,
				8.25
			],
			"to": [
				8.5,
				4.95,
				10.25
			],
			"rotation": {
				"angle": 22.5,
				"axis": "z",
				"origin": [
					8,
					2.95,
					9.25
				]
			},
			"faces": {
				"north": {
					"uv": [
						5,
						8.25,
						5.25,
						9.25
					],
					"texture": "#2"
				},
				"east": {
					"uv": [
						8.5,
						2.5,
						9,
						3.5
					],
					"texture": "#2"
				},
				"south": {
					"uv": [
						7.5,
						8.5,
						7.75,
						9.5
					],
					"texture": "#2"
				},
				"west": {
					"uv": [
						7,
						8.5,
						7.5,
						9.5
					],
					"texture": "#2"
				},
				"up": {
					"uv": [
						3,
						7,
						2.75,
						6.5
					],
					"texture": "#2"
				},
				"down": {
					"uv": [
						4,
						6.5,
						3.75,
						7
					],
					"texture": "#2"
				}
			}
		},
		{
			"from": [
				6.75,
				1.95,
				0.75
			],
			"to": [
				9.25,
				4.45,
				1.25
			],
			"faces": {
				"north": {
					"uv": [
						9,
						4.25,
						9.625,
						4.875
					],
					"texture": "#2"
				},
				"east": {
					"uv": [
						10.75,
						3.5,
						10.875,
						4.125
					],
					"texture": "#2"
				},
				"south": {
					"uv": [
						9,
						8.5,
						9.625,
						9.125
					],
					"texture": "#2"
				},
				"west": {
					"uv": [
						5,
						10.75,
						5.125,
						11.375
					],
					"texture": "#2"
				},
				"up": {
					"uv": [
						11.375,
						4.375,
						10.75,
						4.25
					],
					"texture": "#2"
				},
				"down": {
					"uv": [
						11.375,
						4.75,
						10.75,
						4.875
					],
					"texture": "#2"
				}
			}
		},
		{
			"from": [
				7,
				2.2,
				-1.5
			],
			"to": [
				9,
				4.2,
				1
			],
			"faces": {
				"north": {
					"uv": [
						6,
						6.75,
						6.5,
						7.25
					],
					"texture": "#2"
				},
				"east": {
					"uv": [
						9.5,
						0,
						10.125,
						0.5
					],
					"texture": "#2"
				},
				"south": {
					"uv": [
						1.75,
						10,
						2.25,
						10.5
					],
					"texture": "#2"
				},
				"west": {
					"uv": [
						9.5,
						3.5,
						10.125,
						4
					],
					"texture": "#2"
				},
				"up": {
					"uv": [
						1.5,
						7.375,
						1,
						6.75
					],
					"texture": "#2"
				},
				"down": {
					"uv": [
						10,
						9.25,
						9.5,
						9.875
					],
					"texture": "#2"
				}
			}
		},
		{
			"from": [
				6.5,
				4.5,
				4.75
			],
			"to": [
				9.5,
				5,
				8.25
			],
			"faces": {
				"north": {
					"uv": [
						7,
						10.5,
						7.75,
						10.625
					],
					"texture": "#2"
				},
				"east": {
					"uv": [
						10.5,
						6,
						11.375,
						6.125
					],
					"texture": "#2"
				},
				"south": {
					"uv": [
						10,
						10.5,
						10.75,
						10.625
					],
					"texture": "#2"
				},
				"west": {
					"uv": [
						10.5,
						6.25,
						11.375,
						6.375
					],
					"texture": "#2"
				},
				"up": {
					"uv": [
						7.75,
						8.375,
						7,
						7.5
					],
					"texture": "#2"
				},
				"down": {
					"uv": [
						8.5,
						1.75,
						7.75,
						2.625
					],
					"texture": "#2"
				}
			}
		},
		{
			"from": [
				6.75,
				4.7,
				2
			],
			"to": [
				7.25,
				5.95,
				2.5
			],
			"faces": {
				"north": {
					"uv": [
						0.75,
						0.5,
						0.875,
						0.875
					],
					"texture": "#2"
				},
				"east": {
					"uv": [
						0,
						1,
						0.125,
						1.375
					],
					"texture": "#2"
				},
				"south": {
					"uv": [
						0.25,
						1,
						0.375,
						1.375
					],
					"texture": "#2"
				},
				"west": {
					"uv": [
						0.5,
						1,
						0.625,
						1.375
					],
					"texture": "#2"
				},
				"up": {
					"uv": [
						1.375,
						0.125,
						1.25,
						0
					],
					"texture": "#2"
				},
				"down": {
					"uv": [
						1.375,
						0.25,
						1.25,
						0.375
					],
					"texture": "#2"
				}
			}
		},
		{
			"from": [
				8.75,
				4.7,
				2
			],
			"to": [
				9.25,
				5.95,
				2.5
			],
			"faces": {
				"north": {
					"uv": [
						0,
						0,
						0.125,
						0.375
					],
					"texture": "#2"
				},
				"east": {
					"uv": [
						0.25,
						0,
						0.375,
						0.375
					],
					"texture": "#2"
				},
				"south": {
					"uv": [
						0,
						0.5,
						0.125,
						0.875
					],
					"texture": "#2"
				},
				"west": {
					"uv": [
						0.5,
						0,
						0.625,
						0.375
					],
					"texture": "#2"
				},
				"up": {
					"uv": [
						1.125,
						0.625,
						1,
						0.5
					],
					"texture": "#2"
				},
				"down": {
					"uv": [
						0.875,
						1,
						0.75,
						1.125
					],
					"texture": "#2"
				}
			}
		},
		{
			"from": [
				7.25,
				4.7,
				2
			],
			"to": [
				8.75,
				5.2,
				2.5
			],
			"faces": {
				"north": {
					"uv": [
						0.25,
						0.5,
						0.625,
						0.625
					],
					"texture": "#2"
				},
				"east": {
					"uv": [
						1,
						0.75,
						1.125,
						0.875
					],
					"texture": "#2"
				},
				"south": {
					"uv": [
						0.75,
						0,
						1.125,
						0.125
					],
					"texture": "#2"
				},
				"west": {
					"uv": [
						1,
						1,
						1.125,
						1.125
					],
					"texture": "#2"
				},
				"up": {
					"uv": [
						0.625,
						0.875,
						0.25,
						0.75
					],
					"texture": "#2"
				},
				"down": {
					"uv": [
						1.125,
						0.25,
						0.75,
						0.375
					],
					"texture": "#2"
				}
			}
		},
		{
			"from": [
				8.75,
				4.95,
				11.75
			],
			"to": [
				9.25,
				5.95,
				13.25
			],
			"faces": {
				"north": {
					"uv": [
						3.75,
						11,
						3.875,
						11.25
					],
					"texture": "#2"
				},
				"east": {
					"uv": [
						0.25,
						10.75,
						0.625,
						11
					],
					"texture": "#2"
				},
				"south": {
					"uv": [
						11,
						3.75,
						11.125,
						4
					],
					"texture": "#2"
				},
				"west": {
					"uv": [
						0.75,
						10.75,
						1.125,
						11
					],
					"texture": "#2"
				},
				"up": {
					"uv": [
						0.875,
						11.375,
						0.75,
						11
					],
					"texture": "#2"
				},
				"down": {
					"uv": [
						1.125,
						11,
						1,
						11.375
					],
					"texture": "#2"
				}
			}
		},
		{
			"from": [
				6.75,
				4.95,
				11.75
			],
			"to": [
				7.25,
				5.95,
				13.25
			],
			"faces": {
				"north": {
					"uv": [
						3.5,
						11,
						3.625,
						11.25
					],
					"texture": "#2"
				},
				"east": {
					"uv": [
						7.75,
						10.5,
						8.125,
						10.75
					],
					"texture": "#2"
				},
				"south": {
					"uv": [
						11,
						3.5,
						11.125,
						3.75
					],
					"texture": "#2"
				},
				"west": {
					"uv": [
						10.5,
						10,
						10.875,
						10.25
					],
					"texture": "#2"
				},
				"up": {
					"uv": [
						0.375,
						11.375,
						0.25,
						11
					],
					"texture": "#2"
				},
				"down": {
					"uv": [
						0.625,
						11,
						0.5,
						11.375
					],
					"texture": "#2"
				}
			}
		},
		{
			"from": [
				6.75,
				4.95,
				5
			],
			"to": [
				7.25,
				5.2,
				11.25
			],
			"faces": {
				"north": {
					"uv": [
						10.25,
						11,
						10.375,
						11.125
					],
					"texture": "#2"
				},
				"east": {
					"uv": [
						10,
						9.75,
						11.625,
						9.875
					],
					"texture": "#2"
				},
				"south": {
					"uv": [
						11,
						10.25,
						11.125,
						10.375
					],
					"texture": "#2"
				},
				"west": {
					"uv": [
						10.25,
						0,
						11.875,
						0.125
					],
					"texture": "#2"
				},
				"up": {
					"uv": [
						8.375,
						11.625,
						8.25,
						10
					],
					"texture": "#2"
				},
				"down": {
					"uv": [
						8.625,
						10,
						8.5,
						11.625
					],
					"texture": "#2"
				}
			}
		},
		{
			"from": [
				6.75,
				4.95,
				5
			],
			"to": [
				7.25,
				5.2,
				11.25
			],
			"faces": {
				"north": {
					"uv": [
						10.25,
						11,
						10.375,
						11.125
					],
					"texture": "#2"
				},
				"east": {
					"uv": [
						10,
						9.75,
						11.625,
						9.875
					],
					"texture": "#2"
				},
				"south": {
					"uv": [
						11,
						10.25,
						11.125,
						10.375
					],
					"texture": "#2"
				},
				"west": {
					"uv": [
						10.25,
						0,
						11.875,
						0.125
					],
					"texture": "#2"
				},
				"up": {
					"uv": [
						8.375,
						11.625,
						8.25,
						10
					],
					"texture": "#2"
				},
				"down": {
					"uv": [
						8.625,
						10,
						8.5,
						11.625
					],
					"texture": "#2"
				}
			}
		},
		{
			"from": [
				6.75,
				4.95,
				13.25
			],
			"to": [
				7.25,
				5.2,
				15
			],
			"faces": {
				"north": {
					"uv": [
						1,
						1.5,
						1.125,
						1.625
					],
					"texture": "#2"
				},
				"east": {
					"uv": [
						0,
						1.5,
						0.5,
						1.625
					],
					"texture": "#2"
				},
				"south": {
					"uv": [
						1.5,
						1,
						1.625,
						1.125
					],
					"texture": "#2"
				},
				"west": {
					"uv": [
						1.5,
						0,
						2,
						0.125
					],
					"texture": "#2"
				},
				"up": {
					"uv": [
						0.625,
						2,
						0.5,
						1.5
					],
					"texture": "#2"
				},
				"down": {
					"uv": [
						0.875,
						1.5,
						0.75,
						2
					],
					"texture": "#2"
				}
			}
		},
		{
			"from": [
				8.75,
				4.95,
				13.25
			],
			"to": [
				9.25,
				5.2,
				15
			],
			"faces": {
				"north": {
					"uv": [
						1.5,
						0.25,
						1.625,
						0.375
					],
					"texture": "#2"
				},
				"east": {
					"uv": [
						1.25,
						0.5,
						1.75,
						0.625
					],
					"texture": "#2"
				},
				"south": {
					"uv": [
						1.5,
						0.75,
						1.625,
						0.875
					],
					"texture": "#2"
				},
				"west": {
					"uv": [
						0.75,
						1.25,
						1.25,
						1.375
					],
					"texture": "#2"
				},
				"up": {
					"uv": [
						1.375,
						1.25,
						1.25,
						0.75
					],
					"texture": "#2"
				},
				"down": {
					"uv": [
						1.375,
						1.25,
						1.25,
						1.75
					],
					"texture": "#2"
				}
			}
		},
		{
			"from": [
				7.25,
				4.95,
				4.75
			],
			"to": [
				8.75,
				5.2,
				5.5
			],
			"faces": {
				"north": {
					"uv": [
						1.25,
						11,
						1.625,
						11.125
					],
					"texture": "#2"
				},
				"east": {
					"uv": [
						11,
						7,
						11.25,
						7.125
					],
					"texture": "#2"
				},
				"south": {
					"uv": [
						11,
						1.5,
						11.375,
						1.625
					],
					"texture": "#2"
				},
				"west": {
					"uv": [
						7.25,
						11,
						7.5,
						11.125
					],
					"texture": "#2"
				},
				"up": {
					"uv": [
						1.625,
						11,
						1.25,
						10.75
					],
					"texture": "#2"
				},
				"down": {
					"uv": [
						2.125,
						10.75,
						1.75,
						11
					],
					"texture": "#2"
				}
			}
		},
		{
			"from": [
				7.25,
				4.95,
				7.5
			],
			"to": [
				8.75,
				5.2,
				8.25
			],
			"faces": {
				"north": {
					"uv": [
						1.25,
						11,
						1.625,
						11.125
					],
					"texture": "#2"
				},
				"east": {
					"uv": [
						11,
						7,
						11.25,
						7.125
					],
					"texture": "#2"
				},
				"south": {
					"uv": [
						11,
						1.5,
						11.375,
						1.625
					],
					"texture": "#2"
				},
				"west": {
					"uv": [
						7.25,
						11,
						7.5,
						11.125
					],
					"texture": "#2"
				},
				"up": {
					"uv": [
						1.625,
						11,
						1.25,
						10.75
					],
					"texture": "#2"
				},
				"down": {
					"uv": [
						2.125,
						10.75,
						1.75,
						11
					],
					"texture": "#2"
				}
			}
		},
		{
			"from": [
				6.75,
				4.95,
				11.25
			],
			"to": [
				7.25,
				5.95,
				11.75
			],
			"faces": {
				"north": {
					"uv": [
						11,
						4.5,
						11.125,
						4.75
					],
					"texture": "#2"
				},
				"east": {
					"uv": [
						4.75,
						11,
						4.875,
						11.25
					],
					"texture": "#2"
				},
				"south": {
					"uv": [
						11,
						5.25,
						11.125,
						5.5
					],
					"texture": "#2"
				},
				"west": {
					"uv": [
						6.5,
						11,
						6.625,
						11.25
					],
					"texture": "#2"
				},
				"up": {
					"uv": [
						10.625,
						11.125,
						10.5,
						11
					],
					"texture": "#2"
				},
				"down": {
					"uv": [
						11.125,
						10.5,
						11,
						10.625
					],
					"texture": "#2"
				}
			}
		},
		{
			"from": [
				8.75,
				4.95,
				5
			],
			"to": [
				9.25,
				5.2,
				11.25
			],
			"faces": {
				"north": {
					"uv": [
						11,
						11,
						11.125,
						11.125
					],
					"texture": "#2"
				},
				"east": {
					"uv": [
						10.25,
						0.25,
						11.875,
						0.375
					],
					"texture": "#2"
				},
				"south": {
					"uv": [
						11.25,
						0.5,
						11.375,
						0.625
					],
					"texture": "#2"
				},
				"west": {
					"uv": [
						10.25,
						2,
						11.875,
						2.125
					],
					"texture": "#2"
				},
				"up": {
					"uv": [
						8.875,
						11.625,
						8.75,
						10
					],
					"texture": "#2"
				},
				"down": {
					"uv": [
						0.125,
						10.25,
						0,
						11.875
					],
					"texture": "#2"
				}
			}
		},
		{
			"from": [
				8.75,
				4.95,
				11.25
			],
			"to": [
				9.25,
				5.95,
				11.75
			],
			"faces": {
				"north": {
					"uv": [
						11,
						6.5,
						11.125,
						6.75
					],
					"texture": "#2"
				},
				"east": {
					"uv": [
						6.75,
						11,
						6.875,
						11.25
					],
					"texture": "#2"
				},
				"south": {
					"uv": [
						11,
						6.75,
						11.125,
						7
					],
					"texture": "#2"
				},
				"west": {
					"uv": [
						7,
						11,
						7.125,
						11.25
					],
					"texture": "#2"
				},
				"up": {
					"uv": [
						10.875,
						11.125,
						10.75,
						11
					],
					"texture": "#2"
				},
				"down": {
					"uv": [
						11.125,
						10.75,
						11,
						10.875
					],
					"texture": "#2"
				}
			}
		},
		{
			"from": [
				7.25,
				1.2,
				4
			],
			"to": [
				8.75,
				1.55,
				5
			],
			"faces": {
				"north": {
					"uv": [
						5.25,
						0.75,
						5.625,
						0.875
					],
					"texture": "#2"
				},
				"east": {
					"uv": [
						5.25,
						2.5,
						5.5,
						2.625
					],
					"texture": "#2"
				},
				"south": {
					"uv": [
						5.25,
						1.25,
						5.625,
						1.375
					],
					"texture": "#2"
				},
				"west": {
					"uv": [
						2.75,
						5.25,
						3,
						5.375
					],
					"texture": "#2"
				},
				"up": {
					"uv": [
						4.875,
						1,
						4.5,
						0.75
					],
					"texture": "#2"
				},
				"down": {
					"uv": [
						4.875,
						2.5,
						4.5,
						2.75
					],
					"texture": "#2"
				}
			}
		},
		{
			"from": [
				7.25,
				0.7,
				0.75
			],
			"to": [
				8.75,
				1.2,
				5
			],
			"faces": {
				"north": {
					"uv": [
						0.25,
						5.25,
						0.625,
						5.375
					],
					"texture": "#2"
				},
				"east": {
					"uv": [
						4.25,
						1.5,
						5.375,
						1.625
					],
					"texture": "#2"
				},
				"south": {
					"uv": [
						5.25,
						0.25,
						5.625,
						0.375
					],
					"texture": "#2"
				},
				"west": {
					"uv": [
						4.5,
						0.5,
						5.625,
						0.625
					],
					"texture": "#2"
				},
				"up": {
					"uv": [
						0.875,
						4.375,
						0.5,
						3.25
					],
					"texture": "#2"
				},
				"down": {
					"uv": [
						1.375,
						3.25,
						1,
						4.375
					],
					"texture": "#2"
				}
			}
		},
		{
			"from": [
				7.51,
				-0.3,
				1
			],
			"to": [
				8.51,
				0.7,
				4.5
			],
			"faces": {
				"north": {
					"uv": [
						0.5,
						5,
						0.75,
						5.25
					],
					"texture": "#2"
				},
				"east": {
					"uv": [
						3.25,
						4,
						4.125,
						4.25
					],
					"texture": "#2"
				},
				"south": {
					"uv": [
						0.75,
						5,
						1,
						5.25
					],
					"texture": "#2"
				},
				"west": {
					"uv": [
						4,
						3.5,
						4.875,
						3.75
					],
					"texture": "#2"
				},
				"up": {
					"uv": [
						2.75,
						4.875,
						2.5,
						4
					],
					"texture": "#2"
				},
				"down": {
					"uv": [
						4.5,
						0,
						4.25,
						0.875
					],
					"texture": "#2"
				}
			}
		},
		{
			"from": [
				7.25,
				3.5,
				6.75
			],
			"to": [
				10.75,
				4.5,
				7.75
			],
			"rotation": {
				"angle": 22.5,
				"axis": "z",
				"origin": [
					9,
					3.45,
					3
				]
			},
			"faces": {
				"north": {
					"uv": [
						9.75,
						9,
						10.625,
						9.25
					],
					"texture": "#2"
				},
				"east": {
					"uv": [
						8.75,
						4.25,
						9,
						4.5
					],
					"texture": "#2"
				},
				"south": {
					"uv": [
						10,
						6.5,
						10.875,
						6.75
					],
					"texture": "#2"
				},
				"west": {
					"uv": [
						2.5,
						9.25,
						2.75,
						9.5
					],
					"texture": "#2"
				},
				"up": {
					"uv": [
						10.875,
						7,
						10,
						6.75
					],
					"texture": "#2"
				},
				"down": {
					"uv": [
						10.875,
						7,
						10,
						7.25
					],
					"texture": "#2"
				}
			}
		},
		{
			"from": [
				7.25,
				3.5,
				5
			],
			"to": [
				10.75,
				4.5,
				6
			],
			"rotation": {
				"angle": 22.5,
				"axis": "z",
				"origin": [
					9,
					3.45,
					3
				]
			},
			"faces": {
				"north": {
					"uv": [
						10,
						7.25,
						10.875,
						7.5
					],
					"texture": "#2"
				},
				"east": {
					"uv": [
						5.5,
						9.25,
						5.75,
						9.5
					],
					"texture": "#2"
				},
				"south": {
					"uv": [
						10,
						7.5,
						10.875,
						7.75
					],
					"texture": "#2"
				},
				"west": {
					"uv": [
						9.5,
						4,
						9.75,
						4.25
					],
					"texture": "#2"
				},
				"up": {
					"uv": [
						10.875,
						8,
						10,
						7.75
					],
					"texture": "#2"
				},
				"down": {
					"uv": [
						10.875,
						8,
						10,
						8.25
					],
					"texture": "#2"
				}
			}
		},
		{
			"from": [
				5.5,
				2.75,
				5
			],
			"to": [
				8.5,
				3.75,
				6
			],
			"rotation": {
				"angle": -22.5,
				"axis": "z",
				"origin": [
					9,
					3.45,
					3
				]
			},
			"faces": {
				"north": {
					"uv": [
						10.25,
						4.5,
						11,
						4.75
					],
					"texture": "#2"
				},
				"east": {
					"uv": [
						10.75,
						10.5,
						11,
						10.75
					],
					"texture": "#2"
				},
				"south": {
					"uv": [
						10,
						10.25,
						10.75,
						10.5
					],
					"texture": "#2"
				},
				"west": {
					"uv": [
						10.75,
						10.75,
						11,
						11
					],
					"texture": "#2"
				},
				"up": {
					"uv": [
						11.25,
						0.75,
						10.5,
						0.5
					],
					"texture": "#2"
				},
				"down": {
					"uv": [
						1.5,
						10.5,
						0.75,
						10.75
					],
					"texture": "#2"
				}
			}
		},
		{
			"from": [
				5.5,
				2.75,
				6.75
			],
			"to": [
				8.75,
				3.75,
				7.75
			],
			"rotation": {
				"angle": -22.5,
				"axis": "z",
				"origin": [
					9,
					3.45,
					3
				]
			},
			"faces": {
				"north": {
					"uv": [
						10,
						8.25,
						10.875,
						8.5
					],
					"texture": "#2"
				},
				"east": {
					"uv": [
						10.75,
						10.25,
						11,
						10.5
					],
					"texture": "#2"
				},
				"south": {
					"uv": [
						10,
						9.25,
						10.875,
						9.5
					],
					"texture": "#2"
				},
				"west": {
					"uv": [
						10.5,
						10.75,
						10.75,
						11
					],
					"texture": "#2"
				},
				"up": {
					"uv": [
						10.375,
						10.25,
						9.5,
						10
					],
					"texture": "#2"
				},
				"down": {
					"uv": [
						10.875,
						9.5,
						10,
						9.75
					],
					"texture": "#2"
				}
			}
		},
		{
			"from": [
				7.25,
				1.2,
				1.25
			],
			"to": [
				8.75,
				4.7,
				2.5
			],
			"faces": {
				"north": {
					"uv": [
						3,
						9.5,
						3.375,
						10.375
					],
					"texture": "#2"
				},
				"east": {
					"uv": [
						5.5,
						9.5,
						5.875,
						10.375
					],
					"texture": "#2"
				},
				"south": {
					"uv": [
						9.5,
						5.5,
						9.875,
						6.375
					],
					"texture": "#2"
				},
				"west": {
					"uv": [
						6,
						9.5,
						6.375,
						10.375
					],
					"texture": "#2"
				},
				"up": {
					"uv": [
						3.375,
						10.875,
						3,
						10.5
					],
					"texture": "#2"
				},
				"down": {
					"uv": [
						3.875,
						10.5,
						3.5,
						10.875
					],
					"texture": "#2"
				}
			}
		},
		{
			"from": [
				8.75,
				1.7,
				1.25
			],
			"to": [
				9.5,
				4.7,
				2.5
			],
			"faces": {
				"north": {
					"uv": [
						7,
						7.25,
						7.25,
						8
					],
					"texture": "#1"
				},
				"east": {
					"uv": [
						6.25,
						7,
						6.75,
						8.25
					],
					"texture": "#1"
				},
				"south": {
					"uv": [
						6.75,
						7.25,
						7,
						8
					],
					"texture": "#1"
				},
				"west": {
					"uv": [
						6.25,
						7,
						6.625,
						8
					],
					"texture": "#1"
				},
				"up": {
					"uv": [
						6,
						7.375,
						5.75,
						7
					],
					"texture": "#1"
				},
				"down": {
					"uv": [
						7.5,
						7.5,
						7.25,
						7.875
					],
					"texture": "#1"
				}
			}
		},
		{
			"from": [
				6.5,
				1.7,
				1.25
			],
			"to": [
				7.25,
				4.7,
				2.5
			],
			"faces": {
				"north": {
					"uv": [
						6,
						7.25,
						6.25,
						8
					],
					"texture": "#1"
				},
				"east": {
					"uv": [
						6,
						7.25,
						6.375,
						8
					],
					"texture": "#1"
				},
				"south": {
					"uv": [
						6.25,
						7.25,
						6.5,
						8
					],
					"texture": "#1"
				},
				"west": {
					"uv": [
						6.75,
						7,
						7.375,
						8.375
					],
					"texture": "#1"
				},
				"up": {
					"uv": [
						6.5,
						7.625,
						6.25,
						7.25
					],
					"texture": "#1"
				},
				"down": {
					"uv": [
						6.5,
						7.5,
						6.25,
						7.875
					],
					"texture": "#1"
				}
			}
		},
		{
			"from": [
				6.75,
				1.95,
				1.25
			],
			"to": [
				9.25,
				4.45,
				4
			],
			"faces": {
				"north": {
					"uv": [
						3.25,
						3,
						3.875,
						3.625
					],
					"texture": "#2"
				},
				"east": {
					"uv": [
						2.75,
						0,
						3.5,
						0.625
					],
					"texture": "#2"
				},
				"south": {
					"uv": [
						3.5,
						0,
						4.125,
						0.625
					],
					"texture": "#2"
				},
				"west": {
					"uv": [
						2.75,
						0.75,
						3.5,
						1.375
					],
					"texture": "#2"
				},
				"up": {
					"uv": [
						3.375,
						2.25,
						2.75,
						1.5
					],
					"texture": "#2"
				},
				"down": {
					"uv": [
						3.375,
						2.25,
						2.75,
						3
					],
					"texture": "#2"
				}
			}
		}
	],
	"groups": [
		0,
		1,
		2,
		3,
		4,
		5,
		6,
		7,
		8,
		9,
		10,
		11,
		12,
		13,
		14,
		15,
		16,
		{
			"name": "group",
			"origin": [
				8,
				1.93452,
				13.74784
			],
			"color": 0,
			"children": [
				17,
				18,
				19,
				20,
				21,
				22,
				23,
				24
			]
		},
		25,
		26,
		{
			"name": "cog",
			"origin": [
				8,
				2.95,
				9.25
			],
			"color": 0,
			"children": [
				27,
				28,
				29,
				30
			]
		},
		31,
		32,
		{
			"name": "group",
			"origin": [
				0,
				0,
				0
			],
			"color": 0,
			"children": []
		},
		33,
		34,
		35,
		36,
		37,
		38,
		39,
		40,
		41,
		42,
		43,
		44,
		45,
		46,
		47,
		48,
		49,
		50,
		51,
		52,
		53,
		54,
		55,
		56,
		57,
		58
	],
	"display": {
		"thirdperson_righthand": {
			"translation": [
				0,
				7,
				-3.5
			]
		},
		"thirdperson_lefthand": {
			"translation": [
				0,
				7,
				-3.5
			],
			"scale": [
				-1,
				1,
				1
			]
		},
		"firstperson_righthand": {
			"translation": [
				-4.75,
				9.75,
				0.75
			],
			"scale": [
				1,
				1,
				0.88
			]
		},
		"firstperson_lefthand": {
			"translation": [
				-4.75,
				9.75,
				0.75
			],
			"scale": [
				-1,
				1,
				0.88
			]
		},
		"ground": {
			"translation": [
				0,
				10,
				2.25
			]
		},
		"gui": {
			"rotation": [
				20,
				-147,
				0
			],
			"translation": [
				1,
				5.75,
				-1
			]
		},
		"fixed": {
			"rotation": [
				0,
				90,
				0
			],
			"translation": [
				-1.25,
				9.5,
				-2.75
			],
			"scale": [
				1.59,
				1.59,
				1.59
			]
		}
	}
}