{
	"credit": "Made with Blockbench",
	"texture_size": [
		64,
		64
	],
	"textures": {
		"1": "scguns_laf:item/animated_astella_texture",
		"3": "scguns_laf:item/astella_texture"
	},
	"elements": [
		{
			"name": "animated_bits",
			"from": [
				7,
				1.45,
				15.25
			],
			"to": [
				9,
				2.95,
				20.75
			],
			"rotation": {
				"angle": 0,
				"axis": "y",
				"origin": [
					0,
					-0.3,
					12
				]
			},
			"faces": {
				"north": {
					"uv": [
						4,
						13,
						6,
						14.5
					],
					"texture": "#1"
				},
				"east": {
					"uv": [
						11,
						8,
						16.5,
						9.5
					],
					"texture": "#1"
				},
				"south": {
					"uv": [
						6,
						13,
						8,
						14.5
					],
					"texture": "#1"
				},
				"west": {
					"uv": [
						16.5,
						8,
						11,
						9.5
					],
					"texture": "#1"
				},
				"up": {
					"uv": [
						2,
						14.5,
						0,
						9
					],
					"texture": "#1"
				},
				"down": {
					"uv": [
						4,
						9,
						2,
						14.5
					],
					"texture": "#1"
				}
			}
		},
		{
			"from": [
				7.5,
				1.2,
				17.75
			],
			"to": [
				8.5,
				1.45,
				22
			],
			"rotation": {
				"angle": 0,
				"axis": "y",
				"origin": [
					0,
					-0.3,
					12
				]
			},
			"faces": {
				"north": {
					"uv": [
						7.25,
						1.25,
						7.5,
						1.375
					],
					"texture": "#3"
				},
				"east": {
					"uv": [
						6,
						1.25,
						7.125,
						1.375
					],
					"texture": "#3"
				},
				"south": {
					"uv": [
						1.5,
						7.25,
						1.75,
						7.375
					],
					"texture": "#3"
				},
				"west": {
					"uv": [
						6,
						1.75,
						7.125,
						1.875
					],
					"texture": "#3"
				},
				"up": {
					"uv": [
						1.25,
						6.375,
						1,
						5.25
					],
					"texture": "#3"
				},
				"down": {
					"uv": [
						1.5,
						5.25,
						1.25,
						6.375
					],
					"texture": "#3"
				}
			}
		},
		{
			"from": [
				7,
				2.7,
				22.5
			],
			"to": [
				9,
				4.45,
				24.75
			],
			"rotation": {
				"angle": 0,
				"axis": "y",
				"origin": [
					0,
					-0.3,
					12
				]
			},
			"faces": {
				"north": {
					"uv": [
						4.75,
						3,
						5.25,
						3.5
					],
					"texture": "#1"
				},
				"east": {
					"uv": [
						0.5,
						6,
						2.125,
						8
					],
					"texture": "#1"
				},
				"south": {
					"uv": [
						2.5,
						5.25,
						3,
						5.75
					],
					"texture": "#1"
				},
				"west": {
					"uv": [
						1.875,
						6.25,
						0.25,
						8.25
					],
					"texture": "#1"
				},
				"up": {
					"uv": [
						4.5,
						5.875,
						3,
						3.75
					],
					"texture": "#1"
				},
				"down": {
					"uv": [
						7.25,
						7,
						5.75,
						9.125
					],
					"texture": "#1"
				}
			}
		},
		{
			"name": "animated_bits",
			"from": [
				6.75,
				2.2,
				17.75
			],
			"to": [
				9.25,
				4.45,
				22.5
			],
			"rotation": {
				"angle": 0,
				"axis": "y",
				"origin": [
					0,
					-0.05,
					7
				]
			},
			"faces": {
				"north": {
					"uv": [
						11,
						10,
						13.5,
						12.5
					],
					"texture": "#1"
				},
				"east": {
					"uv": [
						0,
						6,
						5,
						8.5
					],
					"texture": "#1"
				},
				"south": {
					"uv": [
						13,
						0,
						15.5,
						2.5
					],
					"texture": "#1",
					"cullface": "south"
				},
				"west": {
					"uv": [
						5,
						6,
						0,
						8.5
					],
					"texture": "#1"
				},
				"up": {
					"uv": [
						10.5,
						8,
						8,
						3
					],
					"texture": "#1"
				},
				"down": {
					"uv": [
						10.5,
						8,
						8,
						13
					],
					"texture": "#1"
				}
			}
		},
		{
			"name": "animated_bits",
			"from": [
				6.5,
				1.3,
				11.5
			],
			"to": [
				9.5,
				4.05,
				16
			],
			"rotation": {
				"angle": 0,
				"axis": "y",
				"origin": [
					8,
					1.70625,
					13.75
				]
			},
			"faces": {
				"north": {
					"uv": [
						4,
						10,
						7,
						13
					],
					"texture": "#1"
				},
				"east": {
					"uv": [
						4.5,
						3,
						0,
						6
					],
					"texture": "#1"
				},
				"south": {
					"uv": [
						11,
						3,
						14,
						6
					],
					"texture": "#1"
				},
				"west": {
					"uv": [
						0,
						3,
						4.5,
						6
					],
					"texture": "#1"
				},
				"up": {
					"uv": [
						8,
						9.5,
						5,
						5
					],
					"texture": "#1"
				},
				"down": {
					"uv": [
						8,
						5,
						5,
						9.5
					],
					"texture": "#1"
				}
			}
		},
		{
			"from": [
				7.25,
				4.45,
				17.75
			],
			"to": [
				8.75,
				4.95,
				22.5
			],
			"rotation": {
				"angle": 0,
				"axis": "y",
				"origin": [
					0,
					-0.05,
					7
				]
			},
			"faces": {
				"north": {
					"uv": [
						7,
						2.25,
						7.375,
						2.375
					],
					"texture": "#3"
				},
				"east": {
					"uv": [
						6,
						0.75,
						7.25,
						0.875
					],
					"texture": "#3"
				},
				"south": {
					"uv": [
						7,
						2.5,
						7.375,
						2.625
					],
					"texture": "#3",
					"cullface": "south"
				},
				"west": {
					"uv": [
						6,
						1,
						7.25,
						1.125
					],
					"texture": "#3"
				},
				"up": {
					"uv": [
						2.375,
						4.5,
						2,
						3.25
					],
					"texture": "#3"
				},
				"down": {
					"uv": [
						2.875,
						4,
						2.5,
						5.25
					],
					"texture": "#3"
				}
			}
		},
		{
			"from": [
				9.25,
				2.95,
				17.75
			],
			"to": [
				9.5,
				4.2,
				22.5
			],
			"rotation": {
				"angle": 0,
				"axis": "y",
				"origin": [
					0,
					-0.05,
					7
				]
			},
			"faces": {
				"north": {
					"uv": [
						4,
						1.5,
						4.125,
						1.875
					],
					"texture": "#3"
				},
				"east": {
					"uv": [
						4,
						3.5,
						5.25,
						3.875
					],
					"texture": "#3"
				},
				"south": {
					"uv": [
						3.5,
						4,
						3.625,
						4.375
					],
					"texture": "#3",
					"cullface": "south"
				},
				"west": {
					"uv": [
						7.5,
						3.75,
						8.75,
						4.125
					],
					"texture": "#3"
				},
				"up": {
					"uv": [
						3.125,
						5.25,
						3,
						4
					],
					"texture": "#3"
				},
				"down": {
					"uv": [
						3.375,
						4,
						3.25,
						5.25
					],
					"texture": "#3"
				}
			}
		},
		{
			"from": [
				9.5,
				3.45,
				18.25
			],
			"to": [
				11.5,
				3.7,
				18.75
			],
			"rotation": {
				"angle": 0,
				"axis": "y",
				"origin": [
					0,
					-0.05,
					7
				]
			},
			"faces": {
				"north": {
					"uv": [
						7.5,
						5.25,
						8,
						5.375
					],
					"texture": "#3"
				},
				"east": {
					"uv": [
						6.75,
						7.5,
						6.875,
						7.625
					],
					"texture": "#3"
				},
				"south": {
					"uv": [
						5.5,
						7.5,
						6,
						7.625
					],
					"texture": "#3",
					"cullface": "south"
				},
				"west": {
					"uv": [
						7.5,
						6.75,
						7.625,
						6.875
					],
					"texture": "#3"
				},
				"up": {
					"uv": [
						8,
						5.625,
						7.5,
						5.5
					],
					"texture": "#3"
				},
				"down": {
					"uv": [
						8,
						5.75,
						7.5,
						5.875
					],
					"texture": "#3"
				}
			}
		},
		{
			"from": [
				11.5,
				3.2,
				18.25
			],
			"to": [
				12,
				3.95,
				18.75
			],
			"rotation": {
				"angle": 0,
				"axis": "y",
				"origin": [
					0,
					-0.05,
					7
				]
			},
			"faces": {
				"north": {
					"uv": [
						6.25,
						7.5,
						6.375,
						7.75
					],
					"texture": "#3"
				},
				"east": {
					"uv": [
						7.5,
						6.25,
						7.625,
						6.5
					],
					"texture": "#3"
				},
				"south": {
					"uv": [
						6.5,
						7.5,
						6.625,
						7.75
					],
					"texture": "#3",
					"cullface": "south"
				},
				"west": {
					"uv": [
						7.5,
						6.5,
						7.625,
						6.75
					],
					"texture": "#3"
				},
				"up": {
					"uv": [
						7.125,
						7.625,
						7,
						7.5
					],
					"texture": "#3"
				},
				"down": {
					"uv": [
						7.625,
						7,
						7.5,
						7.125
					],
					"texture": "#3"
				}
			}
		},
		{
			"from": [
				7,
				2.2,
				24.75
			],
			"to": [
				9,
				4.7,
				31.5
			],
			"rotation": {
				"angle": 0,
				"axis": "y",
				"origin": [
					0,
					-0.05,
					7
				]
			},
			"faces": {
				"north": {
					"uv": [
						4.75,
						4.75,
						5.25,
						5.375
					],
					"texture": "#3"
				},
				"east": {
					"uv": [
						0.5,
						0.5,
						2.25,
						1.125
					],
					"texture": "#3"
				},
				"south": {
					"uv": [
						0.5,
						5,
						1,
						5.625
					],
					"texture": "#3",
					"cullface": "south"
				},
				"west": {
					"uv": [
						0.5,
						1.25,
						2.25,
						1.875
					],
					"texture": "#3"
				},
				"up": {
					"uv": [
						3,
						2.25,
						2.5,
						0.5
					],
					"texture": "#3"
				},
				"down": {
					"uv": [
						3,
						2.25,
						2.5,
						4
					],
					"texture": "#3"
				}
			}
		},
		{
			"from": [
				7,
				1.95,
				31.5
			],
			"to": [
				9,
				4.7,
				32
			],
			"rotation": {
				"angle": 0,
				"axis": "y",
				"origin": [
					0,
					-0.05,
					7
				]
			},
			"faces": {
				"north": {
					"uv": [
						4,
						3.5,
						4.5,
						4.25
					],
					"texture": "#1"
				},
				"east": {
					"uv": [
						7,
						7,
						7.625,
						9.25
					],
					"texture": "#1"
				},
				"south": {
					"uv": [
						3,
						3.75,
						4.5,
						6
					],
					"texture": "#1",
					"cullface": "south"
				},
				"west": {
					"uv": [
						7.25,
						7,
						7.375,
						9.25
					],
					"texture": "#1"
				},
				"up": {
					"uv": [
						5.75,
						9.125,
						5.375,
						7.5
					],
					"texture": "#1"
				},
				"down": {
					"uv": [
						6,
						7.5,
						5.5,
						9.125
					],
					"texture": "#1"
				}
			}
		},
		{
			"from": [
				7.25,
				0.7,
				26.5
			],
			"to": [
				8.75,
				1.2,
				30.5
			],
			"rotation": {
				"angle": 0,
				"axis": "y",
				"origin": [
					0,
					-0.05,
					7
				]
			},
			"faces": {
				"north": {
					"uv": [
						7,
						2.75,
						7.375,
						2.875
					],
					"texture": "#3"
				},
				"east": {
					"uv": [
						6.25,
						4,
						7.25,
						4.125
					],
					"texture": "#3"
				},
				"south": {
					"uv": [
						7,
						3,
						7.375,
						3.125
					],
					"texture": "#3",
					"cullface": "south"
				},
				"west": {
					"uv": [
						6.25,
						4.25,
						7.25,
						4.375
					],
					"texture": "#3"
				},
				"up": {
					"uv": [
						1.375,
						5.25,
						1,
						4.25
					],
					"texture": "#3"
				},
				"down": {
					"uv": [
						1.875,
						4.25,
						1.5,
						5.25
					],
					"texture": "#3"
				}
			}
		},
		{
			"from": [
				7.25,
				1.2,
				26.5
			],
			"to": [
				8.75,
				2.2,
				27
			],
			"rotation": {
				"angle": 0,
				"axis": "y",
				"origin": [
					0,
					-0.05,
					7
				]
			},
			"faces": {
				"north": {
					"uv": [
						6.75,
						0,
						7.125,
						0.25
					],
					"texture": "#3"
				},
				"east": {
					"uv": [
						7.25,
						1.75,
						7.375,
						2
					],
					"texture": "#3"
				},
				"south": {
					"uv": [
						6.75,
						0.25,
						7.125,
						0.5
					],
					"texture": "#3",
					"cullface": "south"
				},
				"west": {
					"uv": [
						7.25,
						2,
						7.375,
						2.25
					],
					"texture": "#3"
				},
				"up": {
					"uv": [
						7.375,
						3.375,
						7,
						3.25
					],
					"texture": "#3"
				},
				"down": {
					"uv": [
						7.375,
						3.5,
						7,
						3.625
					],
					"texture": "#3"
				}
			}
		},
		{
			"from": [
				7.25,
				-0.49,
				22
			],
			"to": [
				8.75,
				-0.24,
				23.5
			],
			"rotation": {
				"angle": -22.5,
				"axis": "x",
				"origin": [
					8,
					-0.3,
					22.75
				]
			},
			"faces": {
				"north": {
					"uv": [
						4,
						2,
						4.375,
						2.125
					],
					"texture": "#3"
				},
				"east": {
					"uv": [
						4,
						4,
						4.375,
						4.125
					],
					"texture": "#3"
				},
				"south": {
					"uv": [
						0.5,
						4.75,
						0.875,
						4.875
					],
					"texture": "#3"
				},
				"west": {
					"uv": [
						4.75,
						1.25,
						5.125,
						1.375
					],
					"texture": "#3"
				},
				"up": {
					"uv": [
						0.875,
						4.625,
						0.5,
						4.25
					],
					"texture": "#3"
				},
				"down": {
					"uv": [
						4.625,
						1.5,
						4.25,
						1.875
					],
					"texture": "#3",
					"cullface": "south"
				}
			}
		},
		{
			"from": [
				7.25,
				1.2,
				30
			],
			"to": [
				8.75,
				2.2,
				30.5
			],
			"rotation": {
				"angle": 0,
				"axis": "y",
				"origin": [
					0,
					-0.05,
					7
				]
			},
			"faces": {
				"north": {
					"uv": [
						0.75,
						6.75,
						1.125,
						7
					],
					"texture": "#3"
				},
				"east": {
					"uv": [
						2.75,
						7.25,
						2.875,
						7.5
					],
					"texture": "#3"
				},
				"south": {
					"uv": [
						1.25,
						6.75,
						1.625,
						7
					],
					"texture": "#3",
					"cullface": "south"
				},
				"west": {
					"uv": [
						7.25,
						3.75,
						7.375,
						4
					],
					"texture": "#3"
				},
				"up": {
					"uv": [
						7.375,
						4.625,
						7,
						4.5
					],
					"texture": "#3"
				},
				"down": {
					"uv": [
						7.375,
						4.75,
						7,
						4.875
					],
					"texture": "#3"
				}
			}
		},
		{
			"from": [
				6,
				2.45,
				15.75
			],
			"to": [
				10,
				3.45,
				17.75
			],
			"rotation": {
				"angle": 22.5,
				"axis": "z",
				"origin": [
					8,
					2.95,
					16.75
				]
			},
			"faces": {
				"north": {
					"uv": [
						5.25,
						3,
						6.25,
						3.25
					],
					"texture": "#3"
				},
				"east": {
					"uv": [
						6.25,
						4.5,
						6.75,
						4.75
					],
					"texture": "#3"
				},
				"south": {
					"uv": [
						5.25,
						3.25,
						6.25,
						3.5
					],
					"texture": "#3"
				},
				"west": {
					"uv": [
						6.25,
						4.75,
						6.75,
						5
					],
					"texture": "#3"
				},
				"up": {
					"uv": [
						4,
						2,
						3,
						1.5
					],
					"texture": "#3"
				},
				"down": {
					"uv": [
						4,
						2,
						3,
						2.5
					],
					"texture": "#3"
				}
			}
		},
		{
			"from": [
				7.5,
				0.95,
				15.75
			],
			"to": [
				8.5,
				4.95,
				17.75
			],
			"rotation": {
				"angle": -22.5,
				"axis": "z",
				"origin": [
					8,
					2.95,
					16.75
				]
			},
			"faces": {
				"north": {
					"uv": [
						5.25,
						3.5,
						5.5,
						4.5
					],
					"texture": "#3"
				},
				"east": {
					"uv": [
						3,
						2.5,
						3.5,
						3.5
					],
					"texture": "#3"
				},
				"south": {
					"uv": [
						3.75,
						5.25,
						4,
						6.25
					],
					"texture": "#3"
				},
				"west": {
					"uv": [
						0.5,
						3.25,
						1,
						4.25
					],
					"texture": "#3"
				},
				"up": {
					"uv": [
						4.75,
						6.75,
						4.5,
						6.25
					],
					"texture": "#3"
				},
				"down": {
					"uv": [
						6.5,
						6,
						6.25,
						6.5
					],
					"texture": "#3"
				}
			}
		},
		{
			"from": [
				7.5,
				0.95,
				15.75
			],
			"to": [
				8.5,
				4.95,
				17.75
			],
			"rotation": {
				"angle": 22.5,
				"axis": "z",
				"origin": [
					8,
					2.95,
					16.75
				]
			},
			"faces": {
				"north": {
					"uv": [
						4,
						5.25,
						4.25,
						6.25
					],
					"texture": "#3"
				},
				"east": {
					"uv": [
						1,
						3.25,
						1.5,
						4.25
					],
					"texture": "#3"
				},
				"south": {
					"uv": [
						4.25,
						5.25,
						4.5,
						6.25
					],
					"texture": "#3"
				},
				"west": {
					"uv": [
						1.5,
						3.25,
						2,
						4.25
					],
					"texture": "#3"
				},
				"up": {
					"uv": [
						6.75,
						0.5,
						6.5,
						0
					],
					"texture": "#3"
				},
				"down": {
					"uv": [
						0.75,
						6.5,
						0.5,
						7
					],
					"texture": "#3"
				}
			}
		},
		{
			"from": [
				6,
				2.45,
				15.75
			],
			"to": [
				10,
				3.45,
				17.75
			],
			"rotation": {
				"angle": -22.5,
				"axis": "z",
				"origin": [
					8,
					2.95,
					16.75
				]
			},
			"faces": {
				"north": {
					"uv": [
						5.25,
						4.5,
						6.25,
						4.75
					],
					"texture": "#3"
				},
				"east": {
					"uv": [
						0.75,
						6.5,
						1.25,
						6.75
					],
					"texture": "#3"
				},
				"south": {
					"uv": [
						5.25,
						4.75,
						6.25,
						5
					],
					"texture": "#3"
				},
				"west": {
					"uv": [
						1.25,
						6.5,
						1.75,
						6.75
					],
					"texture": "#3"
				},
				"up": {
					"uv": [
						4.5,
						3,
						3.5,
						2.5
					],
					"texture": "#3"
				},
				"down": {
					"uv": [
						4,
						3.5,
						3,
						4
					],
					"texture": "#3"
				}
			}
		},
		{
			"from": [
				9.90625,
				1.95625,
				10.75
			],
			"to": [
				13.40625,
				3.45625,
				15.75
			],
			"rotation": {
				"angle": 0,
				"axis": "y",
				"origin": [
					8,
					1.70625,
					13.75
				]
			},
			"faces": {
				"north": {
					"uv": [
						4.5,
						0.75,
						5.375,
						1.125
					],
					"texture": "#3"
				},
				"east": {
					"uv": [
						3.5,
						3,
						4.75,
						3.375
					],
					"texture": "#3",
					"cullface": "down"
				},
				"south": {
					"uv": [
						4.5,
						2.5,
						5.375,
						2.875
					],
					"texture": "#3",
					"cullface": "down"
				},
				"up": {
					"uv": [
						1.375,
						3.25,
						0.5,
						2
					],
					"texture": "#3"
				},
				"down": {
					"uv": [
						2.375,
						2,
						1.5,
						3.25
					],
					"texture": "#3"
				}
			}
		},
		{
			"from": [
				9.90625,
				1.70625,
				10.5
			],
			"to": [
				10.15625,
				3.70625,
				16
			],
			"rotation": {
				"angle": 0,
				"axis": "y",
				"origin": [
					8,
					1.70625,
					13.75
				]
			},
			"faces": {
				"north": {
					"uv": [
						6,
						6.75,
						6.125,
						7.25
					],
					"texture": "#3"
				},
				"east": {
					"uv": [
						3,
						0.5,
						4.375,
						1
					],
					"texture": "#3"
				},
				"south": {
					"uv": [
						0.5,
						7,
						0.625,
						7.5
					],
					"texture": "#3",
					"cullface": "down"
				},
				"west": {
					"uv": [
						3,
						1,
						4.375,
						1.5
					],
					"texture": "#3"
				},
				"up": {
					"uv": [
						2.875,
						7.125,
						2.75,
						5.75
					],
					"texture": "#3"
				},
				"down": {
					"uv": [
						2.125,
						6,
						2,
						7.375
					],
					"texture": "#3"
				}
			}
		},
		{
			"from": [
				8.90625,
				1.95625,
				10.75
			],
			"to": [
				9.90625,
				3.45625,
				15.75
			],
			"rotation": {
				"angle": 0,
				"axis": "y",
				"origin": [
					8,
					1.70625,
					13.75
				]
			},
			"faces": {
				"north": {
					"uv": [
						6.75,
						2,
						7,
						2.375
					],
					"texture": "#3"
				},
				"south": {
					"uv": [
						6.75,
						2.5,
						7,
						2.875
					],
					"texture": "#3"
				},
				"up": {
					"uv": [
						2.5,
						5.75,
						2.25,
						4.5
					],
					"texture": "#3"
				},
				"down": {
					"uv": [
						3.75,
						4.75,
						3.5,
						6
					],
					"texture": "#3"
				}
			}
		},
		{
			"from": [
				7.75,
				1.31903,
				15.14567
			],
			"to": [
				8.25,
				1.81903,
				15.64567
			],
			"rotation": {
				"angle": 0,
				"axis": "y",
				"origin": [
					8,
					2.93452,
					17.24784
				]
			},
			"faces": {
				"north": {
					"uv": [
						0.5,
						7.5,
						0.625,
						7.625
					],
					"texture": "#3"
				},
				"east": {
					"uv": [
						7.5,
						0.75,
						7.625,
						0.875
					],
					"texture": "#3"
				},
				"west": {
					"uv": [
						7.5,
						1,
						7.625,
						1.125
					],
					"texture": "#3"
				},
				"up": {
					"uv": [
						7.625,
						1.375,
						7.5,
						1.25
					],
					"texture": "#3"
				},
				"down": {
					"uv": [
						1.625,
						7.5,
						1.5,
						7.625
					],
					"texture": "#3"
				}
			}
		},
		{
			"from": [
				6.5,
				4.3,
				13.25
			],
			"to": [
				7.25,
				7.3,
				13.75
			],
			"rotation": {
				"angle": 22.5,
				"axis": "x",
				"origin": [
					8,
					1.70625,
					13.75
				]
			},
			"faces": {
				"north": {
					"uv": [
						0.5,
						5.75,
						0.75,
						6.5
					],
					"texture": "#3"
				},
				"east": {
					"uv": [
						6.75,
						3,
						6.875,
						3.75
					],
					"texture": "#3"
				},
				"south": {
					"uv": [
						0.75,
						5.75,
						1,
						6.5
					],
					"texture": "#3"
				},
				"west": {
					"uv": [
						3.5,
						6.75,
						3.625,
						7.5
					],
					"texture": "#3"
				},
				"up": {
					"uv": [
						7.5,
						4.125,
						7.25,
						4
					],
					"texture": "#3"
				},
				"down": {
					"uv": [
						4.5,
						7.25,
						4.25,
						7.375
					],
					"texture": "#3"
				}
			}
		},
		{
			"from": [
				8.75,
				4.3,
				13.25
			],
			"to": [
				9.5,
				7.3,
				13.75
			],
			"rotation": {
				"angle": 22.5,
				"axis": "x",
				"origin": [
					8,
					1.70625,
					13.75
				]
			},
			"faces": {
				"north": {
					"uv": [
						2.25,
						5.75,
						2.5,
						6.5
					],
					"texture": "#3"
				},
				"east": {
					"uv": [
						3.75,
						6.75,
						3.875,
						7.5
					],
					"texture": "#3"
				},
				"south": {
					"uv": [
						2.5,
						5.75,
						2.75,
						6.5
					],
					"texture": "#3"
				},
				"west": {
					"uv": [
						4,
						6.75,
						4.125,
						7.5
					],
					"texture": "#3"
				},
				"up": {
					"uv": [
						7.5,
						4.375,
						7.25,
						4.25
					],
					"texture": "#3"
				},
				"down": {
					"uv": [
						4.75,
						7.25,
						4.5,
						7.375
					],
					"texture": "#3"
				}
			}
		},
		{
			"from": [
				9,
				-3.2,
				10.25
			],
			"to": [
				9.5,
				0.8,
				10.75
			],
			"rotation": {
				"angle": 22.5,
				"axis": "x",
				"origin": [
					8,
					1.70625,
					13.75
				]
			},
			"faces": {
				"north": {
					"uv": [
						1.75,
						6.5,
						1.875,
						7.5
					],
					"texture": "#3"
				},
				"east": {
					"uv": [
						6.5,
						2,
						6.625,
						3
					],
					"texture": "#3"
				},
				"south": {
					"uv": [
						2.25,
						6.5,
						2.375,
						7.5
					],
					"texture": "#3"
				},
				"west": {
					"uv": [
						2.5,
						6.5,
						2.625,
						7.5
					],
					"texture": "#3"
				},
				"up": {
					"uv": [
						7.625,
						1.625,
						7.5,
						1.5
					],
					"texture": "#3"
				},
				"down": {
					"uv": [
						1.875,
						7.5,
						1.75,
						7.625
					],
					"texture": "#3"
				}
			}
		},
		{
			"from": [
				8.75,
				-1.67796,
				8.34821
			],
			"to": [
				9.75,
				-1.17796,
				9.59821
			],
			"rotation": {
				"angle": 0,
				"axis": "x",
				"origin": [
					9.125,
					-0.42796,
					9.34821
				]
			},
			"faces": {
				"north": {
					"uv": [
						5.25,
						7.25,
						5.5,
						7.375
					],
					"texture": "#3"
				},
				"east": {
					"uv": [
						5.5,
						7,
						5.875,
						7.125
					],
					"texture": "#3"
				},
				"south": {
					"uv": [
						5.5,
						7.25,
						5.75,
						7.375
					],
					"texture": "#3"
				},
				"west": {
					"uv": [
						6.5,
						7,
						6.875,
						7.125
					],
					"texture": "#3"
				},
				"up": {
					"uv": [
						4.5,
						7.125,
						4.25,
						6.75
					],
					"texture": "#3"
				},
				"down": {
					"uv": [
						4.75,
						6.75,
						4.5,
						7.125
					],
					"texture": "#3"
				}
			}
		},
		{
			"from": [
				6.25,
				-1.67796,
				8.34821
			],
			"to": [
				7.25,
				-1.17796,
				9.59821
			],
			"rotation": {
				"angle": 0,
				"axis": "x",
				"origin": [
					9.125,
					-0.42796,
					9.34821
				]
			},
			"faces": {
				"north": {
					"uv": [
						5.75,
						7.25,
						6,
						7.375
					],
					"texture": "#3"
				},
				"east": {
					"uv": [
						7,
						6.75,
						7.375,
						6.875
					],
					"texture": "#3"
				},
				"south": {
					"uv": [
						6,
						7.25,
						6.25,
						7.375
					],
					"texture": "#3"
				},
				"west": {
					"uv": [
						7,
						7,
						7.375,
						7.125
					],
					"texture": "#3"
				},
				"up": {
					"uv": [
						7,
						4.875,
						6.75,
						4.5
					],
					"texture": "#3"
				},
				"down": {
					"uv": [
						5.5,
						6.75,
						5.25,
						7.125
					],
					"texture": "#3"
				}
			}
		},
		{
			"from": [
				6.5,
				-3.2,
				10.25
			],
			"to": [
				7,
				0.8,
				10.75
			],
			"rotation": {
				"angle": 22.5,
				"axis": "x",
				"origin": [
					8,
					1.70625,
					13.75
				]
			},
			"faces": {
				"north": {
					"uv": [
						3,
						6.5,
						3.125,
						7.5
					],
					"texture": "#3"
				},
				"east": {
					"uv": [
						3.25,
						6.5,
						3.375,
						7.5
					],
					"texture": "#3"
				},
				"south": {
					"uv": [
						4.75,
						6.5,
						4.875,
						7.5
					],
					"texture": "#3"
				},
				"west": {
					"uv": [
						5,
						6.5,
						5.125,
						7.5
					],
					"texture": "#3"
				},
				"up": {
					"uv": [
						7.625,
						1.875,
						7.5,
						1.75
					],
					"texture": "#3"
				},
				"down": {
					"uv": [
						2.125,
						7.5,
						2,
						7.625
					],
					"texture": "#3"
				}
			}
		},
		{
			"from": [
				6.25,
				7.3,
				13.25
			],
			"to": [
				9.75,
				7.8,
				13.75
			],
			"rotation": {
				"angle": 22.5,
				"axis": "x",
				"origin": [
					8,
					1.70625,
					13.75
				]
			},
			"faces": {
				"north": {
					"uv": [
						6.5,
						1.5,
						7.375,
						1.625
					],
					"texture": "#3"
				},
				"east": {
					"uv": [
						7.5,
						2,
						7.625,
						2.125
					],
					"texture": "#3"
				},
				"south": {
					"uv": [
						6.5,
						5,
						7.375,
						5.125
					],
					"texture": "#3"
				},
				"west": {
					"uv": [
						2.25,
						7.5,
						2.375,
						7.625
					],
					"texture": "#3"
				},
				"up": {
					"uv": [
						6.125,
						6.625,
						5.25,
						6.5
					],
					"texture": "#3"
				},
				"down": {
					"uv": [
						7.375,
						5.25,
						6.5,
						5.375
					],
					"texture": "#3"
				}
			}
		},
		{
			"from": [
				6.75,
				1.55,
				10
			],
			"to": [
				9.25,
				3.8,
				11.5
			],
			"rotation": {
				"angle": 0,
				"axis": "y",
				"origin": [
					8,
					1.70625,
					13.75
				]
			},
			"faces": {
				"north": {
					"uv": [
						2.5,
						3.5,
						4.125,
						5.125
					],
					"texture": "#1"
				},
				"east": {
					"uv": [
						2.5,
						3.25,
						3.875,
						5.375
					],
					"texture": "#1"
				},
				"south": {
					"uv": [
						3,
						4,
						3.625,
						4.625
					],
					"texture": "#1"
				},
				"west": {
					"uv": [
						2.5,
						3.25,
						4.375,
						5.375
					],
					"texture": "#1"
				},
				"up": {
					"uv": [
						4.125,
						5.375,
						2.5,
						3.5
					],
					"texture": "#1"
				},
				"down": {
					"uv": [
						7.625,
						7,
						5.5,
						9.375
					],
					"texture": "#1"
				}
			}
		},
		{
			"from": [
				7.25,
				3.8,
				10
			],
			"to": [
				8.75,
				4.3,
				11.5
			],
			"rotation": {
				"angle": 0,
				"axis": "y",
				"origin": [
					8,
					1.70625,
					13.75
				]
			},
			"faces": {
				"north": {
					"uv": [
						0,
						7.25,
						0.375,
						7.375
					],
					"texture": "#3"
				},
				"east": {
					"uv": [
						7.25,
						0,
						7.625,
						0.125
					],
					"texture": "#3"
				},
				"south": {
					"uv": [
						7.25,
						0.25,
						7.625,
						0.375
					],
					"texture": "#3"
				},
				"west": {
					"uv": [
						7.25,
						0.5,
						7.625,
						0.625
					],
					"texture": "#3"
				},
				"up": {
					"uv": [
						6.375,
						2.375,
						6,
						2
					],
					"texture": "#3"
				},
				"down": {
					"uv": [
						6.375,
						2.5,
						6,
						2.875
					],
					"texture": "#3"
				}
			}
		},
		{
			"from": [
				7.25,
				-0.175,
				21.875
			],
			"to": [
				8.75,
				3.575,
				22.875
			],
			"rotation": {
				"angle": -22.5,
				"axis": "x",
				"origin": [
					8,
					1.2,
					22.625
				]
			},
			"faces": {
				"north": {
					"uv": [
						3.75,
						4.25,
						4.125,
						5.25
					],
					"texture": "#3"
				},
				"east": {
					"uv": [
						4.5,
						5.25,
						4.75,
						6.25
					],
					"texture": "#3"
				},
				"south": {
					"uv": [
						4.25,
						4.25,
						4.625,
						5.25
					],
					"texture": "#3",
					"cullface": "south"
				},
				"west": {
					"uv": [
						5.25,
						5,
						5.5,
						6
					],
					"texture": "#3"
				},
				"down": {
					"uv": [
						7.125,
						3.75,
						6.75,
						4
					],
					"texture": "#3",
					"cullface": "down"
				}
			}
		},
		{
			"from": [
				7.75,
				1.7,
				21.25
			],
			"to": [
				8.25,
				2.2,
				21.75
			],
			"rotation": {
				"angle": 0,
				"axis": "y",
				"origin": [
					0,
					-2.8,
					16
				]
			},
			"faces": {
				"north": {
					"uv": [
						7.5,
						2.25,
						7.625,
						2.375
					],
					"texture": "#3"
				},
				"east": {
					"uv": [
						2.5,
						7.5,
						2.625,
						7.625
					],
					"texture": "#3"
				},
				"west": {
					"uv": [
						7.5,
						2.5,
						7.625,
						2.625
					],
					"texture": "#3"
				},
				"down": {
					"uv": [
						2.875,
						7.5,
						2.75,
						7.625
					],
					"texture": "#3"
				}
			}
		},
		{
			"from": [
				7.5,
				2,
				5.5
			],
			"to": [
				8.5,
				2.75,
				11.5
			],
			"rotation": {
				"angle": 0,
				"axis": "y",
				"origin": [
					0,
					0,
					7.5
				]
			},
			"faces": {
				"north": {
					"uv": [
						3.75,
						4,
						4,
						4.25
					],
					"texture": "#3"
				},
				"east": {
					"uv": [
						4,
						2.25,
						5.5,
						2.5
					],
					"texture": "#3"
				},
				"south": {
					"uv": [
						4.5,
						1.25,
						4.75,
						1.5
					],
					"texture": "#3"
				},
				"west": {
					"uv": [
						4.5,
						0.5,
						6,
						0.75
					],
					"texture": "#3"
				},
				"up": {
					"uv": [
						2.5,
						2,
						2.25,
						0.5
					],
					"texture": "#3"
				},
				"down": {
					"uv": [
						2.25,
						4.5,
						2,
						6
					],
					"texture": "#3"
				}
			}
		},
		{
			"from": [
				10.5,
				2.5,
				12.75
			],
			"to": [
				11.5,
				3.5,
				16
			],
			"rotation": {
				"angle": -45,
				"axis": "y",
				"origin": [
					8,
					3.375,
					8.5
				]
			},
			"faces": {
				"north": {
					"uv": [
						4.5,
						4,
						4.75,
						4.25
					],
					"texture": "#3"
				},
				"east": {
					"uv": [
						5.5,
						1.5,
						6.375,
						1.75
					],
					"texture": "#3"
				},
				"south": {
					"uv": [
						3.5,
						6,
						3.75,
						6.25
					],
					"texture": "#3"
				},
				"west": {
					"uv": [
						5.5,
						5,
						6.375,
						5.25
					],
					"texture": "#3"
				},
				"up": {
					"uv": [
						3.25,
						6.375,
						3,
						5.5
					],
					"texture": "#3"
				},
				"down": {
					"uv": [
						3.5,
						5.5,
						3.25,
						6.375
					],
					"texture": "#3"
				}
			}
		},
		{
			"from": [
				9.25,
				2.5,
				11.75
			],
			"to": [
				10.25,
				3.5,
				15
			],
			"rotation": {
				"angle": -45,
				"axis": "y",
				"origin": [
					8,
					3.375,
					8.5
				]
			},
			"faces": {
				"north": {
					"uv": [
						7,
						0.5,
						7.25,
						0.75
					],
					"texture": "#3"
				},
				"east": {
					"uv": [
						5.5,
						5.25,
						6.375,
						5.5
					],
					"texture": "#3"
				},
				"south": {
					"uv": [
						0.75,
						7,
						1,
						7.25
					],
					"texture": "#3"
				},
				"west": {
					"uv": [
						5.5,
						5.5,
						6.375,
						5.75
					],
					"texture": "#3"
				},
				"up": {
					"uv": [
						5,
						6.375,
						4.75,
						5.5
					],
					"texture": "#3"
				},
				"down": {
					"uv": [
						5.25,
						5.5,
						5,
						6.375
					],
					"texture": "#3"
				}
			}
		},
		{
			"from": [
				7.75,
				2.75,
				6.75
			],
			"to": [
				8.25,
				3,
				7.75
			],
			"rotation": {
				"angle": 0,
				"axis": "y",
				"origin": [
					0,
					0,
					7.5
				]
			},
			"faces": {
				"north": {
					"uv": [
						7.5,
						2.75,
						7.625,
						2.875
					],
					"texture": "#3"
				},
				"east": {
					"uv": [
						7.25,
						6,
						7.5,
						6.125
					],
					"texture": "#3"
				},
				"south": {
					"uv": [
						3,
						7.5,
						3.125,
						7.625
					],
					"texture": "#3"
				},
				"west": {
					"uv": [
						6.25,
						7.25,
						6.5,
						7.375
					],
					"texture": "#3"
				},
				"up": {
					"uv": [
						7.375,
						6.5,
						7.25,
						6.25
					],
					"texture": "#3"
				},
				"down": {
					"uv": [
						6.625,
						7.25,
						6.5,
						7.5
					],
					"texture": "#3"
				}
			}
		},
		{
			"from": [
				7.5,
				3,
				-14.5
			],
			"to": [
				8.5,
				4,
				11.5
			],
			"rotation": {
				"angle": 0,
				"axis": "y",
				"origin": [
					0,
					0,
					7.5
				]
			},
			"faces": {
				"north": {
					"uv": [
						1,
						7,
						1.25,
						7.25
					],
					"texture": "#3"
				},
				"east": {
					"uv": [
						0,
						0,
						6.5,
						0.25
					],
					"texture": "#3"
				},
				"south": {
					"uv": [
						1.25,
						7,
						1.5,
						7.25
					],
					"texture": "#3"
				},
				"west": {
					"uv": [
						0,
						0.25,
						6.5,
						0.5
					],
					"texture": "#3"
				},
				"up": {
					"uv": [
						0.25,
						7,
						0,
						0.5
					],
					"texture": "#3"
				},
				"down": {
					"uv": [
						0.5,
						0.5,
						0.25,
						7
					],
					"texture": "#3"
				}
			}
		},
		{
			"from": [
				7.25,
				2.75,
				-15.75
			],
			"to": [
				8.75,
				4.25,
				-14.5
			],
			"rotation": {
				"angle": 0,
				"axis": "y",
				"origin": [
					0,
					0,
					7.5
				]
			},
			"faces": {
				"north": {
					"uv": [
						5.25,
						6,
						5.625,
						6.375
					],
					"texture": "#3"
				},
				"east": {
					"uv": [
						5.75,
						6,
						6.125,
						6.375
					],
					"texture": "#3"
				},
				"south": {
					"uv": [
						6.25,
						3,
						6.625,
						3.375
					],
					"texture": "#3"
				},
				"west": {
					"uv": [
						3.5,
						6.25,
						3.875,
						6.625
					],
					"texture": "#3"
				},
				"up": {
					"uv": [
						6.625,
						3.875,
						6.25,
						3.5
					],
					"texture": "#3"
				},
				"down": {
					"uv": [
						4.375,
						6.25,
						4,
						6.625
					],
					"texture": "#3"
				}
			}
		},
		{
			"from": [
				8.75,
				3,
				-15.75
			],
			"to": [
				9,
				4,
				-14.5
			],
			"rotation": {
				"angle": 0,
				"axis": "y",
				"origin": [
					0,
					0,
					7.5
				]
			},
			"faces": {
				"north": {
					"uv": [
						7.25,
						6.5,
						7.375,
						6.75
					],
					"texture": "#3"
				},
				"east": {
					"uv": [
						5.5,
						6.75,
						5.875,
						7
					],
					"texture": "#3"
				},
				"south": {
					"uv": [
						6.75,
						7.25,
						6.875,
						7.5
					],
					"texture": "#3"
				},
				"west": {
					"uv": [
						6.75,
						6,
						7.125,
						6.25
					],
					"texture": "#3"
				},
				"up": {
					"uv": [
						0.875,
						7.625,
						0.75,
						7.25
					],
					"texture": "#3"
				},
				"down": {
					"uv": [
						7.375,
						0.75,
						7.25,
						1.125
					],
					"texture": "#3"
				}
			}
		},
		{
			"from": [
				7,
				3,
				-15.75
			],
			"to": [
				7.25,
				4,
				-14.5
			],
			"rotation": {
				"angle": 0,
				"axis": "y",
				"origin": [
					0,
					0,
					7.5
				]
			},
			"faces": {
				"north": {
					"uv": [
						7,
						7.25,
						7.125,
						7.5
					],
					"texture": "#3"
				},
				"east": {
					"uv": [
						6.75,
						6.25,
						7.125,
						6.5
					],
					"texture": "#3"
				},
				"south": {
					"uv": [
						7.25,
						7.25,
						7.375,
						7.5
					],
					"texture": "#3"
				},
				"west": {
					"uv": [
						6.5,
						6.75,
						6.875,
						7
					],
					"texture": "#3"
				},
				"up": {
					"uv": [
						1.125,
						7.625,
						1,
						7.25
					],
					"texture": "#3"
				},
				"down": {
					"uv": [
						1.375,
						7.25,
						1.25,
						7.625
					],
					"texture": "#3"
				}
			}
		},
		{
			"from": [
				6.25,
				4,
				14.25
			],
			"to": [
				9.75,
				4.5,
				15.25
			],
			"rotation": {
				"angle": 0,
				"axis": "y",
				"origin": [
					0,
					0,
					7.5
				]
			},
			"faces": {
				"north": {
					"uv": [
						6.5,
						5.5,
						7.375,
						5.625
					],
					"texture": "#3"
				},
				"east": {
					"uv": [
						0,
						7.5,
						0.25,
						7.625
					],
					"texture": "#3"
				},
				"south": {
					"uv": [
						6.5,
						5.75,
						7.375,
						5.875
					],
					"texture": "#3"
				},
				"west": {
					"uv": [
						0.25,
						7.5,
						0.5,
						7.625
					],
					"texture": "#3"
				},
				"up": {
					"uv": [
						6.375,
						6,
						5.5,
						5.75
					],
					"texture": "#3"
				},
				"down": {
					"uv": [
						6.875,
						0.5,
						6,
						0.75
					],
					"texture": "#3"
				}
			}
		},
		{
			"from": [
				7.5,
				4,
				11.5
			],
			"to": [
				8.5,
				4.75,
				15.75
			],
			"rotation": {
				"angle": 0,
				"axis": "y",
				"origin": [
					0,
					0,
					7.5
				]
			},
			"faces": {
				"north": {
					"uv": [
						1.5,
						7,
						1.75,
						7.25
					],
					"texture": "#3"
				},
				"east": {
					"uv": [
						4.75,
						1.75,
						5.875,
						2
					],
					"texture": "#3"
				},
				"south": {
					"uv": [
						7,
						2,
						7.25,
						2.25
					],
					"texture": "#3"
				},
				"west": {
					"uv": [
						4.75,
						2,
						5.875,
						2.25
					],
					"texture": "#3"
				},
				"up": {
					"uv": [
						1.75,
						6.375,
						1.5,
						5.25
					],
					"texture": "#3"
				},
				"down": {
					"uv": [
						2,
						5.25,
						1.75,
						6.375
					],
					"texture": "#3"
				}
			}
		},
		{
			"from": [
				8.15,
				4.75,
				14.7
			],
			"to": [
				8.475,
				5.225,
				15.35
			],
			"rotation": {
				"angle": 0,
				"axis": "y",
				"origin": [
					0,
					0,
					7.5
				]
			},
			"faces": {
				"north": {
					"uv": [
						4.75,
						4.25,
						4.875,
						4.375
					],
					"texture": "#3"
				},
				"east": {
					"uv": [
						4.75,
						4.5,
						4.875,
						4.625
					],
					"texture": "#3"
				},
				"south": {
					"uv": [
						5,
						1.5,
						5.125,
						1.625
					],
					"texture": "#3"
				},
				"west": {
					"uv": [
						5,
						3,
						5.125,
						3.125
					],
					"texture": "#3"
				},
				"up": {
					"uv": [
						5.125,
						3.375,
						5,
						3.25
					],
					"texture": "#3"
				},
				"down": {
					"uv": [
						5.125,
						4,
						5,
						4.125
					],
					"texture": "#3"
				}
			}
		},
		{
			"from": [
				7.525,
				4.75,
				14.7
			],
			"to": [
				7.85,
				5.225,
				15.35
			],
			"rotation": {
				"angle": 0,
				"axis": "y",
				"origin": [
					0,
					0,
					7.5
				]
			},
			"faces": {
				"north": {
					"uv": [
						4.5,
						2,
						4.625,
						2.125
					],
					"texture": "#3"
				},
				"east": {
					"uv": [
						3.5,
						4.5,
						3.625,
						4.625
					],
					"texture": "#3"
				},
				"south": {
					"uv": [
						4.75,
						1.5,
						4.875,
						1.625
					],
					"texture": "#3"
				},
				"west": {
					"uv": [
						4.75,
						3,
						4.875,
						3.125
					],
					"texture": "#3"
				},
				"up": {
					"uv": [
						4.875,
						3.375,
						4.75,
						3.25
					],
					"texture": "#3"
				},
				"down": {
					"uv": [
						4.875,
						4,
						4.75,
						4.125
					],
					"texture": "#3"
				}
			}
		},
		{
			"from": [
				7.9,
				4.15,
				-15.5
			],
			"to": [
				8.1,
				4.85,
				-15.25
			],
			"rotation": {
				"angle": 0,
				"axis": "y",
				"origin": [
					0,
					0,
					7.5
				]
			},
			"faces": {
				"north": {
					"uv": [
						7.5,
						3,
						7.625,
						3.125
					],
					"texture": "#3"
				},
				"east": {
					"uv": [
						3.25,
						7.5,
						3.375,
						7.625
					],
					"texture": "#3"
				},
				"south": {
					"uv": [
						7.5,
						3.25,
						7.625,
						3.375
					],
					"texture": "#3"
				},
				"west": {
					"uv": [
						3.5,
						7.5,
						3.625,
						7.625
					],
					"texture": "#3"
				},
				"up": {
					"uv": [
						7.625,
						3.625,
						7.5,
						3.5
					],
					"texture": "#3"
				},
				"down": {
					"uv": [
						3.875,
						7.5,
						3.75,
						7.625
					],
					"texture": "#3"
				}
			}
		}
	],
	"groups": [
		0,
		1,
		2,
		3,
		4,
		5,
		6,
		7,
		8,
		9,
		10,
		11,
		12,
		13,
		14,
		{
			"name": "group",
			"origin": [
				0,
				-2.8,
				8.5
			],
			"color": 0,
			"children": [
				15,
				16,
				17,
				18
			]
		},
		{
			"name": "group",
			"origin": [
				8,
				1.93452,
				13.74784
			],
			"color": 0,
			"children": [
				19,
				20,
				21,
				22,
				23,
				24,
				25,
				26,
				27,
				28,
				29,
				30,
				31
			]
		},
		32,
		33,
		34,
		35,
		36,
		37,
		38,
		39,
		40,
		41,
		42,
		43,
		44,
		45,
		46
	],
	"display": {
		"thirdperson_righthand": {
			"translation": [
				0,
				6.75,
				-14.5
			],
			"scale": [
				1.21,
				1.21,
				1.21
			]
		},
		"thirdperson_lefthand": {
			"translation": [
				0,
				6.75,
				-14.5
			],
			"scale": [
				-1.21,
				1.21,
				1.21
			]
		},
		"firstperson_righthand": {
			"translation": [
				-6,
				10.5,
				-5.5
			],
			"scale": [
				1,
				1,
				0.88
			]
		},
		"firstperson_lefthand": {
			"translation": [
				-6,
				10.5,
				-5.5
			],
			"scale": [
				-1,
				1,
				0.88
			]
		},
		"ground": {
			"translation": [
				0,
				5,
				0
			],
			"scale": [
				0.6,
				0.6,
				0.6
			]
		},
		"gui": {
			"rotation": [
				20,
				-147,
				0
			],
			"translation": [
				0,
				3,
				-1
			],
			"scale": [
				0.59,
				0.59,
				0.59
			]
		},
		"fixed": {
			"rotation": [
				0,
				90,
				0
			],
			"translation": [
				-4.25,
				8.25,
				-2.75
			],
			"scale": [
				1.3,
				1.3,
				1.3
			]
		}
	}
}