{
	"credit": "Made with Blockbench",
	"texture_size": [
		32,
		32
	],
	"textures": {
		"1": "scguns_laf:item/new_autocrossbow_texture",
		"particle": "scguns_laf:item/new_autocrossbow_texture"
	},
	"elements": [
		{
			"from": [
				7.3931,
				-0.1215,
				16.9465
			],
			"to": [
				8.6069,
				3.6865,
				18.434
			],
			"rotation": {
				"angle": -22.5,
				"axis": "x",
				"origin": [
					8.595,
					0.057,
					18.125
				]
			},
			"faces": {
				"north": {
					"uv": [
						5.5,
						1.5,
						6,
						3.5
					],
					"texture": "#1"
				},
				"east": {
					"uv": [
						0,
						0,
						0.75,
						2
					],
					"texture": "#1"
				},
				"south": {
					"uv": [
						2,
						5.5,
						2.5,
						7.5
					],
					"texture": "#1"
				},
				"west": {
					"uv": [
						1,
						0,
						1.75,
						2
					],
					"texture": "#1"
				},
				"up": {
					"uv": [
						1.5,
						10.25,
						1,
						9.5
					],
					"texture": "#1"
				},
				"down": {
					"uv": [
						2,
						9.5,
						1.5,
						10.25
					],
					"texture": "#1"
				}
			}
		},
		{
			"from": [
				7.4526,
				-0.3,
				17.125
			],
			"to": [
				8.5474,
				-0.1215,
				18.2555
			],
			"rotation": {
				"angle": -22.5,
				"axis": "x",
				"origin": [
					8.595,
					0.057,
					18.125
				]
			},
			"faces": {
				"north": {
					"uv": [
						0,
						11.5,
						0.5,
						11.75
					],
					"texture": "#1"
				},
				"east": {
					"uv": [
						11.5,
						0,
						12,
						0.25
					],
					"texture": "#1"
				},
				"south": {
					"uv": [
						0.5,
						11.5,
						1,
						11.75
					],
					"texture": "#1"
				},
				"west": {
					"uv": [
						11.5,
						0.5,
						12,
						0.75
					],
					"texture": "#1"
				},
				"up": {
					"uv": [
						4.5,
						5,
						4,
						4.5
					],
					"texture": "#1"
				},
				"down": {
					"uv": [
						8,
						7,
						7.5,
						7.5
					],
					"texture": "#1"
				}
			}
		},
		{
			"from": [
				7.6906,
				1.6635,
				15.2905
			],
			"to": [
				8.3094,
				2.3775,
				15.588
			],
			"rotation": {
				"angle": 0,
				"axis": "y",
				"origin": [
					8.595,
					0.3545,
					18.125
				]
			},
			"faces": {
				"north": {
					"uv": [
						5.5,
						12,
						5.75,
						12.25
					],
					"texture": "#1"
				},
				"east": {
					"uv": [
						12,
						5.5,
						12.25,
						5.75
					],
					"texture": "#1"
				},
				"south": {
					"uv": [
						6,
						12,
						6.25,
						12.25
					],
					"texture": "#1"
				},
				"west": {
					"uv": [
						12,
						6,
						12.25,
						6.25
					],
					"texture": "#1"
				},
				"up": {
					"uv": [
						6.75,
						12.25,
						6.5,
						12
					],
					"texture": "#1"
				},
				"down": {
					"uv": [
						12.25,
						6.5,
						12,
						6.75
					],
					"texture": "#1"
				}
			}
		},
		{
			"from": [
				7.6906,
				1.6065,
				12.8195
			],
			"to": [
				8.3094,
				2.3775,
				13.117
			],
			"rotation": {
				"angle": 0,
				"axis": "y",
				"origin": [
					8.595,
					0.3545,
					16.925
				]
			},
			"faces": {
				"north": {
					"uv": [
						1,
						11.5,
						1.25,
						12
					],
					"texture": "#1"
				},
				"east": {
					"uv": [
						11.5,
						1,
						11.75,
						1.5
					],
					"texture": "#1"
				},
				"south": {
					"uv": [
						1.5,
						11.5,
						1.75,
						12
					],
					"texture": "#1"
				},
				"west": {
					"uv": [
						11.5,
						1.5,
						11.75,
						2
					],
					"texture": "#1"
				},
				"up": {
					"uv": [
						7.25,
						12.25,
						7,
						12
					],
					"texture": "#1"
				},
				"down": {
					"uv": [
						12.25,
						7,
						12,
						7.25
					],
					"texture": "#1"
				}
			}
		},
		{
			"from": [
				7.5906,
				2.0065,
				12.6195
			],
			"to": [
				8.4094,
				3.0775,
				13.117
			],
			"rotation": {
				"angle": 0,
				"axis": "y",
				"origin": [
					8.595,
					0.3545,
					16.925
				]
			},
			"faces": {
				"north": {
					"uv": [
						4.5,
						10,
						5,
						10.5
					],
					"texture": "#1"
				},
				"east": {
					"uv": [
						2,
						11.5,
						2.25,
						12
					],
					"texture": "#1"
				},
				"south": {
					"uv": [
						10,
						6.5,
						10.5,
						7
					],
					"texture": "#1"
				},
				"west": {
					"uv": [
						11.5,
						2,
						11.75,
						2.5
					],
					"texture": "#1"
				},
				"up": {
					"uv": [
						3,
						11.75,
						2.5,
						11.5
					],
					"texture": "#1"
				},
				"down": {
					"uv": [
						12,
						2.5,
						11.5,
						2.75
					],
					"texture": "#1"
				}
			}
		},
		{
			"from": [
				7.8096,
				1.6875,
				12.841
			],
			"to": [
				8.1904,
				2.0445,
				14.5955
			],
			"rotation": {
				"angle": 0,
				"axis": "y",
				"origin": [
					8.595,
					0.3545,
					16.925
				]
			},
			"faces": {
				"north": {
					"uv": [
						7.5,
						12,
						7.75,
						12.25
					],
					"texture": "#1"
				},
				"east": {
					"uv": [
						10,
						7,
						11,
						7.25
					],
					"texture": "#1"
				},
				"south": {
					"uv": [
						12,
						7.5,
						12.25,
						7.75
					],
					"texture": "#1"
				},
				"west": {
					"uv": [
						8.5,
						10,
						9.5,
						10.25
					],
					"texture": "#1"
				},
				"up": {
					"uv": [
						10.25,
						10,
						10,
						9
					],
					"texture": "#1"
				},
				"down": {
					"uv": [
						9.75,
						10,
						9.5,
						11
					],
					"texture": "#1"
				}
			}
		},
		{
			"from": [
				7.8096,
				1.4255,
				16.002
			],
			"to": [
				8.1904,
				1.9015,
				16.5565
			],
			"rotation": {
				"angle": 0,
				"axis": "y",
				"origin": [
					8.595,
					0.3545,
					18.125
				]
			},
			"faces": {
				"north": {
					"uv": [
						8,
						12,
						8.25,
						12.25
					],
					"texture": "#1"
				},
				"east": {
					"uv": [
						12,
						8,
						12.25,
						8.25
					],
					"texture": "#1"
				},
				"south": {
					"uv": [
						8.5,
						12,
						8.75,
						12.25
					],
					"texture": "#1"
				},
				"west": {
					"uv": [
						12,
						8.5,
						12.25,
						8.75
					],
					"texture": "#1"
				},
				"up": {
					"uv": [
						9.25,
						12.25,
						9,
						12
					],
					"texture": "#1"
				},
				"down": {
					"uv": [
						12.25,
						9,
						12,
						9.25
					],
					"texture": "#1"
				}
			}
		},
		{
			"from": [
				7.7096,
				1.1255,
				14.602
			],
			"to": [
				8.2904,
				2.4015,
				14.9565
			],
			"rotation": {
				"angle": 0,
				"axis": "y",
				"origin": [
					8.595,
					0.3545,
					18.125
				]
			},
			"faces": {
				"north": {
					"uv": [
						4.5,
						11,
						4.75,
						11.75
					],
					"texture": "#1"
				},
				"east": {
					"uv": [
						11,
						4.5,
						11.25,
						5.25
					],
					"texture": "#1"
				},
				"south": {
					"uv": [
						5,
						11,
						5.25,
						11.75
					],
					"texture": "#1"
				},
				"west": {
					"uv": [
						6.5,
						11,
						6.75,
						11.75
					],
					"texture": "#1"
				},
				"up": {
					"uv": [
						9.75,
						12.25,
						9.5,
						12
					],
					"texture": "#1"
				},
				"down": {
					"uv": [
						12.25,
						9.5,
						12,
						9.75
					],
					"texture": "#1"
				}
			}
		},
		{
			"from": [
				7.8096,
				1.2255,
				14.702
			],
			"to": [
				8.1904,
				1.5015,
				16.5565
			],
			"rotation": {
				"angle": 0,
				"axis": "y",
				"origin": [
					8.595,
					0.3545,
					18.125
				]
			},
			"faces": {
				"north": {
					"uv": [
						10,
						12,
						10.25,
						12.25
					],
					"texture": "#1"
				},
				"east": {
					"uv": [
						10,
						10,
						11,
						10.25
					],
					"texture": "#1"
				},
				"south": {
					"uv": [
						12,
						10,
						12.25,
						10.25
					],
					"texture": "#1"
				},
				"west": {
					"uv": [
						1,
						10.5,
						2,
						10.75
					],
					"texture": "#1"
				},
				"up": {
					"uv": [
						3.25,
						11.5,
						3,
						10.5
					],
					"texture": "#1"
				},
				"down": {
					"uv": [
						3.75,
						10.5,
						3.5,
						11.5
					],
					"texture": "#1"
				}
			}
		},
		{
			"from": [
				7.8096,
				1.9015,
				15.5285
			],
			"to": [
				8.1904,
				2.3775,
				16.345
			],
			"rotation": {
				"angle": 0,
				"axis": "y",
				"origin": [
					8.595,
					0.3545,
					18.125
				]
			},
			"faces": {
				"north": {
					"uv": [
						10.5,
						12,
						10.75,
						12.25
					],
					"texture": "#1"
				},
				"east": {
					"uv": [
						3,
						11.5,
						3.5,
						11.75
					],
					"texture": "#1"
				},
				"south": {
					"uv": [
						12,
						10.5,
						12.25,
						10.75
					],
					"texture": "#1"
				},
				"west": {
					"uv": [
						11.5,
						3,
						12,
						3.25
					],
					"texture": "#1"
				},
				"up": {
					"uv": [
						3.75,
						12,
						3.5,
						11.5
					],
					"texture": "#1"
				},
				"down": {
					"uv": [
						11.75,
						3.5,
						11.5,
						4
					],
					"texture": "#1"
				}
			}
		},
		{
			"from": [
				7.6906,
				-0.0025,
				16.887
			],
			"to": [
				8.3094,
				3.746,
				18.553
			],
			"rotation": {
				"angle": -22.5,
				"axis": "x",
				"origin": [
					8.595,
					0.057,
					18.125
				]
			},
			"faces": {
				"north": {
					"uv": [
						5,
						8.5,
						5.25,
						10.25
					],
					"texture": "#1"
				},
				"east": {
					"uv": [
						1,
						3.5,
						1.75,
						5.25
					],
					"texture": "#1"
				},
				"south": {
					"uv": [
						8.5,
						5,
						8.75,
						6.75
					],
					"texture": "#1"
				},
				"west": {
					"uv": [
						2,
						3.5,
						2.75,
						5.25
					],
					"texture": "#1"
				},
				"up": {
					"uv": [
						11.25,
						7.25,
						11,
						6.5
					],
					"texture": "#1"
				},
				"down": {
					"uv": [
						7.25,
						11,
						7,
						11.75
					],
					"texture": "#1"
				}
			}
		},
		{
			"from": [
				7.405,
				3.2725,
				15.041
			],
			"to": [
				8.595,
				4.4625,
				17.778
			],
			"rotation": {
				"angle": 0,
				"axis": "y",
				"origin": [
					-0.925,
					-0.8925,
					-0.0555
				]
			},
			"faces": {
				"north": {
					"uv": [
						10.5,
						1,
						11,
						1.5
					],
					"texture": "#1"
				},
				"east": {
					"uv": [
						4.5,
						6.5,
						5.75,
						7
					],
					"texture": "#1"
				},
				"south": {
					"uv": [
						4,
						10.5,
						4.5,
						11
					],
					"texture": "#1"
				},
				"west": {
					"uv": [
						7,
						1,
						8.25,
						1.5
					],
					"texture": "#1"
				},
				"up": {
					"uv": [
						1.5,
						8.25,
						1,
						7
					],
					"texture": "#1"
				},
				"down": {
					"uv": [
						2,
						7,
						1.5,
						8.25
					],
					"texture": "#1"
				}
			}
		},
		{
			"from": [
				7.524,
				2.3775,
				13.722
			],
			"to": [
				8.476,
				4.5195,
				16.34
			],
			"rotation": {
				"angle": 0,
				"axis": "y",
				"origin": [
					-0.925,
					-1.1925,
					-0.8555
				]
			},
			"faces": {
				"north": {
					"uv": [
						3,
						8.5,
						3.5,
						9.5
					],
					"texture": "#1"
				},
				"east": {
					"uv": [
						3,
						1.5,
						4.25,
						2.5
					],
					"texture": "#1"
				},
				"south": {
					"uv": [
						8.5,
						4,
						9,
						5
					],
					"texture": "#1"
				},
				"west": {
					"uv": [
						3,
						3.5,
						4.25,
						4.5
					],
					"texture": "#1"
				},
				"up": {
					"uv": [
						7.5,
						2.75,
						7,
						1.5
					],
					"texture": "#1"
				},
				"down": {
					"uv": [
						3.5,
						7,
						3,
						8.25
					],
					"texture": "#1"
				}
			}
		},
		{
			"from": [
				7.424,
				1.9775,
				13.022
			],
			"to": [
				8.576,
				3.4195,
				14.64
			],
			"rotation": {
				"angle": 0,
				"axis": "y",
				"origin": [
					-0.925,
					-1.1925,
					-0.0555
				]
			},
			"faces": {
				"north": {
					"uv": [
						3,
						9.5,
						3.5,
						10.25
					],
					"texture": "#1"
				},
				"east": {
					"uv": [
						7.5,
						4,
						8.25,
						4.75
					],
					"texture": "#1"
				},
				"south": {
					"uv": [
						3.5,
						9.5,
						4,
						10.25
					],
					"texture": "#1"
				},
				"west": {
					"uv": [
						5,
						7.5,
						5.75,
						8.25
					],
					"texture": "#1"
				},
				"up": {
					"uv": [
						4.5,
						10.25,
						4,
						9.5
					],
					"texture": "#1"
				},
				"down": {
					"uv": [
						6,
						9.5,
						5.5,
						10.25
					],
					"texture": "#1"
				}
			}
		},
		{
			"from": [
				7.643,
				4.8,
				15.464
			],
			"to": [
				7.881,
				4.919,
				15.821
			],
			"rotation": {
				"angle": 0,
				"axis": "y",
				"origin": [
					-0.925,
					-0.8925,
					-0.0555
				]
			},
			"faces": {
				"north": {
					"uv": [
						11,
						12,
						11.25,
						12.25
					],
					"texture": "#1"
				},
				"east": {
					"uv": [
						12,
						11,
						12.25,
						11.25
					],
					"texture": "#1"
				},
				"south": {
					"uv": [
						11.5,
						12,
						11.75,
						12.25
					],
					"texture": "#1"
				},
				"west": {
					"uv": [
						12,
						11.5,
						12.25,
						11.75
					],
					"texture": "#1"
				},
				"up": {
					"uv": [
						12.25,
						12.25,
						12,
						12
					],
					"texture": "#1"
				},
				"down": {
					"uv": [
						0.25,
						12.5,
						0,
						12.75
					],
					"texture": "#1"
				}
			}
		},
		{
			"from": [
				8.119,
				4.8,
				15.464
			],
			"to": [
				8.357,
				4.919,
				15.821
			],
			"rotation": {
				"angle": 0,
				"axis": "y",
				"origin": [
					-0.925,
					-0.8925,
					-0.0555
				]
			},
			"faces": {
				"north": {
					"uv": [
						12.5,
						0,
						12.75,
						0.25
					],
					"texture": "#1"
				},
				"east": {
					"uv": [
						0.5,
						12.5,
						0.75,
						12.75
					],
					"texture": "#1"
				},
				"south": {
					"uv": [
						12.5,
						0.5,
						12.75,
						0.75
					],
					"texture": "#1"
				},
				"west": {
					"uv": [
						1,
						12.5,
						1.25,
						12.75
					],
					"texture": "#1"
				},
				"up": {
					"uv": [
						12.75,
						1.25,
						12.5,
						1
					],
					"texture": "#1"
				},
				"down": {
					"uv": [
						1.75,
						12.5,
						1.5,
						12.75
					],
					"texture": "#1"
				}
			}
		},
		{
			"from": [
				7.524,
				3.4105,
				17.678
			],
			"to": [
				8.476,
				4.3435,
				17.973
			],
			"rotation": {
				"angle": 0,
				"axis": "y",
				"origin": [
					-0.925,
					-0.8925,
					-0.0555
				]
			},
			"faces": {
				"north": {
					"uv": [
						4.5,
						10.5,
						5,
						11
					],
					"texture": "#1"
				},
				"east": {
					"uv": [
						4,
						11.5,
						4.25,
						12
					],
					"texture": "#1"
				},
				"south": {
					"uv": [
						5,
						10.5,
						5.5,
						11
					],
					"texture": "#1"
				},
				"west": {
					"uv": [
						11.5,
						4,
						11.75,
						4.5
					],
					"texture": "#1"
				},
				"up": {
					"uv": [
						12,
						4.75,
						11.5,
						4.5
					],
					"texture": "#1"
				},
				"down": {
					"uv": [
						12,
						5,
						11.5,
						5.25
					],
					"texture": "#1"
				}
			}
		},
		{
			"from": [
				7.2265,
				1.7255,
				9.547
			],
			"to": [
				8.7735,
				3.2725,
				12.641
			],
			"rotation": {
				"angle": 45,
				"axis": "z",
				"origin": [
					8,
					2.499,
					11.332
				]
			},
			"faces": {
				"north": {
					"uv": [
						7.5,
						5,
						8.25,
						5.75
					],
					"texture": "#1"
				},
				"east": {
					"uv": [
						4,
						0,
						5.5,
						0.75
					],
					"texture": "#1"
				},
				"south": {
					"uv": [
						6,
						7.5,
						6.75,
						8.25
					],
					"texture": "#1"
				},
				"west": {
					"uv": [
						4,
						2.5,
						5.5,
						3.25
					],
					"texture": "#1"
				},
				"up": {
					"uv": [
						3.75,
						6,
						3,
						4.5
					],
					"texture": "#1"
				},
				"down": {
					"uv": [
						5.25,
						3.5,
						4.5,
						5
					],
					"texture": "#1"
				}
			}
		},
		{
			"from": [
				7.1075,
				1.6065,
				10.856
			],
			"to": [
				8.8925,
				3.3915,
				11.332
			],
			"rotation": {
				"angle": 45,
				"axis": "z",
				"origin": [
					8,
					2.499,
					11.332
				]
			},
			"faces": {
				"north": {
					"uv": [
						4.5,
						1.5,
						5.5,
						2.5
					],
					"texture": "#1"
				},
				"east": {
					"uv": [
						5.5,
						10.5,
						5.75,
						11.5
					],
					"texture": "#1"
				},
				"south": {
					"uv": [
						5.5,
						0,
						6.5,
						1
					],
					"texture": "#1"
				},
				"west": {
					"uv": [
						6,
						10.5,
						6.25,
						11.5
					],
					"texture": "#1"
				},
				"up": {
					"uv": [
						11.5,
						6.25,
						10.5,
						6
					],
					"texture": "#1"
				},
				"down": {
					"uv": [
						7.5,
						10.5,
						6.5,
						10.75
					],
					"texture": "#1"
				}
			}
		},
		{
			"from": [
				7.5835,
				2.0825,
				9.309
			],
			"to": [
				8.4165,
				2.9155,
				9.547
			],
			"rotation": {
				"angle": 0,
				"axis": "y",
				"origin": [
					8,
					2.499,
					11.332
				]
			},
			"faces": {
				"north": {
					"uv": [
						10.5,
						6.5,
						11,
						7
					],
					"texture": "#1"
				},
				"east": {
					"uv": [
						5.5,
						11.5,
						5.75,
						12
					],
					"texture": "#1"
				},
				"south": {
					"uv": [
						7.5,
						10.5,
						8,
						11
					],
					"texture": "#1"
				},
				"west": {
					"uv": [
						6,
						11.5,
						6.25,
						12
					],
					"texture": "#1"
				},
				"up": {
					"uv": [
						12,
						6.25,
						11.5,
						6
					],
					"texture": "#1"
				},
				"down": {
					"uv": [
						12,
						6.5,
						11.5,
						6.75
					],
					"texture": "#1"
				}
			}
		},
		{
			"from": [
				7.8215,
				2.3205,
				8.833
			],
			"to": [
				8.1785,
				3.1535,
				9.071
			],
			"rotation": {
				"angle": 0,
				"axis": "y",
				"origin": [
					8,
					2.499,
					11.332
				]
			},
			"faces": {
				"north": {
					"uv": [
						11.5,
						7,
						11.75,
						7.5
					],
					"texture": "#1"
				},
				"east": {
					"uv": [
						7.5,
						11.5,
						7.75,
						12
					],
					"texture": "#1"
				},
				"south": {
					"uv": [
						8,
						11.5,
						8.25,
						12
					],
					"texture": "#1"
				},
				"west": {
					"uv": [
						11.5,
						8.5,
						11.75,
						9
					],
					"texture": "#1"
				},
				"up": {
					"uv": [
						12.75,
						1.75,
						12.5,
						1.5
					],
					"texture": "#1"
				},
				"down": {
					"uv": [
						2.25,
						12.5,
						2,
						12.75
					],
					"texture": "#1"
				}
			}
		},
		{
			"from": [
				7.8215,
				2.3205,
				9.071
			],
			"to": [
				8.1785,
				2.6775,
				9.309
			],
			"rotation": {
				"angle": 0,
				"axis": "y",
				"origin": [
					8,
					2.499,
					11.332
				]
			},
			"faces": {
				"north": {
					"uv": [
						12.5,
						2,
						12.75,
						2.25
					],
					"texture": "#1"
				},
				"east": {
					"uv": [
						2.5,
						12.5,
						2.75,
						12.75
					],
					"texture": "#1"
				},
				"south": {
					"uv": [
						12.5,
						2.5,
						12.75,
						2.75
					],
					"texture": "#1"
				},
				"west": {
					"uv": [
						3,
						12.5,
						3.25,
						12.75
					],
					"texture": "#1"
				},
				"up": {
					"uv": [
						12.75,
						3.25,
						12.5,
						3
					],
					"texture": "#1"
				},
				"down": {
					"uv": [
						3.75,
						12.5,
						3.5,
						12.75
					],
					"texture": "#1"
				}
			}
		},
		{
			"from": [
				7.7025,
				3.1535,
				8.714
			],
			"to": [
				8.2975,
				3.3915,
				9.19
			],
			"rotation": {
				"angle": 0,
				"axis": "y",
				"origin": [
					8,
					2.499,
					11.332
				]
			},
			"faces": {
				"north": {
					"uv": [
						12.5,
						3.5,
						12.75,
						3.75
					],
					"texture": "#1"
				},
				"east": {
					"uv": [
						4,
						12.5,
						4.25,
						12.75
					],
					"texture": "#1"
				},
				"south": {
					"uv": [
						12.5,
						4,
						12.75,
						4.25
					],
					"texture": "#1"
				},
				"west": {
					"uv": [
						4.5,
						12.5,
						4.75,
						12.75
					],
					"texture": "#1"
				},
				"up": {
					"uv": [
						12.75,
						4.75,
						12.5,
						4.5
					],
					"texture": "#1"
				},
				"down": {
					"uv": [
						5.25,
						12.5,
						5,
						12.75
					],
					"texture": "#1"
				}
			}
		},
		{
			"from": [
				7.405,
				3.7485,
				9.1349
			],
			"to": [
				8.595,
				3.927,
				12.56
			],
			"rotation": {
				"angle": 0,
				"axis": "y",
				"origin": [
					-0.925,
					-0.8925,
					-2.8555
				]
			},
			"faces": {
				"north": {
					"uv": [
						11.5,
						9,
						12,
						9.25
					],
					"texture": "#1"
				},
				"east": {
					"uv": [
						8,
						3,
						9.75,
						3.25
					],
					"texture": "#1"
				},
				"south": {
					"uv": [
						9.5,
						11.5,
						10,
						11.75
					],
					"texture": "#1"
				},
				"west": {
					"uv": [
						8.5,
						1,
						10.25,
						1.25
					],
					"texture": "#1"
				},
				"up": {
					"uv": [
						3,
						7.25,
						2.5,
						5.5
					],
					"texture": "#1"
				},
				"down": {
					"uv": [
						6.5,
						1,
						6,
						2.75
					],
					"texture": "#1"
				}
			}
		},
		{
			"from": [
				6.234,
				3.5105,
				8.1639
			],
			"to": [
				9.766,
				4.165,
				9.0921
			],
			"rotation": {
				"angle": 0,
				"axis": "y",
				"origin": [
					-0.925,
					-0.8925,
					-2.8555
				]
			},
			"faces": {
				"north": {
					"uv": [
						5.5,
						8.5,
						7.25,
						8.75
					],
					"texture": "#1"
				},
				"east": {
					"uv": [
						11.5,
						9.5,
						12,
						9.75
					],
					"texture": "#1"
				},
				"south": {
					"uv": [
						9,
						4,
						10.75,
						4.25
					],
					"texture": "#1"
				},
				"west": {
					"uv": [
						10,
						11.5,
						10.5,
						11.75
					],
					"texture": "#1"
				},
				"up": {
					"uv": [
						7.25,
						4,
						5.5,
						3.5
					],
					"texture": "#1"
				},
				"down": {
					"uv": [
						7.25,
						4,
						5.5,
						4.5
					],
					"texture": "#1"
				}
			}
		},
		{
			"from": [
				4.3275,
				3.6295,
				8.6399
			],
			"to": [
				6.572,
				4.046,
				9.3301
			],
			"rotation": {
				"angle": 22.5,
				"axis": "y",
				"origin": [
					5.53075,
					3.83775,
					8.985
				]
			},
			"faces": {
				"north": {
					"uv": [
						8,
						10.5,
						9,
						10.75
					],
					"texture": "#1"
				},
				"east": {
					"uv": [
						12.5,
						5,
						12.75,
						5.25
					],
					"texture": "#1"
				},
				"south": {
					"uv": [
						10.5,
						8.5,
						11.5,
						8.75
					],
					"texture": "#1"
				},
				"west": {
					"uv": [
						5.5,
						12.5,
						5.75,
						12.75
					],
					"texture": "#1"
				},
				"up": {
					"uv": [
						11.5,
						9.25,
						10.5,
						9
					],
					"texture": "#1"
				},
				"down": {
					"uv": [
						11.5,
						9.5,
						10.5,
						9.75
					],
					"texture": "#1"
				}
			}
		},
		{
			"from": [
				9.3875,
				3.6295,
				8.6399
			],
			"to": [
				11.732,
				4.046,
				9.3301
			],
			"rotation": {
				"angle": -22.5,
				"axis": "y",
				"origin": [
					10.40975,
					3.83775,
					8.985
				]
			},
			"faces": {
				"north": {
					"uv": [
						9.5,
						7.5,
						10.75,
						7.75
					],
					"texture": "#1"
				},
				"east": {
					"uv": [
						12.5,
						5.5,
						12.75,
						5.75
					],
					"texture": "#1"
				},
				"south": {
					"uv": [
						8.5,
						9.5,
						9.75,
						9.75
					],
					"texture": "#1"
				},
				"west": {
					"uv": [
						6,
						12.5,
						6.25,
						12.75
					],
					"texture": "#1"
				},
				"up": {
					"uv": [
						11.25,
						0.25,
						10,
						0
					],
					"texture": "#1"
				},
				"down": {
					"uv": [
						11.25,
						0.5,
						10,
						0.75
					],
					"texture": "#1"
				}
			}
		},
		{
			"from": [
				9.3685,
				3.7485,
				8.5209
			],
			"to": [
				11.751,
				3.927,
				9.4491
			],
			"rotation": {
				"angle": -22.5,
				"axis": "y",
				"origin": [
					10.40975,
					3.83775,
					8.985
				]
			},
			"faces": {
				"north": {
					"uv": [
						10,
						1.5,
						11.25,
						1.75
					],
					"texture": "#1"
				},
				"east": {
					"uv": [
						11.5,
						10.5,
						12,
						10.75
					],
					"texture": "#1"
				},
				"south": {
					"uv": [
						10,
						2,
						11.25,
						2.25
					],
					"texture": "#1"
				},
				"west": {
					"uv": [
						11,
						11.5,
						11.5,
						11.75
					],
					"texture": "#1"
				},
				"up": {
					"uv": [
						5.75,
						7.5,
						4.5,
						7
					],
					"texture": "#1"
				},
				"down": {
					"uv": [
						7.25,
						7,
						6,
						7.5
					],
					"texture": "#1"
				}
			}
		},
		{
			"from": [
				6.334,
				3.6295,
				8.0449
			],
			"to": [
				9.666,
				4.046,
				9.2111
			],
			"rotation": {
				"angle": 0,
				"axis": "y",
				"origin": [
					-0.925,
					-0.8925,
					-2.8555
				]
			},
			"faces": {
				"north": {
					"uv": [
						9,
						4.5,
						10.75,
						4.75
					],
					"texture": "#1"
				},
				"east": {
					"uv": [
						11.5,
						11,
						12,
						11.25
					],
					"texture": "#1"
				},
				"south": {
					"uv": [
						9,
						5,
						10.75,
						5.25
					],
					"texture": "#1"
				},
				"west": {
					"uv": [
						11.5,
						11.5,
						12,
						11.75
					],
					"texture": "#1"
				},
				"up": {
					"uv": [
						7.25,
						5,
						5.5,
						4.5
					],
					"texture": "#1"
				},
				"down": {
					"uv": [
						7.75,
						3,
						6,
						3.5
					],
					"texture": "#1"
				}
			}
		},
		{
			"from": [
				4.2085,
				3.7485,
				8.5209
			],
			"to": [
				6.691,
				3.927,
				9.4491
			],
			"rotation": {
				"angle": 22.5,
				"axis": "y",
				"origin": [
					5.53075,
					3.83775,
					8.985
				]
			},
			"faces": {
				"north": {
					"uv": [
						10,
						2.5,
						11.25,
						2.75
					],
					"texture": "#1"
				},
				"east": {
					"uv": [
						0,
						12,
						0.5,
						12.25
					],
					"texture": "#1"
				},
				"south": {
					"uv": [
						10,
						3,
						11.25,
						3.25
					],
					"texture": "#1"
				},
				"west": {
					"uv": [
						12,
						0,
						12.5,
						0.25
					],
					"texture": "#1"
				},
				"up": {
					"uv": [
						8.25,
						6.5,
						7,
						6
					],
					"texture": "#1"
				},
				"down": {
					"uv": [
						8.25,
						6.5,
						7,
						7
					],
					"texture": "#1"
				}
			}
		},
		{
			"from": [
				5.01,
				3.748,
				9.45614
			],
			"to": [
				5.1885,
				3.9265,
				13.06434
			],
			"rotation": {
				"angle": 45,
				"axis": "y",
				"origin": [
					5.33625,
					3.83775,
					10.07024
				]
			},
			"faces": {
				"north": {
					"uv": [
						12.5,
						6,
						12.75,
						6.25
					],
					"texture": "#1"
				},
				"east": {
					"uv": [
						5.5,
						9,
						7.25,
						9.25
					],
					"texture": "#1"
				},
				"south": {
					"uv": [
						6.5,
						12.5,
						6.75,
						12.75
					],
					"texture": "#1"
				},
				"west": {
					"uv": [
						9,
						5.5,
						10.75,
						5.75
					],
					"texture": "#1"
				},
				"up": {
					"uv": [
						7.75,
						10.25,
						7.5,
						8.5
					],
					"texture": "#1"
				},
				"down": {
					"uv": [
						9.25,
						6,
						9,
						7.75
					],
					"texture": "#1"
				}
			}
		},
		{
			"from": [
				11.102,
				3.6295,
				12.80014
			],
			"to": [
				11.5185,
				4.046,
				13.85234
			],
			"rotation": {
				"angle": -45,
				"axis": "y",
				"origin": [
					10.92925,
					3.83775,
					9.59424
				]
			},
			"faces": {
				"north": {
					"uv": [
						12.5,
						6.5,
						12.75,
						6.75
					],
					"texture": "#1"
				},
				"east": {
					"uv": [
						0.5,
						12,
						1,
						12.25
					],
					"texture": "#1"
				},
				"south": {
					"uv": [
						7,
						12.5,
						7.25,
						12.75
					],
					"texture": "#1"
				},
				"west": {
					"uv": [
						12,
						0.5,
						12.5,
						0.75
					],
					"texture": "#1"
				},
				"up": {
					"uv": [
						1.25,
						12.5,
						1,
						12
					],
					"texture": "#1"
				},
				"down": {
					"uv": [
						12.25,
						1,
						12,
						1.5
					],
					"texture": "#1"
				}
			}
		},
		{
			"from": [
				11.221,
				3.748,
				9.42514
			],
			"to": [
				11.3995,
				3.926,
				13.13334
			],
			"rotation": {
				"angle": -45,
				"axis": "y",
				"origin": [
					10.92925,
					3.83775,
					9.59424
				]
			},
			"faces": {
				"north": {
					"uv": [
						12.5,
						7,
						12.75,
						7.25
					],
					"texture": "#1"
				},
				"east": {
					"uv": [
						8,
						9,
						9.75,
						9.25
					],
					"texture": "#1"
				},
				"south": {
					"uv": [
						7.5,
						12.5,
						7.75,
						12.75
					],
					"texture": "#1"
				},
				"west": {
					"uv": [
						9,
						8,
						10.75,
						8.25
					],
					"texture": "#1"
				},
				"up": {
					"uv": [
						0.25,
						11.25,
						0,
						9.5
					],
					"texture": "#1"
				},
				"down": {
					"uv": [
						0.75,
						9.5,
						0.5,
						11.25
					],
					"texture": "#1"
				}
			}
		},
		{
			"from": [
				4.891,
				3.6295,
				12.73114
			],
			"to": [
				5.3075,
				4.046,
				13.86184
			],
			"rotation": {
				"angle": 45,
				"axis": "y",
				"origin": [
					5.33625,
					3.83775,
					10.07024
				]
			},
			"faces": {
				"north": {
					"uv": [
						12.5,
						7.5,
						12.75,
						7.75
					],
					"texture": "#1"
				},
				"east": {
					"uv": [
						1.5,
						12,
						2,
						12.25
					],
					"texture": "#1"
				},
				"south": {
					"uv": [
						8,
						12.5,
						8.25,
						12.75
					],
					"texture": "#1"
				},
				"west": {
					"uv": [
						12,
						1.5,
						12.5,
						1.75
					],
					"texture": "#1"
				},
				"up": {
					"uv": [
						2.25,
						12.5,
						2,
						12
					],
					"texture": "#1"
				},
				"down": {
					"uv": [
						12.25,
						2,
						12,
						2.5
					],
					"texture": "#1"
				}
			}
		},
		{
			"from": [
				7.643,
				3.3915,
				7.6879
			],
			"to": [
				8.357,
				4.284,
				12.9481
			],
			"rotation": {
				"angle": 0,
				"axis": "y",
				"origin": [
					-0.925,
					-0.8925,
					-2.8555
				]
			},
			"faces": {
				"north": {
					"uv": [
						2.5,
						12,
						2.75,
						12.5
					],
					"texture": "#1"
				},
				"east": {
					"uv": [
						1,
						3,
						3.75,
						3.5
					],
					"texture": "#1"
				},
				"south": {
					"uv": [
						12,
						2.5,
						12.25,
						3
					],
					"texture": "#1"
				},
				"west": {
					"uv": [
						3,
						1,
						5.75,
						1.5
					],
					"texture": "#1"
				},
				"up": {
					"uv": [
						0.25,
						9.25,
						0,
						6.5
					],
					"texture": "#1"
				},
				"down": {
					"uv": [
						6.75,
						0,
						6.5,
						2.75
					],
					"texture": "#1"
				}
			}
		},
		{
			"from": [
				7.243,
				3.3915,
				12.7879
			],
			"to": [
				8.757,
				4.684,
				16.5481
			],
			"rotation": {
				"angle": 0,
				"axis": "y",
				"origin": [
					-0.925,
					-0.8925,
					-2.0555
				]
			},
			"faces": {
				"north": {
					"uv": [
						7,
						7.5,
						7.75,
						8.25
					],
					"texture": "#1"
				},
				"east": {
					"uv": [
						0,
						2,
						2,
						2.75
					],
					"texture": "#1"
				},
				"south": {
					"uv": [
						8,
						7,
						8.75,
						7.75
					],
					"texture": "#1"
				},
				"west": {
					"uv": [
						2,
						0,
						4,
						0.75
					],
					"texture": "#1"
				},
				"up": {
					"uv": [
						2.75,
						3,
						2,
						1
					],
					"texture": "#1"
				},
				"down": {
					"uv": [
						0.75,
						3,
						0,
						5
					],
					"texture": "#1"
				}
			}
		},
		{
			"from": [
				8.743,
				4.1915,
				13.0879
			],
			"to": [
				10.257,
				4.584,
				16.2481
			],
			"rotation": {
				"angle": 0,
				"axis": "y",
				"origin": [
					-0.925,
					-0.8925,
					-2.0555
				]
			},
			"faces": {
				"north": {
					"uv": [
						11,
						5.5,
						11.75,
						5.75
					],
					"texture": "#1"
				},
				"east": {
					"uv": [
						9,
						8.5,
						10.5,
						8.75
					],
					"texture": "#1"
				},
				"south": {
					"uv": [
						7.5,
						11,
						8.25,
						11.25
					],
					"texture": "#1"
				},
				"west": {
					"uv": [
						6,
						9.5,
						7.5,
						9.75
					],
					"texture": "#1"
				},
				"up": {
					"uv": [
						0.75,
						6.5,
						0,
						5
					],
					"texture": "#1"
				},
				"down": {
					"uv": [
						4.75,
						5,
						4,
						6.5
					],
					"texture": "#1"
				}
			}
		},
		{
			"from": [
				8.743,
				3.2915,
				13.2879
			],
			"to": [
				10.157,
				4.184,
				16.0481
			],
			"rotation": {
				"angle": 0,
				"axis": "y",
				"origin": [
					-0.925,
					-0.8925,
					-2.0555
				]
			},
			"faces": {
				"north": {
					"uv": [
						3,
						2.5,
						3.75,
						3
					],
					"texture": "#1"
				},
				"east": {
					"uv": [
						6,
						5,
						7.5,
						5.5
					],
					"texture": "#1"
				},
				"south": {
					"uv": [
						9.5,
						6,
						10.25,
						6.5
					],
					"texture": "#1"
				},
				"west": {
					"uv": [
						6,
						5.5,
						7.5,
						6
					],
					"texture": "#1"
				},
				"up": {
					"uv": [
						5.75,
						6.5,
						5,
						5
					],
					"texture": "#1"
				},
				"down": {
					"uv": [
						1.75,
						5.5,
						1,
						7
					],
					"texture": "#1"
				}
			}
		},
		{
			"from": [
				8.443,
				2.8915,
				13.6879
			],
			"to": [
				9.957,
				3.284,
				15.6481
			],
			"rotation": {
				"angle": 0,
				"axis": "y",
				"origin": [
					-0.925,
					-0.8925,
					-2.0555
				]
			},
			"faces": {
				"north": {
					"uv": [
						11,
						7.5,
						11.75,
						7.75
					],
					"texture": "#1"
				},
				"east": {
					"uv": [
						10,
						10.5,
						11,
						10.75
					],
					"texture": "#1"
				},
				"south": {
					"uv": [
						11,
						8,
						11.75,
						8.25
					],
					"texture": "#1"
				},
				"west": {
					"uv": [
						1,
						11,
						2,
						11.25
					],
					"texture": "#1"
				},
				"up": {
					"uv": [
						3.75,
						7,
						3,
						6
					],
					"texture": "#1"
				},
				"down": {
					"uv": [
						6.75,
						6,
						6,
						7
					],
					"texture": "#1"
				}
			}
		},
		{
			"from": [
				7.762,
				4.284,
				7.6879
			],
			"to": [
				8.238,
				4.4625,
				12.9671
			],
			"rotation": {
				"angle": 0,
				"axis": "y",
				"origin": [
					-0.925,
					-0.8925,
					-2.8555
				]
			},
			"faces": {
				"north": {
					"uv": [
						12.5,
						8,
						12.75,
						8.25
					],
					"texture": "#1"
				},
				"east": {
					"uv": [
						7,
						0,
						9.75,
						0.25
					],
					"texture": "#1"
				},
				"south": {
					"uv": [
						8.5,
						12.5,
						8.75,
						12.75
					],
					"texture": "#1"
				},
				"west": {
					"uv": [
						7,
						0.5,
						9.75,
						0.75
					],
					"texture": "#1"
				},
				"up": {
					"uv": [
						0.75,
						9.25,
						0.5,
						6.5
					],
					"texture": "#1"
				},
				"down": {
					"uv": [
						4.25,
						6.5,
						4,
						9.25
					],
					"texture": "#1"
				}
			}
		},
		{
			"from": [
				8.119,
				4.403,
				7.6879
			],
			"to": [
				8.357,
				4.5815,
				12.8721
			],
			"rotation": {
				"angle": 0,
				"axis": "y",
				"origin": [
					-0.925,
					-0.8925,
					-2.8555
				]
			},
			"faces": {
				"north": {
					"uv": [
						12.5,
						8.5,
						12.75,
						8.75
					],
					"texture": "#1"
				},
				"east": {
					"uv": [
						7.5,
						1.5,
						10,
						1.75
					],
					"texture": "#1"
				},
				"south": {
					"uv": [
						9,
						12.5,
						9.25,
						12.75
					],
					"texture": "#1"
				},
				"west": {
					"uv": [
						7.5,
						2,
						10,
						2.25
					],
					"texture": "#1"
				},
				"up": {
					"uv": [
						3.75,
						9.5,
						3.5,
						7
					],
					"texture": "#1"
				},
				"down": {
					"uv": [
						2.25,
						7.5,
						2,
						10
					],
					"texture": "#1"
				}
			}
		},
		{
			"from": [
				7.643,
				4.284,
				13.5721
			],
			"to": [
				8.357,
				4.8005,
				15.9053
			],
			"rotation": {
				"angle": 0,
				"axis": "y",
				"origin": [
					-0.925,
					-0.8925,
					-2.0555
				]
			},
			"faces": {
				"north": {
					"uv": [
						12.5,
						9,
						12.75,
						9.25
					],
					"texture": "#1"
				},
				"east": {
					"uv": [
						10,
						3.5,
						11.25,
						3.75
					],
					"texture": "#1"
				},
				"south": {
					"uv": [
						9.5,
						12.5,
						9.75,
						12.75
					],
					"texture": "#1"
				},
				"west": {
					"uv": [
						6,
						10,
						7.25,
						10.25
					],
					"texture": "#1"
				},
				"up": {
					"uv": [
						2.25,
						11.25,
						2,
						10
					],
					"texture": "#1"
				},
				"down": {
					"uv": [
						2.75,
						10,
						2.5,
						11.25
					],
					"texture": "#1"
				}
			}
		},
		{
			"from": [
				7.643,
				2.884,
				12.63
			],
			"to": [
				8.357,
				3.4005,
				13.1632
			],
			"rotation": {
				"angle": 0,
				"axis": "y",
				"origin": [
					-0.925,
					-0.8925,
					-2.0555
				]
			},
			"faces": {
				"north": {
					"uv": [
						12.5,
						9.5,
						12.75,
						9.75
					],
					"texture": "#1"
				},
				"east": {
					"uv": [
						10,
						12.5,
						10.25,
						12.75
					],
					"texture": "#1"
				},
				"south": {
					"uv": [
						12.5,
						10,
						12.75,
						10.25
					],
					"texture": "#1"
				},
				"west": {
					"uv": [
						10.5,
						12.5,
						10.75,
						12.75
					],
					"texture": "#1"
				},
				"up": {
					"uv": [
						12.75,
						10.75,
						12.5,
						10.5
					],
					"texture": "#1"
				},
				"down": {
					"uv": [
						11.25,
						12.5,
						11,
						12.75
					],
					"texture": "#1"
				}
			}
		},
		{
			"from": [
				7.643,
				4.403,
				7.6879
			],
			"to": [
				7.881,
				4.5815,
				12.8721
			],
			"rotation": {
				"angle": 0,
				"axis": "y",
				"origin": [
					-0.925,
					-0.8925,
					-2.8555
				]
			},
			"faces": {
				"north": {
					"uv": [
						12.5,
						11,
						12.75,
						11.25
					],
					"texture": "#1"
				},
				"east": {
					"uv": [
						7.5,
						2.5,
						10,
						2.75
					],
					"texture": "#1"
				},
				"south": {
					"uv": [
						11.5,
						12.5,
						11.75,
						12.75
					],
					"texture": "#1"
				},
				"west": {
					"uv": [
						7.5,
						3.5,
						10,
						3.75
					],
					"texture": "#1"
				},
				"up": {
					"uv": [
						2.75,
						10,
						2.5,
						7.5
					],
					"texture": "#1"
				},
				"down": {
					"uv": [
						4.75,
						7.5,
						4.5,
						10
					],
					"texture": "#1"
				}
			}
		},
		{
			"from": [
				7.405,
				3.451,
				7.3547
			],
			"to": [
				8.595,
				4.641,
				7.6879
			],
			"rotation": {
				"angle": 0,
				"axis": "y",
				"origin": [
					-0.925,
					-0.8925,
					-2.8555
				]
			},
			"faces": {
				"north": {
					"uv": [
						9,
						10.5,
						9.5,
						11
					],
					"texture": "#1"
				},
				"east": {
					"uv": [
						3,
						12,
						3.25,
						12.5
					],
					"texture": "#1"
				},
				"south": {
					"uv": [
						11,
						1,
						11.5,
						1.5
					],
					"texture": "#1"
				},
				"west": {
					"uv": [
						12,
						3,
						12.25,
						3.5
					],
					"texture": "#1"
				},
				"up": {
					"uv": [
						4,
						12.25,
						3.5,
						12
					],
					"texture": "#1"
				},
				"down": {
					"uv": [
						12.5,
						3.5,
						12,
						3.75
					],
					"texture": "#1"
				}
			}
		},
		{
			"from": [
				7.305,
				3.351,
				6.9547
			],
			"to": [
				8.695,
				4.741,
				7.2879
			],
			"rotation": {
				"angle": 0,
				"axis": "y",
				"origin": [
					-0.925,
					-0.8925,
					-2.8555
				]
			},
			"faces": {
				"north": {
					"uv": [
						8,
						8,
						8.75,
						8.75
					],
					"texture": "#1"
				},
				"east": {
					"uv": [
						8.5,
						11,
						8.75,
						11.75
					],
					"texture": "#1"
				},
				"south": {
					"uv": [
						1,
						8.5,
						1.75,
						9.25
					],
					"texture": "#1"
				},
				"west": {
					"uv": [
						9,
						11,
						9.25,
						11.75
					],
					"texture": "#1"
				},
				"up": {
					"uv": [
						10.25,
						11.25,
						9.5,
						11
					],
					"texture": "#1"
				},
				"down": {
					"uv": [
						11.75,
						10,
						11,
						10.25
					],
					"texture": "#1"
				}
			}
		},
		{
			"from": [
				7.9405,
				4.641,
				7.4737
			],
			"to": [
				8.0595,
				4.998,
				7.5689
			],
			"rotation": {
				"angle": 0,
				"axis": "y",
				"origin": [
					-0.925,
					-0.8925,
					-2.8555
				]
			},
			"faces": {
				"north": {
					"uv": [
						12.5,
						11.5,
						12.75,
						11.75
					],
					"texture": "#1"
				},
				"east": {
					"uv": [
						12,
						12.5,
						12.25,
						12.75
					],
					"texture": "#1"
				},
				"south": {
					"uv": [
						12.5,
						12,
						12.75,
						12.25
					],
					"texture": "#1"
				},
				"west": {
					"uv": [
						12.5,
						12.5,
						12.75,
						12.75
					],
					"texture": "#1"
				},
				"up": {
					"uv": [
						0.25,
						13.25,
						0,
						13
					],
					"texture": "#1"
				},
				"down": {
					"uv": [
						13.25,
						0,
						13,
						0.25
					],
					"texture": "#1"
				}
			}
		},
		{
			"from": [
				7.524,
				3.57,
				6.9977
			],
			"to": [
				8.476,
				4.522,
				7.4499
			],
			"rotation": {
				"angle": 0,
				"axis": "y",
				"origin": [
					-0.925,
					-0.8925,
					-2.8555
				]
			},
			"faces": {
				"north": {
					"uv": [
						4,
						11,
						4.5,
						11.5
					],
					"texture": "#1"
				},
				"east": {
					"uv": [
						4,
						12,
						4.25,
						12.5
					],
					"texture": "#1"
				},
				"south": {
					"uv": [
						11,
						4,
						11.5,
						4.5
					],
					"texture": "#1"
				},
				"west": {
					"uv": [
						12,
						4,
						12.25,
						4.5
					],
					"texture": "#1"
				},
				"up": {
					"uv": [
						5,
						12.25,
						4.5,
						12
					],
					"texture": "#1"
				},
				"down": {
					"uv": [
						12.5,
						4.5,
						12,
						4.75
					],
					"texture": "#1"
				}
			}
		},
		{
			"from": [
				7.524,
				3.2725,
				10.8679
			],
			"to": [
				8.476,
				4.603,
				11.3201
			],
			"rotation": {
				"angle": 0,
				"axis": "y",
				"origin": [
					-0.925,
					-0.8925,
					-2.0555
				]
			},
			"faces": {
				"north": {
					"uv": [
						9.5,
						6.5,
						10,
						7.25
					],
					"texture": "#1"
				},
				"east": {
					"uv": [
						10.5,
						11,
						10.75,
						11.75
					],
					"texture": "#1"
				},
				"south": {
					"uv": [
						8,
						9.5,
						8.5,
						10.25
					],
					"texture": "#1"
				},
				"west": {
					"uv": [
						11,
						10.5,
						11.25,
						11.25
					],
					"texture": "#1"
				},
				"up": {
					"uv": [
						5.5,
						12.25,
						5,
						12
					],
					"texture": "#1"
				},
				"down": {
					"uv": [
						12.5,
						5,
						12,
						5.25
					],
					"texture": "#1"
				}
			}
		}
	],
	"display": {
		"thirdperson_righthand": {
			"translation": [
				0,
				7.75,
				-11.75
			],
			"scale": [
				1.46,
				1.46,
				1.46
			]
		},
		"thirdperson_lefthand": {
			"translation": [
				0,
				9.25,
				-8.5
			],
			"scale": [
				-1.64,
				1.64,
				1.64
			]
		},
		"firstperson_righthand": {
			"translation": [
				-5.5,
				10.25,
				0.25
			],
			"scale": [
				0.98,
				0.98,
				0.98
			]
		},
		"firstperson_lefthand": {
			"translation": [
				-5.5,
				10.25,
				0.25
			],
			"scale": [
				-0.98,
				0.98,
				0.98
			]
		},
		"ground": {
			"translation": [
				0.75,
				8.25,
				-6.25
			],
			"scale": [
				1.39,
				1.39,
				1.39
			]
		},
		"gui": {
			"rotation": [
				18,
				-144,
				0
			],
			"translation": [
				3.75,
				5.25,
				0
			],
			"scale": [
				1.41,
				1.41,
				1.41
			]
		},
		"fixed": {
			"rotation": [
				0,
				90,
				0
			],
			"translation": [
				-6.75,
				9.5,
				-1.25
			],
			"scale": [
				1.77,
				1.77,
				1.77
			]
		}
	}
}