{
	"credit": "Made with Blockbench",
	"texture_size": [
		64,
		64
	],
	"textures": {
		"0": "scguns_laf:item/blunderbuss_texture",
		"particle": "scguns_laf:item/blunderbuss_texture"
	},
	"elements": [
		{
			"from": [
				7.46,
				-0.1,
				12.5
			],
			"to": [
				8.56,
				0.3,
				22.2
			],
			"rotation": {
				"angle": 22.5,
				"axis": "x",
				"origin": [
					8,
					1.25,
					19.75
				]
			},
			"faces": {
				"north": {
					"uv": [
						0.75,
						10,
						1,
						10.125
					],
					"texture": "#0"
				},
				"east": {
					"uv": [
						8,
						4.75,
						10.375,
						4.875
					],
					"texture": "#0"
				},
				"south": {
					"uv": [
						10,
						0.75,
						10.25,
						0.875
					],
					"texture": "#0"
				},
				"west": {
					"uv": [
						8,
						5,
						10.375,
						5.125
					],
					"texture": "#0"
				},
				"up": {
					"uv": [
						3.75,
						8.375,
						3.5,
						6
					],
					"texture": "#0"
				},
				"down": {
					"uv": [
						4,
						6,
						3.75,
						8.375
					],
					"texture": "#0"
				}
			}
		},
		{
			"from": [
				7.15,
				0.8,
				18.8
			],
			"to": [
				8.85,
				2,
				21.5
			],
			"rotation": {
				"angle": 0,
				"axis": "y",
				"origin": [
					8,
					2,
					15.2
				]
			},
			"faces": {
				"north": {
					"uv": [
						9,
						3.25,
						9.375,
						3.5
					],
					"texture": "#0"
				},
				"east": {
					"uv": [
						8.5,
						3.5,
						9.125,
						3.75
					],
					"texture": "#0"
				},
				"south": {
					"uv": [
						4.75,
						9,
						5.125,
						9.25
					],
					"texture": "#0"
				},
				"west": {
					"uv": [
						8.5,
						3.75,
						9.125,
						4
					],
					"texture": "#0"
				},
				"up": {
					"uv": [
						8.625,
						5.875,
						8.25,
						5.25
					],
					"texture": "#0"
				},
				"down": {
					"uv": [
						0.875,
						8.5,
						0.5,
						9.125
					],
					"texture": "#0"
				}
			}
		},
		{
			"from": [
				7.16,
				4.14767,
				13.25233
			],
			"to": [
				8.84,
				5.14767,
				14.05233
			],
			"rotation": {
				"angle": 0,
				"axis": "y",
				"origin": [
					8,
					4.74767,
					11.25233
				]
			},
			"faces": {
				"north": {
					"uv": [
						4,
						6.5,
						4.5,
						6.75
					],
					"texture": "#0"
				},
				"east": {
					"uv": [
						9.25,
						4,
						9.5,
						4.25
					],
					"texture": "#0"
				},
				"south": {
					"uv": [
						3,
						8.75,
						3.5,
						9
					],
					"texture": "#0"
				},
				"west": {
					"uv": [
						9.25,
						5.5,
						9.5,
						5.75
					],
					"texture": "#0"
				},
				"up": {
					"uv": [
						5.5,
						9,
						5,
						8.75
					],
					"texture": "#0"
				},
				"down": {
					"uv": [
						9.25,
						5.5,
						8.75,
						5.75
					],
					"texture": "#0"
				}
			}
		},
		{
			"from": [
				7.36,
				0,
				12.5
			],
			"to": [
				8.68,
				0.3,
				22.1
			],
			"rotation": {
				"angle": 22.5,
				"axis": "x",
				"origin": [
					8,
					1.25,
					19.75
				]
			},
			"faces": {
				"north": {
					"uv": [
						7,
						9.75,
						7.375,
						9.875
					],
					"texture": "#0"
				},
				"east": {
					"uv": [
						8,
						4.25,
						10.375,
						4.375
					],
					"texture": "#0"
				},
				"south": {
					"uv": [
						9.75,
						7,
						10.125,
						7.125
					],
					"texture": "#0"
				},
				"west": {
					"uv": [
						8,
						4.5,
						10.375,
						4.625
					],
					"texture": "#0"
				},
				"up": {
					"uv": [
						2.875,
						6.625,
						2.5,
						4.25
					],
					"texture": "#0"
				},
				"down": {
					"uv": [
						3.375,
						4.25,
						3,
						6.625
					],
					"texture": "#0"
				}
			}
		},
		{
			"from": [
				7.14,
				0.3,
				12.4
			],
			"to": [
				8.86,
				1.8,
				22.1
			],
			"rotation": {
				"angle": 22.5,
				"axis": "x",
				"origin": [
					8,
					1.25,
					19.75
				]
			},
			"faces": {
				"north": {
					"uv": [
						8.75,
						0.5,
						9.125,
						0.875
					],
					"texture": "#0"
				},
				"east": {
					"uv": [
						4,
						3,
						6.375,
						3.375
					],
					"texture": "#0"
				},
				"south": {
					"uv": [
						1,
						8.75,
						1.375,
						9.125
					],
					"texture": "#0"
				},
				"west": {
					"uv": [
						4,
						3.5,
						6.375,
						3.875
					],
					"texture": "#0"
				},
				"up": {
					"uv": [
						4.375,
						6.375,
						4,
						4
					],
					"texture": "#0"
				},
				"down": {
					"uv": [
						2.375,
						4.25,
						2,
						6.625
					],
					"texture": "#0"
				}
			}
		},
		{
			"from": [
				7.35,
				-0.8,
				21.4
			],
			"to": [
				8.65,
				-0.5,
				23.6
			],
			"rotation": {
				"angle": 0,
				"axis": "y",
				"origin": [
					8,
					2,
					15.2
				]
			},
			"faces": {
				"north": {
					"uv": [
						9.75,
						6.5,
						10.125,
						6.625
					],
					"texture": "#0"
				},
				"east": {
					"uv": [
						1.75,
						9.25,
						2.25,
						9.375
					],
					"texture": "#0"
				},
				"south": {
					"uv": [
						9.75,
						6.75,
						10.125,
						6.875
					],
					"texture": "#0"
				},
				"west": {
					"uv": [
						2.25,
						9.25,
						2.75,
						9.375
					],
					"texture": "#0"
				},
				"up": {
					"uv": [
						8.875,
						3.5,
						8.5,
						3
					],
					"texture": "#0"
				},
				"down": {
					"uv": [
						3.875,
						8.5,
						3.5,
						9
					],
					"texture": "#0"
				}
			}
		},
		{
			"from": [
				7.15,
				-0.5,
				21.5
			],
			"to": [
				8.85,
				3.2,
				23.6
			],
			"rotation": {
				"angle": 0,
				"axis": "y",
				"origin": [
					8,
					2,
					15.2
				]
			},
			"faces": {
				"north": {
					"uv": [
						7.5,
						7.75,
						7.875,
						8.625
					],
					"texture": "#0"
				},
				"east": {
					"uv": [
						0.5,
						7.5,
						1,
						8.375
					],
					"texture": "#0"
				},
				"south": {
					"uv": [
						8,
						3,
						8.375,
						3.875
					],
					"texture": "#0"
				},
				"west": {
					"uv": [
						7.5,
						3.75,
						8,
						4.625
					],
					"texture": "#0"
				},
				"up": {
					"uv": [
						8.875,
						0.5,
						8.5,
						0
					],
					"texture": "#0"
				},
				"down": {
					"uv": [
						8.875,
						2.5,
						8.5,
						3
					],
					"texture": "#0"
				}
			}
		},
		{
			"from": [
				7.45,
				-0.9,
				21.5
			],
			"to": [
				8.55,
				3.6,
				23.9
			],
			"rotation": {
				"angle": 0,
				"axis": "y",
				"origin": [
					8,
					2,
					15.2
				]
			},
			"faces": {
				"north": {
					"uv": [
						8,
						5.25,
						8.25,
						6.375
					],
					"texture": "#0"
				},
				"east": {
					"uv": [
						5.5,
						0.5,
						6.125,
						1.625
					],
					"texture": "#0"
				},
				"south": {
					"uv": [
						5.75,
						8,
						6,
						9.125
					],
					"texture": "#0"
				},
				"west": {
					"uv": [
						5,
						5.5,
						5.625,
						6.625
					],
					"texture": "#0"
				},
				"up": {
					"uv": [
						7.5,
						9.125,
						7.25,
						8.5
					],
					"texture": "#0"
				},
				"down": {
					"uv": [
						8.75,
						7.75,
						8.5,
						8.375
					],
					"texture": "#0"
				}
			}
		},
		{
			"from": [
				7.25,
				1.85,
				15.8
			],
			"to": [
				8.75,
				3.5,
				23.4
			],
			"rotation": {
				"angle": 0,
				"axis": "y",
				"origin": [
					8,
					2,
					15.2
				]
			},
			"faces": {
				"north": {
					"uv": [
						8.5,
						8.5,
						8.875,
						8.875
					],
					"texture": "#0"
				},
				"east": {
					"uv": [
						5,
						5,
						6.875,
						5.375
					],
					"texture": "#0"
				},
				"south": {
					"uv": [
						0,
						8.75,
						0.375,
						9.125
					],
					"texture": "#0"
				},
				"west": {
					"uv": [
						5.5,
						0,
						7.375,
						0.375
					],
					"texture": "#0"
				},
				"up": {
					"uv": [
						0.375,
						7.375,
						0,
						5.5
					],
					"texture": "#0"
				},
				"down": {
					"uv": [
						0.875,
						5.5,
						0.5,
						7.375
					],
					"texture": "#0"
				}
			}
		},
		{
			"from": [
				7.25,
				0.4,
				19.6
			],
			"to": [
				8.75,
				1.1,
				23.4
			],
			"rotation": {
				"angle": 0,
				"axis": "y",
				"origin": [
					8,
					2,
					15.2
				]
			},
			"faces": {
				"north": {
					"uv": [
						9.75,
						5.25,
						10.125,
						5.375
					],
					"texture": "#0"
				},
				"east": {
					"uv": [
						4,
						8.75,
						5,
						8.875
					],
					"texture": "#0"
				},
				"south": {
					"uv": [
						9.75,
						5.75,
						10.125,
						5.875
					],
					"texture": "#0"
				},
				"west": {
					"uv": [
						8.75,
						5.25,
						9.75,
						5.375
					],
					"texture": "#0"
				},
				"up": {
					"uv": [
						1.375,
						8.75,
						1,
						7.75
					],
					"texture": "#0"
				},
				"down": {
					"uv": [
						1.875,
						7.75,
						1.5,
						8.75
					],
					"texture": "#0"
				}
			}
		},
		{
			"from": [
				7.15,
				2,
				16.6
			],
			"to": [
				8.85,
				3.2,
				21.5
			],
			"rotation": {
				"angle": 0,
				"axis": "y",
				"origin": [
					8,
					2,
					15.2
				]
			},
			"faces": {
				"north": {
					"uv": [
						6,
						8.75,
						6.375,
						9
					],
					"texture": "#0"
				},
				"east": {
					"uv": [
						5.5,
						4.75,
						6.75,
						5
					],
					"texture": "#0"
				},
				"south": {
					"uv": [
						7.5,
						8.75,
						7.875,
						9
					],
					"texture": "#0"
				},
				"west": {
					"uv": [
						8,
						4,
						9.25,
						4.25
					],
					"texture": "#0"
				},
				"up": {
					"uv": [
						7.375,
						8.5,
						7,
						7.25
					],
					"texture": "#0"
				},
				"down": {
					"uv": [
						0.375,
						7.5,
						0,
						8.75
					],
					"texture": "#0"
				}
			}
		},
		{
			"from": [
				6.65,
				2.84767,
				8.75233
			],
			"to": [
				9.35,
				5.64767,
				12.35233
			],
			"rotation": {
				"angle": 0,
				"axis": "y",
				"origin": [
					8,
					4.74767,
					11.25233
				]
			},
			"faces": {
				"north": {
					"uv": [
						7.25,
						3,
						7.875,
						3.75
					],
					"texture": "#0"
				},
				"east": {
					"uv": [
						6.25,
						0.5,
						7.125,
						1.25
					],
					"texture": "#0"
				},
				"south": {
					"uv": [
						2,
						7.5,
						2.625,
						8.25
					],
					"texture": "#0"
				},
				"west": {
					"uv": [
						6.25,
						1.25,
						7.125,
						2
					],
					"texture": "#0"
				},
				"up": {
					"uv": [
						3.375,
						7.625,
						2.75,
						6.75
					],
					"texture": "#0"
				},
				"down": {
					"uv": [
						7.375,
						3.75,
						6.75,
						4.625
					],
					"texture": "#0"
				}
			}
		},
		{
			"from": [
				7.26,
				2.84767,
				12.35233
			],
			"to": [
				8.74,
				5.44767,
				13.35233
			],
			"rotation": {
				"angle": 0,
				"axis": "y",
				"origin": [
					8,
					4.74767,
					11.25233
				]
			},
			"faces": {
				"north": {
					"uv": [
						6,
						8,
						6.375,
						8.625
					],
					"texture": "#0"
				},
				"east": {
					"uv": [
						8,
						8.5,
						8.25,
						9.125
					],
					"texture": "#0"
				},
				"south": {
					"uv": [
						8,
						7.75,
						8.375,
						8.375
					],
					"texture": "#0"
				},
				"west": {
					"uv": [
						8.25,
						8.5,
						8.5,
						9.125
					],
					"texture": "#0"
				},
				"up": {
					"uv": [
						9.375,
						2.75,
						9,
						2.5
					],
					"texture": "#0"
				},
				"down": {
					"uv": [
						9.375,
						2.75,
						9,
						3
					],
					"texture": "#0"
				}
			}
		},
		{
			"from": [
				7.75,
				1.34767,
				10.45233
			],
			"to": [
				8.25,
				1.84767,
				12.05233
			],
			"rotation": {
				"angle": 0,
				"axis": "y",
				"origin": [
					8,
					4.64767,
					10.15233
				]
			},
			"faces": {
				"north": {
					"uv": [
						10,
						8.75,
						10.125,
						8.875
					],
					"texture": "#0"
				},
				"east": {
					"uv": [
						9.75,
						7.25,
						10.125,
						7.375
					],
					"texture": "#0"
				},
				"south": {
					"uv": [
						9,
						10,
						9.125,
						10.125
					],
					"texture": "#0"
				},
				"west": {
					"uv": [
						9.75,
						7.5,
						10.125,
						7.625
					],
					"texture": "#0"
				},
				"up": {
					"uv": [
						7.875,
						10.125,
						7.75,
						9.75
					],
					"texture": "#0"
				},
				"down": {
					"uv": [
						9.875,
						7.75,
						9.75,
						8.125
					],
					"texture": "#0"
				}
			}
		},
		{
			"from": [
				7.85,
				1.24767,
				10.45233
			],
			"to": [
				8.15,
				1.74767,
				12.15233
			],
			"rotation": {
				"angle": 0,
				"axis": "y",
				"origin": [
					8,
					4.64767,
					10.15233
				]
			},
			"faces": {
				"north": {
					"uv": [
						10.25,
						3.75,
						10.375,
						3.875
					],
					"texture": "#0"
				},
				"east": {
					"uv": [
						9,
						9.75,
						9.375,
						9.875
					],
					"texture": "#0"
				},
				"south": {
					"uv": [
						4,
						10.25,
						4.125,
						10.375
					],
					"texture": "#0"
				},
				"west": {
					"uv": [
						9.75,
						9.25,
						10.125,
						9.375
					],
					"texture": "#0"
				},
				"up": {
					"uv": [
						9.875,
						9.875,
						9.75,
						9.5
					],
					"texture": "#0"
				},
				"down": {
					"uv": [
						0.125,
						10,
						0,
						10.375
					],
					"texture": "#0"
				}
			}
		},
		{
			"from": [
				7.74,
				2.12,
				8.02
			],
			"to": [
				8.26,
				4.02,
				8.52
			],
			"rotation": {
				"angle": -45,
				"axis": "x",
				"origin": [
					8,
					4.64767,
					10.15233
				]
			},
			"faces": {
				"north": {
					"uv": [
						2.75,
						9.25,
						2.875,
						9.75
					],
					"texture": "#0"
				},
				"east": {
					"uv": [
						3,
						9.25,
						3.125,
						9.75
					],
					"texture": "#0"
				},
				"south": {
					"uv": [
						3.25,
						9.25,
						3.375,
						9.75
					],
					"texture": "#0"
				},
				"west": {
					"uv": [
						9.25,
						3.5,
						9.375,
						4
					],
					"texture": "#0"
				},
				"up": {
					"uv": [
						10.125,
						9.125,
						10,
						9
					],
					"texture": "#0"
				},
				"down": {
					"uv": [
						9.375,
						10,
						9.25,
						10.125
					],
					"texture": "#0"
				}
			}
		},
		{
			"from": [
				7.84,
				2.02,
				7.92
			],
			"to": [
				8.16,
				4.02,
				8.42
			],
			"rotation": {
				"angle": -45,
				"axis": "x",
				"origin": [
					8,
					4.64767,
					10.15233
				]
			},
			"faces": {
				"north": {
					"uv": [
						3.25,
						9.75,
						3.375,
						10.25
					],
					"texture": "#0"
				},
				"east": {
					"uv": [
						9.75,
						3.5,
						9.875,
						4
					],
					"texture": "#0"
				},
				"south": {
					"uv": [
						3.75,
						9.75,
						3.875,
						10.25
					],
					"texture": "#0"
				},
				"west": {
					"uv": [
						4,
						9.75,
						4.125,
						10.25
					],
					"texture": "#0"
				},
				"up": {
					"uv": [
						10.375,
						4.125,
						10.25,
						4
					],
					"texture": "#0"
				},
				"down": {
					"uv": [
						4.375,
						10.25,
						4.25,
						10.375
					],
					"texture": "#0"
				}
			}
		},
		{
			"from": [
				7.74,
				1.27373,
				11.89287
			],
			"to": [
				8.26,
				3.17373,
				12.39287
			],
			"rotation": {
				"angle": 22.5,
				"axis": "x",
				"origin": [
					8,
					2.22373,
					12.54287
				]
			},
			"faces": {
				"north": {
					"uv": [
						4.75,
						9.25,
						4.875,
						9.75
					],
					"texture": "#0"
				},
				"east": {
					"uv": [
						5,
						9.25,
						5.125,
						9.75
					],
					"texture": "#0"
				},
				"south": {
					"uv": [
						5.75,
						9.25,
						5.875,
						9.75
					],
					"texture": "#0"
				},
				"west": {
					"uv": [
						6,
						9.25,
						6.125,
						9.75
					],
					"texture": "#0"
				},
				"up": {
					"uv": [
						9.625,
						10.125,
						9.5,
						10
					],
					"texture": "#0"
				},
				"down": {
					"uv": [
						10.125,
						9.5,
						10,
						9.625
					],
					"texture": "#0"
				}
			}
		},
		{
			"from": [
				7.84,
				1.17373,
				12.09287
			],
			"to": [
				8.16,
				3.17373,
				12.59287
			],
			"rotation": {
				"angle": 22.5,
				"axis": "x",
				"origin": [
					8,
					2.22373,
					12.54287
				]
			},
			"faces": {
				"north": {
					"uv": [
						9.75,
						2.5,
						9.875,
						3
					],
					"texture": "#0"
				},
				"east": {
					"uv": [
						2.75,
						9.75,
						2.875,
						10.25
					],
					"texture": "#0"
				},
				"south": {
					"uv": [
						3,
						9.75,
						3.125,
						10.25
					],
					"texture": "#0"
				},
				"west": {
					"uv": [
						9.75,
						3,
						9.875,
						3.5
					],
					"texture": "#0"
				},
				"up": {
					"uv": [
						10.375,
						3.625,
						10.25,
						3.5
					],
					"texture": "#0"
				},
				"down": {
					"uv": [
						3.875,
						10.25,
						3.75,
						10.375
					],
					"texture": "#0"
				}
			}
		},
		{
			"from": [
				7.65,
				2.14767,
				11.25233
			],
			"to": [
				8.35,
				3.14767,
				11.55233
			],
			"rotation": {
				"angle": 0,
				"axis": "y",
				"origin": [
					8,
					4.74767,
					11.25233
				]
			},
			"faces": {
				"north": {
					"uv": [
						1,
						10,
						1.125,
						10.25
					],
					"texture": "#0"
				},
				"east": {
					"uv": [
						10,
						1,
						10.125,
						1.25
					],
					"texture": "#0"
				},
				"south": {
					"uv": [
						1.25,
						10,
						1.375,
						10.25
					],
					"texture": "#0"
				},
				"west": {
					"uv": [
						10,
						1.25,
						10.125,
						1.5
					],
					"texture": "#0"
				},
				"up": {
					"uv": [
						9.875,
						10.125,
						9.75,
						10
					],
					"texture": "#0"
				},
				"down": {
					"uv": [
						10.125,
						9.75,
						10,
						9.875
					],
					"texture": "#0"
				}
			}
		},
		{
			"from": [
				7.85,
				2.34767,
				11.55233
			],
			"to": [
				8.15,
				3.14767,
				12.15233
			],
			"rotation": {
				"angle": 0,
				"axis": "y",
				"origin": [
					8,
					4.74767,
					11.25233
				]
			},
			"faces": {
				"north": {
					"uv": [
						6.5,
						10,
						6.625,
						10.25
					],
					"texture": "#0"
				},
				"east": {
					"uv": [
						7,
						10,
						7.125,
						10.25
					],
					"texture": "#0"
				},
				"south": {
					"uv": [
						7.25,
						10,
						7.375,
						10.25
					],
					"texture": "#0"
				},
				"west": {
					"uv": [
						7.5,
						10,
						7.625,
						10.25
					],
					"texture": "#0"
				},
				"up": {
					"uv": [
						4.625,
						10.375,
						4.5,
						10.25
					],
					"texture": "#0"
				},
				"down": {
					"uv": [
						4.875,
						10.25,
						4.75,
						10.375
					],
					"texture": "#0"
				}
			}
		},
		{
			"from": [
				7.45,
				2.34767,
				7.75233
			],
			"to": [
				8.55,
				3.44767,
				9.45233
			],
			"rotation": {
				"angle": 0,
				"axis": "y",
				"origin": [
					8,
					2.14767,
					7.65233
				]
			},
			"faces": {
				"north": {
					"uv": [
						6.5,
						3.75,
						6.75,
						4
					],
					"texture": "#0"
				},
				"east": {
					"uv": [
						3,
						9,
						3.375,
						9.25
					],
					"texture": "#0"
				},
				"south": {
					"uv": [
						6.75,
						4.75,
						7,
						5
					],
					"texture": "#0"
				},
				"west": {
					"uv": [
						9,
						3,
						9.375,
						3.25
					],
					"texture": "#0"
				},
				"up": {
					"uv": [
						6.75,
						9.125,
						6.5,
						8.75
					],
					"texture": "#0"
				},
				"down": {
					"uv": [
						3.75,
						9,
						3.5,
						9.375
					],
					"texture": "#0"
				}
			}
		},
		{
			"from": [
				7.15,
				2.54767,
				7.55233
			],
			"to": [
				8.85,
				3.54767,
				7.95233
			],
			"rotation": {
				"angle": 0,
				"axis": "y",
				"origin": [
					8,
					2.14767,
					7.65233
				]
			},
			"faces": {
				"north": {
					"uv": [
						8.5,
						9,
						8.875,
						9.25
					],
					"texture": "#0"
				},
				"east": {
					"uv": [
						10,
						7.75,
						10.125,
						8
					],
					"texture": "#0"
				},
				"south": {
					"uv": [
						9,
						8.5,
						9.375,
						8.75
					],
					"texture": "#0"
				},
				"west": {
					"uv": [
						10,
						8,
						10.125,
						8.25
					],
					"texture": "#0"
				},
				"up": {
					"uv": [
						10.375,
						0.125,
						10,
						0
					],
					"texture": "#0"
				},
				"down": {
					"uv": [
						0.625,
						10,
						0.25,
						10.125
					],
					"texture": "#0"
				}
			}
		},
		{
			"from": [
				7.25,
				2.44767,
				7.45233
			],
			"to": [
				8.75,
				3.54767,
				8.05233
			],
			"rotation": {
				"angle": 0,
				"axis": "y",
				"origin": [
					8,
					2.14767,
					7.65233
				]
			},
			"faces": {
				"north": {
					"uv": [
						9,
						8.75,
						9.375,
						9
					],
					"texture": "#0"
				},
				"east": {
					"uv": [
						10,
						8.25,
						10.125,
						8.5
					],
					"texture": "#0"
				},
				"south": {
					"uv": [
						9,
						9,
						9.375,
						9.25
					],
					"texture": "#0"
				},
				"west": {
					"uv": [
						10,
						8.5,
						10.125,
						8.75
					],
					"texture": "#0"
				},
				"up": {
					"uv": [
						10.375,
						0.375,
						10,
						0.25
					],
					"texture": "#0"
				},
				"down": {
					"uv": [
						10.375,
						0.5,
						10,
						0.625
					],
					"texture": "#0"
				}
			}
		},
		{
			"from": [
				7.45,
				2.54767,
				6.45233
			],
			"to": [
				8.55,
				3.44767,
				7.75233
			],
			"rotation": {
				"angle": 0,
				"axis": "y",
				"origin": [
					8,
					2.14767,
					7.65233
				]
			},
			"faces": {
				"north": {
					"uv": [
						9.75,
						1.25,
						10,
						1.5
					],
					"texture": "#0"
				},
				"east": {
					"uv": [
						6,
						9,
						6.375,
						9.25
					],
					"texture": "#0"
				},
				"south": {
					"uv": [
						9.75,
						4,
						10,
						4.25
					],
					"texture": "#0"
				},
				"west": {
					"uv": [
						9,
						6.25,
						9.375,
						6.5
					],
					"texture": "#0"
				},
				"up": {
					"uv": [
						5.5,
						9.375,
						5.25,
						9
					],
					"texture": "#0"
				},
				"down": {
					"uv": [
						7.75,
						9,
						7.5,
						9.375
					],
					"texture": "#0"
				}
			}
		},
		{
			"from": [
				6,
				3.14767,
				2.65233
			],
			"to": [
				10,
				5.14767,
				6.15233
			],
			"rotation": {
				"angle": 0,
				"axis": "y",
				"origin": [
					8,
					2.14767,
					7.65233
				]
			},
			"faces": {
				"north": {
					"uv": [
						7,
						4.75,
						8,
						5.25
					],
					"texture": "#0"
				},
				"east": {
					"uv": [
						7.5,
						0,
						8.375,
						0.5
					],
					"texture": "#0"
				},
				"south": {
					"uv": [
						7,
						5.25,
						8,
						5.75
					],
					"texture": "#0"
				},
				"west": {
					"uv": [
						5.75,
						7.5,
						6.625,
						8
					],
					"texture": "#0"
				},
				"up": {
					"uv": [
						5.5,
						0.875,
						4.5,
						0
					],
					"texture": "#0"
				},
				"down": {
					"uv": [
						5.5,
						4,
						4.5,
						4.875
					],
					"texture": "#0"
				}
			}
		},
		{
			"from": [
				6.1,
				3.34767,
				-2.34767
			],
			"to": [
				9.9,
				5.14767,
				2.15233
			],
			"rotation": {
				"angle": 0,
				"axis": "y",
				"origin": [
					8,
					2.14767,
					7.65233
				]
			},
			"faces": {
				"north": {
					"uv": [
						5.75,
						7,
						6.75,
						7.5
					],
					"texture": "#0"
				},
				"east": {
					"uv": [
						6.5,
						2,
						7.625,
						2.5
					],
					"texture": "#0"
				},
				"south": {
					"uv": [
						7,
						5.75,
						8,
						6.25
					],
					"texture": "#0"
				},
				"west": {
					"uv": [
						6.5,
						2.5,
						7.625,
						3
					],
					"texture": "#0"
				},
				"up": {
					"uv": [
						3,
						4.125,
						2,
						3
					],
					"texture": "#0"
				},
				"down": {
					"uv": [
						4,
						3,
						3,
						4.125
					],
					"texture": "#0"
				}
			}
		},
		{
			"from": [
				6.45,
				2.84767,
				7.85233
			],
			"to": [
				9.55,
				5.64767,
				8.75233
			],
			"rotation": {
				"angle": 0,
				"axis": "y",
				"origin": [
					8,
					4.74767,
					11.25233
				]
			},
			"faces": {
				"north": {
					"uv": [
						6.5,
						3,
						7.25,
						3.75
					],
					"texture": "#0"
				},
				"east": {
					"uv": [
						6.5,
						8,
						6.75,
						8.75
					],
					"texture": "#0"
				},
				"south": {
					"uv": [
						2,
						6.75,
						2.75,
						7.5
					],
					"texture": "#0"
				},
				"west": {
					"uv": [
						7,
						8.5,
						7.25,
						9.25
					],
					"texture": "#0"
				},
				"up": {
					"uv": [
						6.25,
						2,
						5.5,
						1.75
					],
					"texture": "#0"
				},
				"down": {
					"uv": [
						9,
						6.25,
						8.25,
						6.5
					],
					"texture": "#0"
				}
			}
		},
		{
			"from": [
				6.75,
				5.64767,
				8.75233
			],
			"to": [
				9.25,
				5.74767,
				12.25233
			],
			"rotation": {
				"angle": 0,
				"axis": "y",
				"origin": [
					8,
					4.74767,
					11.25233
				]
			},
			"faces": {
				"north": {
					"uv": [
						0,
						9.25,
						0.625,
						9.375
					],
					"texture": "#0"
				},
				"east": {
					"uv": [
						9,
						2,
						9.875,
						2.125
					],
					"texture": "#0"
				},
				"south": {
					"uv": [
						9.25,
						0.5,
						9.875,
						0.625
					],
					"texture": "#0"
				},
				"west": {
					"uv": [
						9,
						2.25,
						9.875,
						2.375
					],
					"texture": "#0"
				},
				"up": {
					"uv": [
						4.625,
						7.625,
						4,
						6.75
					],
					"texture": "#0"
				},
				"down": {
					"uv": [
						5.375,
						6.75,
						4.75,
						7.625
					],
					"texture": "#0"
				}
			}
		},
		{
			"from": [
				5.9,
				3.04767,
				2.15233
			],
			"to": [
				10.1,
				5.74767,
				2.65233
			],
			"rotation": {
				"angle": 0,
				"axis": "y",
				"origin": [
					8,
					4.74767,
					11.25233
				]
			},
			"faces": {
				"north": {
					"uv": [
						5.75,
						6.25,
						6.75,
						6.875
					],
					"texture": "#0"
				},
				"east": {
					"uv": [
						7.75,
						9,
						7.875,
						9.625
					],
					"texture": "#0"
				},
				"south": {
					"uv": [
						1,
						6.5,
						2,
						7.125
					],
					"texture": "#0"
				},
				"west": {
					"uv": [
						0.75,
						9.25,
						0.875,
						9.875
					],
					"texture": "#0"
				},
				"up": {
					"uv": [
						9.75,
						5.875,
						8.75,
						5.75
					],
					"texture": "#0"
				},
				"down": {
					"uv": [
						9.75,
						7.25,
						8.75,
						7.375
					],
					"texture": "#0"
				}
			}
		},
		{
			"from": [
				6,
				3.84767,
				-4.74767
			],
			"to": [
				10,
				5.74767,
				-4.24767
			],
			"rotation": {
				"angle": 0,
				"axis": "y",
				"origin": [
					8,
					4.74767,
					11.25233
				]
			},
			"faces": {
				"north": {
					"uv": [
						7.25,
						0.5,
						8.25,
						1
					],
					"texture": "#0"
				},
				"east": {
					"uv": [
						2.25,
						9.5,
						2.375,
						10
					],
					"texture": "#0"
				},
				"south": {
					"uv": [
						1,
						7.25,
						2,
						7.75
					],
					"texture": "#0"
				},
				"west": {
					"uv": [
						2.5,
						9.5,
						2.625,
						10
					],
					"texture": "#0"
				},
				"up": {
					"uv": [
						9.75,
						8.125,
						8.75,
						8
					],
					"texture": "#0"
				},
				"down": {
					"uv": [
						9.75,
						8.25,
						8.75,
						8.375
					],
					"texture": "#0"
				}
			}
		},
		{
			"from": [
				8.1,
				4.04767,
				-10.44767
			],
			"to": [
				9.8,
				5.64767,
				6.95233
			],
			"rotation": {
				"angle": 0,
				"axis": "y",
				"origin": [
					8,
					4.74767,
					11.25233
				]
			},
			"faces": {
				"north": {
					"uv": [
						8.75,
						1,
						9.125,
						1.375
					],
					"texture": "#0"
				},
				"east": {
					"uv": [
						0,
						0,
						4.375,
						0.375
					],
					"texture": "#0"
				},
				"south": {
					"uv": [
						1.5,
						8.75,
						1.875,
						9.125
					],
					"texture": "#0"
				},
				"west": {
					"uv": [
						0,
						0.5,
						4.375,
						0.875
					],
					"texture": "#0"
				},
				"up": {
					"uv": [
						0.375,
						5.375,
						0,
						1
					],
					"texture": "#0"
				},
				"down": {
					"uv": [
						0.875,
						1,
						0.5,
						5.375
					],
					"texture": "#0"
				}
			}
		},
		{
			"from": [
				7.9,
				4.14767,
				-10.44767
			],
			"to": [
				8.1,
				5.54767,
				6.95233
			],
			"rotation": {
				"angle": 0,
				"axis": "y",
				"origin": [
					8,
					4.74767,
					11.25233
				]
			},
			"faces": {
				"north": {
					"uv": [
						8,
						9.75,
						8.125,
						10.125
					],
					"texture": "#0"
				},
				"east": {
					"uv": [
						2,
						2,
						6.375,
						2.375
					],
					"texture": "#0"
				},
				"south": {
					"uv": [
						8.25,
						9.75,
						8.375,
						10.125
					],
					"texture": "#0"
				},
				"west": {
					"uv": [
						2,
						2.5,
						6.375,
						2.875
					],
					"texture": "#0"
				},
				"up": {
					"uv": [
						5.625,
						11.125,
						5.5,
						6.75
					],
					"texture": "#0"
				},
				"down": {
					"uv": [
						6.875,
						6.25,
						6.75,
						10.625
					],
					"texture": "#0"
				}
			}
		},
		{
			"from": [
				6.9,
				5.64767,
				-4.24767
			],
			"to": [
				9.1,
				5.94767,
				2.15233
			],
			"rotation": {
				"angle": 0,
				"axis": "y",
				"origin": [
					8,
					4.74767,
					11.25233
				]
			},
			"faces": {
				"north": {
					"uv": [
						4.25,
						9.75,
						4.75,
						9.875
					],
					"texture": "#0"
				},
				"east": {
					"uv": [
						8,
						7,
						9.625,
						7.125
					],
					"texture": "#0"
				},
				"south": {
					"uv": [
						4.75,
						9.75,
						5.25,
						9.875
					],
					"texture": "#0"
				},
				"west": {
					"uv": [
						8.25,
						6,
						9.875,
						6.125
					],
					"texture": "#0"
				},
				"up": {
					"uv": [
						4,
						5.875,
						3.5,
						4.25
					],
					"texture": "#0"
				},
				"down": {
					"uv": [
						5,
						5,
						4.5,
						6.625
					],
					"texture": "#0"
				}
			}
		},
		{
			"from": [
				7.8,
				5.54767,
				-10.14767
			],
			"to": [
				8.2,
				6.14767,
				-9.74767
			],
			"rotation": {
				"angle": 0,
				"axis": "y",
				"origin": [
					8,
					4.74767,
					11.25233
				]
			},
			"faces": {
				"north": {
					"uv": [
						10,
						10,
						10.125,
						10.125
					],
					"texture": "#0"
				},
				"east": {
					"uv": [
						0.25,
						10.25,
						0.375,
						10.375
					],
					"texture": "#0"
				},
				"south": {
					"uv": [
						0.5,
						10.25,
						0.625,
						10.375
					],
					"texture": "#0"
				},
				"west": {
					"uv": [
						0.75,
						10.25,
						0.875,
						10.375
					],
					"texture": "#0"
				},
				"up": {
					"uv": [
						10.375,
						0.875,
						10.25,
						0.75
					],
					"texture": "#0"
				},
				"down": {
					"uv": [
						1.125,
						10.25,
						1,
						10.375
					],
					"texture": "#0"
				}
			}
		},
		{
			"from": [
				5.9,
				5.14767,
				6.95233
			],
			"to": [
				10.2,
				5.74767,
				7.85233
			],
			"rotation": {
				"angle": 0,
				"axis": "y",
				"origin": [
					8,
					4.74767,
					11.25233
				]
			},
			"faces": {
				"north": {
					"uv": [
						8.75,
						1.5,
						9.875,
						1.625
					],
					"texture": "#0"
				},
				"east": {
					"uv": [
						10,
						3.25,
						10.25,
						3.375
					],
					"texture": "#0"
				},
				"south": {
					"uv": [
						8.75,
						1.75,
						9.875,
						1.875
					],
					"texture": "#0"
				},
				"west": {
					"uv": [
						3.5,
						10,
						3.75,
						10.125
					],
					"texture": "#0"
				},
				"up": {
					"uv": [
						9.125,
						6.75,
						8,
						6.5
					],
					"texture": "#0"
				},
				"down": {
					"uv": [
						9.125,
						6.75,
						8,
						7
					],
					"texture": "#0"
				}
			}
		},
		{
			"from": [
				6.2,
				4.04767,
				-10.44767
			],
			"to": [
				7.9,
				5.64767,
				6.95233
			],
			"rotation": {
				"angle": 0,
				"axis": "y",
				"origin": [
					8,
					4.74767,
					11.25233
				]
			},
			"faces": {
				"north": {
					"uv": [
						2,
						8.75,
						2.375,
						9.125
					],
					"texture": "#0"
				},
				"east": {
					"uv": [
						1,
						1,
						5.375,
						1.375
					],
					"texture": "#0"
				},
				"south": {
					"uv": [
						2.5,
						8.75,
						2.875,
						9.125
					],
					"texture": "#0"
				},
				"west": {
					"uv": [
						1,
						1.5,
						5.375,
						1.875
					],
					"texture": "#0"
				},
				"up": {
					"uv": [
						1.375,
						6.375,
						1,
						2
					],
					"texture": "#0"
				},
				"down": {
					"uv": [
						1.875,
						2,
						1.5,
						6.375
					],
					"texture": "#0"
				}
			}
		},
		{
			"from": [
				6.1,
				3.94767,
				-10.84767
			],
			"to": [
				9.9,
				5.74767,
				-10.34767
			],
			"rotation": {
				"angle": 0,
				"axis": "y",
				"origin": [
					8,
					4.74767,
					11.25233
				]
			},
			"faces": {
				"north": {
					"uv": [
						7,
						6.25,
						8,
						6.75
					],
					"texture": "#0"
				},
				"east": {
					"uv": [
						1.75,
						9.5,
						1.875,
						10
					],
					"texture": "#0"
				},
				"south": {
					"uv": [
						7,
						6.75,
						8,
						7.25
					],
					"texture": "#0"
				},
				"west": {
					"uv": [
						2,
						9.5,
						2.125,
						10
					],
					"texture": "#0"
				},
				"up": {
					"uv": [
						9.75,
						7.625,
						8.75,
						7.5
					],
					"texture": "#0"
				},
				"down": {
					"uv": [
						9.75,
						7.75,
						8.75,
						7.875
					],
					"texture": "#0"
				}
			}
		},
		{
			"from": [
				6,
				3.84767,
				-11.34767
			],
			"to": [
				10,
				5.84767,
				-10.84767
			],
			"rotation": {
				"angle": 0,
				"axis": "y",
				"origin": [
					8,
					4.74767,
					11.25233
				]
			},
			"faces": {
				"north": {
					"uv": [
						7.25,
						1,
						8.25,
						1.5
					],
					"texture": "#0"
				},
				"east": {
					"uv": [
						5.75,
						9.75,
						5.875,
						10.25
					],
					"texture": "#0"
				},
				"south": {
					"uv": [
						7.25,
						1.5,
						8.25,
						2
					],
					"texture": "#0"
				},
				"west": {
					"uv": [
						6,
						9.75,
						6.125,
						10.25
					],
					"texture": "#0"
				},
				"up": {
					"uv": [
						10,
						0.125,
						9,
						0
					],
					"texture": "#0"
				},
				"down": {
					"uv": [
						10,
						0.25,
						9,
						0.375
					],
					"texture": "#0"
				}
			}
		},
		{
			"from": [
				5.9,
				2.84767,
				6.15233
			],
			"to": [
				10.2,
				5.14767,
				7.85233
			],
			"rotation": {
				"angle": 0,
				"axis": "y",
				"origin": [
					8,
					2.14767,
					7.65233
				]
			},
			"faces": {
				"north": {
					"uv": [
						5.5,
						4,
						6.625,
						4.625
					],
					"texture": "#0"
				},
				"east": {
					"uv": [
						8.25,
						0.5,
						8.625,
						1.125
					],
					"texture": "#0"
				},
				"south": {
					"uv": [
						5.75,
						5.5,
						6.875,
						6.125
					],
					"texture": "#0"
				},
				"west": {
					"uv": [
						8.25,
						1.25,
						8.625,
						1.875
					],
					"texture": "#0"
				},
				"up": {
					"uv": [
						8.625,
						7.625,
						7.5,
						7.25
					],
					"texture": "#0"
				},
				"down": {
					"uv": [
						8.875,
						2,
						7.75,
						2.375
					],
					"texture": "#0"
				}
			}
		},
		{
			"from": [
				9.65,
				3.24767,
				9.35233
			],
			"to": [
				9.95,
				4.54767,
				12.05233
			],
			"rotation": {
				"angle": 0,
				"axis": "y",
				"origin": [
					8.6,
					4.74767,
					11.25233
				]
			},
			"faces": {
				"north": {
					"uv": [
						9.75,
						8.25,
						9.875,
						8.625
					],
					"texture": "#0"
				},
				"east": {
					"uv": [
						2,
						8.25,
						2.625,
						8.625
					],
					"texture": "#0"
				},
				"south": {
					"uv": [
						8.5,
						9.75,
						8.625,
						10.125
					],
					"texture": "#0"
				},
				"west": {
					"uv": [
						2.75,
						8.25,
						3.375,
						8.625
					],
					"texture": "#0"
				},
				"up": {
					"uv": [
						9.375,
						1.375,
						9.25,
						0.75
					],
					"texture": "#0"
				},
				"down": {
					"uv": [
						1.125,
						9.25,
						1,
						9.875
					],
					"texture": "#0"
				}
			}
		},
		{
			"from": [
				9.65,
				4.14767,
				11.25233
			],
			"to": [
				10.05,
				5.04767,
				12.15233
			],
			"rotation": {
				"angle": 0,
				"axis": "y",
				"origin": [
					8.6,
					4.74767,
					11.25233
				]
			},
			"faces": {
				"north": {
					"uv": [
						1.5,
						10,
						1.625,
						10.25
					],
					"texture": "#0"
				},
				"east": {
					"uv": [
						6.25,
						9.25,
						6.5,
						9.5
					],
					"texture": "#0"
				},
				"south": {
					"uv": [
						10,
						1.5,
						10.125,
						1.75
					],
					"texture": "#0"
				},
				"west": {
					"uv": [
						6.5,
						9.25,
						6.75,
						9.5
					],
					"texture": "#0"
				},
				"up": {
					"uv": [
						1.875,
						10.25,
						1.75,
						10
					],
					"texture": "#0"
				},
				"down": {
					"uv": [
						10.125,
						1.75,
						10,
						2
					],
					"texture": "#0"
				}
			}
		},
		{
			"from": [
				9.65,
				4.54767,
				9.25233
			],
			"to": [
				10.05,
				5.04767,
				11.25233
			],
			"rotation": {
				"angle": 0,
				"axis": "y",
				"origin": [
					8.6,
					4.74767,
					11.25233
				]
			},
			"faces": {
				"north": {
					"uv": [
						10.25,
						1,
						10.375,
						1.125
					],
					"texture": "#0"
				},
				"east": {
					"uv": [
						9.25,
						6.5,
						9.75,
						6.625
					],
					"texture": "#0"
				},
				"south": {
					"uv": [
						1.25,
						10.25,
						1.375,
						10.375
					],
					"texture": "#0"
				},
				"west": {
					"uv": [
						9.25,
						6.75,
						9.75,
						6.875
					],
					"texture": "#0"
				},
				"up": {
					"uv": [
						7.125,
						9.75,
						7,
						9.25
					],
					"texture": "#0"
				},
				"down": {
					"uv": [
						7.375,
						9.25,
						7.25,
						9.75
					],
					"texture": "#0"
				}
			}
		},
		{
			"from": [
				9.65,
				4.54767,
				11.45233
			],
			"to": [
				9.95,
				6.54767,
				12.05233
			],
			"rotation": {
				"angle": 22.5,
				"axis": "x",
				"origin": [
					8.6,
					4.74767,
					11.25233
				]
			},
			"faces": {
				"north": {
					"uv": [
						8,
						9.25,
						8.125,
						9.75
					],
					"texture": "#0"
				},
				"east": {
					"uv": [
						8.25,
						9.25,
						8.375,
						9.75
					],
					"texture": "#0"
				},
				"south": {
					"uv": [
						8.5,
						9.25,
						8.625,
						9.75
					],
					"texture": "#0"
				},
				"west": {
					"uv": [
						8.75,
						9.25,
						8.875,
						9.75
					],
					"texture": "#0"
				},
				"up": {
					"uv": [
						10.375,
						1.375,
						10.25,
						1.25
					],
					"texture": "#0"
				},
				"down": {
					"uv": [
						1.625,
						10.25,
						1.5,
						10.375
					],
					"texture": "#0"
				}
			}
		},
		{
			"from": [
				9.65,
				6.54767,
				11.35233
			],
			"to": [
				9.95,
				6.84767,
				12.55233
			],
			"rotation": {
				"angle": 22.5,
				"axis": "x",
				"origin": [
					8.6,
					4.74767,
					11.25233
				]
			},
			"faces": {
				"north": {
					"uv": [
						10.25,
						1.5,
						10.375,
						1.625
					],
					"texture": "#0"
				},
				"east": {
					"uv": [
						2,
						10,
						2.25,
						10.125
					],
					"texture": "#0"
				},
				"south": {
					"uv": [
						1.75,
						10.25,
						1.875,
						10.375
					],
					"texture": "#0"
				},
				"west": {
					"uv": [
						10,
						2,
						10.25,
						2.125
					],
					"texture": "#0"
				},
				"up": {
					"uv": [
						2.375,
						10.25,
						2.25,
						10
					],
					"texture": "#0"
				},
				"down": {
					"uv": [
						10.125,
						2.25,
						10,
						2.5
					],
					"texture": "#0"
				}
			}
		},
		{
			"from": [
				9.25,
				6.54767,
				11.35233
			],
			"to": [
				9.65,
				6.74767,
				12.55233
			],
			"rotation": {
				"angle": 22.5,
				"axis": "x",
				"origin": [
					8.6,
					4.74767,
					11.25233
				]
			},
			"faces": {
				"north": {
					"uv": [
						10.25,
						1.75,
						10.375,
						1.875
					],
					"texture": "#0"
				},
				"east": {
					"uv": [
						2.5,
						10,
						2.75,
						10.125
					],
					"texture": "#0"
				},
				"south": {
					"uv": [
						2,
						10.25,
						2.125,
						10.375
					],
					"texture": "#0"
				},
				"west": {
					"uv": [
						10,
						2.5,
						10.25,
						2.625
					],
					"texture": "#0"
				},
				"up": {
					"uv": [
						10.125,
						3,
						10,
						2.75
					],
					"texture": "#0"
				},
				"down": {
					"uv": [
						10.125,
						3,
						10,
						3.25
					],
					"texture": "#0"
				}
			}
		},
		{
			"from": [
				9.45,
				4.54767,
				11.55233
			],
			"to": [
				9.75,
				6.54767,
				11.95233
			],
			"rotation": {
				"angle": 22.5,
				"axis": "x",
				"origin": [
					8.6,
					4.74767,
					11.25233
				]
			},
			"faces": {
				"north": {
					"uv": [
						9,
						9.25,
						9.125,
						9.75
					],
					"texture": "#0"
				},
				"east": {
					"uv": [
						9.25,
						9.25,
						9.375,
						9.75
					],
					"texture": "#0"
				},
				"south": {
					"uv": [
						0,
						9.5,
						0.125,
						10
					],
					"texture": "#0"
				},
				"west": {
					"uv": [
						0.25,
						9.5,
						0.375,
						10
					],
					"texture": "#0"
				},
				"up": {
					"uv": [
						10.375,
						2.125,
						10.25,
						2
					],
					"texture": "#0"
				},
				"down": {
					"uv": [
						2.375,
						10.25,
						2.25,
						10.375
					],
					"texture": "#0"
				}
			}
		},
		{
			"from": [
				9.35,
				3.14767,
				9.05233
			],
			"to": [
				9.65,
				5.34767,
				12.25233
			],
			"rotation": {
				"angle": 0,
				"axis": "y",
				"origin": [
					8.6,
					4.74767,
					11.25233
				]
			},
			"faces": {
				"north": {
					"uv": [
						0.5,
						9.5,
						0.625,
						10
					],
					"texture": "#0"
				},
				"east": {
					"uv": [
						7.75,
						2.5,
						8.5,
						3
					],
					"texture": "#0"
				},
				"south": {
					"uv": [
						9.5,
						0.75,
						9.625,
						1.25
					],
					"texture": "#0"
				},
				"west": {
					"uv": [
						2.75,
						7.75,
						3.5,
						8.25
					],
					"texture": "#0"
				},
				"up": {
					"uv": [
						3.875,
						9.75,
						3.75,
						9
					],
					"texture": "#0"
				},
				"down": {
					"uv": [
						4.125,
						9,
						4,
						9.75
					],
					"texture": "#0"
				}
			}
		},
		{
			"from": [
				6.05,
				3.24767,
				9.35233
			],
			"to": [
				6.35,
				4.54767,
				12.05233
			],
			"rotation": {
				"angle": 0,
				"axis": "y",
				"origin": [
					5.6,
					4.74767,
					11.25233
				]
			},
			"faces": {
				"north": {
					"uv": [
						8.75,
						9.75,
						8.875,
						10.125
					],
					"texture": "#0"
				},
				"east": {
					"uv": [
						4,
						8.25,
						4.625,
						8.625
					],
					"texture": "#0"
				},
				"south": {
					"uv": [
						9.75,
						8.75,
						9.875,
						9.125
					],
					"texture": "#0"
				},
				"west": {
					"uv": [
						4.75,
						8.25,
						5.375,
						8.625
					],
					"texture": "#0"
				},
				"up": {
					"uv": [
						1.375,
						9.875,
						1.25,
						9.25
					],
					"texture": "#0"
				},
				"down": {
					"uv": [
						1.625,
						9.25,
						1.5,
						9.875
					],
					"texture": "#0"
				}
			}
		},
		{
			"from": [
				6.35,
				3.14767,
				9.05233
			],
			"to": [
				6.65,
				5.34767,
				12.25233
			],
			"rotation": {
				"angle": 0,
				"axis": "y",
				"origin": [
					5.6,
					4.74767,
					11.25233
				]
			},
			"faces": {
				"north": {
					"uv": [
						9.5,
						9.5,
						9.625,
						10
					],
					"texture": "#0"
				},
				"east": {
					"uv": [
						4,
						7.75,
						4.75,
						8.25
					],
					"texture": "#0"
				},
				"south": {
					"uv": [
						9.75,
						0.75,
						9.875,
						1.25
					],
					"texture": "#0"
				},
				"west": {
					"uv": [
						4.75,
						7.75,
						5.5,
						8.25
					],
					"texture": "#0"
				},
				"up": {
					"uv": [
						4.375,
						9.75,
						4.25,
						9
					],
					"texture": "#0"
				},
				"down": {
					"uv": [
						4.625,
						9,
						4.5,
						9.75
					],
					"texture": "#0"
				}
			}
		},
		{
			"from": [
				5.95,
				4.54767,
				9.25233
			],
			"to": [
				6.35,
				5.04767,
				11.25233
			],
			"rotation": {
				"angle": 0,
				"axis": "y",
				"origin": [
					5.6,
					4.74767,
					11.25233
				]
			},
			"faces": {
				"north": {
					"uv": [
						10.25,
						3.25,
						10.375,
						3.375
					],
					"texture": "#0"
				},
				"east": {
					"uv": [
						9.5,
						5.5,
						10,
						5.625
					],
					"texture": "#0"
				},
				"south": {
					"uv": [
						3.5,
						10.25,
						3.625,
						10.375
					],
					"texture": "#0"
				},
				"west": {
					"uv": [
						9.5,
						6.25,
						10,
						6.375
					],
					"texture": "#0"
				},
				"up": {
					"uv": [
						9.625,
						9,
						9.5,
						8.5
					],
					"texture": "#0"
				},
				"down": {
					"uv": [
						9.625,
						9,
						9.5,
						9.5
					],
					"texture": "#0"
				}
			}
		},
		{
			"from": [
				5.95,
				4.14767,
				11.25233
			],
			"to": [
				6.35,
				5.04767,
				12.15233
			],
			"rotation": {
				"angle": 0,
				"axis": "y",
				"origin": [
					5.6,
					4.74767,
					11.25233
				]
			},
			"faces": {
				"north": {
					"uv": [
						10,
						5.5,
						10.125,
						5.75
					],
					"texture": "#0"
				},
				"east": {
					"uv": [
						9.5,
						1.25,
						9.75,
						1.5
					],
					"texture": "#0"
				},
				"south": {
					"uv": [
						10,
						6,
						10.125,
						6.25
					],
					"texture": "#0"
				},
				"west": {
					"uv": [
						9.5,
						4,
						9.75,
						4.25
					],
					"texture": "#0"
				},
				"up": {
					"uv": [
						6.375,
						10.25,
						6.25,
						10
					],
					"texture": "#0"
				},
				"down": {
					"uv": [
						10.125,
						6.25,
						10,
						6.5
					],
					"texture": "#0"
				}
			}
		},
		{
			"from": [
				6.05,
				4.54767,
				11.45233
			],
			"to": [
				6.35,
				6.54767,
				12.05233
			],
			"rotation": {
				"angle": 22.5,
				"axis": "x",
				"origin": [
					5.6,
					4.74767,
					11.25233
				]
			},
			"faces": {
				"north": {
					"uv": [
						5.25,
						9.5,
						5.375,
						10
					],
					"texture": "#0"
				},
				"east": {
					"uv": [
						6.25,
						9.5,
						6.375,
						10
					],
					"texture": "#0"
				},
				"south": {
					"uv": [
						6.5,
						9.5,
						6.625,
						10
					],
					"texture": "#0"
				},
				"west": {
					"uv": [
						7.5,
						9.5,
						7.625,
						10
					],
					"texture": "#0"
				},
				"up": {
					"uv": [
						10.375,
						3.125,
						10.25,
						3
					],
					"texture": "#0"
				},
				"down": {
					"uv": [
						3.375,
						10.25,
						3.25,
						10.375
					],
					"texture": "#0"
				}
			}
		},
		{
			"from": [
				6.05,
				6.54767,
				11.35233
			],
			"to": [
				6.35,
				6.84767,
				12.55233
			],
			"rotation": {
				"angle": 22.5,
				"axis": "x",
				"origin": [
					5.6,
					4.74767,
					11.25233
				]
			},
			"faces": {
				"north": {
					"uv": [
						10.25,
						2.75,
						10.375,
						2.875
					],
					"texture": "#0"
				},
				"east": {
					"uv": [
						4.5,
						10,
						4.75,
						10.125
					],
					"texture": "#0"
				},
				"south": {
					"uv": [
						3,
						10.25,
						3.125,
						10.375
					],
					"texture": "#0"
				},
				"west": {
					"uv": [
						4.75,
						10,
						5,
						10.125
					],
					"texture": "#0"
				},
				"up": {
					"uv": [
						5.125,
						10.25,
						5,
						10
					],
					"texture": "#0"
				},
				"down": {
					"uv": [
						5.375,
						10,
						5.25,
						10.25
					],
					"texture": "#0"
				}
			}
		},
		{
			"from": [
				6.35,
				6.54767,
				11.35233
			],
			"to": [
				6.75,
				6.74767,
				12.55233
			],
			"rotation": {
				"angle": 22.5,
				"axis": "x",
				"origin": [
					5.6,
					4.74767,
					11.25233
				]
			},
			"faces": {
				"north": {
					"uv": [
						10.25,
						2.5,
						10.375,
						2.625
					],
					"texture": "#0"
				},
				"east": {
					"uv": [
						10,
						3.5,
						10.25,
						3.625
					],
					"texture": "#0"
				},
				"south": {
					"uv": [
						2.75,
						10.25,
						2.875,
						10.375
					],
					"texture": "#0"
				},
				"west": {
					"uv": [
						10,
						3.75,
						10.25,
						3.875
					],
					"texture": "#0"
				},
				"up": {
					"uv": [
						10.125,
						4.25,
						10,
						4
					],
					"texture": "#0"
				},
				"down": {
					"uv": [
						4.375,
						10,
						4.25,
						10.25
					],
					"texture": "#0"
				}
			}
		},
		{
			"from": [
				6.35,
				4.54767,
				11.55233
			],
			"to": [
				6.65,
				6.54767,
				11.95233
			],
			"rotation": {
				"angle": 22.5,
				"axis": "x",
				"origin": [
					5.6,
					4.74767,
					11.25233
				]
			},
			"faces": {
				"north": {
					"uv": [
						9.5,
						2.5,
						9.625,
						3
					],
					"texture": "#0"
				},
				"east": {
					"uv": [
						9.5,
						3,
						9.625,
						3.5
					],
					"texture": "#0"
				},
				"south": {
					"uv": [
						3.5,
						9.5,
						3.625,
						10
					],
					"texture": "#0"
				},
				"west": {
					"uv": [
						9.5,
						3.5,
						9.625,
						4
					],
					"texture": "#0"
				},
				"up": {
					"uv": [
						10.375,
						2.375,
						10.25,
						2.25
					],
					"texture": "#0"
				},
				"down": {
					"uv": [
						2.625,
						10.25,
						2.5,
						10.375
					],
					"texture": "#0"
				}
			}
		}
	],
	"groups": [
		0,
		1,
		2,
		3,
		4,
		5,
		6,
		7,
		8,
		9,
		10,
		11,
		12,
		13,
		14,
		15,
		16,
		17,
		18,
		19,
		20,
		21,
		22,
		23,
		24,
		25,
		26,
		27,
		28,
		29,
		30,
		31,
		32,
		33,
		34,
		35,
		36,
		37,
		38,
		39,
		{
			"name": "group",
			"origin": [
				11,
				4.74767,
				11.25233
			],
			"color": 0,
			"children": [
				40,
				41,
				42,
				43,
				44,
				45,
				46,
				47,
				48,
				49,
				50,
				51,
				52,
				53,
				54,
				55
			]
		}
	],
	"display": {
		"thirdperson_righthand": {
			"translation": [
				0,
				5.25,
				-3.75
			]
		},
		"thirdperson_lefthand": {
			"translation": [
				0,
				5.25,
				-3
			],
			"scale": [
				-1,
				1,
				1
			]
		},
		"firstperson_righthand": {
			"translation": [
				-3,
				10,
				-1.5
			],
			"scale": [
				1.31,
				1.31,
				1.31
			]
		},
		"firstperson_lefthand": {
			"translation": [
				-3,
				10,
				-1.5
			],
			"scale": [
				-1.31,
				1.31,
				1.31
			]
		},
		"ground": {
			"translation": [
				0,
				6.75,
				0
			]
		},
		"gui": {
			"rotation": [
				-166.64,
				-24.46,
				-177.78
			],
			"translation": [
				-1,
				3,
				-1
			],
			"scale": [
				0.73,
				0.73,
				0.73
			]
		},
		"fixed": {
			"rotation": [
				0,
				89.25,
				0
			],
			"translation": [
				3,
				5.25,
				-1
			]
		}
	}
}