{
	"credit": "Made with Blockbench",
	"texture_size": [
		32,
		32
	],
	"textures": {
		"1": "scguns_laf:item/new_carabine_44_texture",
		"particle": "scguns_laf:item/new_carabine_44_texture"
	},
	"elements": [
		{
			"from": [
				7.5,
				-0.05,
				14.75
			],
			"to": [
				8.5,
				4.45,
				16.65
			],
			"rotation": {
				"angle": -45,
				"axis": "x",
				"origin": [
					8,
					1,
					15
				]
			},
			"faces": {
				"north": {
					"uv": [
						3,
						7,
						3.5,
						9.25
					],
					"texture": "#1"
				},
				"east": {
					"uv": [
						4,
						2,
						5,
						4.25
					],
					"texture": "#1"
				},
				"south": {
					"uv": [
						7,
						3,
						7.5,
						5.25
					],
					"texture": "#1"
				},
				"west": {
					"uv": [
						4,
						4.5,
						5,
						6.75
					],
					"texture": "#1"
				},
				"up": {
					"uv": [
						7,
						10.5,
						6.5,
						9.5
					],
					"texture": "#1"
				},
				"down": {
					"uv": [
						7.5,
						9.5,
						7,
						10.5
					],
					"texture": "#1"
				}
			}
		},
		{
			"from": [
				7.6,
				-0.45,
				14.75
			],
			"to": [
				8.4,
				-0.05,
				16.4
			],
			"rotation": {
				"angle": -45,
				"axis": "x",
				"origin": [
					8,
					1,
					15
				]
			},
			"faces": {
				"north": {
					"uv": [
						12,
						5.5,
						12.5,
						5.75
					],
					"texture": "#1"
				},
				"east": {
					"uv": [
						11.5,
						1.5,
						12.25,
						1.75
					],
					"texture": "#1"
				},
				"south": {
					"uv": [
						6,
						12,
						6.5,
						12.25
					],
					"texture": "#1"
				},
				"west": {
					"uv": [
						11.5,
						2,
						12.25,
						2.25
					],
					"texture": "#1"
				},
				"up": {
					"uv": [
						9,
						10.75,
						8.5,
						10
					],
					"texture": "#1"
				},
				"down": {
					"uv": [
						9.5,
						10,
						9,
						10.75
					],
					"texture": "#1"
				}
			}
		},
		{
			"from": [
				7.24,
				1.5,
				15.2
			],
			"to": [
				8.76,
				4.2,
				15.7
			],
			"rotation": {
				"angle": -45,
				"axis": "x",
				"origin": [
					8,
					1,
					15
				]
			},
			"faces": {
				"north": {
					"uv": [
						6.5,
						8,
						7.25,
						9.25
					],
					"texture": "#1"
				},
				"east": {
					"uv": [
						10.5,
						10.5,
						10.75,
						11.75
					],
					"texture": "#1"
				},
				"south": {
					"uv": [
						7.5,
						8,
						8.25,
						9.25
					],
					"texture": "#1"
				},
				"west": {
					"uv": [
						0,
						11,
						0.25,
						12.25
					],
					"texture": "#1"
				},
				"up": {
					"uv": [
						12.25,
						2.75,
						11.5,
						2.5
					],
					"texture": "#1"
				},
				"down": {
					"uv": [
						12.25,
						3,
						11.5,
						3.25
					],
					"texture": "#1"
				}
			}
		},
		{
			"from": [
				7.34,
				0.2,
				14.6
			],
			"to": [
				8.66,
				4,
				16.3
			],
			"rotation": {
				"angle": -45,
				"axis": "x",
				"origin": [
					8,
					1,
					15
				]
			},
			"faces": {
				"north": {
					"uv": [
						5,
						0,
						5.75,
						2
					],
					"texture": "#1"
				},
				"east": {
					"uv": [
						2,
						5,
						2.75,
						7
					],
					"texture": "#1"
				},
				"south": {
					"uv": [
						5,
						2,
						5.75,
						4
					],
					"texture": "#1"
				},
				"west": {
					"uv": [
						3,
						5,
						3.75,
						7
					],
					"texture": "#1"
				},
				"up": {
					"uv": [
						9.25,
						9.75,
						8.5,
						9
					],
					"texture": "#1"
				},
				"down": {
					"uv": [
						2.75,
						9.5,
						2,
						10.25
					],
					"texture": "#1"
				}
			}
		},
		{
			"from": [
				7.25,
				2.84767,
				8.55233
			],
			"to": [
				8.75,
				5.74767,
				12.35233
			],
			"rotation": {
				"angle": 0,
				"axis": "y",
				"origin": [
					8,
					4.74767,
					11.25233
				]
			},
			"faces": {
				"north": {
					"uv": [
						3.5,
						7,
						4.25,
						8.5
					],
					"texture": "#1"
				},
				"east": {
					"uv": [
						2,
						2,
						4,
						3.5
					],
					"texture": "#1"
				},
				"south": {
					"uv": [
						7,
						5.5,
						7.75,
						7
					],
					"texture": "#1"
				},
				"west": {
					"uv": [
						2,
						3.5,
						4,
						5
					],
					"texture": "#1"
				},
				"up": {
					"uv": [
						5.75,
						6,
						5,
						4
					],
					"texture": "#1"
				},
				"down": {
					"uv": [
						6.75,
						0,
						6,
						2
					],
					"texture": "#1"
				}
			}
		},
		{
			"from": [
				7.55,
				4.94767,
				8.55233
			],
			"to": [
				8.45,
				5.84767,
				9.95233
			],
			"rotation": {
				"angle": 0,
				"axis": "y",
				"origin": [
					8,
					4.74767,
					11.25233
				]
			},
			"faces": {
				"north": {
					"uv": [
						4.5,
						7,
						5,
						7.5
					],
					"texture": "#1"
				},
				"east": {
					"uv": [
						10,
						10,
						10.75,
						10.5
					],
					"texture": "#1"
				},
				"south": {
					"uv": [
						7.5,
						5,
						8,
						5.5
					],
					"texture": "#1"
				},
				"west": {
					"uv": [
						0.5,
						10.5,
						1.25,
						11
					],
					"texture": "#1"
				},
				"up": {
					"uv": [
						11,
						1.25,
						10.5,
						0.5
					],
					"texture": "#1"
				},
				"down": {
					"uv": [
						2.5,
						10.5,
						2,
						11.25
					],
					"texture": "#1"
				}
			}
		},
		{
			"from": [
				8.75,
				3.14767,
				10.25233
			],
			"to": [
				9.05,
				5.34767,
				12.25233
			],
			"rotation": {
				"angle": 0,
				"axis": "y",
				"origin": [
					8,
					4.74767,
					11.25233
				]
			},
			"faces": {
				"north": {
					"uv": [
						1,
						11,
						1.25,
						12
					],
					"texture": "#1"
				},
				"east": {
					"uv": [
						7.5,
						4,
						8.5,
						5
					],
					"texture": "#1"
				},
				"south": {
					"uv": [
						1.5,
						11,
						1.75,
						12
					],
					"texture": "#1"
				},
				"west": {
					"uv": [
						4.5,
						7.5,
						5.5,
						8.5
					],
					"texture": "#1"
				},
				"up": {
					"uv": [
						11.25,
						2.5,
						11,
						1.5
					],
					"texture": "#1"
				},
				"down": {
					"uv": [
						2.75,
						11,
						2.5,
						12
					],
					"texture": "#1"
				}
			}
		},
		{
			"from": [
				7,
				3.14767,
				10.15233
			],
			"to": [
				7.3,
				5.34767,
				12.25233
			],
			"rotation": {
				"angle": 0,
				"axis": "y",
				"origin": [
					8,
					4.74767,
					11.25233
				]
			},
			"faces": {
				"north": {
					"uv": [
						3,
						11,
						3.25,
						12
					],
					"texture": "#1"
				},
				"east": {
					"uv": [
						8,
						0,
						9,
						1
					],
					"texture": "#1"
				},
				"south": {
					"uv": [
						3.5,
						11,
						3.75,
						12
					],
					"texture": "#1"
				},
				"west": {
					"uv": [
						8,
						1,
						9,
						2
					],
					"texture": "#1"
				},
				"up": {
					"uv": [
						4.25,
						12,
						4,
						11
					],
					"texture": "#1"
				},
				"down": {
					"uv": [
						11.25,
						5,
						11,
						6
					],
					"texture": "#1"
				}
			}
		},
		{
			"from": [
				7.26,
				2.84767,
				12.35233
			],
			"to": [
				8.74,
				5.44767,
				13.35233
			],
			"rotation": {
				"angle": 0,
				"axis": "y",
				"origin": [
					8,
					4.74767,
					11.25233
				]
			},
			"faces": {
				"north": {
					"uv": [
						0,
						8.5,
						0.75,
						9.75
					],
					"texture": "#1"
				},
				"east": {
					"uv": [
						9,
						5,
						9.5,
						6.25
					],
					"texture": "#1"
				},
				"south": {
					"uv": [
						1,
						8.5,
						1.75,
						9.75
					],
					"texture": "#1"
				},
				"west": {
					"uv": [
						6,
						9,
						6.5,
						10.25
					],
					"texture": "#1"
				},
				"up": {
					"uv": [
						3.25,
						11,
						2.5,
						10.5
					],
					"texture": "#1"
				},
				"down": {
					"uv": [
						11.25,
						2.5,
						10.5,
						3
					],
					"texture": "#1"
				}
			}
		},
		{
			"from": [
				7.85,
				2.34767,
				12.55233
			],
			"to": [
				8.15,
				3.14767,
				13.25233
			],
			"rotation": {
				"angle": 0,
				"axis": "y",
				"origin": [
					8,
					4.74767,
					11.25233
				]
			},
			"faces": {
				"north": {
					"uv": [
						6.5,
						12,
						6.75,
						12.5
					],
					"texture": "#1"
				},
				"east": {
					"uv": [
						7,
						12,
						7.25,
						12.5
					],
					"texture": "#1"
				},
				"south": {
					"uv": [
						7.5,
						12,
						7.75,
						12.5
					],
					"texture": "#1"
				},
				"west": {
					"uv": [
						12,
						7.5,
						12.25,
						8
					],
					"texture": "#1"
				},
				"up": {
					"uv": [
						1.25,
						12.75,
						1,
						12.5
					],
					"texture": "#1"
				},
				"down": {
					"uv": [
						12.75,
						1,
						12.5,
						1.25
					],
					"texture": "#1"
				}
			}
		},
		{
			"from": [
				7.75,
				2.14767,
				12.25233
			],
			"to": [
				8.25,
				3.14767,
				12.55233
			],
			"rotation": {
				"angle": 0,
				"axis": "y",
				"origin": [
					8,
					4.74767,
					11.25233
				]
			},
			"faces": {
				"north": {
					"uv": [
						8,
						12,
						8.25,
						12.5
					],
					"texture": "#1"
				},
				"east": {
					"uv": [
						12,
						8.5,
						12.25,
						9
					],
					"texture": "#1"
				},
				"south": {
					"uv": [
						12,
						9,
						12.25,
						9.5
					],
					"texture": "#1"
				},
				"west": {
					"uv": [
						9.5,
						12,
						9.75,
						12.5
					],
					"texture": "#1"
				},
				"up": {
					"uv": [
						1.75,
						12.75,
						1.5,
						12.5
					],
					"texture": "#1"
				},
				"down": {
					"uv": [
						12.75,
						1.5,
						12.5,
						1.75
					],
					"texture": "#1"
				}
			}
		},
		{
			"from": [
				6.95,
				3.69767,
				8.6
			],
			"to": [
				9.05,
				5.59767,
				9.9
			],
			"rotation": {
				"angle": 0,
				"axis": "y",
				"origin": [
					8,
					2.99767,
					8.20233
				]
			},
			"faces": {
				"north": {
					"uv": [
						8,
						2,
						9,
						3
					],
					"texture": "#1"
				},
				"east": {
					"uv": [
						2,
						8.5,
						2.75,
						9.5
					],
					"texture": "#1"
				},
				"south": {
					"uv": [
						8,
						5,
						9,
						6
					],
					"texture": "#1"
				},
				"west": {
					"uv": [
						8.5,
						7,
						9.25,
						8
					],
					"texture": "#1"
				},
				"up": {
					"uv": [
						9.5,
						8.75,
						8.5,
						8
					],
					"texture": "#1"
				},
				"down": {
					"uv": [
						10,
						0,
						9,
						0.75
					],
					"texture": "#1"
				}
			}
		},
		{
			"from": [
				7.36,
				4.14767,
				12.95233
			],
			"to": [
				8.64,
				5.14767,
				13.75233
			],
			"rotation": {
				"angle": 0,
				"axis": "y",
				"origin": [
					8,
					4.74767,
					11.25233
				]
			},
			"faces": {
				"north": {
					"uv": [
						10.5,
						3,
						11.25,
						3.5
					],
					"texture": "#1"
				},
				"east": {
					"uv": [
						5.5,
						7.5,
						6,
						8
					],
					"texture": "#1"
				},
				"south": {
					"uv": [
						3.5,
						10.5,
						4.25,
						11
					],
					"texture": "#1"
				},
				"west": {
					"uv": [
						5,
						8.5,
						5.5,
						9
					],
					"texture": "#1"
				},
				"up": {
					"uv": [
						11.25,
						4,
						10.5,
						3.5
					],
					"texture": "#1"
				},
				"down": {
					"uv": [
						11.25,
						4,
						10.5,
						4.5
					],
					"texture": "#1"
				}
			}
		},
		{
			"from": [
				7.51,
				4.59767,
				12.05233
			],
			"to": [
				8.49,
				5.69767,
				13.95233
			],
			"rotation": {
				"angle": 0,
				"axis": "y",
				"origin": [
					8,
					4.74767,
					11.25233
				]
			},
			"faces": {
				"north": {
					"uv": [
						9,
						6.5,
						9.5,
						7
					],
					"texture": "#1"
				},
				"east": {
					"uv": [
						9.5,
						7,
						10.5,
						7.5
					],
					"texture": "#1"
				},
				"south": {
					"uv": [
						10.5,
						9.5,
						11,
						10
					],
					"texture": "#1"
				},
				"west": {
					"uv": [
						7.5,
						9.5,
						8.5,
						10
					],
					"texture": "#1"
				},
				"up": {
					"uv": [
						10,
						8.5,
						9.5,
						7.5
					],
					"texture": "#1"
				},
				"down": {
					"uv": [
						10,
						8.5,
						9.5,
						9.5
					],
					"texture": "#1"
				}
			}
		},
		{
			"from": [
				7.61,
				4.69767,
				13.95233
			],
			"to": [
				8.39,
				5.49767,
				14.20233
			],
			"rotation": {
				"angle": 0,
				"axis": "y",
				"origin": [
					8,
					4.74767,
					11.25233
				]
			},
			"faces": {
				"north": {
					"uv": [
						11,
						6,
						11.5,
						6.5
					],
					"texture": "#1"
				},
				"east": {
					"uv": [
						12,
						9.5,
						12.25,
						10
					],
					"texture": "#1"
				},
				"south": {
					"uv": [
						11,
						8,
						11.5,
						8.5
					],
					"texture": "#1"
				},
				"west": {
					"uv": [
						10,
						12,
						10.25,
						12.5
					],
					"texture": "#1"
				},
				"up": {
					"uv": [
						12.5,
						10.25,
						12,
						10
					],
					"texture": "#1"
				},
				"down": {
					"uv": [
						11,
						12,
						10.5,
						12.25
					],
					"texture": "#1"
				}
			}
		},
		{
			"from": [
				7.11675,
				3.09634,
				4.85016
			],
			"to": [
				8.88325,
				4.75234,
				7.30266
			],
			"rotation": {
				"angle": 0,
				"axis": "y",
				"origin": [
					8,
					2.22284,
					7.64016
				]
			},
			"faces": {
				"north": {
					"uv": [
						9,
						1,
						10,
						1.75
					],
					"texture": "#1"
				},
				"east": {
					"uv": [
						3.5,
						8.5,
						4.75,
						9.25
					],
					"texture": "#1"
				},
				"south": {
					"uv": [
						9,
						2,
						10,
						2.75
					],
					"texture": "#1"
				},
				"west": {
					"uv": [
						8.5,
						4,
						9.75,
						4.75
					],
					"texture": "#1"
				},
				"up": {
					"uv": [
						8,
						1.25,
						7,
						0
					],
					"texture": "#1"
				},
				"down": {
					"uv": [
						2,
						7,
						1,
						8.25
					],
					"texture": "#1"
				}
			}
		},
		{
			"from": [
				7.11675,
				3.30334,
				1.16016
			],
			"to": [
				8.88325,
				4.75234,
				4.33266
			],
			"rotation": {
				"angle": 0,
				"axis": "y",
				"origin": [
					8,
					2.22284,
					7.64016
				]
			},
			"faces": {
				"north": {
					"uv": [
						9,
						3,
						10,
						3.75
					],
					"texture": "#1"
				},
				"east": {
					"uv": [
						7,
						7,
						8.5,
						7.75
					],
					"texture": "#1"
				},
				"south": {
					"uv": [
						5,
						9,
						6,
						9.75
					],
					"texture": "#1"
				},
				"west": {
					"uv": [
						7.5,
						3,
						9,
						3.75
					],
					"texture": "#1"
				},
				"up": {
					"uv": [
						7,
						3.5,
						6,
						2
					],
					"texture": "#1"
				},
				"down": {
					"uv": [
						7,
						3.5,
						6,
						5
					],
					"texture": "#1"
				}
			}
		},
		{
			"from": [
				7.05,
				2.74767,
				8.25233
			],
			"to": [
				8.95,
				5.84767,
				8.55233
			],
			"rotation": {
				"angle": 0,
				"axis": "y",
				"origin": [
					8,
					4.74767,
					11.25233
				]
			},
			"faces": {
				"north": {
					"uv": [
						5,
						6,
						6,
						7.5
					],
					"texture": "#1"
				},
				"east": {
					"uv": [
						4.5,
						10.5,
						4.75,
						12
					],
					"texture": "#1"
				},
				"south": {
					"uv": [
						6,
						5,
						7,
						6.5
					],
					"texture": "#1"
				},
				"west": {
					"uv": [
						10.5,
						5,
						10.75,
						6.5
					],
					"texture": "#1"
				},
				"up": {
					"uv": [
						9.5,
						11.25,
						8.5,
						11
					],
					"texture": "#1"
				},
				"down": {
					"uv": [
						12,
						8.5,
						11,
						8.75
					],
					"texture": "#1"
				}
			}
		},
		{
			"from": [
				7.05,
				2.64767,
				9.95233
			],
			"to": [
				8.95,
				5.84767,
				10.25233
			],
			"rotation": {
				"angle": 0,
				"axis": "y",
				"origin": [
					8,
					4.74767,
					11.25233
				]
			},
			"faces": {
				"north": {
					"uv": [
						6,
						6.5,
						7,
						8
					],
					"texture": "#1"
				},
				"east": {
					"uv": [
						6,
						10.5,
						6.25,
						12
					],
					"texture": "#1"
				},
				"south": {
					"uv": [
						0,
						7,
						1,
						8.5
					],
					"texture": "#1"
				},
				"west": {
					"uv": [
						6.5,
						10.5,
						6.75,
						12
					],
					"texture": "#1"
				},
				"up": {
					"uv": [
						12,
						9.25,
						11,
						9
					],
					"texture": "#1"
				},
				"down": {
					"uv": [
						12,
						9.5,
						11,
						9.75
					],
					"texture": "#1"
				}
			}
		},
		{
			"from": [
				7.35,
				5.74767,
				10.25233
			],
			"to": [
				8.65,
				5.94767,
				11.15233
			],
			"rotation": {
				"angle": 0,
				"axis": "y",
				"origin": [
					8,
					4.74767,
					11.25233
				]
			},
			"faces": {
				"north": {
					"uv": [
						11.5,
						3.5,
						12.25,
						3.75
					],
					"texture": "#1"
				},
				"east": {
					"uv": [
						12,
						10.5,
						12.5,
						10.75
					],
					"texture": "#1"
				},
				"south": {
					"uv": [
						11.5,
						4,
						12.25,
						4.25
					],
					"texture": "#1"
				},
				"west": {
					"uv": [
						11,
						12,
						11.5,
						12.25
					],
					"texture": "#1"
				},
				"up": {
					"uv": [
						11.25,
						7,
						10.5,
						6.5
					],
					"texture": "#1"
				},
				"down": {
					"uv": [
						11.25,
						7,
						10.5,
						7.5
					],
					"texture": "#1"
				}
			}
		},
		{
			"from": [
				7.45,
				5.64767,
				10.25233
			],
			"to": [
				8.55,
				5.84767,
				12.25233
			],
			"rotation": {
				"angle": 0,
				"axis": "y",
				"origin": [
					8,
					4.74767,
					11.25233
				]
			},
			"faces": {
				"north": {
					"uv": [
						12,
						11,
						12.5,
						11.25
					],
					"texture": "#1"
				},
				"east": {
					"uv": [
						11,
						10,
						12,
						10.25
					],
					"texture": "#1"
				},
				"south": {
					"uv": [
						11.5,
						12,
						12,
						12.25
					],
					"texture": "#1"
				},
				"west": {
					"uv": [
						11,
						10.5,
						12,
						10.75
					],
					"texture": "#1"
				},
				"up": {
					"uv": [
						10,
						10.5,
						9.5,
						9.5
					],
					"texture": "#1"
				},
				"down": {
					"uv": [
						0.5,
						10,
						0,
						11
					],
					"texture": "#1"
				}
			}
		},
		{
			"from": [
				7.75,
				5.74767,
				10.35233
			],
			"to": [
				7.95,
				6.14767,
				10.85233
			],
			"rotation": {
				"angle": 22.5,
				"axis": "z",
				"origin": [
					7.75,
					6.04767,
					10.60233
				]
			},
			"faces": {
				"north": {
					"uv": [
						2,
						12.5,
						2.25,
						12.75
					],
					"texture": "#1"
				},
				"east": {
					"uv": [
						12.5,
						2,
						12.75,
						2.25
					],
					"texture": "#1"
				},
				"south": {
					"uv": [
						12.5,
						2.5,
						12.75,
						2.75
					],
					"texture": "#1"
				},
				"west": {
					"uv": [
						12.5,
						3,
						12.75,
						3.25
					],
					"texture": "#1"
				},
				"up": {
					"uv": [
						3.75,
						12.75,
						3.5,
						12.5
					],
					"texture": "#1"
				},
				"down": {
					"uv": [
						12.75,
						3.5,
						12.5,
						3.75
					],
					"texture": "#1"
				}
			}
		},
		{
			"from": [
				8.05,
				5.74767,
				10.35233
			],
			"to": [
				8.25,
				6.14767,
				10.85233
			],
			"rotation": {
				"angle": -22.5,
				"axis": "z",
				"origin": [
					8.25,
					6.04767,
					10.60233
				]
			},
			"faces": {
				"north": {
					"uv": [
						4,
						12.5,
						4.25,
						12.75
					],
					"texture": "#1"
				},
				"east": {
					"uv": [
						12.5,
						4,
						12.75,
						4.25
					],
					"texture": "#1"
				},
				"south": {
					"uv": [
						4.5,
						12.5,
						4.75,
						12.75
					],
					"texture": "#1"
				},
				"west": {
					"uv": [
						12.5,
						4.5,
						12.75,
						4.75
					],
					"texture": "#1"
				},
				"up": {
					"uv": [
						5.25,
						12.75,
						5,
						12.5
					],
					"texture": "#1"
				},
				"down": {
					"uv": [
						12.75,
						5,
						12.5,
						5.25
					],
					"texture": "#1"
				}
			}
		},
		{
			"from": [
				7.95,
				5.94767,
				10.45233
			],
			"to": [
				8.05,
				6.04767,
				10.95233
			],
			"rotation": {
				"angle": 0,
				"axis": "y",
				"origin": [
					8,
					4.74767,
					11.25233
				]
			},
			"faces": {
				"north": {
					"uv": [
						12.5,
						5.5,
						12.75,
						5.75
					],
					"texture": "#1"
				},
				"east": {
					"uv": [
						6,
						12.5,
						6.25,
						12.75
					],
					"texture": "#1"
				},
				"south": {
					"uv": [
						12.5,
						6,
						12.75,
						6.25
					],
					"texture": "#1"
				},
				"west": {
					"uv": [
						6.5,
						12.5,
						6.75,
						12.75
					],
					"texture": "#1"
				},
				"up": {
					"uv": [
						12.75,
						6.75,
						12.5,
						6.5
					],
					"texture": "#1"
				},
				"down": {
					"uv": [
						7.25,
						12.5,
						7,
						12.75
					],
					"texture": "#1"
				}
			}
		},
		{
			"from": [
				8.15,
				5.94767,
				10.45233
			],
			"to": [
				8.25,
				6.14767,
				10.75233
			],
			"rotation": {
				"angle": 0,
				"axis": "y",
				"origin": [
					8,
					4.74767,
					11.25233
				]
			},
			"faces": {
				"north": {
					"uv": [
						12.5,
						7,
						12.75,
						7.25
					],
					"texture": "#1"
				},
				"east": {
					"uv": [
						7.5,
						12.5,
						7.75,
						12.75
					],
					"texture": "#1"
				},
				"south": {
					"uv": [
						12.5,
						7.5,
						12.75,
						7.75
					],
					"texture": "#1"
				},
				"west": {
					"uv": [
						8,
						12.5,
						8.25,
						12.75
					],
					"texture": "#1"
				},
				"up": {
					"uv": [
						12.75,
						8.25,
						12.5,
						8
					],
					"texture": "#1"
				},
				"down": {
					"uv": [
						8.75,
						12.5,
						8.5,
						12.75
					],
					"texture": "#1"
				}
			}
		},
		{
			"from": [
				7.75,
				5.94767,
				10.45233
			],
			"to": [
				7.85,
				6.14767,
				10.75233
			],
			"rotation": {
				"angle": 0,
				"axis": "y",
				"origin": [
					8,
					4.74767,
					11.25233
				]
			},
			"faces": {
				"north": {
					"uv": [
						12.5,
						8.5,
						12.75,
						8.75
					],
					"texture": "#1"
				},
				"east": {
					"uv": [
						9,
						12.5,
						9.25,
						12.75
					],
					"texture": "#1"
				},
				"south": {
					"uv": [
						12.5,
						9,
						12.75,
						9.25
					],
					"texture": "#1"
				},
				"west": {
					"uv": [
						9.5,
						12.5,
						9.75,
						12.75
					],
					"texture": "#1"
				},
				"up": {
					"uv": [
						12.75,
						9.75,
						12.5,
						9.5
					],
					"texture": "#1"
				},
				"down": {
					"uv": [
						10.25,
						12.5,
						10,
						12.75
					],
					"texture": "#1"
				}
			}
		},
		{
			"from": [
				8.05,
				5.74767,
				10.85233
			],
			"to": [
				8.15,
				6.04767,
				11.05233
			],
			"rotation": {
				"angle": 0,
				"axis": "y",
				"origin": [
					8.25,
					5.99767,
					10.95233
				]
			},
			"faces": {
				"north": {
					"uv": [
						12.5,
						10,
						12.75,
						10.25
					],
					"texture": "#1"
				},
				"east": {
					"uv": [
						10.5,
						12.5,
						10.75,
						12.75
					],
					"texture": "#1"
				},
				"south": {
					"uv": [
						12.5,
						10.5,
						12.75,
						10.75
					],
					"texture": "#1"
				},
				"west": {
					"uv": [
						11,
						12.5,
						11.25,
						12.75
					],
					"texture": "#1"
				},
				"up": {
					"uv": [
						12.75,
						11.25,
						12.5,
						11
					],
					"texture": "#1"
				},
				"down": {
					"uv": [
						11.75,
						12.5,
						11.5,
						12.75
					],
					"texture": "#1"
				}
			}
		},
		{
			"from": [
				7.85,
				5.74767,
				10.85233
			],
			"to": [
				7.95,
				6.04767,
				11.05233
			],
			"rotation": {
				"angle": 0,
				"axis": "y",
				"origin": [
					7.75,
					5.99767,
					10.95233
				]
			},
			"faces": {
				"north": {
					"uv": [
						12.5,
						11.5,
						12.75,
						11.75
					],
					"texture": "#1"
				},
				"east": {
					"uv": [
						12,
						12.5,
						12.25,
						12.75
					],
					"texture": "#1"
				},
				"south": {
					"uv": [
						12.5,
						12,
						12.75,
						12.25
					],
					"texture": "#1"
				},
				"west": {
					"uv": [
						12.5,
						12.5,
						12.75,
						12.75
					],
					"texture": "#1"
				},
				"up": {
					"uv": [
						0.25,
						13.25,
						0,
						13
					],
					"texture": "#1"
				},
				"down": {
					"uv": [
						13.25,
						0,
						13,
						0.25
					],
					"texture": "#1"
				}
			}
		},
		{
			"from": [
				7.1225,
				4.63982,
				7.69518
			],
			"to": [
				8.8775,
				5.66482,
				8.33018
			],
			"rotation": {
				"angle": 0,
				"axis": "y",
				"origin": [
					8,
					5.45982,
					11.74018
				]
			},
			"faces": {
				"north": {
					"uv": [
						10,
						0,
						11,
						0.5
					],
					"texture": "#1"
				},
				"east": {
					"uv": [
						12,
						11.5,
						12.25,
						12
					],
					"texture": "#1"
				},
				"south": {
					"uv": [
						0.5,
						10,
						1.5,
						10.5
					],
					"texture": "#1"
				},
				"west": {
					"uv": [
						12,
						12,
						12.25,
						12.5
					],
					"texture": "#1"
				},
				"up": {
					"uv": [
						12,
						11.25,
						11,
						11
					],
					"texture": "#1"
				},
				"down": {
					"uv": [
						12.5,
						0,
						11.5,
						0.25
					],
					"texture": "#1"
				}
			}
		},
		{
			"from": [
				7.11675,
				3.17284,
				4.33266
			],
			"to": [
				8.88325,
				5.67834,
				4.85016
			],
			"rotation": {
				"angle": 0,
				"axis": "y",
				"origin": [
					8,
					4.91384,
					11.36616
				]
			},
			"faces": {
				"north": {
					"uv": [
						7,
						1.5,
						8,
						2.75
					],
					"texture": "#1"
				},
				"east": {
					"uv": [
						11,
						0,
						11.25,
						1.25
					],
					"texture": "#1"
				},
				"south": {
					"uv": [
						2,
						7,
						3,
						8.25
					],
					"texture": "#1"
				},
				"west": {
					"uv": [
						0.5,
						11,
						0.75,
						12.25
					],
					"texture": "#1"
				},
				"up": {
					"uv": [
						12.5,
						0.75,
						11.5,
						0.5
					],
					"texture": "#1"
				},
				"down": {
					"uv": [
						12.5,
						1,
						11.5,
						1.25
					],
					"texture": "#1"
				}
			}
		},
		{
			"from": [
				7.32725,
				4.13584,
				-2.25634
			],
			"to": [
				8.67275,
				5.58484,
				7.73416
			],
			"rotation": {
				"angle": 0,
				"axis": "y",
				"origin": [
					8,
					4.91384,
					11.36616
				]
			},
			"faces": {
				"north": {
					"uv": [
						3,
						9.5,
						3.75,
						10.25
					],
					"texture": "#1"
				},
				"east": {
					"uv": [
						0,
						0,
						5,
						0.75
					],
					"texture": "#1"
				},
				"south": {
					"uv": [
						4,
						9.5,
						4.75,
						10.25
					],
					"texture": "#1"
				},
				"west": {
					"uv": [
						0,
						1,
						5,
						1.75
					],
					"texture": "#1"
				},
				"up": {
					"uv": [
						0.75,
						7,
						0,
						2
					],
					"texture": "#1"
				},
				"down": {
					"uv": [
						1.75,
						2,
						1,
						7
					],
					"texture": "#1"
				}
			}
		},
		{
			"from": [
				7.63775,
				3.62534,
				-0.48184
			],
			"to": [
				8.36225,
				4.23934,
				2.92416
			],
			"rotation": {
				"angle": 0,
				"axis": "y",
				"origin": [
					8,
					4.91384,
					11.36616
				]
			},
			"faces": {
				"north": {
					"uv": [
						0.5,
						13,
						0.75,
						13.25
					],
					"texture": "#1"
				},
				"east": {
					"uv": [
						10,
						4.5,
						11.75,
						4.75
					],
					"texture": "#1"
				},
				"south": {
					"uv": [
						13,
						0.5,
						13.25,
						0.75
					],
					"texture": "#1"
				},
				"west": {
					"uv": [
						10,
						7.5,
						11.75,
						7.75
					],
					"texture": "#1"
				},
				"up": {
					"uv": [
						8.25,
						11.75,
						8,
						10
					],
					"texture": "#1"
				},
				"down": {
					"uv": [
						10.25,
						8,
						10,
						9.75
					],
					"texture": "#1"
				}
			}
		},
		{
			"from": [
				7.13375,
				4.02234,
				-2.72184
			],
			"to": [
				8.86625,
				5.67834,
				-2.20434
			],
			"rotation": {
				"angle": 0,
				"axis": "y",
				"origin": [
					8,
					4.91384,
					11.36616
				]
			},
			"faces": {
				"north": {
					"uv": [
						9.5,
						5,
						10.25,
						5.75
					],
					"texture": "#1"
				},
				"east": {
					"uv": [
						2,
						11.5,
						2.25,
						12.25
					],
					"texture": "#1"
				},
				"south": {
					"uv": [
						9.5,
						6,
						10.25,
						6.75
					],
					"texture": "#1"
				},
				"west": {
					"uv": [
						11.5,
						5,
						11.75,
						5.75
					],
					"texture": "#1"
				},
				"up": {
					"uv": [
						12.25,
						6.25,
						11.5,
						6
					],
					"texture": "#1"
				},
				"down": {
					"uv": [
						12.25,
						6.5,
						11.5,
						6.75
					],
					"texture": "#1"
				}
			}
		},
		{
			"from": [
				7.11675,
				2.88934,
				7.30266
			],
			"to": [
				8.88325,
				4.88734,
				8.38716
			],
			"rotation": {
				"angle": 0,
				"axis": "y",
				"origin": [
					8,
					2.22284,
					7.64016
				]
			},
			"faces": {
				"north": {
					"uv": [
						5.5,
						8,
						6.5,
						9
					],
					"texture": "#1"
				},
				"east": {
					"uv": [
						10,
						0.5,
						10.5,
						1.5
					],
					"texture": "#1"
				},
				"south": {
					"uv": [
						8,
						6,
						9,
						7
					],
					"texture": "#1"
				},
				"west": {
					"uv": [
						1.5,
						10,
						2,
						11
					],
					"texture": "#1"
				},
				"up": {
					"uv": [
						11,
						2,
						10,
						1.5
					],
					"texture": "#1"
				},
				"down": {
					"uv": [
						11,
						2,
						10,
						2.5
					],
					"texture": "#1"
				}
			}
		},
		{
			"from": [
				7.94825,
				5.58484,
				-2.69734
			],
			"to": [
				8.05175,
				5.97634,
				-2.28334
			],
			"rotation": {
				"angle": 0,
				"axis": "y",
				"origin": [
					8,
					4.91384,
					11.36616
				]
			},
			"faces": {
				"north": {
					"uv": [
						1,
						13,
						1.25,
						13.25
					],
					"texture": "#1"
				},
				"east": {
					"uv": [
						13,
						1,
						13.25,
						1.25
					],
					"texture": "#1"
				},
				"south": {
					"uv": [
						1.5,
						13,
						1.75,
						13.25
					],
					"texture": "#1"
				},
				"west": {
					"uv": [
						13,
						1.5,
						13.25,
						1.75
					],
					"texture": "#1"
				},
				"up": {
					"uv": [
						2.25,
						13.25,
						2,
						13
					],
					"texture": "#1"
				},
				"down": {
					"uv": [
						13.25,
						2,
						13,
						2.25
					],
					"texture": "#1"
				}
			}
		},
		{
			"from": [
				7.72092,
				-2.3954,
				10.2888
			],
			"to": [
				8.251,
				-2.0444,
				11.612
			],
			"rotation": {
				"angle": 45,
				"axis": "x",
				"origin": [
					8,
					0.5828,
					16.1048
				]
			},
			"faces": {
				"north": {
					"uv": [
						2.5,
						13,
						2.75,
						13.25
					],
					"texture": "#1"
				},
				"east": {
					"uv": [
						11.5,
						7,
						12.25,
						7.25
					],
					"texture": "#1"
				},
				"south": {
					"uv": [
						13,
						2.5,
						13.25,
						2.75
					],
					"texture": "#1"
				},
				"west": {
					"uv": [
						11.5,
						8,
						12.25,
						8.25
					],
					"texture": "#1"
				},
				"up": {
					"uv": [
						8.75,
						12.25,
						8.5,
						11.5
					],
					"texture": "#1"
				},
				"down": {
					"uv": [
						9.25,
						11.5,
						9,
						12.25
					],
					"texture": "#1"
				}
			}
		},
		{
			"from": [
				7.62092,
				2.6702,
				8.51668
			],
			"to": [
				8.351,
				2.9212,
				9.93988
			],
			"rotation": {
				"angle": 0,
				"axis": "y",
				"origin": [
					7.98596,
					2.2457,
					10.47828
				]
			},
			"faces": {
				"north": {
					"uv": [
						3,
						13,
						3.25,
						13.25
					],
					"texture": "#1"
				},
				"east": {
					"uv": [
						11,
						11.5,
						11.75,
						11.75
					],
					"texture": "#1"
				},
				"south": {
					"uv": [
						13,
						3,
						13.25,
						3.25
					],
					"texture": "#1"
				},
				"west": {
					"uv": [
						1,
						12,
						1.75,
						12.25
					],
					"texture": "#1"
				},
				"up": {
					"uv": [
						2.75,
						12.75,
						2.5,
						12
					],
					"texture": "#1"
				},
				"down": {
					"uv": [
						3.25,
						12,
						3,
						12.75
					],
					"texture": "#1"
				}
			}
		},
		{
			"from": [
				7.82092,
				2.2702,
				9.91668
			],
			"to": [
				8.151,
				2.8212,
				10.33988
			],
			"rotation": {
				"angle": -22.5,
				"axis": "x",
				"origin": [
					7.98596,
					2.4957,
					10.12828
				]
			},
			"faces": {
				"north": {
					"uv": [
						3.5,
						13,
						3.75,
						13.25
					],
					"texture": "#1"
				},
				"east": {
					"uv": [
						13,
						3.5,
						13.25,
						3.75
					],
					"texture": "#1"
				},
				"south": {
					"uv": [
						4,
						13,
						4.25,
						13.25
					],
					"texture": "#1"
				},
				"west": {
					"uv": [
						13,
						4,
						13.25,
						4.25
					],
					"texture": "#1"
				},
				"up": {
					"uv": [
						4.75,
						13.25,
						4.5,
						13
					],
					"texture": "#1"
				},
				"down": {
					"uv": [
						13.25,
						4.5,
						13,
						4.75
					],
					"texture": "#1"
				}
			}
		},
		{
			"from": [
				7.73496,
				1.6358,
				10.81
			],
			"to": [
				8.26504,
				1.9868,
				12.014
			],
			"rotation": {
				"angle": 0,
				"axis": "y",
				"origin": [
					8,
					0.5828,
					16.1048
				]
			},
			"faces": {
				"north": {
					"uv": [
						5,
						13,
						5.25,
						13.25
					],
					"texture": "#1"
				},
				"east": {
					"uv": [
						0,
						12.5,
						0.5,
						12.75
					],
					"texture": "#1"
				},
				"south": {
					"uv": [
						13,
						5,
						13.25,
						5.25
					],
					"texture": "#1"
				},
				"west": {
					"uv": [
						12.5,
						0,
						13,
						0.25
					],
					"texture": "#1"
				},
				"up": {
					"uv": [
						0.75,
						13,
						0.5,
						12.5
					],
					"texture": "#1"
				},
				"down": {
					"uv": [
						12.75,
						0.5,
						12.5,
						1
					],
					"texture": "#1"
				}
			}
		},
		{
			"from": [
				7.73496,
				3.3206,
				14.1998
			],
			"to": [
				8.26504,
				3.6716,
				14.9018
			],
			"rotation": {
				"angle": -45,
				"axis": "x",
				"origin": [
					8,
					0.5828,
					16.1048
				]
			},
			"faces": {
				"north": {
					"uv": [
						5.5,
						13,
						5.75,
						13.25
					],
					"texture": "#1"
				},
				"east": {
					"uv": [
						13,
						5.5,
						13.25,
						5.75
					],
					"texture": "#1"
				},
				"south": {
					"uv": [
						6,
						13,
						6.25,
						13.25
					],
					"texture": "#1"
				},
				"west": {
					"uv": [
						13,
						6,
						13.25,
						6.25
					],
					"texture": "#1"
				},
				"up": {
					"uv": [
						6.75,
						13.25,
						6.5,
						13
					],
					"texture": "#1"
				},
				"down": {
					"uv": [
						13.25,
						6.5,
						13,
						6.75
					],
					"texture": "#1"
				}
			}
		},
		{
			"from": [
				7.749,
				0.5126,
				13.8488
			],
			"to": [
				8.27908,
				4.3736,
				14.1998
			],
			"rotation": {
				"angle": -45,
				"axis": "x",
				"origin": [
					8,
					0.5828,
					16.1048
				]
			},
			"faces": {
				"north": {
					"uv": [
						10,
						2.5,
						10.25,
						4.5
					],
					"texture": "#1"
				},
				"east": {
					"uv": [
						5,
						10,
						5.25,
						12
					],
					"texture": "#1"
				},
				"south": {
					"uv": [
						5.5,
						10,
						5.75,
						12
					],
					"texture": "#1"
				},
				"west": {
					"uv": [
						7.5,
						10,
						7.75,
						12
					],
					"texture": "#1"
				},
				"up": {
					"uv": [
						7.25,
						13.25,
						7,
						13
					],
					"texture": "#1"
				},
				"down": {
					"uv": [
						13.25,
						7,
						13,
						7.25
					],
					"texture": "#1"
				}
			}
		},
		{
			"from": [
				7.73496,
				0.1616,
				13.8488
			],
			"to": [
				8.26504,
				0.5126,
				15.2528
			],
			"rotation": {
				"angle": -45,
				"axis": "x",
				"origin": [
					8,
					0.5828,
					16.1048
				]
			},
			"faces": {
				"north": {
					"uv": [
						7.5,
						13,
						7.75,
						13.25
					],
					"texture": "#1"
				},
				"east": {
					"uv": [
						3.5,
						12,
						4.25,
						12.25
					],
					"texture": "#1"
				},
				"south": {
					"uv": [
						13,
						7.5,
						13.25,
						7.75
					],
					"texture": "#1"
				},
				"west": {
					"uv": [
						4.5,
						12,
						5.25,
						12.25
					],
					"texture": "#1"
				},
				"up": {
					"uv": [
						12.25,
						5.25,
						12,
						4.5
					],
					"texture": "#1"
				},
				"down": {
					"uv": [
						5.75,
						12,
						5.5,
						12.75
					],
					"texture": "#1"
				}
			}
		},
		{
			"from": [
				7.73496,
				0.5126,
				14.9018
			],
			"to": [
				8.26504,
				3.6716,
				15.2528
			],
			"rotation": {
				"angle": -45,
				"axis": "x",
				"origin": [
					8,
					0.5828,
					16.1048
				]
			},
			"faces": {
				"north": {
					"uv": [
						7,
						10.5,
						7.25,
						12
					],
					"texture": "#1"
				},
				"east": {
					"uv": [
						10.5,
						8,
						10.75,
						9.5
					],
					"texture": "#1"
				},
				"south": {
					"uv": [
						9.5,
						10.5,
						9.75,
						12
					],
					"texture": "#1"
				},
				"west": {
					"uv": [
						10,
						10.5,
						10.25,
						12
					],
					"texture": "#1"
				},
				"up": {
					"uv": [
						8.25,
						13.25,
						8,
						13
					],
					"texture": "#1"
				},
				"down": {
					"uv": [
						13.25,
						8,
						13,
						8.25
					],
					"texture": "#1"
				}
			}
		}
	],
	"display": {
		"thirdperson_righthand": {
			"translation": [
				0,
				5.75,
				-4.25
			],
			"scale": [
				1.12,
				1.12,
				1.12
			]
		},
		"thirdperson_lefthand": {
			"translation": [
				0,
				5.75,
				-4.25
			],
			"scale": [
				-1.12,
				1.12,
				1.12
			]
		},
		"firstperson_righthand": {
			"translation": [
				-2.5,
				10,
				-1.5
			],
			"scale": [
				1.26,
				1.26,
				1.26
			]
		},
		"firstperson_lefthand": {
			"translation": [
				-2.25,
				10,
				-1.5
			],
			"scale": [
				-1.26,
				1.26,
				1.26
			]
		},
		"ground": {
			"translation": [
				0,
				6.75,
				0
			]
		},
		"gui": {
			"rotation": [
				-168.51,
				-33.4,
				178.33
			],
			"translation": [
				-0.5,
				4.75,
				-1
			],
			"scale": [
				1.1,
				1.1,
				1.1
			]
		},
		"fixed": {
			"rotation": [
				0,
				89.25,
				0
			],
			"translation": [
				1.5,
				6.25,
				-1
			],
			"scale": [
				1.38,
				1.38,
				1.38
			]
		}
	}
}