{
	"credit": "Made with Blockbench",
	"texture_size": [
		64,
		64
	],
	"textures": {
		"2": "scguns_laf:item/new_cogloader_texture",
		"particle": "scguns_laf:item/new_cogloader_texture"
	},
	"elements": [
		{
			"from": [
				7,
				2.5,
				4
			],
			"to": [
				9,
				4.5,
				9.25
			],
			"rotation": {
				"angle": 0,
				"axis": "y",
				"origin": [
					0,
					-0.05,
					-0.5
				]
			},
			"faces": {
				"north": {
					"uv": [
						7.5,
						5.5,
						8,
						6
					],
					"texture": "#2"
				},
				"east": {
					"uv": [
						6.25,
						0.75,
						7.625,
						1.25
					],
					"texture": "#2"
				},
				"south": {
					"uv": [
						7.5,
						6.25,
						8,
						6.75
					],
					"texture": "#2"
				},
				"west": {
					"uv": [
						5,
						6.25,
						6.375,
						6.75
					],
					"texture": "#2"
				},
				"up": {
					"uv": [
						2.75,
						6.875,
						2.25,
						5.5
					],
					"texture": "#2"
				},
				"down": {
					"uv": [
						2,
						6.25,
						1.5,
						7.625
					],
					"texture": "#2"
				}
			}
		},
		{
			"from": [
				7,
				1.7,
				5
			],
			"to": [
				9,
				2.7,
				13.25
			],
			"rotation": {
				"angle": 0,
				"axis": "y",
				"origin": [
					0,
					-0.3,
					4.5
				]
			},
			"faces": {
				"north": {
					"uv": [
						1,
						7.5,
						1.5,
						7.75
					],
					"texture": "#2"
				},
				"east": {
					"uv": [
						6.25,
						6,
						8.375,
						6.25
					],
					"texture": "#2"
				},
				"south": {
					"uv": [
						1.5,
						8.75,
						2,
						9
					],
					"texture": "#2"
				},
				"west": {
					"uv": [
						6.5,
						1.75,
						8.625,
						2
					],
					"texture": "#2"
				},
				"up": {
					"uv": [
						2.75,
						5.375,
						2.25,
						3.25
					],
					"texture": "#2"
				},
				"down": {
					"uv": [
						4.25,
						3,
						3.75,
						5.125
					],
					"texture": "#2"
				}
			}
		},
		{
			"from": [
				7,
				1.7,
				-1.85
			],
			"to": [
				9,
				2.7,
				-0.5
			],
			"rotation": {
				"angle": 0,
				"axis": "y",
				"origin": [
					0,
					-0.3,
					4.5
				]
			},
			"faces": {
				"north": {
					"uv": [
						1.5,
						9,
						2,
						9.25
					],
					"texture": "#2"
				},
				"east": {
					"uv": [
						9,
						6,
						9.375,
						6.25
					],
					"texture": "#2"
				},
				"south": {
					"uv": [
						9,
						4,
						9.5,
						4.25
					],
					"texture": "#2"
				},
				"west": {
					"uv": [
						9,
						6.25,
						9.375,
						6.5
					],
					"texture": "#2"
				},
				"up": {
					"uv": [
						9,
						5.625,
						8.5,
						5.25
					],
					"texture": "#2"
				},
				"down": {
					"uv": [
						9,
						5.75,
						8.5,
						6.125
					],
					"texture": "#2"
				}
			}
		},
		{
			"from": [
				7.75,
				1.45,
				-1.5
			],
			"to": [
				8.25,
				2.2,
				5.5
			],
			"rotation": {
				"angle": 0,
				"axis": "y",
				"origin": [
					0,
					-0.3,
					4.5
				]
			},
			"faces": {
				"north": {
					"uv": [
						8.25,
						9.5,
						8.375,
						9.75
					],
					"texture": "#2"
				},
				"east": {
					"uv": [
						6.75,
						0.5,
						8.5,
						0.75
					],
					"texture": "#2"
				},
				"south": {
					"uv": [
						9.5,
						8.25,
						9.625,
						8.5
					],
					"texture": "#2"
				},
				"west": {
					"uv": [
						6.75,
						5,
						8.5,
						5.25
					],
					"texture": "#2"
				},
				"up": {
					"uv": [
						1.375,
						10.25,
						1.25,
						8.5
					],
					"texture": "#2"
				},
				"down": {
					"uv": [
						4.375,
						8.5,
						4.25,
						10.25
					],
					"texture": "#2"
				}
			}
		},
		{
			"from": [
				7.75,
				1.45,
				-3.5
			],
			"to": [
				8.25,
				2.45,
				-1.5
			],
			"rotation": {
				"angle": 0,
				"axis": "y",
				"origin": [
					0,
					-0.3,
					4.5
				]
			},
			"faces": {
				"north": {
					"uv": [
						8.5,
						9.5,
						8.625,
						9.75
					],
					"texture": "#2"
				},
				"east": {
					"uv": [
						9,
						4.25,
						9.5,
						4.5
					],
					"texture": "#2"
				},
				"south": {
					"uv": [
						9.5,
						8.5,
						9.625,
						8.75
					],
					"texture": "#2"
				},
				"west": {
					"uv": [
						9,
						4.5,
						9.5,
						4.75
					],
					"texture": "#2"
				},
				"up": {
					"uv": [
						9.375,
						8.75,
						9.25,
						8.25
					],
					"texture": "#2"
				},
				"down": {
					"uv": [
						9.125,
						9.25,
						9,
						9.75
					],
					"texture": "#2"
				}
			}
		},
		{
			"from": [
				7.75,
				0.7,
				10.5
			],
			"to": [
				8.25,
				1.7,
				12
			],
			"rotation": {
				"angle": 0,
				"axis": "y",
				"origin": [
					0,
					-0.3,
					4.5
				]
			},
			"faces": {
				"north": {
					"uv": [
						8.75,
						9.5,
						8.875,
						9.75
					],
					"texture": "#2"
				},
				"east": {
					"uv": [
						9,
						6.5,
						9.375,
						6.75
					],
					"texture": "#2"
				},
				"south": {
					"uv": [
						9.5,
						9,
						9.625,
						9.25
					],
					"texture": "#2"
				},
				"west": {
					"uv": [
						6.75,
						9,
						7.125,
						9.25
					],
					"texture": "#2"
				},
				"up": {
					"uv": [
						3.875,
						9.875,
						3.75,
						9.5
					],
					"texture": "#2"
				},
				"down": {
					"uv": [
						4.125,
						9.5,
						4,
						9.875
					],
					"texture": "#2"
				}
			}
		},
		{
			"from": [
				7.75,
				1.4,
				12
			],
			"to": [
				8.25,
				1.7,
				14.6
			],
			"rotation": {
				"angle": 0,
				"axis": "y",
				"origin": [
					0,
					-0.3,
					4.5
				]
			},
			"faces": {
				"north": {
					"uv": [
						7.75,
						9.75,
						7.875,
						9.875
					],
					"texture": "#2"
				},
				"east": {
					"uv": [
						2.25,
						9.25,
						2.875,
						9.375
					],
					"texture": "#2"
				},
				"south": {
					"uv": [
						8.25,
						9.75,
						8.375,
						9.875
					],
					"texture": "#2"
				},
				"west": {
					"uv": [
						9.25,
						2.25,
						9.875,
						2.375
					],
					"texture": "#2"
				},
				"up": {
					"uv": [
						5.125,
						9.625,
						5,
						9
					],
					"texture": "#2"
				},
				"down": {
					"uv": [
						0.875,
						9.25,
						0.75,
						9.875
					],
					"texture": "#2"
				}
			}
		},
		{
			"from": [
				7.75,
				4.7,
				-9.75
			],
			"to": [
				8.25,
				5.2,
				-8.25
			],
			"rotation": {
				"angle": 0,
				"axis": "y",
				"origin": [
					0,
					-0.3,
					4.5
				]
			},
			"faces": {
				"north": {
					"uv": [
						9.75,
						8.25,
						9.875,
						8.375
					],
					"texture": "#2"
				},
				"east": {
					"uv": [
						9.5,
						4,
						9.875,
						4.125
					],
					"texture": "#2"
				},
				"south": {
					"uv": [
						8.5,
						9.75,
						8.625,
						9.875
					],
					"texture": "#2"
				},
				"west": {
					"uv": [
						9.5,
						4.25,
						9.875,
						4.375
					],
					"texture": "#2"
				},
				"up": {
					"uv": [
						4.625,
						9.875,
						4.5,
						9.5
					],
					"texture": "#2"
				},
				"down": {
					"uv": [
						9.625,
						4.5,
						9.5,
						4.875
					],
					"texture": "#2"
				}
			}
		},
		{
			"from": [
				7.75,
				4.7,
				12.575
			],
			"to": [
				8.25,
				5.2,
				14.075
			],
			"rotation": {
				"angle": 0,
				"axis": "y",
				"origin": [
					0,
					-0.3,
					4.5
				]
			},
			"faces": {
				"north": {
					"uv": [
						9.75,
						8.5,
						9.875,
						8.625
					],
					"texture": "#2"
				},
				"east": {
					"uv": [
						9.5,
						5,
						9.875,
						5.125
					],
					"texture": "#2"
				},
				"south": {
					"uv": [
						8.75,
						9.75,
						8.875,
						9.875
					],
					"texture": "#2"
				},
				"west": {
					"uv": [
						9.5,
						5.25,
						9.875,
						5.375
					],
					"texture": "#2"
				},
				"up": {
					"uv": [
						4.875,
						9.875,
						4.75,
						9.5
					],
					"texture": "#2"
				},
				"down": {
					"uv": [
						5.375,
						9.5,
						5.25,
						9.875
					],
					"texture": "#2"
				}
			}
		},
		{
			"from": [
				7.75,
				5.2,
				-9.75
			],
			"to": [
				8.25,
				6.1,
				-9.25
			],
			"rotation": {
				"angle": 0,
				"axis": "y",
				"origin": [
					0,
					-0.3,
					4.5
				]
			},
			"faces": {
				"north": {
					"uv": [
						9.25,
						9.5,
						9.375,
						9.75
					],
					"texture": "#2"
				},
				"east": {
					"uv": [
						9.5,
						9.5,
						9.625,
						9.75
					],
					"texture": "#2"
				},
				"south": {
					"uv": [
						0,
						9.75,
						0.125,
						10
					],
					"texture": "#2"
				},
				"west": {
					"uv": [
						9.75,
						0,
						9.875,
						0.25
					],
					"texture": "#2"
				},
				"up": {
					"uv": [
						9.875,
						8.875,
						9.75,
						8.75
					],
					"texture": "#2"
				},
				"down": {
					"uv": [
						9.125,
						9.75,
						9,
						9.875
					],
					"texture": "#2"
				}
			}
		},
		{
			"from": [
				7.95,
				6.1,
				-9.75
			],
			"to": [
				8.05,
				6.75,
				-9.25
			],
			"rotation": {
				"angle": 0,
				"axis": "y",
				"origin": [
					0,
					-0.3,
					4.5
				]
			},
			"faces": {
				"north": {
					"uv": [
						9.75,
						9,
						9.875,
						9.125
					],
					"texture": "#2"
				},
				"east": {
					"uv": [
						9.25,
						9.75,
						9.375,
						9.875
					],
					"texture": "#2"
				},
				"south": {
					"uv": [
						9.75,
						9.25,
						9.875,
						9.375
					],
					"texture": "#2"
				},
				"west": {
					"uv": [
						9.5,
						9.75,
						9.625,
						9.875
					],
					"texture": "#2"
				},
				"up": {
					"uv": [
						9.875,
						9.625,
						9.75,
						9.5
					],
					"texture": "#2"
				},
				"down": {
					"uv": [
						9.875,
						9.75,
						9.75,
						9.875
					],
					"texture": "#2"
				}
			}
		},
		{
			"from": [
				7.75,
				5.2,
				13.425
			],
			"to": [
				8.25,
				6,
				13.925
			],
			"rotation": {
				"angle": 0,
				"axis": "y",
				"origin": [
					0,
					-0.3,
					4.5
				]
			},
			"faces": {
				"north": {
					"uv": [
						0.25,
						9.75,
						0.375,
						10
					],
					"texture": "#2"
				},
				"east": {
					"uv": [
						9.75,
						0.25,
						9.875,
						0.5
					],
					"texture": "#2"
				},
				"south": {
					"uv": [
						0.5,
						9.75,
						0.625,
						10
					],
					"texture": "#2"
				},
				"west": {
					"uv": [
						1,
						9.75,
						1.125,
						10
					],
					"texture": "#2"
				},
				"up": {
					"uv": [
						0.125,
						10.125,
						0,
						10
					],
					"texture": "#2"
				},
				"down": {
					"uv": [
						10.125,
						0,
						10,
						0.125
					],
					"texture": "#2"
				}
			}
		},
		{
			"from": [
				7.45,
				6,
				13.425
			],
			"to": [
				8.55,
				6.3,
				13.925
			],
			"rotation": {
				"angle": 0,
				"axis": "y",
				"origin": [
					0,
					-0.3,
					4.5
				]
			},
			"faces": {
				"north": {
					"uv": [
						1.5,
						9.75,
						1.75,
						9.875
					],
					"texture": "#2"
				},
				"east": {
					"uv": [
						0.25,
						10,
						0.375,
						10.125
					],
					"texture": "#2"
				},
				"south": {
					"uv": [
						9.75,
						1.5,
						10,
						1.625
					],
					"texture": "#2"
				},
				"west": {
					"uv": [
						10,
						0.25,
						10.125,
						0.375
					],
					"texture": "#2"
				},
				"up": {
					"uv": [
						2,
						9.875,
						1.75,
						9.75
					],
					"texture": "#2"
				},
				"down": {
					"uv": [
						10,
						1.75,
						9.75,
						1.875
					],
					"texture": "#2"
				}
			}
		},
		{
			"from": [
				8.15,
				6.3,
				13.525
			],
			"to": [
				8.45,
				6.6,
				13.825
			],
			"rotation": {
				"angle": 0,
				"axis": "y",
				"origin": [
					0,
					-0.3,
					4.5
				]
			},
			"faces": {
				"north": {
					"uv": [
						0.5,
						10,
						0.625,
						10.125
					],
					"texture": "#2"
				},
				"east": {
					"uv": [
						0.75,
						10,
						0.875,
						10.125
					],
					"texture": "#2"
				},
				"south": {
					"uv": [
						1,
						10,
						1.125,
						10.125
					],
					"texture": "#2"
				},
				"west": {
					"uv": [
						1.5,
						10,
						1.625,
						10.125
					],
					"texture": "#2"
				},
				"up": {
					"uv": [
						10.125,
						1.625,
						10,
						1.5
					],
					"texture": "#2"
				},
				"down": {
					"uv": [
						1.875,
						10,
						1.75,
						10.125
					],
					"texture": "#2"
				}
			}
		},
		{
			"from": [
				7.55,
				6.3,
				13.525
			],
			"to": [
				7.85,
				6.6,
				13.825
			],
			"rotation": {
				"angle": 0,
				"axis": "y",
				"origin": [
					0,
					-0.3,
					4.5
				]
			},
			"faces": {
				"north": {
					"uv": [
						10,
						1.75,
						10.125,
						1.875
					],
					"texture": "#2"
				},
				"east": {
					"uv": [
						2,
						10,
						2.125,
						10.125
					],
					"texture": "#2"
				},
				"south": {
					"uv": [
						10,
						2,
						10.125,
						2.125
					],
					"texture": "#2"
				},
				"west": {
					"uv": [
						2.25,
						10,
						2.375,
						10.125
					],
					"texture": "#2"
				},
				"up": {
					"uv": [
						10.125,
						2.375,
						10,
						2.25
					],
					"texture": "#2"
				},
				"down": {
					"uv": [
						2.625,
						10,
						2.5,
						10.125
					],
					"texture": "#2"
				}
			}
		},
		{
			"from": [
				8.15,
				6.3,
				11.325
			],
			"to": [
				8.45,
				6.6,
				11.625
			],
			"rotation": {
				"angle": 0,
				"axis": "y",
				"origin": [
					0,
					-0.3,
					4.5
				]
			},
			"faces": {
				"north": {
					"uv": [
						10,
						2.5,
						10.125,
						2.625
					],
					"texture": "#2"
				},
				"east": {
					"uv": [
						2.75,
						10,
						2.875,
						10.125
					],
					"texture": "#2"
				},
				"south": {
					"uv": [
						10,
						2.75,
						10.125,
						2.875
					],
					"texture": "#2"
				},
				"west": {
					"uv": [
						3,
						10,
						3.125,
						10.125
					],
					"texture": "#2"
				},
				"up": {
					"uv": [
						10.125,
						3.125,
						10,
						3
					],
					"texture": "#2"
				},
				"down": {
					"uv": [
						3.375,
						10,
						3.25,
						10.125
					],
					"texture": "#2"
				}
			}
		},
		{
			"from": [
				7.55,
				6.3,
				11.325
			],
			"to": [
				7.85,
				6.6,
				11.625
			],
			"rotation": {
				"angle": 0,
				"axis": "y",
				"origin": [
					0,
					-0.3,
					4.5
				]
			},
			"faces": {
				"north": {
					"uv": [
						10,
						3.25,
						10.125,
						3.375
					],
					"texture": "#2"
				},
				"east": {
					"uv": [
						3.5,
						10,
						3.625,
						10.125
					],
					"texture": "#2"
				},
				"south": {
					"uv": [
						10,
						3.5,
						10.125,
						3.625
					],
					"texture": "#2"
				},
				"west": {
					"uv": [
						3.75,
						10,
						3.875,
						10.125
					],
					"texture": "#2"
				},
				"up": {
					"uv": [
						10.125,
						3.875,
						10,
						3.75
					],
					"texture": "#2"
				},
				"down": {
					"uv": [
						4.125,
						10,
						4,
						10.125
					],
					"texture": "#2"
				}
			}
		},
		{
			"from": [
				7.45,
				6,
				11.225
			],
			"to": [
				8.55,
				6.3,
				11.725
			],
			"rotation": {
				"angle": 0,
				"axis": "y",
				"origin": [
					0,
					-0.3,
					4.5
				]
			},
			"faces": {
				"north": {
					"uv": [
						2.5,
						9.75,
						2.75,
						9.875
					],
					"texture": "#2"
				},
				"east": {
					"uv": [
						10,
						4,
						10.125,
						4.125
					],
					"texture": "#2"
				},
				"south": {
					"uv": [
						2.75,
						9.75,
						3,
						9.875
					],
					"texture": "#2"
				},
				"west": {
					"uv": [
						10,
						4.25,
						10.125,
						4.375
					],
					"texture": "#2"
				},
				"up": {
					"uv": [
						10,
						2.875,
						9.75,
						2.75
					],
					"texture": "#2"
				},
				"down": {
					"uv": [
						10,
						3,
						9.75,
						3.125
					],
					"texture": "#2"
				}
			}
		},
		{
			"from": [
				7.675,
				6,
				11.725
			],
			"to": [
				8.325,
				6.3,
				13.425
			],
			"rotation": {
				"angle": 0,
				"axis": "y",
				"origin": [
					0,
					-0.3,
					4.5
				]
			},
			"faces": {
				"north": {
					"uv": [
						4.5,
						10,
						4.625,
						10.125
					],
					"texture": "#2"
				},
				"east": {
					"uv": [
						9.5,
						5.5,
						9.875,
						5.625
					],
					"texture": "#2"
				},
				"south": {
					"uv": [
						10,
						4.5,
						10.125,
						4.625
					],
					"texture": "#2"
				},
				"west": {
					"uv": [
						9.5,
						5.75,
						9.875,
						5.875
					],
					"texture": "#2"
				},
				"up": {
					"uv": [
						9.625,
						6.375,
						9.5,
						6
					],
					"texture": "#2"
				},
				"down": {
					"uv": [
						6.625,
						9.5,
						6.5,
						9.875
					],
					"texture": "#2"
				}
			}
		},
		{
			"from": [
				7.75,
				5.2,
				11.225
			],
			"to": [
				8.25,
				6,
				11.725
			],
			"rotation": {
				"angle": 0,
				"axis": "y",
				"origin": [
					0,
					-0.3,
					4.5
				]
			},
			"faces": {
				"north": {
					"uv": [
						3.25,
						9.75,
						3.375,
						10
					],
					"texture": "#2"
				},
				"east": {
					"uv": [
						3.5,
						9.75,
						3.625,
						10
					],
					"texture": "#2"
				},
				"south": {
					"uv": [
						9.75,
						4.5,
						9.875,
						4.75
					],
					"texture": "#2"
				},
				"west": {
					"uv": [
						9.75,
						4.75,
						9.875,
						5
					],
					"texture": "#2"
				},
				"up": {
					"uv": [
						4.875,
						10.125,
						4.75,
						10
					],
					"texture": "#2"
				},
				"down": {
					"uv": [
						10.125,
						4.75,
						10,
						4.875
					],
					"texture": "#2"
				}
			}
		},
		{
			"from": [
				7.75,
				4.7,
				11.075
			],
			"to": [
				8.25,
				5.2,
				12.575
			],
			"rotation": {
				"angle": 0,
				"axis": "y",
				"origin": [
					0,
					-0.3,
					4.5
				]
			},
			"faces": {
				"north": {
					"uv": [
						5,
						10,
						5.125,
						10.125
					],
					"texture": "#2"
				},
				"east": {
					"uv": [
						9.5,
						6.5,
						9.875,
						6.625
					],
					"texture": "#2"
				},
				"south": {
					"uv": [
						10,
						5,
						10.125,
						5.125
					],
					"texture": "#2"
				},
				"west": {
					"uv": [
						6.75,
						9.5,
						7.125,
						9.625
					],
					"texture": "#2"
				},
				"up": {
					"uv": [
						9.625,
						7.125,
						9.5,
						6.75
					],
					"texture": "#2"
				},
				"down": {
					"uv": [
						7.375,
						9.5,
						7.25,
						9.875
					],
					"texture": "#2"
				}
			}
		},
		{
			"from": [
				7,
				2.45,
				13.25
			],
			"to": [
				9,
				4.2,
				17.25
			],
			"rotation": {
				"angle": 0,
				"axis": "y",
				"origin": [
					0,
					-0.3,
					4.5
				]
			},
			"faces": {
				"north": {
					"uv": [
						7.75,
						0,
						8.25,
						0.5
					],
					"texture": "#2"
				},
				"east": {
					"uv": [
						5,
						4.25,
						6,
						4.75
					],
					"texture": "#2"
				},
				"south": {
					"uv": [
						8,
						5.5,
						8.5,
						6
					],
					"texture": "#2"
				},
				"west": {
					"uv": [
						6.5,
						2,
						7.5,
						2.5
					],
					"texture": "#2"
				},
				"up": {
					"uv": [
						1.5,
						7.5,
						1,
						6.5
					],
					"texture": "#2"
				},
				"down": {
					"uv": [
						7,
						2.5,
						6.5,
						3.5
					],
					"texture": "#2"
				}
			}
		},
		{
			"from": [
				6.75,
				2.7,
				10.25
			],
			"to": [
				9.25,
				4.95,
				15
			],
			"rotation": {
				"angle": 0,
				"axis": "y",
				"origin": [
					0,
					-0.05,
					-0.5
				]
			},
			"faces": {
				"north": {
					"uv": [
						7,
						7.25,
						7.625,
						7.875
					],
					"texture": "#2"
				},
				"east": {
					"uv": [
						5,
						0.75,
						6.25,
						1.375
					],
					"texture": "#2"
				},
				"south": {
					"uv": [
						2,
						7.5,
						2.625,
						8.125
					],
					"texture": "#2",
					"cullface": "south"
				},
				"west": {
					"uv": [
						5,
						5.5,
						6.25,
						6.125
					],
					"texture": "#2"
				},
				"up": {
					"uv": [
						6.375,
						4.25,
						5.75,
						3
					],
					"texture": "#2"
				},
				"down": {
					"uv": [
						6.625,
						4.25,
						6,
						5.5
					],
					"texture": "#2"
				}
			}
		},
		{
			"from": [
				7.25,
				5.05,
				3.75
			],
			"to": [
				9.25,
				5.3,
				8.25
			],
			"rotation": {
				"angle": 0,
				"axis": "y",
				"origin": [
					8.25,
					1.70625,
					6
				]
			},
			"faces": {
				"north": {
					"uv": [
						9.25,
						8.75,
						9.75,
						8.875
					],
					"texture": "#2"
				},
				"east": {
					"uv": [
						9,
						0.5,
						10.125,
						0.625
					],
					"texture": "#2"
				},
				"south": {
					"uv": [
						9.25,
						9.25,
						9.75,
						9.375
					],
					"texture": "#2",
					"cullface": "down"
				},
				"west": {
					"uv": [
						9,
						0.75,
						10.125,
						0.875
					],
					"texture": "#2"
				},
				"up": {
					"uv": [
						0.5,
						7.625,
						0,
						6.5
					],
					"texture": "#2"
				},
				"down": {
					"uv": [
						1,
						6.5,
						0.5,
						7.625
					],
					"texture": "#2"
				}
			}
		},
		{
			"from": [
				7.5,
				4.3,
				4
			],
			"to": [
				9,
				5.05,
				8
			],
			"rotation": {
				"angle": 0,
				"axis": "y",
				"origin": [
					8.25,
					1.70625,
					6
				]
			},
			"faces": {
				"north": {
					"uv": [
						7.25,
						9,
						7.625,
						9.25
					],
					"texture": "#2"
				},
				"east": {
					"uv": [
						7.75,
						1.5,
						8.75,
						1.75
					],
					"texture": "#2"
				},
				"south": {
					"uv": [
						8.5,
						9,
						8.875,
						9.25
					],
					"texture": "#2"
				},
				"west": {
					"uv": [
						8,
						6.25,
						9,
						6.5
					],
					"texture": "#2"
				},
				"up": {
					"uv": [
						1.875,
						8.75,
						1.5,
						7.75
					],
					"texture": "#2"
				},
				"down": {
					"uv": [
						8.125,
						7.25,
						7.75,
						8.25
					],
					"texture": "#2"
				}
			}
		},
		{
			"from": [
				6.75,
				2.05,
				4
			],
			"to": [
				9.75,
				3.8,
				8.25
			],
			"rotation": {
				"angle": 0,
				"axis": "y",
				"origin": [
					8.25,
					1.70625,
					6
				]
			},
			"faces": {
				"north": {
					"uv": [
						7.5,
						2,
						8.25,
						2.5
					],
					"texture": "#2"
				},
				"east": {
					"uv": [
						6.25,
						5.5,
						7.375,
						6
					],
					"texture": "#2"
				},
				"south": {
					"uv": [
						7.5,
						3.5,
						8.25,
						4
					],
					"texture": "#2"
				},
				"west": {
					"uv": [
						6.5,
						1.25,
						7.625,
						1.75
					],
					"texture": "#2"
				},
				"up": {
					"uv": [
						2.25,
						6.125,
						1.5,
						5
					],
					"texture": "#2"
				},
				"down": {
					"uv": [
						5.75,
						3,
						5,
						4.125
					],
					"texture": "#2"
				}
			}
		},
		{
			"from": [
				6.5,
				3.5,
				4.5
			],
			"to": [
				7.25,
				4.25,
				7.75
			],
			"rotation": {
				"angle": 0,
				"axis": "y",
				"origin": [
					0.25,
					0,
					-0.25
				]
			},
			"faces": {
				"north": {
					"uv": [
						2.75,
						4.5,
						3,
						4.75
					],
					"texture": "#2"
				},
				"east": {
					"uv": [
						8.25,
						3.75,
						9.125,
						4
					],
					"texture": "#2"
				},
				"south": {
					"uv": [
						6.25,
						1.25,
						6.5,
						1.5
					],
					"texture": "#2"
				},
				"west": {
					"uv": [
						8.5,
						5,
						9.375,
						5.25
					],
					"texture": "#2"
				},
				"up": {
					"uv": [
						4.75,
						9.375,
						4.5,
						8.5
					],
					"texture": "#2"
				},
				"down": {
					"uv": [
						5,
						8.5,
						4.75,
						9.375
					],
					"texture": "#2"
				}
			}
		},
		{
			"from": [
				7.5,
				3.75,
				12.75
			],
			"to": [
				8.5,
				4.75,
				16.5
			],
			"rotation": {
				"angle": 0,
				"axis": "y",
				"origin": [
					0.25,
					0,
					-0.25
				]
			},
			"faces": {
				"north": {
					"uv": [
						6.5,
						4,
						6.75,
						4.25
					],
					"texture": "#2"
				},
				"east": {
					"uv": [
						8,
						6.5,
						9,
						6.75
					],
					"texture": "#2"
				},
				"south": {
					"uv": [
						2,
						6.75,
						2.25,
						7
					],
					"texture": "#2"
				},
				"west": {
					"uv": [
						8.25,
						0,
						9.25,
						0.25
					],
					"texture": "#2"
				},
				"up": {
					"uv": [
						5.75,
						9.25,
						5.5,
						8.25
					],
					"texture": "#2"
				},
				"down": {
					"uv": [
						6,
						8.25,
						5.75,
						9.25
					],
					"texture": "#2"
				}
			}
		},
		{
			"from": [
				6.5,
				5.27,
				2.625
			],
			"to": [
				9.375,
				6.02,
				9.5
			],
			"rotation": {
				"angle": 0,
				"axis": "y",
				"origin": [
					0.25,
					0,
					-0.5
				]
			},
			"faces": {
				"north": {
					"uv": [
						8.5,
						7.25,
						9.25,
						7.5
					],
					"texture": "#2"
				},
				"east": {
					"uv": [
						5.25,
						6.75,
						7,
						7
					],
					"texture": "#2"
				},
				"south": {
					"uv": [
						8.5,
						7.5,
						9.25,
						7.75
					],
					"texture": "#2"
				},
				"west": {
					"uv": [
						6.75,
						5.25,
						8.5,
						5.5
					],
					"texture": "#2"
				},
				"up": {
					"uv": [
						2.25,
						3.25,
						1.5,
						1.5
					],
					"texture": "#2"
				},
				"down": {
					"uv": [
						3,
						1.5,
						2.25,
						3.25
					],
					"texture": "#2"
				}
			}
		},
		{
			"from": [
				-2.35,
				5.24,
				8.1
			],
			"to": [
				4.4,
				5.99,
				11.05
			],
			"rotation": {
				"angle": 45,
				"axis": "y",
				"origin": [
					0.25,
					0,
					-0.5
				]
			},
			"faces": {
				"north": {
					"uv": [
						2,
						7,
						3.75,
						7.25
					],
					"texture": "#2"
				},
				"east": {
					"uv": [
						8.5,
						7.75,
						9.25,
						8
					],
					"texture": "#2"
				},
				"south": {
					"uv": [
						7,
						2.5,
						8.75,
						2.75
					],
					"texture": "#2"
				},
				"west": {
					"uv": [
						8.5,
						8,
						9.25,
						8.25
					],
					"texture": "#2"
				},
				"up": {
					"uv": [
						4.75,
						2.25,
						3,
						1.5
					],
					"texture": "#2"
				},
				"down": {
					"uv": [
						4.75,
						2.25,
						3,
						3
					],
					"texture": "#2"
				}
			}
		},
		{
			"from": [
				-0.4,
				5.26,
				6.15
			],
			"to": [
				2.475,
				6.01,
				13
			],
			"rotation": {
				"angle": 45,
				"axis": "y",
				"origin": [
					0.25,
					0,
					-0.5
				]
			},
			"faces": {
				"north": {
					"uv": [
						8.5,
						8.25,
						9.25,
						8.5
					],
					"texture": "#2"
				},
				"east": {
					"uv": [
						7,
						2.75,
						8.75,
						3
					],
					"texture": "#2"
				},
				"south": {
					"uv": [
						8.5,
						8.5,
						9.25,
						8.75
					],
					"texture": "#2"
				},
				"west": {
					"uv": [
						7,
						3,
						8.75,
						3.25
					],
					"texture": "#2"
				},
				"up": {
					"uv": [
						3.75,
						4.75,
						3,
						3
					],
					"texture": "#2"
				},
				"down": {
					"uv": [
						2.25,
						3.25,
						1.5,
						5
					],
					"texture": "#2"
				}
			}
		},
		{
			"from": [
				4.475,
				5.25,
				4.7
			],
			"to": [
				11.375,
				6,
				7.425
			],
			"rotation": {
				"angle": 0,
				"axis": "y",
				"origin": [
					0.25,
					0,
					-0.5
				]
			},
			"faces": {
				"north": {
					"uv": [
						7,
						3.25,
						8.75,
						3.5
					],
					"texture": "#2"
				},
				"east": {
					"uv": [
						8.75,
						1.5,
						9.375,
						1.75
					],
					"texture": "#2"
				},
				"south": {
					"uv": [
						5.25,
						7,
						7,
						7.25
					],
					"texture": "#2"
				},
				"west": {
					"uv": [
						8.75,
						1.75,
						9.375,
						2
					],
					"texture": "#2"
				},
				"up": {
					"uv": [
						5,
						0.625,
						3.25,
						0
					],
					"texture": "#2"
				},
				"down": {
					"uv": [
						5,
						0.75,
						3.25,
						1.375
					],
					"texture": "#2"
				}
			}
		},
		{
			"from": [
				0.188,
				5.1568,
				6.1795
			],
			"to": [
				2.86175,
				6.2043,
				12.55
			],
			"rotation": {
				"angle": 45,
				"axis": "y",
				"origin": [
					0.7925,
					0.665,
					-0.005
				]
			},
			"faces": {
				"north": {
					"uv": [
						8.75,
						2.5,
						9.375,
						2.75
					],
					"texture": "#2"
				},
				"east": {
					"uv": [
						7,
						6.75,
						8.625,
						7
					],
					"texture": "#2"
				},
				"south": {
					"uv": [
						8.75,
						2.75,
						9.375,
						3
					],
					"texture": "#2"
				},
				"west": {
					"uv": [
						7,
						7,
						8.625,
						7.25
					],
					"texture": "#2"
				},
				"up": {
					"uv": [
						4.875,
						4.625,
						4.25,
						3
					],
					"texture": "#2"
				},
				"down": {
					"uv": [
						0.625,
						4.75,
						0,
						6.375
					],
					"texture": "#2"
				}
			}
		},
		{
			"from": [
				4.72175,
				5.1475,
				4.831
			],
			"to": [
				11.13875,
				6.245,
				7.36525
			],
			"rotation": {
				"angle": 0,
				"axis": "y",
				"origin": [
					0.7925,
					0.665,
					-0.005
				]
			},
			"faces": {
				"north": {
					"uv": [
						2,
						7.25,
						3.625,
						7.5
					],
					"texture": "#2"
				},
				"east": {
					"uv": [
						8.75,
						3,
						9.375,
						3.25
					],
					"texture": "#2"
				},
				"south": {
					"uv": [
						7.25,
						4,
						8.875,
						4.25
					],
					"texture": "#2"
				},
				"west": {
					"uv": [
						8.75,
						3.25,
						9.375,
						3.5
					],
					"texture": "#2"
				},
				"up": {
					"uv": [
						6.375,
						2.125,
						4.75,
						1.5
					],
					"texture": "#2"
				},
				"down": {
					"uv": [
						6.375,
						2.25,
						4.75,
						2.875
					],
					"texture": "#2"
				}
			}
		},
		{
			"from": [
				-1.6255,
				5.1382,
				7.993
			],
			"to": [
				4.652,
				6.2357,
				10.7365
			],
			"rotation": {
				"angle": 45,
				"axis": "y",
				"origin": [
					0.7925,
					0.665,
					-0.005
				]
			},
			"faces": {
				"north": {
					"uv": [
						7.25,
						4.25,
						8.875,
						4.5
					],
					"texture": "#2"
				},
				"east": {
					"uv": [
						8.75,
						6.75,
						9.375,
						7
					],
					"texture": "#2"
				},
				"south": {
					"uv": [
						7.25,
						4.5,
						8.875,
						4.75
					],
					"texture": "#2"
				},
				"west": {
					"uv": [
						8.75,
						7,
						9.375,
						7.25
					],
					"texture": "#2"
				},
				"up": {
					"uv": [
						5.875,
						5.375,
						4.25,
						4.75
					],
					"texture": "#2"
				},
				"down": {
					"uv": [
						6.625,
						0,
						5,
						0.625
					],
					"texture": "#2"
				}
			}
		},
		{
			"from": [
				6.605,
				5.1661,
				2.90125
			],
			"to": [
				9.27875,
				6.2386,
				9.295
			],
			"rotation": {
				"angle": 0,
				"axis": "y",
				"origin": [
					0.7925,
					0.665,
					-0.005
				]
			},
			"faces": {
				"north": {
					"uv": [
						8.5,
						8.75,
						9.125,
						9
					],
					"texture": "#2"
				},
				"east": {
					"uv": [
						7.25,
						4.75,
						8.875,
						5
					],
					"texture": "#2"
				},
				"south": {
					"uv": [
						0.25,
						9,
						0.875,
						9.25
					],
					"texture": "#2"
				},
				"west": {
					"uv": [
						5.25,
						7.25,
						6.875,
						7.5
					],
					"texture": "#2"
				},
				"up": {
					"uv": [
						1.375,
						6.375,
						0.75,
						4.75
					],
					"texture": "#2"
				},
				"down": {
					"uv": [
						3.375,
						4.75,
						2.75,
						6.375
					],
					"texture": "#2"
				}
			}
		},
		{
			"from": [
				8.45,
				-5.5,
				-1.75
			],
			"to": [
				9.2,
				-1,
				-1
			],
			"rotation": {
				"angle": 22.5,
				"axis": "z",
				"origin": [
					0.25,
					0,
					-0.25
				]
			},
			"faces": {
				"north": {
					"uv": [
						2.75,
						3.25,
						3,
						4.375
					],
					"texture": "#2"
				},
				"east": {
					"uv": [
						5,
						7.75,
						5.25,
						8.875
					],
					"texture": "#2"
				},
				"south": {
					"uv": [
						3,
						8.25,
						3.25,
						9.375
					],
					"texture": "#2"
				},
				"west": {
					"uv": [
						3.25,
						8.25,
						3.5,
						9.375
					],
					"texture": "#2"
				},
				"up": {
					"uv": [
						0.25,
						9.75,
						0,
						9.5
					],
					"texture": "#2"
				},
				"down": {
					"uv": [
						0.5,
						9.5,
						0.25,
						9.75
					],
					"texture": "#2"
				}
			}
		},
		{
			"from": [
				8.45,
				-6,
				-2
			],
			"to": [
				9.2,
				-5.5,
				-1
			],
			"rotation": {
				"angle": 22.5,
				"axis": "z",
				"origin": [
					0.25,
					0,
					-0.25
				]
			},
			"faces": {
				"north": {
					"uv": [
						5,
						9.75,
						5.25,
						9.875
					],
					"texture": "#2"
				},
				"east": {
					"uv": [
						9.75,
						6,
						10,
						6.125
					],
					"texture": "#2"
				},
				"south": {
					"uv": [
						9.75,
						6.25,
						10,
						6.375
					],
					"texture": "#2"
				},
				"west": {
					"uv": [
						6.75,
						9.75,
						7,
						9.875
					],
					"texture": "#2"
				},
				"up": {
					"uv": [
						0.75,
						9.75,
						0.5,
						9.5
					],
					"texture": "#2"
				},
				"down": {
					"uv": [
						1.25,
						9.5,
						1,
						9.75
					],
					"texture": "#2"
				}
			}
		},
		{
			"from": [
				5.75,
				0.5,
				-1.75
			],
			"to": [
				6.5,
				5,
				-1
			],
			"rotation": {
				"angle": -22.5,
				"axis": "z",
				"origin": [
					0.25,
					0,
					-0.25
				]
			},
			"faces": {
				"north": {
					"uv": [
						3.5,
						8.25,
						3.75,
						9.375
					],
					"texture": "#2"
				},
				"east": {
					"uv": [
						3.75,
						8.25,
						4,
						9.375
					],
					"texture": "#2"
				},
				"south": {
					"uv": [
						4,
						8.25,
						4.25,
						9.375
					],
					"texture": "#2"
				},
				"west": {
					"uv": [
						5.25,
						8.25,
						5.5,
						9.375
					],
					"texture": "#2"
				},
				"up": {
					"uv": [
						1.75,
						9.75,
						1.5,
						9.5
					],
					"texture": "#2"
				},
				"down": {
					"uv": [
						9.75,
						1.5,
						9.5,
						1.75
					],
					"texture": "#2"
				}
			}
		},
		{
			"from": [
				5.75,
				0,
				-2
			],
			"to": [
				6.5,
				0.5,
				-1
			],
			"rotation": {
				"angle": -22.5,
				"axis": "z",
				"origin": [
					0.25,
					0,
					-0.25
				]
			},
			"faces": {
				"north": {
					"uv": [
						9.75,
						6.75,
						10,
						6.875
					],
					"texture": "#2"
				},
				"east": {
					"uv": [
						7,
						9.75,
						7.25,
						9.875
					],
					"texture": "#2"
				},
				"south": {
					"uv": [
						9.75,
						7,
						10,
						7.125
					],
					"texture": "#2"
				},
				"west": {
					"uv": [
						7.5,
						9.75,
						7.75,
						9.875
					],
					"texture": "#2"
				},
				"up": {
					"uv": [
						2,
						9.75,
						1.75,
						9.5
					],
					"texture": "#2"
				},
				"down": {
					"uv": [
						9.75,
						1.75,
						9.5,
						2
					],
					"texture": "#2"
				}
			}
		},
		{
			"from": [
				5.25,
				3.75,
				7.25
			],
			"to": [
				6.75,
				4,
				7.5
			],
			"rotation": {
				"angle": 0,
				"axis": "y",
				"origin": [
					0.25,
					0,
					-0.25
				]
			},
			"faces": {
				"north": {
					"uv": [
						9.5,
						7.25,
						9.875,
						7.375
					],
					"texture": "#2"
				},
				"east": {
					"uv": [
						5.25,
						10,
						5.375,
						10.125
					],
					"texture": "#2"
				},
				"south": {
					"uv": [
						7.5,
						9.5,
						7.875,
						9.625
					],
					"texture": "#2"
				},
				"west": {
					"uv": [
						10,
						5.25,
						10.125,
						5.375
					],
					"texture": "#2"
				},
				"up": {
					"uv": [
						9.875,
						7.625,
						9.5,
						7.5
					],
					"texture": "#2"
				},
				"down": {
					"uv": [
						9.875,
						7.75,
						9.5,
						7.875
					],
					"texture": "#2"
				}
			}
		},
		{
			"from": [
				5,
				3.75,
				7.25
			],
			"to": [
				5.25,
				4,
				7.75
			],
			"rotation": {
				"angle": 0,
				"axis": "y",
				"origin": [
					0.25,
					0,
					-0.25
				]
			},
			"faces": {
				"north": {
					"uv": [
						5.5,
						10,
						5.625,
						10.125
					],
					"texture": "#2"
				},
				"east": {
					"uv": [
						10,
						5.5,
						10.125,
						5.625
					],
					"texture": "#2"
				},
				"south": {
					"uv": [
						5.75,
						10,
						5.875,
						10.125
					],
					"texture": "#2"
				},
				"west": {
					"uv": [
						10,
						5.75,
						10.125,
						5.875
					],
					"texture": "#2"
				},
				"up": {
					"uv": [
						6.125,
						10.125,
						6,
						10
					],
					"texture": "#2"
				},
				"down": {
					"uv": [
						10.125,
						6,
						10,
						6.125
					],
					"texture": "#2"
				}
			}
		},
		{
			"from": [
				7.35,
				-0.475,
				14.275
			],
			"to": [
				8.65,
				3.575,
				15.475
			],
			"rotation": {
				"angle": -22.5,
				"axis": "x",
				"origin": [
					8,
					1.2,
					15.125
				]
			},
			"faces": {
				"north": {
					"uv": [
						6.75,
						8,
						7.125,
						9
					],
					"texture": "#2"
				},
				"east": {
					"uv": [
						6,
						8.25,
						6.25,
						9.25
					],
					"texture": "#2"
				},
				"south": {
					"uv": [
						7.25,
						8,
						7.625,
						9
					],
					"texture": "#2",
					"cullface": "south"
				},
				"west": {
					"uv": [
						6.25,
						8.25,
						6.5,
						9.25
					],
					"texture": "#2"
				},
				"up": {
					"uv": [
						9.375,
						9.25,
						9,
						9
					],
					"texture": "#2"
				},
				"down": {
					"uv": [
						9.625,
						0,
						9.25,
						0.25
					],
					"texture": "#2",
					"cullface": "down"
				}
			}
		},
		{
			"from": [
				7.25,
				-0.175,
				14.375
			],
			"to": [
				8.75,
				3.575,
				15.375
			],
			"rotation": {
				"angle": -22.5,
				"axis": "x",
				"origin": [
					8,
					1.2,
					15.125
				]
			},
			"faces": {
				"north": {
					"uv": [
						2,
						8.25,
						2.375,
						9.25
					],
					"texture": "#2"
				},
				"east": {
					"uv": [
						6.5,
						8.25,
						6.75,
						9.25
					],
					"texture": "#2"
				},
				"south": {
					"uv": [
						2.5,
						8.25,
						2.875,
						9.25
					],
					"texture": "#2",
					"cullface": "south"
				},
				"west": {
					"uv": [
						8.25,
						7.25,
						8.5,
						8.25
					],
					"texture": "#2"
				},
				"up": {
					"uv": [
						0.625,
						9.5,
						0.25,
						9.25
					],
					"texture": "#2"
				},
				"down": {
					"uv": [
						9.625,
						0.25,
						9.25,
						0.5
					],
					"texture": "#2",
					"cullface": "down"
				}
			}
		},
		{
			"from": [
				7.75,
				2,
				13.45
			],
			"to": [
				8.25,
				2.5,
				13.95
			],
			"rotation": {
				"angle": 0,
				"axis": "y",
				"origin": [
					0,
					-2.8,
					8.5
				]
			},
			"faces": {
				"north": {
					"uv": [
						6.25,
						10,
						6.375,
						10.125
					],
					"texture": "#2"
				},
				"east": {
					"uv": [
						10,
						6.25,
						10.125,
						6.375
					],
					"texture": "#2"
				},
				"south": {
					"uv": [
						6.5,
						10,
						6.625,
						10.125
					],
					"texture": "#2"
				},
				"west": {
					"uv": [
						10,
						6.5,
						10.125,
						6.625
					],
					"texture": "#2"
				},
				"up": {
					"uv": [
						6.875,
						10.125,
						6.75,
						10
					],
					"texture": "#2"
				},
				"down": {
					"uv": [
						10.125,
						6.75,
						10,
						6.875
					],
					"texture": "#2"
				}
			}
		},
		{
			"from": [
				6,
				2.45,
				8.25
			],
			"to": [
				10,
				3.45,
				10.25
			],
			"rotation": {
				"angle": -22.5,
				"axis": "z",
				"origin": [
					8,
					2.95,
					9.25
				]
			},
			"faces": {
				"north": {
					"uv": [
						8.25,
						0.25,
						9.25,
						0.5
					],
					"texture": "#2"
				},
				"east": {
					"uv": [
						9,
						4.75,
						9.5,
						5
					],
					"texture": "#2"
				},
				"south": {
					"uv": [
						8.25,
						2,
						9.25,
						2.25
					],
					"texture": "#2"
				},
				"west": {
					"uv": [
						9,
						5.25,
						9.5,
						5.5
					],
					"texture": "#2"
				},
				"up": {
					"uv": [
						3.75,
						7,
						2.75,
						6.5
					],
					"texture": "#2"
				},
				"down": {
					"uv": [
						7.5,
						3.5,
						6.5,
						4
					],
					"texture": "#2"
				}
			}
		},
		{
			"from": [
				6,
				2.45,
				8.25
			],
			"to": [
				10,
				3.45,
				10.25
			],
			"rotation": {
				"angle": 22.5,
				"axis": "z",
				"origin": [
					8,
					2.95,
					9.25
				]
			},
			"faces": {
				"north": {
					"uv": [
						8.25,
						2.25,
						9.25,
						2.5
					],
					"texture": "#2"
				},
				"east": {
					"uv": [
						9,
						5.5,
						9.5,
						5.75
					],
					"texture": "#2"
				},
				"south": {
					"uv": [
						8.25,
						3.5,
						9.25,
						3.75
					],
					"texture": "#2"
				},
				"west": {
					"uv": [
						9,
						5.75,
						9.5,
						6
					],
					"texture": "#2"
				},
				"up": {
					"uv": [
						7.5,
						6.75,
						6.5,
						6.25
					],
					"texture": "#2"
				},
				"down": {
					"uv": [
						7.75,
						0,
						6.75,
						0.5
					],
					"texture": "#2"
				}
			}
		},
		{
			"from": [
				7.5,
				0.95,
				8.25
			],
			"to": [
				8.5,
				4.95,
				10.25
			],
			"rotation": {
				"angle": -22.5,
				"axis": "z",
				"origin": [
					8,
					2.95,
					9.25
				]
			},
			"faces": {
				"north": {
					"uv": [
						7.75,
						8.25,
						8,
						9.25
					],
					"texture": "#2"
				},
				"east": {
					"uv": [
						3.75,
						6.5,
						4.25,
						7.5
					],
					"texture": "#2"
				},
				"south": {
					"uv": [
						8,
						8.25,
						8.25,
						9.25
					],
					"texture": "#2"
				},
				"west": {
					"uv": [
						6.75,
						4,
						7.25,
						5
					],
					"texture": "#2"
				},
				"up": {
					"uv": [
						3.75,
						5.25,
						3.5,
						4.75
					],
					"texture": "#2"
				},
				"down": {
					"uv": [
						2.25,
						6.25,
						2,
						6.75
					],
					"texture": "#2"
				}
			}
		},
		{
			"from": [
				7.5,
				0.95,
				8.25
			],
			"to": [
				8.5,
				4.95,
				10.25
			],
			"rotation": {
				"angle": 22.5,
				"axis": "z",
				"origin": [
					8,
					2.95,
					9.25
				]
			},
			"faces": {
				"north": {
					"uv": [
						8.25,
						8.25,
						8.5,
						9.25
					],
					"texture": "#2"
				},
				"east": {
					"uv": [
						4.25,
						6.75,
						4.75,
						7.75
					],
					"texture": "#2"
				},
				"south": {
					"uv": [
						0,
						8.5,
						0.25,
						9.5
					],
					"texture": "#2"
				},
				"west": {
					"uv": [
						4.75,
						6.75,
						5.25,
						7.75
					],
					"texture": "#2"
				},
				"up": {
					"uv": [
						7,
						8,
						6.75,
						7.5
					],
					"texture": "#2"
				},
				"down": {
					"uv": [
						1.25,
						9,
						1,
						9.5
					],
					"texture": "#2"
				}
			}
		},
		{
			"from": [
				6.75,
				2.45,
				3.5
			],
			"to": [
				9.25,
				4.95,
				4
			],
			"faces": {
				"north": {
					"uv": [
						2.75,
						7.5,
						3.375,
						8.125
					],
					"texture": "#2"
				},
				"east": {
					"uv": [
						5.5,
						9.25,
						5.625,
						9.875
					],
					"texture": "#2"
				},
				"south": {
					"uv": [
						3.5,
						7.5,
						4.125,
						8.125
					],
					"texture": "#2"
				},
				"west": {
					"uv": [
						5.75,
						9.25,
						5.875,
						9.875
					],
					"texture": "#2"
				},
				"up": {
					"uv": [
						9.875,
						3.625,
						9.25,
						3.5
					],
					"texture": "#2"
				},
				"down": {
					"uv": [
						9.875,
						3.75,
						9.25,
						3.875
					],
					"texture": "#2"
				}
			}
		},
		{
			"from": [
				6.75,
				2.45,
				-10.25
			],
			"to": [
				9.25,
				4.95,
				-9.75
			],
			"faces": {
				"north": {
					"uv": [
						5.25,
						7.5,
						5.875,
						8.125
					],
					"texture": "#2"
				},
				"east": {
					"uv": [
						6,
						9.25,
						6.125,
						9.875
					],
					"texture": "#2"
				},
				"south": {
					"uv": [
						6,
						7.5,
						6.625,
						8.125
					],
					"texture": "#2"
				},
				"west": {
					"uv": [
						6.25,
						9.25,
						6.375,
						9.875
					],
					"texture": "#2"
				},
				"up": {
					"uv": [
						7.125,
						9.375,
						6.5,
						9.25
					],
					"texture": "#2"
				},
				"down": {
					"uv": [
						7.875,
						9.25,
						7.25,
						9.375
					],
					"texture": "#2"
				}
			}
		},
		{
			"from": [
				7,
				2.7,
				-11.25
			],
			"to": [
				9,
				4.7,
				-10.75
			],
			"faces": {
				"north": {
					"uv": [
						0,
						7.75,
						0.625,
						8.375
					],
					"texture": "#2"
				},
				"east": {
					"uv": [
						9.25,
						7.25,
						9.375,
						7.875
					],
					"texture": "#2"
				},
				"south": {
					"uv": [
						0.75,
						7.75,
						1.375,
						8.375
					],
					"texture": "#2"
				},
				"west": {
					"uv": [
						8,
						9.25,
						8.125,
						9.875
					],
					"texture": "#2"
				},
				"up": {
					"uv": [
						9.875,
						8.125,
						9.25,
						8
					],
					"texture": "#2"
				},
				"down": {
					"uv": [
						8.875,
						9.25,
						8.25,
						9.375
					],
					"texture": "#2"
				}
			}
		},
		{
			"from": [
				7,
				2.7,
				3
			],
			"to": [
				9,
				4.7,
				3.5
			],
			"faces": {
				"north": {
					"uv": [
						0.25,
						8.5,
						0.75,
						9
					],
					"texture": "#2"
				},
				"east": {
					"uv": [
						2,
						9.5,
						2.125,
						10
					],
					"texture": "#2"
				},
				"south": {
					"uv": [
						8.5,
						0.5,
						9,
						1
					],
					"texture": "#2"
				},
				"west": {
					"uv": [
						2.25,
						9.5,
						2.375,
						10
					],
					"texture": "#2"
				},
				"up": {
					"uv": [
						3,
						9.625,
						2.5,
						9.5
					],
					"texture": "#2"
				},
				"down": {
					"uv": [
						10,
						2.5,
						9.5,
						2.625
					],
					"texture": "#2"
				}
			}
		},
		{
			"from": [
				7.25,
				2.95,
				-10.75
			],
			"to": [
				8.75,
				4.45,
				-10.25
			],
			"faces": {
				"north": {
					"uv": [
						0.75,
						8.5,
						1.25,
						9
					],
					"texture": "#2"
				},
				"east": {
					"uv": [
						9.5,
						2.75,
						9.625,
						3.25
					],
					"texture": "#2"
				},
				"south": {
					"uv": [
						8.5,
						1,
						9,
						1.5
					],
					"texture": "#2"
				},
				"west": {
					"uv": [
						3,
						9.5,
						3.125,
						10
					],
					"texture": "#2"
				},
				"up": {
					"uv": [
						3.75,
						9.625,
						3.25,
						9.5
					],
					"texture": "#2"
				},
				"down": {
					"uv": [
						10,
						3.25,
						9.5,
						3.375
					],
					"texture": "#2"
				}
			}
		},
		{
			"from": [
				6.75,
				2.45,
				-9.75
			],
			"to": [
				9.25,
				4.95,
				3
			],
			"faces": {
				"north": {
					"uv": [
						7.75,
						0.75,
						8.375,
						1.375
					],
					"texture": "#2"
				},
				"east": {
					"uv": [
						0,
						0,
						3.25,
						0.625
					],
					"texture": "#2"
				},
				"south": {
					"uv": [
						4.25,
						7.75,
						4.875,
						8.375
					],
					"texture": "#2"
				},
				"west": {
					"uv": [
						0,
						0.75,
						3.25,
						1.375
					],
					"texture": "#2"
				},
				"up": {
					"uv": [
						0.625,
						4.75,
						0,
						1.5
					],
					"texture": "#2"
				},
				"down": {
					"uv": [
						1.375,
						1.5,
						0.75,
						4.75
					],
					"texture": "#2"
				}
			}
		},
		{
			"from": [
				6.5,
				4.25,
				4
			],
			"to": [
				9.5,
				4.75,
				8.25
			],
			"faces": {
				"north": {
					"uv": [
						1.5,
						9.25,
						2.25,
						9.375
					],
					"texture": "#2"
				},
				"east": {
					"uv": [
						9,
						1,
						10.125,
						1.125
					],
					"texture": "#2"
				},
				"south": {
					"uv": [
						9.25,
						2,
						10,
						2.125
					],
					"texture": "#2"
				},
				"west": {
					"uv": [
						9,
						1.25,
						10.125,
						1.375
					],
					"texture": "#2"
				},
				"up": {
					"uv": [
						4.25,
						6.375,
						3.5,
						5.25
					],
					"texture": "#2"
				},
				"down": {
					"uv": [
						5,
						5.5,
						4.25,
						6.625
					],
					"texture": "#2"
				}
			}
		}
	],
	"groups": [
		0,
		1,
		2,
		3,
		4,
		5,
		6,
		7,
		8,
		9,
		10,
		11,
		12,
		13,
		14,
		15,
		16,
		17,
		18,
		19,
		20,
		21,
		22,
		{
			"name": "group",
			"origin": [
				8,
				1.93452,
				13.74784
			],
			"color": 0,
			"children": [
				23,
				24,
				25,
				26,
				27,
				{
					"name": "group",
					"origin": [
						0,
						0,
						0
					],
					"color": 0,
					"children": [
						28,
						29,
						30,
						31,
						32,
						33,
						34,
						35
					]
				},
				36,
				37,
				38,
				39,
				40,
				41
			]
		},
		42,
		43,
		44,
		{
			"name": "cog",
			"origin": [
				8,
				2.95,
				9.25
			],
			"color": 0,
			"children": [
				45,
				46,
				47,
				48
			]
		},
		49,
		50,
		51,
		52,
		53,
		54,
		{
			"name": "group",
			"origin": [
				0,
				0,
				0
			],
			"color": 0,
			"children": []
		},
		55
	],
	"display": {
		"thirdperson_righthand": {
			"translation": [
				0,
				5.5,
				-5.75
			],
			"scale": [
				1.05,
				1.05,
				1.05
			]
		},
		"thirdperson_lefthand": {
			"translation": [
				0,
				5.5,
				-5.75
			],
			"scale": [
				-1.05,
				1.05,
				1.05
			]
		},
		"firstperson_righthand": {
			"translation": [
				-4.75,
				9.5,
				-0.5
			],
			"scale": [
				1,
				1,
				0.88
			]
		},
		"firstperson_lefthand": {
			"translation": [
				-4.75,
				9.5,
				-0.5
			],
			"scale": [
				-1,
				1,
				0.88
			]
		},
		"ground": {
			"translation": [
				0,
				6,
				3.75
			]
		},
		"gui": {
			"rotation": [
				20,
				-150,
				0
			],
			"translation": [
				-2.25,
				5.25,
				-1
			],
			"scale": [
				0.88,
				0.88,
				0.88
			]
		},
		"fixed": {
			"rotation": [
				0,
				90,
				0
			],
			"translation": [
				3.5,
				9.25,
				-2.75
			],
			"scale": [
				1.59,
				1.59,
				1.59
			]
		}
	}
}