{
	"credit": "Made with Blockbench",
	"texture_size": [
		64,
		64
	],
	"textures": {
		"1": "scguns_laf:item/new_cyclone_texture",
		"particle": "scguns_laf:item/new_cyclone_texture"
	},
	"elements": [
		{
			"from": [
				5.5,
				-0.5,
				10
			],
			"to": [
				10.5,
				4.5,
				16
			],
			"faces": {
				"north": {
					"uv": [
						3.75,
						4,
						5,
						5.25
					],
					"texture": "#1"
				},
				"east": {
					"uv": [
						1.5,
						0,
						3,
						1.25
					],
					"texture": "#1"
				},
				"south": {
					"uv": [
						0,
						4.75,
						1.25,
						6
					],
					"texture": "#1"
				},
				"west": {
					"uv": [
						1.5,
						1.25,
						3,
						2.5
					],
					"texture": "#1"
				},
				"up": {
					"uv": [
						2.75,
						4,
						1.5,
						2.5
					],
					"texture": "#1"
				},
				"down": {
					"uv": [
						4,
						2.5,
						2.75,
						4
					],
					"texture": "#1"
				}
			}
		},
		{
			"from": [
				5,
				-1,
				9.25
			],
			"to": [
				11,
				5,
				10
			],
			"faces": {
				"north": {
					"uv": [
						0,
						0,
						1.5,
						1.5
					],
					"texture": "#1"
				},
				"east": {
					"uv": [
						5.25,
						7.75,
						5.5,
						9.25
					],
					"texture": "#1"
				},
				"south": {
					"uv": [
						0,
						1.5,
						1.5,
						3
					],
					"texture": "#1"
				},
				"west": {
					"uv": [
						5.5,
						7.75,
						5.75,
						9.25
					],
					"texture": "#1"
				},
				"up": {
					"uv": [
						9.25,
						7,
						7.75,
						6.75
					],
					"texture": "#1"
				},
				"down": {
					"uv": [
						9.25,
						7,
						7.75,
						7.25
					],
					"texture": "#1"
				}
			}
		},
		{
			"from": [
				5.5,
				-0.75,
				7.25
			],
			"to": [
				10.5,
				4.75,
				9.25
			],
			"faces": {
				"north": {
					"uv": [
						2.5,
						4,
						3.75,
						5.375
					],
					"texture": "#1"
				},
				"east": {
					"uv": [
						1.25,
						7,
						1.75,
						8.375
					],
					"texture": "#1"
				},
				"south": {
					"uv": [
						4,
						2.5,
						5.25,
						3.875
					],
					"texture": "#1"
				},
				"west": {
					"uv": [
						1.75,
						7,
						2.25,
						8.375
					],
					"texture": "#1"
				},
				"up": {
					"uv": [
						8.5,
						5.75,
						7.25,
						5.25
					],
					"texture": "#1"
				},
				"down": {
					"uv": [
						8.5,
						5.75,
						7.25,
						6.25
					],
					"texture": "#1"
				}
			}
		},
		{
			"from": [
				6,
				-0.25,
				5.5
			],
			"to": [
				10,
				4.51,
				7.25
			],
			"faces": {
				"north": {
					"uv": [
						2.5,
						5.5,
						3.5,
						6.75
					],
					"texture": "#1"
				},
				"east": {
					"uv": [
						6,
						7.25,
						6.5,
						8.5
					],
					"texture": "#1"
				},
				"south": {
					"uv": [
						1.25,
						5.75,
						2.25,
						7
					],
					"texture": "#1"
				},
				"west": {
					"uv": [
						7.25,
						6.25,
						7.75,
						7.5
					],
					"texture": "#1"
				},
				"up": {
					"uv": [
						8.5,
						2.75,
						7.5,
						2.25
					],
					"texture": "#1"
				},
				"down": {
					"uv": [
						8.5,
						2.75,
						7.5,
						3.25
					],
					"texture": "#1"
				}
			}
		},
		{
			"from": [
				5.75,
				0.25,
				-0.75
			],
			"to": [
				10.25,
				4.76,
				5.5
			],
			"faces": {
				"north": {
					"uv": [
						5,
						4,
						6.125,
						5.125
					],
					"texture": "#1"
				},
				"east": {
					"uv": [
						3,
						0,
						4.625,
						1.125
					],
					"texture": "#1"
				},
				"south": {
					"uv": [
						5.25,
						2.5,
						6.375,
						3.625
					],
					"texture": "#1"
				},
				"west": {
					"uv": [
						3,
						1.25,
						4.625,
						2.375
					],
					"texture": "#1"
				},
				"up": {
					"uv": [
						1.125,
						4.625,
						0,
						3
					],
					"texture": "#1"
				},
				"down": {
					"uv": [
						2.375,
						4,
						1.25,
						5.625
					],
					"texture": "#1"
				}
			}
		},
		{
			"from": [
				6.25,
				-0.5,
				0.25
			],
			"to": [
				9.75,
				0.26,
				4.75
			],
			"faces": {
				"north": {
					"uv": [
						8,
						4.75,
						8.875,
						5
					],
					"texture": "#1"
				},
				"east": {
					"uv": [
						2.25,
						8,
						3.375,
						8.25
					],
					"texture": "#1"
				},
				"south": {
					"uv": [
						8,
						5,
						8.875,
						5.25
					],
					"texture": "#1"
				},
				"west": {
					"uv": [
						8,
						3.25,
						9.125,
						3.5
					],
					"texture": "#1"
				},
				"up": {
					"uv": [
						7.125,
						5.875,
						6.25,
						4.75
					],
					"texture": "#1"
				},
				"down": {
					"uv": [
						7.125,
						6,
						6.25,
						7.125
					],
					"texture": "#1"
				}
			}
		},
		{
			"from": [
				6,
				0.5,
				-1.25
			],
			"to": [
				10,
				4.51,
				-0.75
			],
			"faces": {
				"north": {
					"uv": [
						6,
						1,
						7,
						2
					],
					"texture": "#1"
				},
				"east": {
					"uv": [
						2.25,
						5.75,
						2.375,
						6.75
					],
					"texture": "#1"
				},
				"south": {
					"uv": [
						6.25,
						3.75,
						7.25,
						4.75
					],
					"texture": "#1"
				},
				"west": {
					"uv": [
						6.5,
						8.25,
						6.625,
						9.25
					],
					"texture": "#1"
				},
				"up": {
					"uv": [
						9.25,
						1.625,
						8.25,
						1.5
					],
					"texture": "#1"
				},
				"down": {
					"uv": [
						8.75,
						8.25,
						7.75,
						8.375
					],
					"texture": "#1"
				}
			}
		},
		{
			"from": [
				5.75,
				0.25,
				-1.75
			],
			"to": [
				10.25,
				4.76,
				-1.25
			],
			"faces": {
				"north": {
					"uv": [
						3.75,
						5.25,
						4.875,
						6.375
					],
					"texture": "#1"
				},
				"east": {
					"uv": [
						7.25,
						8,
						7.375,
						9.125
					],
					"texture": "#1"
				},
				"south": {
					"uv": [
						5,
						5.25,
						6.125,
						6.375
					],
					"texture": "#1"
				},
				"west": {
					"uv": [
						7.5,
						8,
						7.625,
						9.125
					],
					"texture": "#1"
				},
				"up": {
					"uv": [
						9.375,
						1.125,
						8.25,
						1
					],
					"texture": "#1"
				},
				"down": {
					"uv": [
						9.375,
						1.25,
						8.25,
						1.375
					],
					"texture": "#1"
				}
			}
		},
		{
			"from": [
				9,
				2.24,
				5.75
			],
			"to": [
				14,
				4.49,
				10.75
			],
			"rotation": {
				"angle": 0,
				"axis": "y",
				"origin": [
					0.75,
					1.75,
					1.25
				]
			},
			"faces": {
				"north": {
					"uv": [
						2.25,
						6.75,
						3.5,
						7.375
					],
					"texture": "#1"
				},
				"east": {
					"uv": [
						0,
						7,
						1.25,
						7.625
					],
					"texture": "#1"
				},
				"south": {
					"uv": [
						7,
						1,
						8.25,
						1.625
					],
					"texture": "#1"
				},
				"west": {
					"uv": [
						7.25,
						0,
						8.5,
						0.625
					],
					"texture": "#1"
				},
				"up": {
					"uv": [
						6,
						1.25,
						4.75,
						0
					],
					"texture": "#1"
				},
				"down": {
					"uv": [
						6,
						1.25,
						4.75,
						2.5
					],
					"texture": "#1"
				}
			}
		},
		{
			"from": [
				10.5,
				-1.25,
				5.75
			],
			"to": [
				13.5,
				2.25,
				10.75
			],
			"rotation": {
				"angle": 0,
				"axis": "x",
				"origin": [
					0.75,
					1.75,
					1.25
				]
			},
			"faces": {
				"north": {
					"uv": [
						7.25,
						3.25,
						8,
						4.125
					],
					"texture": "#1"
				},
				"east": {
					"uv": [
						0,
						6,
						1.25,
						6.875
					],
					"texture": "#1"
				},
				"south": {
					"uv": [
						7.25,
						4.25,
						8,
						5.125
					],
					"texture": "#1"
				},
				"west": {
					"uv": [
						6,
						0,
						7.25,
						0.875
					],
					"texture": "#1"
				},
				"up": {
					"uv": [
						5.25,
						7.75,
						4.5,
						6.5
					],
					"texture": "#1"
				},
				"down": {
					"uv": [
						6,
						6.5,
						5.25,
						7.75
					],
					"texture": "#1"
				}
			}
		},
		{
			"from": [
				11.24997,
				3.5272,
				6
			],
			"to": [
				14.49997,
				5.0272,
				10.5
			],
			"rotation": {
				"angle": -22.5,
				"axis": "z",
				"origin": [
					12.75,
					6.75,
					7.25
				]
			},
			"faces": {
				"north": {
					"uv": [
						7.75,
						7.25,
						8.625,
						7.625
					],
					"texture": "#1"
				},
				"east": {
					"uv": [
						6.5,
						7.5,
						7.625,
						7.875
					],
					"texture": "#1"
				},
				"south": {
					"uv": [
						7.75,
						7.75,
						8.625,
						8.125
					],
					"texture": "#1"
				},
				"west": {
					"uv": [
						0,
						7.75,
						1.125,
						8.125
					],
					"texture": "#1"
				},
				"up": {
					"uv": [
						7.375,
						3.125,
						6.5,
						2
					],
					"texture": "#1"
				},
				"down": {
					"uv": [
						4.375,
						6.5,
						3.5,
						7.625
					],
					"texture": "#1"
				}
			}
		},
		{
			"from": [
				10.5,
				0,
				11.5
			],
			"to": [
				11.5,
				2,
				16
			],
			"faces": {
				"north": {
					"uv": [
						6,
						6.5,
						6.25,
						7
					],
					"texture": "#1"
				},
				"east": {
					"uv": [
						7.5,
						1.75,
						8.625,
						2.25
					],
					"texture": "#1"
				},
				"south": {
					"uv": [
						6.75,
						8.25,
						7,
						8.75
					],
					"texture": "#1"
				},
				"west": {
					"uv": [
						2.25,
						7.5,
						3.375,
						8
					],
					"texture": "#1"
				},
				"up": {
					"uv": [
						6,
						8.875,
						5.75,
						7.75
					],
					"texture": "#1"
				},
				"down": {
					"uv": [
						3.75,
						8,
						3.5,
						9.125
					],
					"texture": "#1"
				}
			}
		},
		{
			"from": [
				10.75,
				2,
				11.75
			],
			"to": [
				11.25,
				3,
				12.25
			],
			"rotation": {
				"angle": 0,
				"axis": "y",
				"origin": [
					0.25,
					2,
					-3.5
				]
			},
			"faces": {
				"north": {
					"uv": [
						8.75,
						5.75,
						8.875,
						6
					],
					"texture": "#1"
				},
				"east": {
					"uv": [
						8.75,
						6,
						8.875,
						6.25
					],
					"texture": "#1"
				},
				"south": {
					"uv": [
						6.75,
						8.75,
						6.875,
						9
					],
					"texture": "#1"
				},
				"west": {
					"uv": [
						7,
						8.75,
						7.125,
						9
					],
					"texture": "#1"
				},
				"up": {
					"uv": [
						0.125,
						9.125,
						0,
						9
					],
					"texture": "#1"
				},
				"down": {
					"uv": [
						9.125,
						0,
						9,
						0.125
					],
					"texture": "#1"
				}
			}
		},
		{
			"from": [
				10.25,
				2.5,
				15.25
			],
			"to": [
				10.75,
				3,
				15.75
			],
			"rotation": {
				"angle": 0,
				"axis": "y",
				"origin": [
					-0.25,
					2,
					0
				]
			},
			"faces": {
				"north": {
					"uv": [
						0.25,
						9,
						0.375,
						9.125
					],
					"texture": "#1"
				},
				"east": {
					"uv": [
						9,
						0.25,
						9.125,
						0.375
					],
					"texture": "#1"
				},
				"south": {
					"uv": [
						0.5,
						9,
						0.625,
						9.125
					],
					"texture": "#1"
				},
				"west": {
					"uv": [
						9,
						0.5,
						9.125,
						0.625
					],
					"texture": "#1"
				},
				"up": {
					"uv": [
						0.875,
						9.125,
						0.75,
						9
					],
					"texture": "#1"
				},
				"down": {
					"uv": [
						9.125,
						0.75,
						9,
						0.875
					],
					"texture": "#1"
				}
			}
		},
		{
			"from": [
				10.75,
				3,
				11.5
			],
			"to": [
				11.25,
				3.5,
				15
			],
			"rotation": {
				"angle": 0,
				"axis": "y",
				"origin": [
					0.25,
					2,
					0
				]
			},
			"faces": {
				"north": {
					"uv": [
						1,
						9,
						1.125,
						9.125
					],
					"texture": "#1"
				},
				"east": {
					"uv": [
						8.5,
						2.25,
						9.375,
						2.375
					],
					"texture": "#1"
				},
				"south": {
					"uv": [
						1.25,
						9,
						1.375,
						9.125
					],
					"texture": "#1"
				},
				"west": {
					"uv": [
						8.5,
						2.5,
						9.375,
						2.625
					],
					"texture": "#1"
				},
				"up": {
					"uv": [
						2.125,
						9.375,
						2,
						8.5
					],
					"texture": "#1"
				},
				"down": {
					"uv": [
						3.875,
						8.5,
						3.75,
						9.375
					],
					"texture": "#1"
				}
			}
		},
		{
			"from": [
				4.25,
				3.25,
				9.75
			],
			"to": [
				10.5,
				4.25,
				10.75
			],
			"faces": {
				"north": {
					"uv": [
						7.25,
						0.75,
						8.875,
						1
					],
					"texture": "#1"
				},
				"east": {
					"uv": [
						6,
						7,
						6.25,
						7.25
					],
					"texture": "#1"
				},
				"south": {
					"uv": [
						3.5,
						7.75,
						5.125,
						8
					],
					"texture": "#1"
				},
				"west": {
					"uv": [
						8.5,
						6,
						8.75,
						6.25
					],
					"texture": "#1"
				},
				"up": {
					"uv": [
						9.375,
						6.5,
						7.75,
						6.25
					],
					"texture": "#1"
				},
				"down": {
					"uv": [
						9.375,
						6.5,
						7.75,
						6.75
					],
					"texture": "#1"
				}
			}
		},
		{
			"from": [
				4.5,
				4.75,
				9.75
			],
			"to": [
				7,
				5.75,
				10.75
			],
			"rotation": {
				"angle": 0,
				"axis": "y",
				"origin": [
					0,
					4,
					0
				]
			},
			"faces": {
				"north": {
					"uv": [
						6.5,
						7.25,
						7.125,
						7.5
					],
					"texture": "#1"
				},
				"east": {
					"uv": [
						8.5,
						8.5,
						8.75,
						8.75
					],
					"texture": "#1"
				},
				"south": {
					"uv": [
						4.5,
						8,
						5.125,
						8.25
					],
					"texture": "#1"
				},
				"west": {
					"uv": [
						0,
						8.75,
						0.25,
						9
					],
					"texture": "#1"
				},
				"up": {
					"uv": [
						7.125,
						8.25,
						6.5,
						8
					],
					"texture": "#1"
				},
				"down": {
					"uv": [
						0.625,
						8.25,
						0,
						8.5
					],
					"texture": "#1"
				}
			}
		},
		{
			"from": [
				1,
				4.75,
				9.75
			],
			"to": [
				1.5,
				5.75,
				10.75
			],
			"rotation": {
				"angle": 0,
				"axis": "y",
				"origin": [
					0,
					4,
					0
				]
			},
			"faces": {
				"north": {
					"uv": [
						8.75,
						7.25,
						8.875,
						7.5
					],
					"texture": "#1"
				},
				"east": {
					"uv": [
						8.75,
						0,
						9,
						0.25
					],
					"texture": "#1"
				},
				"south": {
					"uv": [
						8.75,
						7.5,
						8.875,
						7.75
					],
					"texture": "#1"
				},
				"west": {
					"uv": [
						0.25,
						8.75,
						0.5,
						9
					],
					"texture": "#1"
				},
				"up": {
					"uv": [
						8.875,
						8,
						8.75,
						7.75
					],
					"texture": "#1"
				},
				"down": {
					"uv": [
						8.875,
						8,
						8.75,
						8.25
					],
					"texture": "#1"
				}
			}
		},
		{
			"from": [
				1.5,
				4.75,
				9.75
			],
			"to": [
				4.5,
				6,
				11.25
			],
			"rotation": {
				"angle": 0,
				"axis": "y",
				"origin": [
					0,
					4,
					0
				]
			},
			"faces": {
				"north": {
					"uv": [
						6.5,
						3.25,
						7.25,
						3.625
					],
					"texture": "#1"
				},
				"east": {
					"uv": [
						6,
						2,
						6.375,
						2.375
					],
					"texture": "#1"
				},
				"south": {
					"uv": [
						8,
						3.5,
						8.75,
						3.875
					],
					"texture": "#1"
				},
				"west": {
					"uv": [
						0.75,
						8.25,
						1.125,
						8.625
					],
					"texture": "#1"
				},
				"up": {
					"uv": [
						4.5,
						8.375,
						3.75,
						8
					],
					"texture": "#1"
				},
				"down": {
					"uv": [
						8.75,
						4,
						8,
						4.375
					],
					"texture": "#1"
				}
			}
		},
		{
			"from": [
				0.5,
				4.5,
				9.5
			],
			"to": [
				1,
				6,
				11
			],
			"rotation": {
				"angle": 0,
				"axis": "y",
				"origin": [
					0,
					4,
					0
				]
			},
			"faces": {
				"north": {
					"uv": [
						8.75,
						2.75,
						8.875,
						3.125
					],
					"texture": "#1"
				},
				"east": {
					"uv": [
						2.25,
						8.25,
						2.625,
						8.625
					],
					"texture": "#1"
				},
				"south": {
					"uv": [
						3,
						8.75,
						3.125,
						9.125
					],
					"texture": "#1"
				},
				"west": {
					"uv": [
						2.75,
						8.25,
						3.125,
						8.625
					],
					"texture": "#1"
				},
				"up": {
					"uv": [
						8.875,
						3.875,
						8.75,
						3.5
					],
					"texture": "#1"
				},
				"down": {
					"uv": [
						8.875,
						4,
						8.75,
						4.375
					],
					"texture": "#1"
				}
			}
		},
		{
			"from": [
				4.75,
				3,
				10
			],
			"to": [
				5.25,
				6,
				10.5
			],
			"rotation": {
				"angle": 0,
				"axis": "x",
				"origin": [
					-6,
					0,
					0
				]
			},
			"faces": {
				"north": {
					"uv": [
						4,
						8.5,
						4.125,
						9.25
					],
					"texture": "#1"
				},
				"east": {
					"uv": [
						4.25,
						8.5,
						4.375,
						9.25
					],
					"texture": "#1"
				},
				"south": {
					"uv": [
						8.5,
						5.25,
						8.625,
						6
					],
					"texture": "#1"
				},
				"west": {
					"uv": [
						6,
						8.5,
						6.125,
						9.25
					],
					"texture": "#1"
				},
				"up": {
					"uv": [
						1.625,
						9.125,
						1.5,
						9
					],
					"texture": "#1"
				},
				"down": {
					"uv": [
						1.875,
						9,
						1.75,
						9.125
					],
					"texture": "#1"
				}
			}
		},
		{
			"from": [
				6,
				1.75,
				10
			],
			"to": [
				6.5,
				6,
				10.5
			],
			"rotation": {
				"angle": 0,
				"axis": "y",
				"origin": [
					-6,
					0,
					0
				]
			},
			"faces": {
				"north": {
					"uv": [
						3.25,
						8.25,
						3.375,
						9.375
					],
					"texture": "#1"
				},
				"east": {
					"uv": [
						4.5,
						8.25,
						4.625,
						9.375
					],
					"texture": "#1"
				},
				"south": {
					"uv": [
						4.75,
						8.25,
						4.875,
						9.375
					],
					"texture": "#1"
				},
				"west": {
					"uv": [
						5,
						8.25,
						5.125,
						9.375
					],
					"texture": "#1"
				},
				"up": {
					"uv": [
						9.125,
						1.875,
						9,
						1.75
					],
					"texture": "#1"
				},
				"down": {
					"uv": [
						9.125,
						2,
						9,
						2.125
					],
					"texture": "#1"
				}
			}
		},
		{
			"from": [
				7.501,
				4.29289,
				13.99289
			],
			"to": [
				8.499,
				5,
				15.5
			],
			"rotation": {
				"angle": -45,
				"axis": "x",
				"origin": [
					8,
					5,
					15.5
				]
			},
			"faces": {
				"east": {
					"uv": [
						8.75,
						5.25,
						9.125,
						5.375
					],
					"texture": "#1"
				},
				"west": {
					"uv": [
						8.75,
						5.5,
						9.125,
						5.625
					],
					"texture": "#1"
				},
				"up": {
					"uv": [
						8.75,
						3.125,
						8.5,
						2.75
					],
					"texture": "#1"
				}
			}
		},
		{
			"from": [
				7.501,
				4.49289,
				-0.5
			],
			"to": [
				8.499,
				5.5,
				0.20711
			],
			"rotation": {
				"angle": 0,
				"axis": "x",
				"origin": [
					8,
					5,
					15.5
				]
			},
			"faces": {
				"north": {
					"uv": [
						8.75,
						0.25,
						9,
						0.5
					],
					"texture": "#1"
				},
				"east": {
					"uv": [
						8.75,
						8.25,
						8.875,
						8.5
					],
					"texture": "#1"
				},
				"south": {
					"uv": [
						0.75,
						8.75,
						1,
						9
					],
					"texture": "#1"
				},
				"west": {
					"uv": [
						8.5,
						8.75,
						8.625,
						9
					],
					"texture": "#1"
				},
				"up": {
					"uv": [
						9,
						8.625,
						8.75,
						8.5
					],
					"texture": "#1"
				},
				"down": {
					"uv": [
						9,
						8.75,
						8.75,
						8.875
					],
					"texture": "#1"
				}
			}
		},
		{
			"from": [
				7.5,
				4,
				15.5
			],
			"to": [
				8.5,
				5,
				19.5
			],
			"rotation": {
				"angle": 0,
				"axis": "y",
				"origin": [
					8,
					-3,
					8
				]
			},
			"faces": {
				"north": {
					"uv": [
						1,
						8.75,
						1.25,
						9
					],
					"texture": "#1"
				},
				"east": {
					"uv": [
						5.25,
						3.75,
						6.25,
						4
					],
					"texture": "#1"
				},
				"south": {
					"uv": [
						1.25,
						8.75,
						1.5,
						9
					],
					"texture": "#1"
				},
				"west": {
					"uv": [
						8,
						4.5,
						9,
						4.75
					],
					"texture": "#1"
				},
				"up": {
					"uv": [
						1.5,
						4,
						1.25,
						3
					],
					"texture": "#1"
				},
				"down": {
					"uv": [
						3.75,
						5.5,
						3.5,
						6.5
					],
					"texture": "#1"
				}
			}
		},
		{
			"from": [
				7.501,
				2.5,
				18.5
			],
			"to": [
				8.499,
				4,
				19.5
			],
			"rotation": {
				"angle": 0,
				"axis": "y",
				"origin": [
					8,
					-3.1996,
					8.2
				]
			},
			"faces": {
				"north": {
					"uv": [
						6.25,
						8.5,
						6.5,
						8.875
					],
					"texture": "#1"
				},
				"east": {
					"uv": [
						7.75,
						8.5,
						8,
						8.875
					],
					"texture": "#1"
				},
				"south": {
					"uv": [
						8,
						8.5,
						8.25,
						8.875
					],
					"texture": "#1"
				},
				"west": {
					"uv": [
						8.25,
						8.5,
						8.5,
						8.875
					],
					"texture": "#1"
				},
				"up": {
					"uv": [
						1.75,
						9,
						1.5,
						8.75
					],
					"texture": "#1"
				},
				"down": {
					"uv": [
						9,
						1.75,
						8.75,
						2
					],
					"texture": "#1"
				}
			}
		},
		{
			"from": [
				7.5,
				1.12363,
				17.94843
			],
			"to": [
				8.5,
				2.12363,
				20.06976
			],
			"rotation": {
				"angle": -45,
				"axis": "x",
				"origin": [
					7.5,
					1.12406,
					18.12346
				]
			},
			"faces": {
				"north": {
					"uv": [
						8.75,
						2,
						9,
						2.25
					],
					"texture": "#1"
				},
				"east": {
					"uv": [
						7,
						1.75,
						7.5,
						2
					],
					"texture": "#1"
				},
				"south": {
					"uv": [
						2.25,
						8.75,
						2.5,
						9
					],
					"texture": "#1"
				},
				"west": {
					"uv": [
						0,
						8.5,
						0.5,
						8.75
					],
					"texture": "#1"
				},
				"up": {
					"uv": [
						7.25,
						8.75,
						7,
						8.25
					],
					"texture": "#1"
				},
				"down": {
					"uv": [
						8.75,
						0,
						8.5,
						0.5
					],
					"texture": "#1"
				}
			}
		},
		{
			"from": [
				7.501,
				1,
				16
			],
			"to": [
				8.499,
				2,
				18
			],
			"rotation": {
				"angle": 0,
				"axis": "y",
				"origin": [
					8,
					-6,
					8
				]
			},
			"faces": {
				"north": {
					"uv": [
						2.5,
						8.75,
						2.75,
						9
					],
					"texture": "#1"
				},
				"east": {
					"uv": [
						8.5,
						0.5,
						9,
						0.75
					],
					"texture": "#1"
				},
				"south": {
					"uv": [
						2.75,
						8.75,
						3,
						9
					],
					"texture": "#1"
				},
				"west": {
					"uv": [
						1.25,
						8.5,
						1.75,
						8.75
					],
					"texture": "#1"
				},
				"up": {
					"uv": [
						0.75,
						9,
						0.5,
						8.5
					],
					"texture": "#1"
				},
				"down": {
					"uv": [
						2,
						8.5,
						1.75,
						9
					],
					"texture": "#1"
				}
			}
		}
	],
	"display": {
		"thirdperson_righthand": {
			"rotation": [
				64,
				0,
				0
			],
			"translation": [
				0,
				8.75,
				-0.25
			]
		},
		"thirdperson_lefthand": {
			"rotation": [
				64,
				0,
				0
			],
			"translation": [
				0,
				8.75,
				-0.25
			],
			"scale": [
				-1,
				1,
				1
			]
		},
		"firstperson_righthand": {
			"rotation": [
				5,
				0,
				0
			],
			"translation": [
				-3.25,
				6.5,
				-3.25
			]
		},
		"firstperson_lefthand": {
			"rotation": [
				5,
				0,
				0
			],
			"translation": [
				-3.25,
				6.5,
				-3.25
			],
			"scale": [
				-1,
				1,
				1
			]
		},
		"ground": {
			"translation": [
				0,
				6.5,
				5.25
			]
		},
		"gui": {
			"rotation": [
				23,
				-147,
				0
			],
			"translation": [
				-0.25,
				3.25,
				0
			],
			"scale": [
				0.78,
				0.78,
				0.78
			]
		},
		"fixed": {
			"rotation": [
				0,
				89,
				0
			],
			"translation": [
				0.5,
				6.5,
				-5
			],
			"scale": [
				1.6,
				1.6,
				1.6
			]
		}
	}
}