{
	"credit": "Made with Blockbench",
	"texture_size": [
		32,
		32
	],
	"textures": {
		"0": "scguns_laf:item/animated_corpse_texture",
		"1": "scguns_laf:item/corpse_texture",
		"2": "scguns_laf:item/bullet_texture"
	},
	"elements": [
		{
			"from": [
				7.3,
				-1,
				18.7
			],
			"to": [
				8.7,
				4.9,
				20.9
			],
			"rotation": {
				"angle": -22.5,
				"axis": "x",
				"origin": [
					8,
					1.7,
					17
				]
			},
			"faces": {
				"north": {
					"uv": [
						1.5,
						4.5,
						1.875,
						6
					],
					"texture": "#1"
				},
				"east": {
					"uv": [
						1.75,
						3,
						2.25,
						4.5
					],
					"texture": "#1"
				},
				"south": {
					"uv": [
						4.5,
						4.25,
						4.875,
						5.75
					],
					"texture": "#1"
				},
				"west": {
					"uv": [
						3,
						2.25,
						3.5,
						3.75
					],
					"texture": "#1"
				},
				"up": {
					"uv": [
						6.125,
						1,
						5.75,
						0.5
					],
					"texture": "#1"
				},
				"down": {
					"uv": [
						6.125,
						1,
						5.75,
						1.5
					],
					"texture": "#1"
				}
			}
		},
		{
			"from": [
				7.6,
				4.44824,
				19.38209
			],
			"to": [
				8.4,
				5.34824,
				21.28209
			],
			"rotation": {
				"angle": 0,
				"axis": "y",
				"origin": [
					8,
					4.74824,
					19.83209
				]
			},
			"faces": {
				"north": {
					"uv": [
						1.5,
						4.25,
						1.75,
						4.5
					],
					"texture": "#1"
				},
				"east": {
					"uv": [
						6,
						3,
						6.5,
						3.25
					],
					"texture": "#1"
				},
				"south": {
					"uv": [
						4.75,
						2,
						5,
						2.25
					],
					"texture": "#1"
				},
				"west": {
					"uv": [
						6,
						5.25,
						6.5,
						5.5
					],
					"texture": "#1"
				},
				"up": {
					"uv": [
						2.25,
						5,
						2,
						4.5
					],
					"texture": "#1"
				},
				"down": {
					"uv": [
						5.75,
						6,
						5.5,
						6.5
					],
					"texture": "#1"
				}
			}
		},
		{
			"from": [
				7.3,
				5.14824,
				20.48209
			],
			"to": [
				8.7,
				7.04824,
				21.88209
			],
			"rotation": {
				"angle": 0,
				"axis": "y",
				"origin": [
					8,
					4.04824,
					19.83209
				]
			},
			"faces": {
				"north": {
					"uv": [
						5.75,
						1.5,
						6.125,
						2
					],
					"texture": "#1"
				},
				"east": {
					"uv": [
						5.75,
						2,
						6.125,
						2.5
					],
					"texture": "#1"
				},
				"south": {
					"uv": [
						5.75,
						2.5,
						6.125,
						3
					],
					"texture": "#1"
				},
				"west": {
					"uv": [
						4.5,
						5.75,
						4.875,
						6.25
					],
					"texture": "#1"
				},
				"up": {
					"uv": [
						1.875,
						6.375,
						1.5,
						6
					],
					"texture": "#1"
				},
				"down": {
					"uv": [
						3.875,
						6,
						3.5,
						6.375
					],
					"texture": "#1"
				}
			}
		},
		{
			"from": [
				7.5,
				6.94824,
				20.48209
			],
			"to": [
				8.5,
				7.44824,
				21.78209
			],
			"rotation": {
				"angle": 0,
				"axis": "y",
				"origin": [
					8,
					4.04824,
					19.83209
				]
			},
			"faces": {
				"north": {
					"uv": [
						0.25,
						7,
						0.5,
						7.125
					],
					"texture": "#1"
				},
				"east": {
					"uv": [
						6.75,
						6,
						7.125,
						6.125
					],
					"texture": "#1"
				},
				"south": {
					"uv": [
						7,
						0.25,
						7.25,
						0.375
					],
					"texture": "#1"
				},
				"west": {
					"uv": [
						6.75,
						6.25,
						7.125,
						6.375
					],
					"texture": "#1"
				},
				"up": {
					"uv": [
						6.75,
						0.375,
						6.5,
						0
					],
					"texture": "#1"
				},
				"down": {
					"uv": [
						0.5,
						6.5,
						0.25,
						6.875
					],
					"texture": "#1"
				}
			}
		},
		{
			"from": [
				7.7,
				2.54824,
				15.78209
			],
			"to": [
				8.3,
				2.94824,
				18.68209
			],
			"rotation": {
				"angle": 0,
				"axis": "y",
				"origin": [
					8,
					4.74824,
					19.83209
				]
			},
			"faces": {
				"north": {
					"uv": [
						7,
						7,
						7.125,
						7.125
					],
					"texture": "#1"
				},
				"east": {
					"uv": [
						6.25,
						2.5,
						7,
						2.625
					],
					"texture": "#1"
				},
				"south": {
					"uv": [
						0,
						7.25,
						0.125,
						7.375
					],
					"texture": "#1"
				},
				"west": {
					"uv": [
						6.25,
						2.75,
						7,
						2.875
					],
					"texture": "#1"
				},
				"up": {
					"uv": [
						6.375,
						4,
						6.25,
						3.25
					],
					"texture": "#1"
				},
				"down": {
					"uv": [
						4.625,
						6.25,
						4.5,
						7
					],
					"texture": "#1"
				}
			}
		},
		{
			"from": [
				7.7,
				2.94824,
				17.88209
			],
			"to": [
				8.3,
				4.64824,
				18.48209
			],
			"rotation": {
				"angle": 0,
				"axis": "y",
				"origin": [
					8,
					4.74824,
					19.83209
				]
			},
			"faces": {
				"north": {
					"uv": [
						6.25,
						6.5,
						6.375,
						6.875
					],
					"texture": "#1"
				},
				"east": {
					"uv": [
						6.5,
						6.25,
						6.625,
						6.625
					],
					"texture": "#1"
				},
				"south": {
					"uv": [
						6.75,
						0,
						6.875,
						0.375
					],
					"texture": "#1"
				},
				"west": {
					"uv": [
						6.75,
						1.5,
						6.875,
						1.875
					],
					"texture": "#1"
				},
				"up": {
					"uv": [
						7.375,
						0.875,
						7.25,
						0.75
					],
					"texture": "#1"
				},
				"down": {
					"uv": [
						1.125,
						7.25,
						1,
						7.375
					],
					"texture": "#1"
				}
			}
		},
		{
			"from": [
				7.1,
				2.94824,
				14.38209
			],
			"to": [
				8.9,
				4.64824,
				15.08209
			],
			"rotation": {
				"angle": 0,
				"axis": "y",
				"origin": [
					8,
					4.74824,
					19.83209
				]
			},
			"faces": {
				"north": {
					"uv": [
						7,
						7.25,
						7.5,
						7.625
					],
					"texture": "#0"
				},
				"east": {
					"uv": [
						1.5,
						8.75,
						1.625,
						9.125
					],
					"texture": "#0"
				},
				"south": {
					"uv": [
						7.5,
						0,
						8,
						0.375
					],
					"texture": "#0"
				},
				"west": {
					"uv": [
						1.75,
						8.75,
						1.875,
						9.125
					],
					"texture": "#0"
				},
				"up": {
					"uv": [
						1.75,
						8.625,
						1.25,
						8.5
					],
					"texture": "#0"
				},
				"down": {
					"uv": [
						2.25,
						8.5,
						1.75,
						8.625
					],
					"texture": "#0"
				}
			}
		},
		{
			"from": [
				7.2,
				2.04824,
				14.48209
			],
			"to": [
				8.8,
				2.94824,
				14.98209
			],
			"rotation": {
				"angle": 0,
				"axis": "y",
				"origin": [
					8,
					4.74824,
					19.83209
				]
			},
			"faces": {
				"north": {
					"uv": [
						5.75,
						8.25,
						6.125,
						8.5
					],
					"texture": "#0"
				},
				"east": {
					"uv": [
						8.75,
						1,
						8.875,
						1.25
					],
					"texture": "#0"
				},
				"south": {
					"uv": [
						8.25,
						5.75,
						8.625,
						6
					],
					"texture": "#0"
				},
				"west": {
					"uv": [
						8.75,
						1.75,
						8.875,
						2
					],
					"texture": "#0"
				},
				"up": {
					"uv": [
						8.875,
						6.375,
						8.5,
						6.25
					],
					"texture": "#0"
				},
				"down": {
					"uv": [
						9.125,
						0.25,
						8.75,
						0.375
					],
					"texture": "#0"
				}
			}
		},
		{
			"from": [
				7.7,
				2.54824,
				13.78209
			],
			"to": [
				8.3,
				4.64824,
				15.78209
			],
			"rotation": {
				"angle": 0,
				"axis": "y",
				"origin": [
					8,
					4.74824,
					19.83209
				]
			},
			"faces": {
				"north": {
					"uv": [
						2.75,
						6.5,
						2.875,
						7
					],
					"texture": "#1"
				},
				"east": {
					"uv": [
						5,
						4.25,
						5.5,
						4.75
					],
					"texture": "#1"
				},
				"south": {
					"uv": [
						3.5,
						6.5,
						3.625,
						7
					],
					"texture": "#1"
				},
				"west": {
					"uv": [
						5,
						4.75,
						5.5,
						5.25
					],
					"texture": "#1"
				},
				"up": {
					"uv": [
						6.625,
						4,
						6.5,
						3.5
					],
					"texture": "#1"
				},
				"down": {
					"uv": [
						3.875,
						6.5,
						3.75,
						7
					],
					"texture": "#1"
				}
			}
		},
		{
			"from": [
				7.8,
				2.64824,
				14.58209
			],
			"to": [
				8.2,
				4.34824,
				16.48209
			],
			"rotation": {
				"angle": 0,
				"axis": "y",
				"origin": [
					8,
					4.74824,
					19.83209
				]
			},
			"faces": {
				"north": {
					"uv": [
						4,
						6.5,
						4.125,
						7
					],
					"texture": "#1"
				},
				"east": {
					"uv": [
						5.25,
						0,
						5.75,
						0.5
					],
					"texture": "#1"
				},
				"south": {
					"uv": [
						4.25,
						6.5,
						4.375,
						7
					],
					"texture": "#1"
				},
				"west": {
					"uv": [
						5.25,
						0.5,
						5.75,
						1
					],
					"texture": "#1"
				},
				"up": {
					"uv": [
						5.125,
						7,
						5,
						6.5
					],
					"texture": "#1"
				},
				"down": {
					"uv": [
						5.375,
						6.5,
						5.25,
						7
					],
					"texture": "#1"
				}
			}
		},
		{
			"from": [
				7.9,
				2.34824,
				15.78209
			],
			"to": [
				8.1,
				2.54824,
				17.88209
			],
			"rotation": {
				"angle": 0,
				"axis": "y",
				"origin": [
					8,
					4.74824,
					19.83209
				]
			},
			"faces": {
				"north": {
					"uv": [
						7.25,
						0,
						7.375,
						0.125
					],
					"texture": "#1"
				},
				"east": {
					"uv": [
						6.5,
						4.25,
						7,
						4.375
					],
					"texture": "#1"
				},
				"south": {
					"uv": [
						0.25,
						7.25,
						0.375,
						7.375
					],
					"texture": "#1"
				},
				"west": {
					"uv": [
						6.5,
						5.25,
						7,
						5.375
					],
					"texture": "#1"
				},
				"up": {
					"uv": [
						5.625,
						7,
						5.5,
						6.5
					],
					"texture": "#1"
				},
				"down": {
					"uv": [
						5.875,
						6.5,
						5.75,
						7
					],
					"texture": "#1"
				}
			}
		},
		{
			"from": [
				7.9,
				2.34824,
				12.58209
			],
			"to": [
				8.1,
				2.94824,
				15.78209
			],
			"rotation": {
				"angle": 0,
				"axis": "y",
				"origin": [
					8,
					4.74824,
					19.83209
				]
			},
			"faces": {
				"north": {
					"uv": [
						7.25,
						0.25,
						7.375,
						0.375
					],
					"texture": "#1"
				},
				"east": {
					"uv": [
						6.25,
						4,
						7,
						4.125
					],
					"texture": "#1"
				},
				"south": {
					"uv": [
						0.5,
						7.25,
						0.625,
						7.375
					],
					"texture": "#1"
				},
				"west": {
					"uv": [
						5.75,
						6.25,
						6.5,
						6.375
					],
					"texture": "#1"
				},
				"up": {
					"uv": [
						4.875,
						7,
						4.75,
						6.25
					],
					"texture": "#1"
				},
				"down": {
					"uv": [
						0.125,
						6.5,
						0,
						7.25
					],
					"texture": "#1"
				}
			}
		},
		{
			"from": [
				6.7,
				5.14824,
				13.48209
			],
			"to": [
				9.3,
				6.74824,
				20.68209
			],
			"rotation": {
				"angle": 0,
				"axis": "y",
				"origin": [
					8,
					4.04824,
					19.83209
				]
			},
			"faces": {
				"north": {
					"uv": [
						3.5,
						7,
						4.125,
						7.375
					],
					"texture": "#0"
				},
				"east": {
					"uv": [
						3.5,
						4.5,
						5.25,
						4.875
					],
					"texture": "#0"
				},
				"south": {
					"uv": [
						4.25,
						7,
						4.875,
						7.375
					],
					"texture": "#0"
				},
				"west": {
					"uv": [
						0,
						4.75,
						1.75,
						5.125
					],
					"texture": "#0"
				},
				"up": {
					"uv": [
						0.625,
						1.75,
						0,
						0
					],
					"texture": "#0"
				},
				"down": {
					"uv": [
						1.375,
						0,
						0.75,
						1.75
					],
					"texture": "#0"
				}
			}
		},
		{
			"from": [
				6.8,
				4.54824,
				13.78209
			],
			"to": [
				9.2,
				5.14824,
				20.68209
			],
			"rotation": {
				"angle": 0,
				"axis": "y",
				"origin": [
					8,
					4.04824,
					19.83209
				]
			},
			"faces": {
				"north": {
					"uv": [
						8.25,
						7.5,
						8.875,
						7.625
					],
					"texture": "#0"
				},
				"east": {
					"uv": [
						7,
						4.75,
						8.75,
						4.875
					],
					"texture": "#0"
				},
				"south": {
					"uv": [
						7.75,
						8.25,
						8.375,
						8.375
					],
					"texture": "#0"
				},
				"west": {
					"uv": [
						7,
						5,
						8.75,
						5.125
					],
					"texture": "#0"
				},
				"up": {
					"uv": [
						1.375,
						3.5,
						0.75,
						1.75
					],
					"texture": "#0"
				},
				"down": {
					"uv": [
						2.125,
						1.75,
						1.5,
						3.5
					],
					"texture": "#0"
				}
			}
		},
		{
			"from": [
				6.8,
				6.74824,
				13.48209
			],
			"to": [
				9.2,
				7.54824,
				20.48209
			],
			"rotation": {
				"angle": 0,
				"axis": "y",
				"origin": [
					8,
					4.04824,
					19.83209
				]
			},
			"faces": {
				"north": {
					"uv": [
						7.5,
						0.75,
						8.125,
						1
					],
					"texture": "#0"
				},
				"east": {
					"uv": [
						5.5,
						2.25,
						7.25,
						2.5
					],
					"texture": "#0"
				},
				"south": {
					"uv": [
						3.5,
						7.5,
						4.125,
						7.75
					],
					"texture": "#0"
				},
				"west": {
					"uv": [
						5,
						5.75,
						6.75,
						6
					],
					"texture": "#0"
				},
				"up": {
					"uv": [
						2.125,
						1.75,
						1.5,
						0
					],
					"texture": "#0"
				},
				"down": {
					"uv": [
						0.625,
						1.75,
						0,
						3.5
					],
					"texture": "#0"
				}
			}
		},
		{
			"from": [
				6.9,
				7.54824,
				17.48209
			],
			"to": [
				7.2,
				8.14824,
				20.48209
			],
			"rotation": {
				"angle": 0,
				"axis": "y",
				"origin": [
					8,
					4.04824,
					19.83209
				]
			},
			"faces": {
				"north": {
					"uv": [
						4.75,
						8.75,
						4.875,
						8.875
					],
					"texture": "#0"
				},
				"east": {
					"uv": [
						8,
						4.25,
						8.75,
						4.375
					],
					"texture": "#0"
				},
				"south": {
					"uv": [
						8.75,
						4.75,
						8.875,
						4.875
					],
					"texture": "#0"
				},
				"west": {
					"uv": [
						8,
						4.5,
						8.75,
						4.625
					],
					"texture": "#0"
				},
				"up": {
					"uv": [
						4.875,
						8.75,
						4.75,
						8
					],
					"texture": "#0"
				},
				"down": {
					"uv": [
						5.125,
						8,
						5,
						8.75
					],
					"texture": "#0"
				}
			}
		},
		{
			"from": [
				8.8,
				7.54824,
				17.48209
			],
			"to": [
				9.1,
				8.14824,
				20.48209
			],
			"rotation": {
				"angle": 0,
				"axis": "y",
				"origin": [
					8,
					4.04824,
					19.83209
				]
			},
			"faces": {
				"north": {
					"uv": [
						8.75,
						3.75,
						8.875,
						3.875
					],
					"texture": "#0"
				},
				"east": {
					"uv": [
						8,
						2.25,
						8.75,
						2.375
					],
					"texture": "#0"
				},
				"south": {
					"uv": [
						8.75,
						4,
						8.875,
						4.125
					],
					"texture": "#0"
				},
				"west": {
					"uv": [
						8,
						4,
						8.75,
						4.125
					],
					"texture": "#0"
				},
				"up": {
					"uv": [
						4.375,
						8.75,
						4.25,
						8
					],
					"texture": "#0"
				},
				"down": {
					"uv": [
						4.625,
						8,
						4.5,
						8.75
					],
					"texture": "#0"
				}
			}
		},
		{
			"from": [
				6.9,
				7.54824,
				13.08209
			],
			"to": [
				7.2,
				7.94824,
				17.48209
			],
			"rotation": {
				"angle": 0,
				"axis": "y",
				"origin": [
					8,
					4.04824,
					19.83209
				]
			},
			"faces": {
				"north": {
					"uv": [
						4.5,
						8.75,
						4.625,
						8.875
					],
					"texture": "#0"
				},
				"east": {
					"uv": [
						7.75,
						1.5,
						8.875,
						1.625
					],
					"texture": "#0"
				},
				"south": {
					"uv": [
						8.75,
						4.5,
						8.875,
						4.625
					],
					"texture": "#0"
				},
				"west": {
					"uv": [
						7.75,
						2,
						8.875,
						2.125
					],
					"texture": "#0"
				},
				"up": {
					"uv": [
						3.875,
						8.875,
						3.75,
						7.75
					],
					"texture": "#0"
				},
				"down": {
					"uv": [
						4.125,
						7.75,
						4,
						8.875
					],
					"texture": "#0"
				}
			}
		},
		{
			"from": [
				7.2,
				7.54824,
				13.38209
			],
			"to": [
				7.4,
				7.84824,
				20.48209
			],
			"rotation": {
				"angle": 0,
				"axis": "y",
				"origin": [
					8,
					4.04824,
					19.83209
				]
			},
			"faces": {
				"north": {
					"uv": [
						7.25,
						1.25,
						7.375,
						1.375
					],
					"texture": "#1"
				},
				"east": {
					"uv": [
						5.5,
						4.5,
						7.25,
						4.625
					],
					"texture": "#1"
				},
				"south": {
					"uv": [
						1.5,
						7.25,
						1.625,
						7.375
					],
					"texture": "#1"
				},
				"west": {
					"uv": [
						5.5,
						4.75,
						7.25,
						4.875
					],
					"texture": "#1"
				},
				"up": {
					"uv": [
						3.125,
						7,
						3,
						5.25
					],
					"texture": "#1"
				},
				"down": {
					"uv": [
						3.375,
						5.25,
						3.25,
						7
					],
					"texture": "#1"
				}
			}
		},
		{
			"from": [
				8.6,
				7.54824,
				13.38209
			],
			"to": [
				8.8,
				7.84824,
				20.48209
			],
			"rotation": {
				"angle": 0,
				"axis": "y",
				"origin": [
					8,
					4.04824,
					19.83209
				]
			},
			"faces": {
				"north": {
					"uv": [
						7.25,
						2,
						7.375,
						2.125
					],
					"texture": "#1"
				},
				"east": {
					"uv": [
						5,
						5.5,
						6.75,
						5.625
					],
					"texture": "#1"
				},
				"south": {
					"uv": [
						2.25,
						7.25,
						2.375,
						7.375
					],
					"texture": "#1"
				},
				"west": {
					"uv": [
						5.5,
						5,
						7.25,
						5.125
					],
					"texture": "#1"
				},
				"up": {
					"uv": [
						1.125,
						7.25,
						1,
						5.5
					],
					"texture": "#1"
				},
				"down": {
					"uv": [
						1.375,
						5.5,
						1.25,
						7.25
					],
					"texture": "#1"
				}
			}
		},
		{
			"from": [
				8.8,
				7.54824,
				13.08209
			],
			"to": [
				9.1,
				7.94824,
				17.48209
			],
			"rotation": {
				"angle": 0,
				"axis": "y",
				"origin": [
					8,
					4.04824,
					19.83209
				]
			},
			"faces": {
				"north": {
					"uv": [
						4.25,
						8.75,
						4.375,
						8.875
					],
					"texture": "#0"
				},
				"east": {
					"uv": [
						1,
						7.75,
						2.125,
						7.875
					],
					"texture": "#0"
				},
				"south": {
					"uv": [
						8.75,
						4.25,
						8.875,
						4.375
					],
					"texture": "#0"
				},
				"west": {
					"uv": [
						7.75,
						1.25,
						8.875,
						1.375
					],
					"texture": "#0"
				},
				"up": {
					"uv": [
						2.875,
						8.875,
						2.75,
						7.75
					],
					"texture": "#0"
				},
				"down": {
					"uv": [
						3.625,
						7.75,
						3.5,
						8.875
					],
					"texture": "#0"
				}
			}
		},
		{
			"from": [
				6.4,
				4.04824,
				8.18209
			],
			"to": [
				9.6,
				6.34824,
				9.08209
			],
			"rotation": {
				"angle": 0,
				"axis": "y",
				"origin": [
					8,
					4.04824,
					18.73209
				]
			},
			"faces": {
				"north": {
					"uv": [
						0.75,
						5.25,
						1.5,
						5.875
					],
					"texture": "#0"
				},
				"east": {
					"uv": [
						2.25,
						7.5,
						2.5,
						8.125
					],
					"texture": "#0"
				},
				"south": {
					"uv": [
						5.25,
						3,
						6,
						3.625
					],
					"texture": "#0"
				},
				"west": {
					"uv": [
						2.5,
						7.5,
						2.75,
						8.125
					],
					"texture": "#0"
				},
				"up": {
					"uv": [
						8,
						4,
						7.25,
						3.75
					],
					"texture": "#0"
				},
				"down": {
					"uv": [
						8,
						4,
						7.25,
						4.25
					],
					"texture": "#0"
				}
			}
		},
		{
			"from": [
				6.4,
				4.04824,
				12.68209
			],
			"to": [
				9.6,
				6.34824,
				13.78209
			],
			"rotation": {
				"angle": 0,
				"axis": "y",
				"origin": [
					8,
					4.04824,
					18.73209
				]
			},
			"faces": {
				"north": {
					"uv": [
						4.25,
						5.5,
						5,
						6.125
					],
					"texture": "#0"
				},
				"east": {
					"uv": [
						3,
						7.5,
						3.25,
						8.125
					],
					"texture": "#0"
				},
				"south": {
					"uv": [
						5.75,
						4.5,
						6.5,
						5.125
					],
					"texture": "#0"
				},
				"west": {
					"uv": [
						3.25,
						7.5,
						3.5,
						8.125
					],
					"texture": "#0"
				},
				"up": {
					"uv": [
						8,
						4.5,
						7.25,
						4.25
					],
					"texture": "#0"
				},
				"down": {
					"uv": [
						5.75,
						7.25,
						5,
						7.5
					],
					"texture": "#0"
				}
			}
		},
		{
			"from": [
				6.4,
				4.04824,
				11.88209
			],
			"to": [
				9.6,
				6.34824,
				12.68209
			],
			"rotation": {
				"angle": 0,
				"axis": "y",
				"origin": [
					8,
					4.04824,
					18.73209
				]
			},
			"faces": {
				"north": {
					"uv": [
						5,
						5,
						5.75,
						5.625
					],
					"texture": "#0"
				},
				"east": {
					"uv": [
						1.5,
						5.25,
						1.75,
						5.875
					],
					"texture": "#0"
				},
				"south": {
					"uv": [
						0,
						5.25,
						0.75,
						5.875
					],
					"texture": "#0"
				},
				"west": {
					"uv": [
						6.25,
						7.25,
						6.5,
						7.875
					],
					"texture": "#0"
				},
				"up": {
					"uv": [
						8,
						3.5,
						7.25,
						3.25
					],
					"texture": "#0"
				},
				"down": {
					"uv": [
						8,
						3.5,
						7.25,
						3.75
					],
					"texture": "#0"
				}
			}
		},
		{
			"from": [
				7,
				4.04824,
				9.08209
			],
			"to": [
				9.6,
				6.34824,
				11.88209
			],
			"rotation": {
				"angle": 0,
				"axis": "y",
				"origin": [
					8,
					4.04824,
					18.73209
				]
			},
			"faces": {
				"north": {
					"uv": [
						3.5,
						6.25,
						4.125,
						6.875
					],
					"texture": "#0"
				},
				"east": {
					"uv": [
						5.5,
						0.75,
						6.25,
						1.375
					],
					"texture": "#0"
				},
				"south": {
					"uv": [
						4.25,
						6.25,
						4.875,
						6.875
					],
					"texture": "#0"
				},
				"west": {
					"uv": [
						5.5,
						1.5,
						6.25,
						2.125
					],
					"texture": "#0"
				},
				"up": {
					"uv": [
						2.875,
						6.25,
						2.25,
						5.5
					],
					"texture": "#0"
				},
				"down": {
					"uv": [
						4.125,
						5.5,
						3.5,
						6.25
					],
					"texture": "#0"
				}
			}
		},
		{
			"from": [
				9.5,
				5.94824,
				8.58209
			],
			"to": [
				10,
				6.34824,
				12.38209
			],
			"rotation": {
				"angle": 0,
				"axis": "y",
				"origin": [
					8,
					4.04824,
					18.73209
				]
			},
			"faces": {
				"north": {
					"uv": [
						7.25,
						3.25,
						7.375,
						3.375
					],
					"texture": "#1"
				},
				"east": {
					"uv": [
						6.25,
						2,
						7.25,
						2.125
					],
					"texture": "#1"
				},
				"south": {
					"uv": [
						3.5,
						7.25,
						3.625,
						7.375
					],
					"texture": "#1"
				},
				"west": {
					"uv": [
						6.25,
						2.25,
						7.25,
						2.375
					],
					"texture": "#1"
				},
				"up": {
					"uv": [
						2.125,
						7.25,
						2,
						6.25
					],
					"texture": "#1"
				},
				"down": {
					"uv": [
						2.375,
						6.25,
						2.25,
						7.25
					],
					"texture": "#1"
				}
			}
		},
		{
			"from": [
				9.5,
				4.74824,
				8.98209
			],
			"to": [
				9.9,
				5.94824,
				11.98209
			],
			"rotation": {
				"angle": 0,
				"axis": "y",
				"origin": [
					8,
					4.04824,
					18.73209
				]
			},
			"faces": {
				"north": {
					"uv": [
						5,
						7,
						5.125,
						7.25
					],
					"texture": "#1"
				},
				"east": {
					"uv": [
						5,
						5.75,
						5.75,
						6
					],
					"texture": "#1"
				},
				"south": {
					"uv": [
						5.25,
						7,
						5.375,
						7.25
					],
					"texture": "#1"
				},
				"west": {
					"uv": [
						5.75,
						5.75,
						6.5,
						6
					],
					"texture": "#1"
				},
				"up": {
					"uv": [
						0.625,
						7.25,
						0.5,
						6.5
					],
					"texture": "#1"
				},
				"down": {
					"uv": [
						0.875,
						6.5,
						0.75,
						7.25
					],
					"texture": "#1"
				}
			}
		},
		{
			"from": [
				6.4,
				4.04824,
				9.08209
			],
			"to": [
				9,
				4.44824,
				11.88209
			],
			"rotation": {
				"angle": 0,
				"axis": "y",
				"origin": [
					8,
					4.04824,
					18.73209
				]
			},
			"faces": {
				"north": {
					"uv": [
						7.5,
						2,
						8.75,
						2.25
					],
					"texture": "#1"
				},
				"east": {
					"uv": [
						1.5,
						7.5,
						2.875,
						7.75
					],
					"texture": "#1"
				},
				"south": {
					"uv": [
						7.5,
						2.5,
						8.75,
						2.75
					],
					"texture": "#1"
				},
				"west": {
					"uv": [
						7.5,
						1.5,
						8.875,
						1.75
					],
					"texture": "#1"
				},
				"up": {
					"uv": [
						1.25,
						8.875,
						0,
						7.5
					],
					"texture": "#1"
				},
				"down": {
					"uv": [
						8.75,
						0,
						7.5,
						1.375
					],
					"texture": "#1"
				}
			}
		},
		{
			"from": [
				6.4,
				5.94824,
				9.08209
			],
			"to": [
				9,
				6.34824,
				11.88209
			],
			"rotation": {
				"angle": 0,
				"axis": "y",
				"origin": [
					8,
					4.04824,
					18.73209
				]
			},
			"faces": {
				"north": {
					"uv": [
						8.25,
						6,
						8.875,
						6.125
					],
					"texture": "#0"
				},
				"east": {
					"uv": [
						8,
						1,
						8.75,
						1.125
					],
					"texture": "#0"
				},
				"south": {
					"uv": [
						8.25,
						7.25,
						8.875,
						7.375
					],
					"texture": "#0"
				},
				"west": {
					"uv": [
						8,
						1.75,
						8.75,
						1.875
					],
					"texture": "#0"
				},
				"up": {
					"uv": [
						5.875,
						4.5,
						5.25,
						3.75
					],
					"texture": "#0"
				},
				"down": {
					"uv": [
						6.125,
						0,
						5.5,
						0.75
					],
					"texture": "#0"
				}
			}
		},
		{
			"from": [
				6.5,
				2.24824,
				7.38209
			],
			"to": [
				9.5,
				7.64824,
				8.18209
			],
			"rotation": {
				"angle": 0,
				"axis": "y",
				"origin": [
					8,
					4.04824,
					18.73209
				]
			},
			"faces": {
				"north": {
					"uv": [
						2.25,
						0,
						3,
						1.375
					],
					"texture": "#0"
				},
				"east": {
					"uv": [
						2.75,
						6.25,
						3,
						7.625
					],
					"texture": "#0"
				},
				"south": {
					"uv": [
						2.25,
						1.5,
						3,
						2.875
					],
					"texture": "#0"
				},
				"west": {
					"uv": [
						0,
						6.5,
						0.25,
						7.875
					],
					"texture": "#0"
				},
				"up": {
					"uv": [
						4.25,
						4.5,
						3.5,
						4.25
					],
					"texture": "#0"
				},
				"down": {
					"uv": [
						8,
						1.75,
						7.25,
						2
					],
					"texture": "#0"
				}
			}
		},
		{
			"from": [
				6.6,
				3.04824,
				6.88209
			],
			"to": [
				9.4,
				7.64824,
				7.38209
			],
			"rotation": {
				"angle": 0,
				"axis": "y",
				"origin": [
					8,
					4.04824,
					18.73209
				]
			},
			"faces": {
				"north": {
					"uv": [
						1.5,
						3.5,
						2.25,
						4.625
					],
					"texture": "#0"
				},
				"east": {
					"uv": [
						7,
						7.75,
						7.125,
						8.875
					],
					"texture": "#0"
				},
				"south": {
					"uv": [
						2.25,
						4.25,
						3,
						5.375
					],
					"texture": "#0"
				},
				"west": {
					"uv": [
						7.25,
						7.75,
						7.375,
						8.875
					],
					"texture": "#0"
				},
				"up": {
					"uv": [
						9,
						0.625,
						8.25,
						0.5
					],
					"texture": "#0"
				},
				"down": {
					"uv": [
						9,
						0.75,
						8.25,
						0.875
					],
					"texture": "#0"
				}
			}
		},
		{
			"from": [
				7.2,
				7.64824,
				18.98209
			],
			"to": [
				7.6,
				8.54824,
				19.28209
			],
			"rotation": {
				"angle": 0,
				"axis": "y",
				"origin": [
					8,
					4.04824,
					18.73209
				]
			},
			"faces": {
				"north": {
					"uv": [
						1.5,
						7,
						1.625,
						7.25
					],
					"texture": "#1"
				},
				"east": {
					"uv": [
						7,
						1.5,
						7.125,
						1.75
					],
					"texture": "#1"
				},
				"south": {
					"uv": [
						7,
						1.75,
						7.125,
						2
					],
					"texture": "#1"
				},
				"west": {
					"uv": [
						7,
						2.5,
						7.125,
						2.75
					],
					"texture": "#1"
				},
				"up": {
					"uv": [
						7.375,
						1.625,
						7.25,
						1.5
					],
					"texture": "#1"
				},
				"down": {
					"uv": [
						1.875,
						7.25,
						1.75,
						7.375
					],
					"texture": "#1"
				}
			}
		},
		{
			"from": [
				7.4,
				7.54824,
				18.88209
			],
			"to": [
				8.6,
				7.84824,
				19.38209
			],
			"rotation": {
				"angle": 0,
				"axis": "y",
				"origin": [
					8,
					4.04824,
					18.73209
				]
			},
			"faces": {
				"north": {
					"uv": [
						2.75,
						7,
						3,
						7.125
					],
					"texture": "#1"
				},
				"east": {
					"uv": [
						7.25,
						1.75,
						7.375,
						1.875
					],
					"texture": "#1"
				},
				"south": {
					"uv": [
						7,
						2.75,
						7.25,
						2.875
					],
					"texture": "#1"
				},
				"west": {
					"uv": [
						2,
						7.25,
						2.125,
						7.375
					],
					"texture": "#1"
				},
				"up": {
					"uv": [
						3.25,
						7.125,
						3,
						7
					],
					"texture": "#1"
				},
				"down": {
					"uv": [
						3.5,
						7,
						3.25,
						7.125
					],
					"texture": "#1"
				}
			}
		},
		{
			"from": [
				7.4,
				7.54824,
				13.38209
			],
			"to": [
				8.6,
				7.84824,
				13.88209
			],
			"rotation": {
				"angle": 0,
				"axis": "y",
				"origin": [
					8,
					4.04824,
					18.73209
				]
			},
			"faces": {
				"north": {
					"uv": [
						7.5,
						3.5,
						8.125,
						3.625
					],
					"texture": "#1"
				},
				"east": {
					"uv": [
						7.5,
						4,
						7.75,
						4.125
					],
					"texture": "#1"
				},
				"south": {
					"uv": [
						4,
						7.5,
						4.625,
						7.625
					],
					"texture": "#1"
				},
				"west": {
					"uv": [
						7.5,
						4.5,
						7.75,
						4.625
					],
					"texture": "#1"
				},
				"up": {
					"uv": [
						3.625,
						7.75,
						3,
						7.5
					],
					"texture": "#1"
				},
				"down": {
					"uv": [
						8.125,
						3,
						7.5,
						3.25
					],
					"texture": "#1"
				}
			}
		},
		{
			"from": [
				8.4,
				7.64824,
				18.98209
			],
			"to": [
				8.8,
				8.54824,
				19.28209
			],
			"rotation": {
				"angle": 0,
				"axis": "y",
				"origin": [
					8,
					4.04824,
					18.73209
				]
			},
			"faces": {
				"north": {
					"uv": [
						3.5,
						7,
						3.625,
						7.25
					],
					"texture": "#1"
				},
				"east": {
					"uv": [
						3.75,
						7,
						3.875,
						7.25
					],
					"texture": "#1"
				},
				"south": {
					"uv": [
						4,
						7,
						4.125,
						7.25
					],
					"texture": "#1"
				},
				"west": {
					"uv": [
						7,
						4,
						7.125,
						4.25
					],
					"texture": "#1"
				},
				"up": {
					"uv": [
						7.375,
						2.375,
						7.25,
						2.25
					],
					"texture": "#1"
				},
				"down": {
					"uv": [
						2.625,
						7.25,
						2.5,
						7.375
					],
					"texture": "#1"
				}
			}
		},
		{
			"from": [
				8.3,
				7.84824,
				13.58209
			],
			"to": [
				8.6,
				8.54824,
				13.88209
			],
			"rotation": {
				"angle": 0,
				"axis": "y",
				"origin": [
					8,
					4.04824,
					18.73209
				]
			},
			"faces": {
				"north": {
					"uv": [
						3.5,
						7,
						3.625,
						7.25
					],
					"texture": "#1"
				},
				"east": {
					"uv": [
						3.75,
						7,
						3.875,
						7.25
					],
					"texture": "#1"
				},
				"south": {
					"uv": [
						4,
						7,
						4.125,
						7.25
					],
					"texture": "#1"
				},
				"west": {
					"uv": [
						7,
						4,
						7.125,
						4.25
					],
					"texture": "#1"
				},
				"up": {
					"uv": [
						7.375,
						2.375,
						7.25,
						2.25
					],
					"texture": "#1"
				},
				"down": {
					"uv": [
						2.625,
						7.25,
						2.5,
						7.375
					],
					"texture": "#1"
				}
			}
		},
		{
			"from": [
				7.4,
				7.84824,
				13.58209
			],
			"to": [
				7.7,
				8.54824,
				13.88209
			],
			"rotation": {
				"angle": 0,
				"axis": "y",
				"origin": [
					8,
					4.04824,
					18.73209
				]
			},
			"faces": {
				"north": {
					"uv": [
						1.5,
						7,
						1.625,
						7.25
					],
					"texture": "#1"
				},
				"east": {
					"uv": [
						7,
						1.5,
						7.125,
						1.75
					],
					"texture": "#1"
				},
				"south": {
					"uv": [
						7,
						1.75,
						7.125,
						2
					],
					"texture": "#1"
				},
				"west": {
					"uv": [
						7,
						2.5,
						7.125,
						2.75
					],
					"texture": "#1"
				},
				"up": {
					"uv": [
						7.375,
						1.625,
						7.25,
						1.5
					],
					"texture": "#1"
				},
				"down": {
					"uv": [
						1.875,
						7.25,
						1.75,
						7.375
					],
					"texture": "#1"
				}
			}
		},
		{
			"from": [
				6.5,
				2.24824,
				12.68209
			],
			"to": [
				9.5,
				7.64824,
				13.48209
			],
			"rotation": {
				"angle": 0,
				"axis": "y",
				"origin": [
					8,
					4.04824,
					18.73209
				]
			},
			"faces": {
				"north": {
					"uv": [
						3,
						0,
						3.75,
						1.375
					],
					"texture": "#0"
				},
				"east": {
					"uv": [
						0.25,
						6.5,
						0.5,
						7.875
					],
					"texture": "#0"
				},
				"south": {
					"uv": [
						3,
						1.5,
						3.75,
						2.875
					],
					"texture": "#0"
				},
				"west": {
					"uv": [
						0.5,
						6.5,
						0.75,
						7.875
					],
					"texture": "#0"
				},
				"up": {
					"uv": [
						8,
						2.5,
						7.25,
						2.25
					],
					"texture": "#0"
				},
				"down": {
					"uv": [
						8,
						3,
						7.25,
						3.25
					],
					"texture": "#0"
				}
			}
		},
		{
			"from": [
				7.1,
				5.54824,
				6.23209
			],
			"to": [
				8.9,
				7.54824,
				7.43209
			],
			"rotation": {
				"angle": 0,
				"axis": "y",
				"origin": [
					8,
					4.04824,
					18.73209
				]
			},
			"faces": {
				"north": {
					"uv": [
						5.25,
						4.5,
						5.75,
						5
					],
					"texture": "#0"
				},
				"east": {
					"uv": [
						1.25,
						8,
						1.5,
						8.5
					],
					"texture": "#0"
				},
				"south": {
					"uv": [
						3,
						7,
						3.5,
						7.5
					],
					"texture": "#0"
				},
				"west": {
					"uv": [
						1.5,
						8,
						1.75,
						8.5
					],
					"texture": "#0"
				},
				"up": {
					"uv": [
						5.25,
						4.5,
						4.75,
						4.25
					],
					"texture": "#0"
				},
				"down": {
					"uv": [
						8.5,
						0.25,
						8,
						0.5
					],
					"texture": "#0"
				}
			}
		},
		{
			"from": [
				7.1,
				5.64824,
				-6.56791
			],
			"to": [
				8.9,
				7.44824,
				-0.76791
			],
			"rotation": {
				"angle": 0,
				"axis": "y",
				"origin": [
					8,
					4.04824,
					18.73209
				]
			},
			"faces": {
				"north": {
					"uv": [
						5.25,
						1,
						5.75,
						1.5
					],
					"texture": "#1"
				},
				"east": {
					"uv": [
						3.5,
						2.25,
						5,
						2.75
					],
					"texture": "#1"
				},
				"south": {
					"uv": [
						5.25,
						1.5,
						5.75,
						2
					],
					"texture": "#1"
				},
				"west": {
					"uv": [
						3.5,
						2.75,
						5,
						3.25
					],
					"texture": "#1"
				},
				"up": {
					"uv": [
						4,
						4.75,
						3.5,
						3.25
					],
					"texture": "#1"
				},
				"down": {
					"uv": [
						3.5,
						3.75,
						3,
						5.25
					],
					"texture": "#1"
				}
			}
		},
		{
			"from": [
				7.3,
				5.84824,
				-8.36791
			],
			"to": [
				8.7,
				7.24824,
				12.73209
			],
			"rotation": {
				"angle": 0,
				"axis": "y",
				"origin": [
					8,
					4.04824,
					18.73209
				]
			},
			"faces": {
				"north": {
					"uv": [
						4,
						6,
						4.375,
						6.375
					],
					"texture": "#1"
				},
				"east": {
					"uv": [
						0,
						0,
						5.25,
						0.375
					],
					"texture": "#1"
				},
				"south": {
					"uv": [
						5,
						6,
						5.375,
						6.375
					],
					"texture": "#1"
				},
				"west": {
					"uv": [
						0,
						0.5,
						5.25,
						0.875
					],
					"texture": "#1"
				},
				"up": {
					"uv": [
						0.375,
						6.25,
						0,
						1
					],
					"texture": "#1"
				},
				"down": {
					"uv": [
						0.875,
						1,
						0.5,
						6.25
					],
					"texture": "#1"
				}
			}
		},
		{
			"from": [
				7.5,
				4.14824,
				1.43209
			],
			"to": [
				8.5,
				5.54824,
				7.43209
			],
			"rotation": {
				"angle": 0,
				"axis": "y",
				"origin": [
					8,
					4.04824,
					18.73209
				]
			},
			"faces": {
				"north": {
					"uv": [
						1.5,
						6.5,
						1.75,
						6.875
					],
					"texture": "#1"
				},
				"east": {
					"uv": [
						4.75,
						3.25,
						6.25,
						3.625
					],
					"texture": "#1"
				},
				"south": {
					"uv": [
						6.5,
						1.5,
						6.75,
						1.875
					],
					"texture": "#1"
				},
				"west": {
					"uv": [
						4.75,
						3.75,
						6.25,
						4.125
					],
					"texture": "#1"
				},
				"up": {
					"uv": [
						2.75,
						6.5,
						2.5,
						5
					],
					"texture": "#1"
				},
				"down": {
					"uv": [
						3,
						5,
						2.75,
						6.5
					],
					"texture": "#1"
				}
			}
		},
		{
			"from": [
				7.4,
				3.94824,
				0.63209
			],
			"to": [
				8.6,
				5.64824,
				1.43209
			],
			"rotation": {
				"angle": 0,
				"axis": "y",
				"origin": [
					8,
					4.04824,
					18.73209
				]
			},
			"faces": {
				"north": {
					"uv": [
						6.75,
						8,
						7,
						8.375
					],
					"texture": "#0"
				},
				"east": {
					"uv": [
						2.25,
						8.25,
						2.5,
						8.625
					],
					"texture": "#0"
				},
				"south": {
					"uv": [
						2.5,
						8.25,
						2.75,
						8.625
					],
					"texture": "#0"
				},
				"west": {
					"uv": [
						8.25,
						2.5,
						8.5,
						2.875
					],
					"texture": "#0"
				},
				"up": {
					"uv": [
						3.5,
						8.5,
						3.25,
						8.25
					],
					"texture": "#0"
				},
				"down": {
					"uv": [
						8.75,
						0.25,
						8.5,
						0.5
					],
					"texture": "#0"
				}
			}
		},
		{
			"from": [
				7.2,
				5.74824,
				-9.16791
			],
			"to": [
				8.8,
				7.34824,
				-8.36791
			],
			"rotation": {
				"angle": 0,
				"axis": "y",
				"origin": [
					8,
					4.04824,
					18.73209
				]
			},
			"faces": {
				"north": {
					"uv": [
						7.75,
						5.75,
						8.125,
						6.125
					],
					"texture": "#0"
				},
				"east": {
					"uv": [
						3,
						8.25,
						3.25,
						8.625
					],
					"texture": "#0"
				},
				"south": {
					"uv": [
						7.75,
						7.25,
						8.125,
						7.625
					],
					"texture": "#0"
				},
				"west": {
					"uv": [
						8.25,
						3,
						8.5,
						3.375
					],
					"texture": "#0"
				},
				"up": {
					"uv": [
						8.625,
						3.75,
						8.25,
						3.5
					],
					"texture": "#0"
				},
				"down": {
					"uv": [
						8.625,
						3.75,
						8.25,
						4
					],
					"texture": "#0"
				}
			}
		},
		{
			"from": [
				7.9,
				7.34824,
				-9.06791
			],
			"to": [
				8.1,
				8.34824,
				-8.56791
			],
			"rotation": {
				"angle": 0,
				"axis": "y",
				"origin": [
					8,
					4.04824,
					18.73209
				]
			},
			"faces": {
				"north": {
					"uv": [
						7,
						5.75,
						7.125,
						6
					],
					"texture": "#1"
				},
				"east": {
					"uv": [
						6.25,
						7,
						6.375,
						7.25
					],
					"texture": "#1"
				},
				"south": {
					"uv": [
						6.5,
						7,
						6.625,
						7.25
					],
					"texture": "#1"
				},
				"west": {
					"uv": [
						7,
						6.5,
						7.125,
						6.75
					],
					"texture": "#1"
				},
				"up": {
					"uv": [
						7.375,
						3.875,
						7.25,
						3.75
					],
					"texture": "#1"
				},
				"down": {
					"uv": [
						4.125,
						7.25,
						4,
						7.375
					],
					"texture": "#1"
				}
			}
		},
		{
			"from": [
				7.6,
				5.54824,
				0.73209
			],
			"to": [
				8.4,
				5.84824,
				1.33209
			],
			"rotation": {
				"angle": 0,
				"axis": "y",
				"origin": [
					8,
					4.04824,
					18.73209
				]
			},
			"faces": {
				"north": {
					"uv": [
						7,
						5.25,
						7.25,
						5.375
					],
					"texture": "#1"
				},
				"east": {
					"uv": [
						7.25,
						3.5,
						7.375,
						3.625
					],
					"texture": "#1"
				},
				"south": {
					"uv": [
						5.5,
						7,
						5.75,
						7.125
					],
					"texture": "#1"
				},
				"west": {
					"uv": [
						3.75,
						7.25,
						3.875,
						7.375
					],
					"texture": "#1"
				},
				"up": {
					"uv": [
						7.25,
						5.625,
						7,
						5.5
					],
					"texture": "#1"
				},
				"down": {
					"uv": [
						6,
						7,
						5.75,
						7.125
					],
					"texture": "#1"
				}
			}
		},
		{
			"from": [
				7.2,
				3.74824,
				6.23209
			],
			"to": [
				8.8,
				5.54824,
				7.43209
			],
			"rotation": {
				"angle": 0,
				"axis": "y",
				"origin": [
					8,
					4.04824,
					18.73209
				]
			},
			"faces": {
				"north": {
					"uv": [
						5.75,
						7.25,
						6.125,
						7.75
					],
					"texture": "#0"
				},
				"east": {
					"uv": [
						1.75,
						8,
						2,
						8.5
					],
					"texture": "#0"
				},
				"south": {
					"uv": [
						7.25,
						5.75,
						7.625,
						6.25
					],
					"texture": "#0"
				},
				"west": {
					"uv": [
						2,
						8,
						2.25,
						8.5
					],
					"texture": "#0"
				},
				"up": {
					"uv": [
						6.625,
						8.25,
						6.25,
						8
					],
					"texture": "#0"
				},
				"down": {
					"uv": [
						8.375,
						6.25,
						8,
						6.5
					],
					"texture": "#0"
				}
			}
		},
		{
			"from": [
				6.6,
				6.34824,
				8.18209
			],
			"to": [
				9.4,
				7.34824,
				13.38209
			],
			"rotation": {
				"angle": 0,
				"axis": "y",
				"origin": [
					8,
					4.04824,
					18.73209
				]
			},
			"faces": {
				"north": {
					"uv": [
						7.25,
						6.25,
						8,
						6.5
					],
					"texture": "#0"
				},
				"east": {
					"uv": [
						6.5,
						2.5,
						7.75,
						2.75
					],
					"texture": "#0"
				},
				"south": {
					"uv": [
						7.5,
						0.5,
						8.25,
						0.75
					],
					"texture": "#0"
				},
				"west": {
					"uv": [
						6.5,
						2.75,
						7.75,
						3
					],
					"texture": "#0"
				},
				"up": {
					"uv": [
						0.75,
						4.75,
						0,
						3.5
					],
					"texture": "#0"
				},
				"down": {
					"uv": [
						1.5,
						3.5,
						0.75,
						4.75
					],
					"texture": "#0"
				}
			}
		},
		{
			"from": [
				8.8,
				7.34824,
				8.18209
			],
			"to": [
				9.3,
				7.64824,
				12.68209
			],
			"rotation": {
				"angle": 0,
				"axis": "y",
				"origin": [
					8,
					4.04824,
					18.73209
				]
			},
			"faces": {
				"north": {
					"uv": [
						8.75,
						3.25,
						8.875,
						3.375
					],
					"texture": "#0"
				},
				"east": {
					"uv": [
						7.5,
						6.75,
						8.625,
						6.875
					],
					"texture": "#0"
				},
				"south": {
					"uv": [
						8.75,
						3.5,
						8.875,
						3.625
					],
					"texture": "#0"
				},
				"west": {
					"uv": [
						7.5,
						7,
						8.625,
						7.125
					],
					"texture": "#0"
				},
				"up": {
					"uv": [
						7.625,
						8.375,
						7.5,
						7.25
					],
					"texture": "#0"
				},
				"down": {
					"uv": [
						0.875,
						7.75,
						0.75,
						8.875
					],
					"texture": "#0"
				}
			}
		},
		{
			"from": [
				6.7,
				7.34824,
				8.18209
			],
			"to": [
				7.2,
				7.64824,
				12.68209
			],
			"rotation": {
				"angle": 0,
				"axis": "y",
				"origin": [
					8,
					4.04824,
					18.73209
				]
			},
			"faces": {
				"north": {
					"uv": [
						3,
						8.75,
						3.125,
						8.875
					],
					"texture": "#0"
				},
				"east": {
					"uv": [
						7.5,
						5.25,
						8.625,
						5.375
					],
					"texture": "#0"
				},
				"south": {
					"uv": [
						8.75,
						3,
						8.875,
						3.125
					],
					"texture": "#0"
				},
				"west": {
					"uv": [
						7.5,
						5.5,
						8.625,
						5.625
					],
					"texture": "#0"
				},
				"up": {
					"uv": [
						5.375,
						8.625,
						5.25,
						7.5
					],
					"texture": "#0"
				},
				"down": {
					"uv": [
						5.625,
						7.5,
						5.5,
						8.625
					],
					"texture": "#0"
				}
			}
		},
		{
			"from": [
				6.6,
				2.34824,
				8.18209
			],
			"to": [
				9.4,
				4.54824,
				13.88209
			],
			"rotation": {
				"angle": 0,
				"axis": "y",
				"origin": [
					8,
					4.04824,
					18.73209
				]
			},
			"faces": {
				"north": {
					"uv": [
						5,
						2,
						5.75,
						2.5
					],
					"texture": "#1"
				},
				"east": {
					"uv": [
						3.75,
						1,
						5.125,
						1.5
					],
					"texture": "#1"
				},
				"south": {
					"uv": [
						5,
						2.5,
						5.75,
						3
					],
					"texture": "#1"
				},
				"west": {
					"uv": [
						3.75,
						1.5,
						5.125,
						2
					],
					"texture": "#1"
				},
				"up": {
					"uv": [
						3,
						2.375,
						2.25,
						1
					],
					"texture": "#1"
				},
				"down": {
					"uv": [
						3,
						2.5,
						2.25,
						3.875
					],
					"texture": "#1"
				}
			}
		},
		{
			"from": [
				9.2,
				-0.35176,
				8.18209
			],
			"to": [
				10.5,
				2.74824,
				12.68209
			],
			"rotation": {
				"angle": 0,
				"axis": "y",
				"origin": [
					8,
					4.84824,
					18.73209
				]
			},
			"faces": {
				"north": {
					"uv": [
						5.5,
						6.5,
						5.875,
						7.25
					],
					"texture": "#0"
				},
				"east": {
					"uv": [
						3.75,
						0,
						4.875,
						0.75
					],
					"texture": "#0"
				},
				"south": {
					"uv": [
						6,
						6.5,
						6.375,
						7.25
					],
					"texture": "#0"
				},
				"west": {
					"uv": [
						3.75,
						0.75,
						4.875,
						1.5
					],
					"texture": "#0"
				},
				"up": {
					"uv": [
						3.375,
						6.875,
						3,
						5.75
					],
					"texture": "#0"
				},
				"down": {
					"uv": [
						1.625,
						6,
						1.25,
						7.125
					],
					"texture": "#0"
				}
			}
		},
		{
			"from": [
				5.4,
				-0.35176,
				8.18209
			],
			"to": [
				6.8,
				2.84824,
				12.68209
			],
			"rotation": {
				"angle": 0,
				"axis": "y",
				"origin": [
					8,
					4.84824,
					18.73209
				]
			},
			"faces": {
				"north": {
					"uv": [
						6.75,
						1.25,
						7.125,
						2
					],
					"texture": "#0"
				},
				"east": {
					"uv": [
						3.75,
						1.5,
						4.875,
						2.25
					],
					"texture": "#0"
				},
				"south": {
					"uv": [
						6.75,
						5.75,
						7.125,
						6.5
					],
					"texture": "#0"
				},
				"west": {
					"uv": [
						3.75,
						2.25,
						4.875,
						3
					],
					"texture": "#0"
				},
				"up": {
					"uv": [
						2.125,
						7.125,
						1.75,
						6
					],
					"texture": "#0"
				},
				"down": {
					"uv": [
						5.375,
						6,
						5,
						7.125
					],
					"texture": "#0"
				}
			}
		},
		{
			"from": [
				5.2,
				2.2,
				8.19
			],
			"to": [
				6.8,
				3.9,
				12.67
			],
			"rotation": {
				"angle": -45,
				"axis": "z",
				"origin": [
					6.1,
					2.29824,
					10.43209
				]
			},
			"faces": {
				"north": {
					"uv": [
						4.25,
						7.5,
						4.625,
						7.875
					],
					"texture": "#0"
				},
				"east": {
					"uv": [
						6.25,
						0,
						7.375,
						0.375
					],
					"texture": "#0"
				},
				"south": {
					"uv": [
						4.75,
						7.5,
						5.125,
						7.875
					],
					"texture": "#0"
				},
				"west": {
					"uv": [
						6.25,
						0.5,
						7.375,
						0.875
					],
					"texture": "#0"
				},
				"up": {
					"uv": [
						6.625,
						2.125,
						6.25,
						1
					],
					"texture": "#0"
				},
				"down": {
					"uv": [
						2.625,
						6.25,
						2.25,
						7.375
					],
					"texture": "#0"
				}
			}
		},
		{
			"from": [
				4.9,
				2.2,
				8.39
			],
			"to": [
				5.2,
				3.9,
				8.97
			],
			"rotation": {
				"angle": -45,
				"axis": "z",
				"origin": [
					6.1,
					2.29824,
					10.43209
				]
			},
			"faces": {
				"north": {
					"uv": [
						6,
						8.5,
						6.125,
						8.875
					],
					"texture": "#0"
				},
				"east": {
					"uv": [
						6.25,
						8.5,
						6.375,
						8.875
					],
					"texture": "#0"
				},
				"south": {
					"uv": [
						6.5,
						8.5,
						6.625,
						8.875
					],
					"texture": "#0"
				},
				"west": {
					"uv": [
						6.75,
						8.5,
						6.875,
						8.875
					],
					"texture": "#0"
				},
				"up": {
					"uv": [
						8.875,
						2.625,
						8.75,
						2.5
					],
					"texture": "#0"
				},
				"down": {
					"uv": [
						8.875,
						2.75,
						8.75,
						2.875
					],
					"texture": "#0"
				}
			}
		},
		{
			"from": [
				4.9,
				2.2,
				11.89
			],
			"to": [
				5.2,
				3.9,
				12.47
			],
			"rotation": {
				"angle": -45,
				"axis": "z",
				"origin": [
					6.1,
					2.29824,
					10.43209
				]
			},
			"faces": {
				"north": {
					"uv": [
						8.5,
						2.5,
						8.625,
						2.875
					],
					"texture": "#0"
				},
				"east": {
					"uv": [
						8.5,
						3,
						8.625,
						3.375
					],
					"texture": "#0"
				},
				"south": {
					"uv": [
						3.25,
						8.5,
						3.375,
						8.875
					],
					"texture": "#0"
				},
				"west": {
					"uv": [
						5.75,
						8.5,
						5.875,
						8.875
					],
					"texture": "#0"
				},
				"up": {
					"uv": [
						2.125,
						8.875,
						2,
						8.75
					],
					"texture": "#0"
				},
				"down": {
					"uv": [
						2.375,
						8.75,
						2.25,
						8.875
					],
					"texture": "#0"
				}
			}
		},
		{
			"from": [
				4.9,
				1.9,
				8.39
			],
			"to": [
				5.5,
				2.2,
				12.47
			],
			"rotation": {
				"angle": -45,
				"axis": "z",
				"origin": [
					6.1,
					2.29824,
					10.43209
				]
			},
			"faces": {
				"north": {
					"uv": [
						8.75,
						2.25,
						8.875,
						2.375
					],
					"texture": "#0"
				},
				"east": {
					"uv": [
						7.75,
						6.5,
						8.75,
						6.625
					],
					"texture": "#0"
				},
				"south": {
					"uv": [
						2.5,
						8.75,
						2.625,
						8.875
					],
					"texture": "#0"
				},
				"west": {
					"uv": [
						8,
						0,
						9,
						0.125
					],
					"texture": "#0"
				},
				"up": {
					"uv": [
						0.625,
						9,
						0.5,
						8
					],
					"texture": "#0"
				},
				"down": {
					"uv": [
						1.125,
						8,
						1,
						9
					],
					"texture": "#0"
				}
			}
		},
		{
			"from": [
				7.5,
				-0.1,
				8.19
			],
			"to": [
				8.7,
				1.6,
				12.67
			],
			"rotation": {
				"angle": -45,
				"axis": "z",
				"origin": [
					6.1,
					2.29824,
					10.43209
				]
			},
			"faces": {
				"north": {
					"uv": [
						8,
						3,
						8.25,
						3.375
					],
					"texture": "#0"
				},
				"east": {
					"uv": [
						6,
						4,
						7.125,
						4.375
					],
					"texture": "#0"
				},
				"south": {
					"uv": [
						8,
						3.5,
						8.25,
						3.875
					],
					"texture": "#0"
				},
				"west": {
					"uv": [
						5.5,
						6,
						6.625,
						6.375
					],
					"texture": "#0"
				},
				"up": {
					"uv": [
						6.75,
						7.875,
						6.5,
						6.75
					],
					"texture": "#0"
				},
				"down": {
					"uv": [
						7,
						6.75,
						6.75,
						7.875
					],
					"texture": "#0"
				}
			}
		},
		{
			"from": [
				9.28,
				2.25,
				8.19
			],
			"to": [
				11.08,
				3.55,
				12.67
			],
			"rotation": {
				"angle": -45,
				"axis": "z",
				"origin": [
					6.1,
					2.29824,
					10.43209
				]
			},
			"faces": {
				"north": {
					"uv": [
						0.75,
						7.25,
						1.25,
						7.625
					],
					"texture": "#0"
				},
				"east": {
					"uv": [
						6,
						3,
						7.125,
						3.375
					],
					"texture": "#0"
				},
				"south": {
					"uv": [
						1.25,
						7.25,
						1.75,
						7.625
					],
					"texture": "#0"
				},
				"west": {
					"uv": [
						6,
						3.5,
						7.125,
						3.875
					],
					"texture": "#0"
				},
				"up": {
					"uv": [
						5.5,
						1.125,
						5,
						0
					],
					"texture": "#0"
				},
				"down": {
					"uv": [
						5.5,
						1.25,
						5,
						2.375
					],
					"texture": "#0"
				}
			}
		},
		{
			"from": [
				7.08,
				4.15,
				8.19
			],
			"to": [
				8.88,
				5.75,
				12.67
			],
			"rotation": {
				"angle": -45,
				"axis": "z",
				"origin": [
					6.1,
					2.29824,
					10.43209
				]
			},
			"faces": {
				"north": {
					"uv": [
						7,
						5.25,
						7.5,
						5.625
					],
					"texture": "#0"
				},
				"east": {
					"uv": [
						5.75,
						5.25,
						6.875,
						5.625
					],
					"texture": "#0"
				},
				"south": {
					"uv": [
						7,
						6.75,
						7.5,
						7.125
					],
					"texture": "#0"
				},
				"west": {
					"uv": [
						0,
						6,
						1.125,
						6.375
					],
					"texture": "#0"
				},
				"up": {
					"uv": [
						2.25,
						5.875,
						1.75,
						4.75
					],
					"texture": "#0"
				},
				"down": {
					"uv": [
						5.25,
						3,
						4.75,
						4.125
					],
					"texture": "#0"
				}
			}
		},
		{
			"from": [
				6.8,
				-0.35176,
				7.98209
			],
			"to": [
				9.2,
				3.84824,
				12.88209
			],
			"rotation": {
				"angle": 0,
				"axis": "y",
				"origin": [
					8,
					4.84824,
					18.73209
				]
			},
			"faces": {
				"north": {
					"uv": [
						2.25,
						4,
						2.875,
						5
					],
					"texture": "#1"
				},
				"east": {
					"uv": [
						1,
						1,
						2.25,
						2
					],
					"texture": "#1"
				},
				"south": {
					"uv": [
						4,
						3.25,
						4.625,
						4.25
					],
					"texture": "#1"
				},
				"west": {
					"uv": [
						1,
						2,
						2.25,
						3
					],
					"texture": "#1"
				},
				"up": {
					"uv": [
						1.625,
						4.25,
						1,
						3
					],
					"texture": "#1"
				},
				"down": {
					"uv": [
						3.625,
						1,
						3,
						2.25
					],
					"texture": "#1"
				}
			}
		},
		{
			"from": [
				7.1,
				0.24824,
				7.68209
			],
			"to": [
				8.9,
				1.94824,
				13.18209
			],
			"rotation": {
				"angle": 0,
				"axis": "y",
				"origin": [
					8,
					4.84824,
					18.73209
				]
			},
			"faces": {
				"north": {
					"uv": [
						7.25,
						1.25,
						7.75,
						1.625
					],
					"texture": "#0"
				},
				"east": {
					"uv": [
						5,
						2.5,
						6.375,
						2.875
					],
					"texture": "#0"
				},
				"south": {
					"uv": [
						1.75,
						7.25,
						2.25,
						7.625
					],
					"texture": "#0"
				},
				"west": {
					"uv": [
						3.5,
						5,
						4.875,
						5.375
					],
					"texture": "#0"
				},
				"up": {
					"uv": [
						3.5,
						5.625,
						3,
						4.25
					],
					"texture": "#0"
				},
				"down": {
					"uv": [
						4.75,
						3,
						4.25,
						4.375
					],
					"texture": "#0"
				}
			}
		},
		{
			"from": [
				6.25,
				-1.25176,
				8.18209
			],
			"to": [
				9.59,
				-0.35176,
				12.68209
			],
			"rotation": {
				"angle": 0,
				"axis": "y",
				"origin": [
					8,
					4.84824,
					18.73209
				]
			},
			"faces": {
				"north": {
					"uv": [
						6.75,
						2,
						7.625,
						2.25
					],
					"texture": "#0"
				},
				"east": {
					"uv": [
						6.5,
						6.5,
						7.625,
						6.75
					],
					"texture": "#0"
				},
				"south": {
					"uv": [
						7,
						4.5,
						7.875,
						4.75
					],
					"texture": "#0"
				},
				"west": {
					"uv": [
						6.75,
						1,
						7.875,
						1.25
					],
					"texture": "#0"
				},
				"up": {
					"uv": [
						3.125,
						4.125,
						2.25,
						3
					],
					"texture": "#0"
				},
				"down": {
					"uv": [
						4.125,
						3,
						3.25,
						4.125
					],
					"texture": "#0"
				}
			}
		},
		{
			"from": [
				9.4,
				6.44824,
				8.38209
			],
			"to": [
				9.7,
				7.14824,
				12.48209
			],
			"rotation": {
				"angle": 0,
				"axis": "y",
				"origin": [
					8,
					4.04824,
					18.73209
				]
			},
			"faces": {
				"north": {
					"uv": [
						7.25,
						2.5,
						7.375,
						2.625
					],
					"texture": "#1"
				},
				"east": {
					"uv": [
						5.75,
						6,
						6.75,
						6.125
					],
					"texture": "#1"
				},
				"south": {
					"uv": [
						2.75,
						7.25,
						2.875,
						7.375
					],
					"texture": "#1"
				},
				"west": {
					"uv": [
						0,
						6.25,
						1,
						6.375
					],
					"texture": "#1"
				},
				"up": {
					"uv": [
						6.375,
						1,
						6.25,
						0
					],
					"texture": "#1"
				},
				"down": {
					"uv": [
						6.375,
						1,
						6.25,
						2
					],
					"texture": "#1"
				}
			}
		},
		{
			"from": [
				9.7,
				6.54824,
				8.88209
			],
			"to": [
				12.6,
				7.04824,
				9.38209
			],
			"rotation": {
				"angle": 0,
				"axis": "y",
				"origin": [
					8,
					4.04824,
					18.73209
				]
			},
			"faces": {
				"north": {
					"uv": [
						6.5,
						0.5,
						7.25,
						0.625
					],
					"texture": "#1"
				},
				"east": {
					"uv": [
						7.25,
						2.75,
						7.375,
						2.875
					],
					"texture": "#1"
				},
				"south": {
					"uv": [
						6.5,
						0.75,
						7.25,
						0.875
					],
					"texture": "#1"
				},
				"west": {
					"uv": [
						3,
						7.25,
						3.125,
						7.375
					],
					"texture": "#1"
				},
				"up": {
					"uv": [
						7.25,
						1.125,
						6.5,
						1
					],
					"texture": "#1"
				},
				"down": {
					"uv": [
						7.25,
						1.25,
						6.5,
						1.375
					],
					"texture": "#1"
				}
			}
		},
		{
			"from": [
				7.9,
				3.34824,
				17.28209
			],
			"to": [
				8.1,
				4.44824,
				17.88209
			],
			"rotation": {
				"angle": 0,
				"axis": "y",
				"origin": [
					8,
					4.74824,
					19.83209
				]
			},
			"faces": {
				"north": {
					"uv": [
						6.5,
						6.75,
						6.625,
						7
					],
					"texture": "#1"
				},
				"east": {
					"uv": [
						6.75,
						6.5,
						6.875,
						6.75
					],
					"texture": "#1"
				},
				"south": {
					"uv": [
						6.75,
						6.75,
						6.875,
						7
					],
					"texture": "#1"
				},
				"west": {
					"uv": [
						7,
						0,
						7.125,
						0.25
					],
					"texture": "#1"
				},
				"up": {
					"uv": [
						7.375,
						0.625,
						7.25,
						0.5
					],
					"texture": "#1"
				},
				"down": {
					"uv": [
						0.875,
						7.25,
						0.75,
						7.375
					],
					"texture": "#1"
				}
			}
		},
		{
			"from": [
				7.8,
				4.34824,
				15.48209
			],
			"to": [
				8.2,
				4.64824,
				18.18209
			],
			"rotation": {
				"angle": 0,
				"axis": "y",
				"origin": [
					8,
					3.94824,
					19.83209
				]
			},
			"faces": {
				"north": {
					"uv": [
						6.75,
						7,
						6.875,
						7.125
					],
					"texture": "#1"
				},
				"east": {
					"uv": [
						6.5,
						3,
						7.125,
						3.125
					],
					"texture": "#1"
				},
				"south": {
					"uv": [
						7,
						6.75,
						7.125,
						6.875
					],
					"texture": "#1"
				},
				"west": {
					"uv": [
						6.5,
						3.25,
						7.125,
						3.375
					],
					"texture": "#1"
				},
				"up": {
					"uv": [
						1.875,
						7.125,
						1.75,
						6.5
					],
					"texture": "#1"
				},
				"down": {
					"uv": [
						2.625,
						6.5,
						2.5,
						7.125
					],
					"texture": "#1"
				}
			}
		},
		{
			"from": [
				7.8,
				3.94824,
				19.38209
			],
			"to": [
				8.2,
				4.34824,
				20.98209
			],
			"rotation": {
				"angle": -22.5,
				"axis": "x",
				"origin": [
					8,
					4.74824,
					19.83209
				]
			},
			"faces": {
				"north": {
					"uv": [
						7.25,
						1,
						7.375,
						1.125
					],
					"texture": "#1"
				},
				"east": {
					"uv": [
						6.75,
						3.5,
						7.125,
						3.625
					],
					"texture": "#1"
				},
				"south": {
					"uv": [
						1.25,
						7.25,
						1.375,
						7.375
					],
					"texture": "#1"
				},
				"west": {
					"uv": [
						6.75,
						3.75,
						7.125,
						3.875
					],
					"texture": "#1"
				},
				"up": {
					"uv": [
						6.875,
						5.875,
						6.75,
						5.5
					],
					"texture": "#1"
				},
				"down": {
					"uv": [
						6.125,
						6.75,
						6,
						7.125
					],
					"texture": "#1"
				}
			}
		},
		{
			"from": [
				7.1,
				-1.5,
				18.6
			],
			"to": [
				8.9,
				-0.8,
				21
			],
			"rotation": {
				"angle": -22.5,
				"axis": "x",
				"origin": [
					8,
					1.7,
					17
				]
			},
			"faces": {
				"north": {
					"uv": [
						6.25,
						8.25,
						6.75,
						8.375
					],
					"texture": "#0"
				},
				"east": {
					"uv": [
						8.25,
						7.75,
						8.875,
						7.875
					],
					"texture": "#0"
				},
				"south": {
					"uv": [
						0,
						8.5,
						0.5,
						8.625
					],
					"texture": "#0"
				},
				"west": {
					"uv": [
						8.25,
						8,
						8.875,
						8.125
					],
					"texture": "#0"
				},
				"up": {
					"uv": [
						1.25,
						7.125,
						0.75,
						6.5
					],
					"texture": "#0"
				},
				"down": {
					"uv": [
						7,
						4.5,
						6.5,
						5.125
					],
					"texture": "#0"
				}
			}
		},
		{
			"from": [
				7.2,
				-0.8,
				18.9
			],
			"to": [
				8.8,
				3.8,
				20.8
			],
			"rotation": {
				"angle": -22.5,
				"axis": "x",
				"origin": [
					8,
					1.7,
					17
				]
			},
			"faces": {
				"north": {
					"uv": [
						3.5,
						4.75,
						3.875,
						5.875
					],
					"texture": "#1"
				},
				"east": {
					"uv": [
						1,
						4.25,
						1.5,
						5.375
					],
					"texture": "#1"
				},
				"south": {
					"uv": [
						2,
						5,
						2.375,
						6.125
					],
					"texture": "#1"
				},
				"west": {
					"uv": [
						4,
						4.25,
						4.5,
						5.375
					],
					"texture": "#1"
				},
				"up": {
					"uv": [
						4.375,
						6,
						4,
						5.5
					],
					"texture": "#1"
				},
				"down": {
					"uv": [
						6.125,
						0,
						5.75,
						0.5
					],
					"texture": "#1"
				}
			}
		},
		{
			"from": [
				12.2,
				6.44824,
				8.68209
			],
			"to": [
				12.5,
				7.14824,
				9.58209
			],
			"rotation": {
				"angle": 0,
				"axis": "y",
				"origin": [
					8,
					4.04824,
					18.73209
				]
			},
			"faces": {
				"north": {
					"uv": [
						7.25,
						3,
						7.375,
						3.125
					],
					"texture": "#1"
				},
				"east": {
					"uv": [
						4.25,
						7,
						4.5,
						7.125
					],
					"texture": "#1"
				},
				"south": {
					"uv": [
						3.25,
						7.25,
						3.375,
						7.375
					],
					"texture": "#1"
				},
				"west": {
					"uv": [
						7,
						4.25,
						7.25,
						4.375
					],
					"texture": "#1"
				},
				"up": {
					"uv": [
						4.625,
						7.25,
						4.5,
						7
					],
					"texture": "#1"
				},
				"down": {
					"uv": [
						4.875,
						7,
						4.75,
						7.25
					],
					"texture": "#1"
				}
			}
		},
		{
			"from": [
				4.8821,
				3.75888,
				11.70202
			],
			"to": [
				5.2915,
				4.16828,
				11.80437
			],
			"rotation": {
				"angle": -45,
				"axis": "z",
				"origin": [
					5.815,
					2.64298,
					10.9619
				]
			},
			"faces": {
				"north": {
					"uv": [
						0,
						6,
						0.5,
						6.5
					],
					"texture": "#2"
				},
				"east": {
					"uv": [
						6,
						1,
						6.5,
						1.5
					],
					"texture": "#2"
				},
				"south": {
					"uv": [
						2,
						6,
						2.5,
						6.5
					],
					"texture": "#2"
				},
				"west": {
					"uv": [
						6,
						2,
						6.5,
						2.5
					],
					"texture": "#2"
				},
				"up": {
					"uv": [
						6.5,
						3.5,
						6,
						3
					],
					"texture": "#2"
				},
				"down": {
					"uv": [
						6.5,
						4,
						6,
						4.5
					],
					"texture": "#2"
				}
			}
		},
		{
			"from": [
				4.67975,
				3.65653,
				10.45502
			],
			"to": [
				5.39385,
				4.17063,
				10.90202
			],
			"rotation": {
				"angle": -45,
				"axis": "z",
				"origin": [
					5.815,
					2.64298,
					10.9619
				]
			},
			"faces": {
				"north": {
					"uv": [
						5,
						6,
						5.5,
						6.5
					],
					"texture": "#2"
				},
				"east": {
					"uv": [
						6,
						5,
						6.5,
						5.5
					],
					"texture": "#2"
				},
				"south": {
					"uv": [
						6,
						6,
						6.5,
						6.5
					],
					"texture": "#2"
				},
				"west": {
					"uv": [
						0,
						7,
						0.5,
						7.5
					],
					"texture": "#2"
				},
				"up": {
					"uv": [
						7.5,
						0.5,
						7,
						0
					],
					"texture": "#2"
				},
				"down": {
					"uv": [
						1.5,
						7,
						1,
						7.5
					],
					"texture": "#2"
				}
			}
		},
		{
			"from": [
				5.37975,
				4.45653,
				10.45502
			],
			"to": [
				6.09385,
				5.17063,
				10.90202
			],
			"rotation": {
				"angle": -22.5,
				"axis": "z",
				"origin": [
					5.815,
					2.64298,
					10.9619
				]
			},
			"faces": {
				"north": {
					"uv": [
						7,
						1,
						7.5,
						1.5
					],
					"texture": "#2"
				},
				"east": {
					"uv": [
						2,
						7,
						2.5,
						7.5
					],
					"texture": "#2"
				},
				"south": {
					"uv": [
						7,
						2,
						7.5,
						2.5
					],
					"texture": "#2"
				},
				"west": {
					"uv": [
						3,
						7,
						3.5,
						7.5
					],
					"texture": "#2"
				},
				"up": {
					"uv": [
						7.5,
						3.5,
						7,
						3
					],
					"texture": "#2"
				},
				"down": {
					"uv": [
						4.5,
						7,
						4,
						7.5
					],
					"texture": "#2"
				}
			}
		},
		{
			"from": [
				4.37975,
				4.85653,
				10.45502
			],
			"to": [
				5.09385,
				5.57063,
				10.90202
			],
			"rotation": {
				"angle": -45,
				"axis": "z",
				"origin": [
					5.815,
					2.64298,
					10.9619
				]
			},
			"faces": {
				"north": {
					"uv": [
						7,
						4,
						7.5,
						4.5
					],
					"texture": "#2"
				},
				"east": {
					"uv": [
						5,
						7,
						5.5,
						7.5
					],
					"texture": "#2"
				},
				"south": {
					"uv": [
						7,
						5,
						7.5,
						5.5
					],
					"texture": "#2"
				},
				"west": {
					"uv": [
						6,
						7,
						6.5,
						7.5
					],
					"texture": "#2"
				},
				"up": {
					"uv": [
						7.5,
						6.5,
						7,
						6
					],
					"texture": "#2"
				},
				"down": {
					"uv": [
						7.5,
						7,
						7,
						7.5
					],
					"texture": "#2"
				}
			}
		},
		{
			"from": [
				4.77975,
				3.15653,
				10.45502
			],
			"to": [
				5.49385,
				3.67063,
				10.90202
			],
			"rotation": {
				"angle": -45,
				"axis": "z",
				"origin": [
					5.815,
					2.64298,
					10.9619
				]
			},
			"faces": {
				"north": {
					"uv": [
						0,
						8,
						0.5,
						8.5
					],
					"texture": "#2"
				},
				"east": {
					"uv": [
						8,
						0,
						8.5,
						0.5
					],
					"texture": "#2"
				},
				"south": {
					"uv": [
						1,
						8,
						1.5,
						8.5
					],
					"texture": "#2"
				},
				"west": {
					"uv": [
						8,
						1,
						8.5,
						1.5
					],
					"texture": "#2"
				},
				"up": {
					"uv": [
						2.5,
						8.5,
						2,
						8
					],
					"texture": "#2"
				},
				"down": {
					"uv": [
						8.5,
						2,
						8,
						2.5
					],
					"texture": "#2"
				}
			}
		},
		{
			"from": [
				4.87975,
				2.7,
				10.45502
			],
			"to": [
				5.59385,
				3.45,
				10.90202
			],
			"rotation": {
				"angle": -22.5,
				"axis": "z",
				"origin": [
					5.815,
					2.64298,
					10.9619
				]
			},
			"faces": {
				"north": {
					"uv": [
						3,
						8,
						3.5,
						8.5
					],
					"texture": "#2"
				},
				"east": {
					"uv": [
						8,
						3,
						8.5,
						3.5
					],
					"texture": "#2"
				},
				"south": {
					"uv": [
						4,
						8,
						4.5,
						8.5
					],
					"texture": "#2"
				},
				"west": {
					"uv": [
						8,
						4,
						8.5,
						4.5
					],
					"texture": "#2"
				},
				"up": {
					"uv": [
						5.5,
						8.5,
						5,
						8
					],
					"texture": "#2"
				},
				"down": {
					"uv": [
						8.5,
						5,
						8,
						5.5
					],
					"texture": "#2"
				}
			}
		},
		{
			"from": [
				4.77975,
				3.65653,
				9.65502
			],
			"to": [
				5.39385,
				4.27063,
				11.70202
			],
			"rotation": {
				"angle": -45,
				"axis": "z",
				"origin": [
					5.815,
					2.64298,
					10.9619
				]
			},
			"faces": {
				"north": {
					"uv": [
						6,
						8,
						6.5,
						8.5
					],
					"texture": "#2"
				},
				"east": {
					"uv": [
						0,
						0,
						2,
						0.5
					],
					"texture": "#2"
				},
				"south": {
					"uv": [
						8,
						6,
						8.5,
						6.5
					],
					"texture": "#2"
				},
				"west": {
					"uv": [
						0,
						1,
						2,
						1.5
					],
					"texture": "#2"
				},
				"up": {
					"uv": [
						0.5,
						4,
						0,
						2
					],
					"texture": "#2"
				},
				"down": {
					"uv": [
						2.5,
						0,
						2,
						2
					],
					"texture": "#2"
				}
			}
		},
		{
			"from": [
				4.8821,
				3.75888,
				9.34797
			],
			"to": [
				5.2915,
				4.16828,
				9.65502
			],
			"rotation": {
				"angle": -45,
				"axis": "z",
				"origin": [
					5.815,
					2.64298,
					10.9619
				]
			},
			"faces": {
				"north": {
					"uv": [
						7,
						8,
						7.5,
						8.5
					],
					"texture": "#2"
				},
				"east": {
					"uv": [
						8,
						7,
						8.5,
						7.5
					],
					"texture": "#2"
				},
				"south": {
					"uv": [
						8,
						8,
						8.5,
						8.5
					],
					"texture": "#2"
				},
				"west": {
					"uv": [
						0,
						9,
						0.5,
						9.5
					],
					"texture": "#2"
				},
				"up": {
					"uv": [
						9.5,
						0.5,
						9,
						0
					],
					"texture": "#2"
				},
				"down": {
					"uv": [
						1.5,
						9,
						1,
						9.5
					],
					"texture": "#2"
				}
			}
		},
		{
			"from": [
				5.0821,
				2.85888,
				11.70202
			],
			"to": [
				5.4915,
				3.26828,
				11.80437
			],
			"rotation": {
				"angle": -22.5,
				"axis": "z",
				"origin": [
					5.815,
					2.64298,
					10.9619
				]
			},
			"faces": {
				"north": {
					"uv": [
						9,
						1,
						9.5,
						1.5
					],
					"texture": "#2"
				},
				"east": {
					"uv": [
						2,
						9,
						2.5,
						9.5
					],
					"texture": "#2"
				},
				"south": {
					"uv": [
						9,
						2,
						9.5,
						2.5
					],
					"texture": "#2"
				},
				"west": {
					"uv": [
						3,
						9,
						3.5,
						9.5
					],
					"texture": "#2"
				},
				"up": {
					"uv": [
						9.5,
						3.5,
						9,
						3
					],
					"texture": "#2"
				},
				"down": {
					"uv": [
						4.5,
						9,
						4,
						9.5
					],
					"texture": "#2"
				}
			}
		},
		{
			"from": [
				4.97975,
				2.75653,
				9.65502
			],
			"to": [
				5.59385,
				3.37063,
				11.70202
			],
			"rotation": {
				"angle": -22.5,
				"axis": "z",
				"origin": [
					5.815,
					2.64298,
					10.9619
				]
			},
			"faces": {
				"north": {
					"uv": [
						9,
						4,
						9.5,
						4.5
					],
					"texture": "#2"
				},
				"east": {
					"uv": [
						1,
						2,
						3,
						2.5
					],
					"texture": "#2"
				},
				"south": {
					"uv": [
						5,
						9,
						5.5,
						9.5
					],
					"texture": "#2"
				},
				"west": {
					"uv": [
						3,
						0,
						5,
						0.5
					],
					"texture": "#2"
				},
				"up": {
					"uv": [
						1.5,
						5,
						1,
						3
					],
					"texture": "#2"
				},
				"down": {
					"uv": [
						3.5,
						1,
						3,
						3
					],
					"texture": "#2"
				}
			}
		},
		{
			"from": [
				5.0821,
				2.85888,
				9.34797
			],
			"to": [
				5.4915,
				3.26828,
				9.65502
			],
			"rotation": {
				"angle": -22.5,
				"axis": "z",
				"origin": [
					5.815,
					2.64298,
					10.9619
				]
			},
			"faces": {
				"north": {
					"uv": [
						9,
						5,
						9.5,
						5.5
					],
					"texture": "#2"
				},
				"east": {
					"uv": [
						6,
						9,
						6.5,
						9.5
					],
					"texture": "#2"
				},
				"south": {
					"uv": [
						9,
						6,
						9.5,
						6.5
					],
					"texture": "#2"
				},
				"west": {
					"uv": [
						7,
						9,
						7.5,
						9.5
					],
					"texture": "#2"
				},
				"up": {
					"uv": [
						9.5,
						7.5,
						9,
						7
					],
					"texture": "#2"
				},
				"down": {
					"uv": [
						8.5,
						9,
						8,
						9.5
					],
					"texture": "#2"
				}
			}
		},
		{
			"from": [
				5.18445,
				2.96123,
				9.24562
			],
			"to": [
				5.38915,
				3.16593,
				9.55267
			],
			"rotation": {
				"angle": -22.5,
				"axis": "z",
				"origin": [
					5.815,
					2.64298,
					10.9619
				]
			},
			"faces": {
				"north": {
					"uv": [
						9,
						8,
						9.5,
						8.5
					],
					"texture": "#2"
				},
				"east": {
					"uv": [
						9,
						9,
						9.5,
						9.5
					],
					"texture": "#2"
				},
				"south": {
					"uv": [
						0,
						10,
						0.5,
						10.5
					],
					"texture": "#2"
				},
				"west": {
					"uv": [
						10,
						0,
						10.5,
						0.5
					],
					"texture": "#2"
				},
				"up": {
					"uv": [
						1.5,
						10.5,
						1,
						10
					],
					"texture": "#2"
				},
				"down": {
					"uv": [
						10.5,
						1,
						10,
						1.5
					],
					"texture": "#2"
				}
			}
		},
		{
			"from": [
				4.6821,
				5.05888,
				11.70202
			],
			"to": [
				5.0915,
				5.46828,
				11.80437
			],
			"rotation": {
				"angle": -45,
				"axis": "z",
				"origin": [
					5.815,
					2.64298,
					10.9619
				]
			},
			"faces": {
				"north": {
					"uv": [
						2,
						10,
						2.5,
						10.5
					],
					"texture": "#2"
				},
				"east": {
					"uv": [
						10,
						2,
						10.5,
						2.5
					],
					"texture": "#2"
				},
				"south": {
					"uv": [
						3,
						10,
						3.5,
						10.5
					],
					"texture": "#2"
				},
				"west": {
					"uv": [
						10,
						3,
						10.5,
						3.5
					],
					"texture": "#2"
				},
				"up": {
					"uv": [
						4.5,
						10.5,
						4,
						10
					],
					"texture": "#2"
				},
				"down": {
					"uv": [
						10.5,
						4,
						10,
						4.5
					],
					"texture": "#2"
				}
			}
		},
		{
			"from": [
				4.57975,
				4.95653,
				9.65502
			],
			"to": [
				5.19385,
				5.57063,
				11.70202
			],
			"rotation": {
				"angle": -45,
				"axis": "z",
				"origin": [
					5.815,
					2.64298,
					10.9619
				]
			},
			"faces": {
				"north": {
					"uv": [
						5,
						10,
						5.5,
						10.5
					],
					"texture": "#2"
				},
				"east": {
					"uv": [
						2,
						3,
						4,
						3.5
					],
					"texture": "#2"
				},
				"south": {
					"uv": [
						10,
						5,
						10.5,
						5.5
					],
					"texture": "#2"
				},
				"west": {
					"uv": [
						4,
						1,
						6,
						1.5
					],
					"texture": "#2"
				},
				"up": {
					"uv": [
						0.5,
						6,
						0,
						4
					],
					"texture": "#2"
				},
				"down": {
					"uv": [
						2.5,
						4,
						2,
						6
					],
					"texture": "#2"
				}
			}
		},
		{
			"from": [
				4.6821,
				5.05888,
				9.34797
			],
			"to": [
				5.0915,
				5.46828,
				9.65502
			],
			"rotation": {
				"angle": -45,
				"axis": "z",
				"origin": [
					5.815,
					2.64298,
					10.9619
				]
			},
			"faces": {
				"north": {
					"uv": [
						6,
						10,
						6.5,
						10.5
					],
					"texture": "#2"
				},
				"east": {
					"uv": [
						10,
						6,
						10.5,
						6.5
					],
					"texture": "#2"
				},
				"south": {
					"uv": [
						7,
						10,
						7.5,
						10.5
					],
					"texture": "#2"
				},
				"west": {
					"uv": [
						10,
						7,
						10.5,
						7.5
					],
					"texture": "#2"
				},
				"up": {
					"uv": [
						8.5,
						10.5,
						8,
						10
					],
					"texture": "#2"
				},
				"down": {
					"uv": [
						10.5,
						8,
						10,
						8.5
					],
					"texture": "#2"
				}
			}
		},
		{
			"from": [
				4.78445,
				5.16123,
				9.24562
			],
			"to": [
				4.98915,
				5.36593,
				9.55267
			],
			"rotation": {
				"angle": -45,
				"axis": "z",
				"origin": [
					5.815,
					2.64298,
					10.9619
				]
			},
			"faces": {
				"north": {
					"uv": [
						9,
						10,
						9.5,
						10.5
					],
					"texture": "#2"
				},
				"east": {
					"uv": [
						10,
						9,
						10.5,
						9.5
					],
					"texture": "#2"
				},
				"south": {
					"uv": [
						10,
						10,
						10.5,
						10.5
					],
					"texture": "#2"
				},
				"west": {
					"uv": [
						0,
						11,
						0.5,
						11.5
					],
					"texture": "#2"
				},
				"up": {
					"uv": [
						11.5,
						0.5,
						11,
						0
					],
					"texture": "#2"
				},
				"down": {
					"uv": [
						1.5,
						11,
						1,
						11.5
					],
					"texture": "#2"
				}
			}
		},
		{
			"from": [
				5.5821,
				4.65888,
				11.70202
			],
			"to": [
				5.9915,
				5.06828,
				11.80437
			],
			"rotation": {
				"angle": -22.5,
				"axis": "z",
				"origin": [
					5.815,
					2.64298,
					10.9619
				]
			},
			"faces": {
				"north": {
					"uv": [
						11,
						1,
						11.5,
						1.5
					],
					"texture": "#2"
				},
				"east": {
					"uv": [
						2,
						11,
						2.5,
						11.5
					],
					"texture": "#2"
				},
				"south": {
					"uv": [
						11,
						2,
						11.5,
						2.5
					],
					"texture": "#2"
				},
				"west": {
					"uv": [
						3,
						11,
						3.5,
						11.5
					],
					"texture": "#2"
				},
				"up": {
					"uv": [
						11.5,
						3.5,
						11,
						3
					],
					"texture": "#2"
				},
				"down": {
					"uv": [
						4.5,
						11,
						4,
						11.5
					],
					"texture": "#2"
				}
			}
		},
		{
			"from": [
				5.47975,
				4.55653,
				9.65502
			],
			"to": [
				6.09385,
				5.17063,
				11.70202
			],
			"rotation": {
				"angle": -22.5,
				"axis": "z",
				"origin": [
					5.815,
					2.64298,
					10.9619
				]
			},
			"faces": {
				"north": {
					"uv": [
						11,
						4,
						11.5,
						4.5
					],
					"texture": "#2"
				},
				"east": {
					"uv": [
						4,
						2,
						6,
						2.5
					],
					"texture": "#2"
				},
				"south": {
					"uv": [
						5,
						11,
						5.5,
						11.5
					],
					"texture": "#2"
				},
				"west": {
					"uv": [
						3,
						4,
						5,
						4.5
					],
					"texture": "#2"
				},
				"up": {
					"uv": [
						1.5,
						7,
						1,
						5
					],
					"texture": "#2"
				},
				"down": {
					"uv": [
						3.5,
						5,
						3,
						7
					],
					"texture": "#2"
				}
			}
		},
		{
			"from": [
				5.5821,
				4.65888,
				9.34797
			],
			"to": [
				5.9915,
				5.06828,
				9.65502
			],
			"rotation": {
				"angle": -22.5,
				"axis": "z",
				"origin": [
					5.815,
					2.64298,
					10.9619
				]
			},
			"faces": {
				"north": {
					"uv": [
						11,
						5,
						11.5,
						5.5
					],
					"texture": "#2"
				},
				"east": {
					"uv": [
						6,
						11,
						6.5,
						11.5
					],
					"texture": "#2"
				},
				"south": {
					"uv": [
						11,
						6,
						11.5,
						6.5
					],
					"texture": "#2"
				},
				"west": {
					"uv": [
						7,
						11,
						7.5,
						11.5
					],
					"texture": "#2"
				},
				"up": {
					"uv": [
						11.5,
						7.5,
						11,
						7
					],
					"texture": "#2"
				},
				"down": {
					"uv": [
						8.5,
						11,
						8,
						11.5
					],
					"texture": "#2"
				}
			}
		},
		{
			"from": [
				5.68445,
				4.76123,
				9.24562
			],
			"to": [
				5.88915,
				4.96593,
				9.55267
			],
			"rotation": {
				"angle": -22.5,
				"axis": "z",
				"origin": [
					5.815,
					2.64298,
					10.9619
				]
			},
			"faces": {
				"north": {
					"uv": [
						11,
						8,
						11.5,
						8.5
					],
					"texture": "#2"
				},
				"east": {
					"uv": [
						9,
						11,
						9.5,
						11.5
					],
					"texture": "#2"
				},
				"south": {
					"uv": [
						11,
						9,
						11.5,
						9.5
					],
					"texture": "#2"
				},
				"west": {
					"uv": [
						10,
						11,
						10.5,
						11.5
					],
					"texture": "#2"
				},
				"up": {
					"uv": [
						11.5,
						10.5,
						11,
						10
					],
					"texture": "#2"
				},
				"down": {
					"uv": [
						11.5,
						11,
						11,
						11.5
					],
					"texture": "#2"
				}
			}
		},
		{
			"from": [
				4.9821,
				3.15888,
				11.70202
			],
			"to": [
				5.3915,
				3.56828,
				11.80437
			],
			"rotation": {
				"angle": -45,
				"axis": "z",
				"origin": [
					5.815,
					2.64298,
					10.9619
				]
			},
			"faces": {
				"north": {
					"uv": [
						0,
						12,
						0.5,
						12.5
					],
					"texture": "#2"
				},
				"east": {
					"uv": [
						12,
						0,
						12.5,
						0.5
					],
					"texture": "#2"
				},
				"south": {
					"uv": [
						1,
						12,
						1.5,
						12.5
					],
					"texture": "#2"
				},
				"west": {
					"uv": [
						12,
						1,
						12.5,
						1.5
					],
					"texture": "#2"
				},
				"up": {
					"uv": [
						2.5,
						12.5,
						2,
						12
					],
					"texture": "#2"
				},
				"down": {
					"uv": [
						12.5,
						2,
						12,
						2.5
					],
					"texture": "#2"
				}
			}
		},
		{
			"from": [
				4.87975,
				3.05653,
				9.65502
			],
			"to": [
				5.49385,
				3.67063,
				11.70202
			],
			"rotation": {
				"angle": -45,
				"axis": "z",
				"origin": [
					5.815,
					2.64298,
					10.9619
				]
			},
			"faces": {
				"north": {
					"uv": [
						3,
						12,
						3.5,
						12.5
					],
					"texture": "#2"
				},
				"east": {
					"uv": [
						4,
						3,
						6,
						3.5
					],
					"texture": "#2"
				},
				"south": {
					"uv": [
						12,
						3,
						12.5,
						3.5
					],
					"texture": "#2"
				},
				"west": {
					"uv": [
						5,
						0,
						7,
						0.5
					],
					"texture": "#2"
				},
				"up": {
					"uv": [
						4.5,
						7,
						4,
						5
					],
					"texture": "#2"
				},
				"down": {
					"uv": [
						5.5,
						4,
						5,
						6
					],
					"texture": "#2"
				}
			}
		},
		{
			"from": [
				4.9821,
				3.15888,
				9.34797
			],
			"to": [
				5.3915,
				3.56828,
				9.65502
			],
			"rotation": {
				"angle": -45,
				"axis": "z",
				"origin": [
					5.815,
					2.64298,
					10.9619
				]
			},
			"faces": {
				"north": {
					"uv": [
						4,
						12,
						4.5,
						12.5
					],
					"texture": "#2"
				},
				"east": {
					"uv": [
						12,
						4,
						12.5,
						4.5
					],
					"texture": "#2"
				},
				"south": {
					"uv": [
						5,
						12,
						5.5,
						12.5
					],
					"texture": "#2"
				},
				"west": {
					"uv": [
						12,
						5,
						12.5,
						5.5
					],
					"texture": "#2"
				},
				"up": {
					"uv": [
						6.5,
						12.5,
						6,
						12
					],
					"texture": "#2"
				},
				"down": {
					"uv": [
						12.5,
						6,
						12,
						6.5
					],
					"texture": "#2"
				}
			}
		},
		{
			"from": [
				5.08445,
				3.26123,
				9.24562
			],
			"to": [
				5.28915,
				3.46593,
				9.55267
			],
			"rotation": {
				"angle": -45,
				"axis": "z",
				"origin": [
					5.815,
					2.64298,
					10.9619
				]
			},
			"faces": {
				"north": {
					"uv": [
						7,
						12,
						7.5,
						12.5
					],
					"texture": "#2"
				},
				"east": {
					"uv": [
						12,
						7,
						12.5,
						7.5
					],
					"texture": "#2"
				},
				"south": {
					"uv": [
						8,
						12,
						8.5,
						12.5
					],
					"texture": "#2"
				},
				"west": {
					"uv": [
						12,
						8,
						12.5,
						8.5
					],
					"texture": "#2"
				},
				"up": {
					"uv": [
						9.5,
						12.5,
						9,
						12
					],
					"texture": "#2"
				},
				"down": {
					"uv": [
						12.5,
						9,
						12,
						9.5
					],
					"texture": "#2"
				}
			}
		},
		{
			"from": [
				4.98445,
				3.86123,
				9.24562
			],
			"to": [
				5.18915,
				4.06593,
				9.55267
			],
			"rotation": {
				"angle": -45,
				"axis": "z",
				"origin": [
					5.815,
					2.64298,
					10.9619
				]
			},
			"faces": {
				"north": {
					"uv": [
						10,
						12,
						10.5,
						12.5
					],
					"texture": "#2"
				},
				"east": {
					"uv": [
						12,
						10,
						12.5,
						10.5
					],
					"texture": "#2"
				},
				"south": {
					"uv": [
						11,
						12,
						11.5,
						12.5
					],
					"texture": "#2"
				},
				"west": {
					"uv": [
						12,
						11,
						12.5,
						11.5
					],
					"texture": "#2"
				},
				"up": {
					"uv": [
						12.5,
						12.5,
						12,
						12
					],
					"texture": "#2"
				},
				"down": {
					"uv": [
						0.5,
						13,
						0,
						13.5
					],
					"texture": "#2"
				}
			}
		}
	],
	"groups": [
		0,
		1,
		2,
		3,
		4,
		5,
		6,
		7,
		8,
		9,
		10,
		11,
		12,
		13,
		14,
		15,
		16,
		17,
		18,
		19,
		20,
		21,
		22,
		23,
		24,
		25,
		26,
		27,
		28,
		29,
		30,
		31,
		32,
		33,
		34,
		35,
		36,
		37,
		38,
		39,
		40,
		41,
		42,
		43,
		44,
		45,
		46,
		47,
		48,
		49,
		50,
		51,
		52,
		53,
		54,
		55,
		56,
		57,
		58,
		59,
		60,
		61,
		62,
		63,
		64,
		65,
		66,
		67,
		68,
		69,
		70,
		{
			"name": "group",
			"origin": [
				5.815,
				2.64298,
				12.0619
			],
			"color": 0,
			"children": []
		},
		{
			"name": "bullet",
			"origin": [
				5.815,
				2.64298,
				12.0619
			],
			"color": 0,
			"children": [
				{
					"name": "bullet",
					"origin": [
						5.815,
						2.64298,
						12.0619
					],
					"color": 0,
					"children": []
				},
				{
					"name": "bullet",
					"origin": [
						5.815,
						2.64298,
						12.0619
					],
					"color": 0,
					"children": []
				},
				71,
				72,
				73,
				74,
				75,
				76,
				77,
				78,
				79,
				80,
				81,
				82,
				83,
				84,
				85,
				86,
				87,
				88,
				89,
				90,
				91,
				92,
				93,
				94,
				95
			]
		}
	],
	"display": {
		"thirdperson_righthand": {
			"translation": [
				0,
				3.25,
				-8
			],
			"scale": [
				0.88,
				0.88,
				0.88
			]
		},
		"thirdperson_lefthand": {
			"translation": [
				0,
				3.25,
				-8
			],
			"scale": [
				-0.88,
				0.88,
				0.88
			]
		},
		"firstperson_righthand": {
			"translation": [
				-1.75,
				7.5,
				-3.25
			],
			"scale": [
				1,
				1,
				0.87
			]
		},
		"firstperson_lefthand": {
			"translation": [
				-1.75,
				7.5,
				-3.25
			],
			"scale": [
				-1,
				1,
				0.87
			]
		},
		"ground": {
			"translation": [
				0,
				5,
				0
			],
			"scale": [
				0.73,
				0.73,
				0.73
			]
		},
		"gui": {
			"rotation": [
				-167.36,
				-30.97,
				-178.23
			],
			"translation": [
				0,
				3,
				0
			],
			"scale": [
				0.81,
				0.81,
				0.81
			]
		},
		"fixed": {
			"rotation": [
				-180,
				89.75,
				-180
			],
			"translation": [
				0,
				2.5,
				-1.25
			]
		}
	}
}