{
	"credit": "Made with Blockbench",
	"texture_size": [
		64,
		64
	],
	"textures": {
		"2": "scguns_laf:item/new_flechette_jet_texture",
		"particle": "scguns_laf:item/new_flechette_jet_texture"
	},
	"elements": [
		{
			"from": [
				7.26,
				-0.85233,
				10.80233
			],
			"to": [
				8.74,
				3.14767,
				12.27733
			],
			"rotation": {
				"angle": -22.5,
				"axis": "x",
				"origin": [
					8,
					3.84767,
					12.50233
				]
			},
			"faces": {
				"north": {
					"uv": [
						6.5,
						1,
						6.875,
						2
					],
					"texture": "#2"
				},
				"east": {
					"uv": [
						6.5,
						2,
						6.875,
						3
					],
					"texture": "#2"
				},
				"south": {
					"uv": [
						2.5,
						6.75,
						2.875,
						7.75
					],
					"texture": "#2"
				},
				"west": {
					"uv": [
						3,
						6.75,
						3.375,
						7.75
					],
					"texture": "#2"
				},
				"up": {
					"uv": [
						8.625,
						4.625,
						8.25,
						4.25
					],
					"texture": "#2"
				},
				"down": {
					"uv": [
						7.875,
						8.25,
						7.5,
						8.625
					],
					"texture": "#2"
				}
			}
		},
		{
			"from": [
				7.51,
				0.58486,
				11.90884
			],
			"to": [
				8.49,
				4.13486,
				13.45884
			],
			"rotation": {
				"angle": 45,
				"axis": "x",
				"origin": [
					8,
					0.98486,
					12.64634
				]
			},
			"faces": {
				"north": {
					"uv": [
						3.75,
						7.75,
						4,
						8.625
					],
					"texture": "#2"
				},
				"east": {
					"uv": [
						2,
						7,
						2.375,
						7.875
					],
					"texture": "#2"
				},
				"south": {
					"uv": [
						5,
						7.75,
						5.25,
						8.625
					],
					"texture": "#2"
				},
				"west": {
					"uv": [
						7,
						2.5,
						7.375,
						3.375
					],
					"texture": "#2"
				},
				"up": {
					"uv": [
						8.75,
						7.375,
						8.5,
						7
					],
					"texture": "#2"
				},
				"down": {
					"uv": [
						7.5,
						8.5,
						7.25,
						8.875
					],
					"texture": "#2"
				}
			}
		},
		{
			"from": [
				7.51,
				0.24736,
				16.44634
			],
			"to": [
				8.49,
				2.14736,
				19.69634
			],
			"rotation": {
				"angle": 45,
				"axis": "x",
				"origin": [
					8,
					0.98486,
					19.52134
				]
			},
			"faces": {
				"north": {
					"uv": [
						4.25,
						5,
						4.5,
						5.5
					],
					"texture": "#2"
				},
				"east": {
					"uv": [
						2.5,
						6.25,
						3.375,
						6.75
					],
					"texture": "#2"
				},
				"south": {
					"uv": [
						4,
						6.75,
						4.25,
						7.25
					],
					"texture": "#2"
				},
				"west": {
					"uv": [
						6.25,
						3.75,
						7.125,
						4.25
					],
					"texture": "#2"
				},
				"up": {
					"uv": [
						5.5,
						8.625,
						5.25,
						7.75
					],
					"texture": "#2"
				},
				"down": {
					"uv": [
						5.75,
						7.75,
						5.5,
						8.625
					],
					"texture": "#2"
				}
			}
		},
		{
			"from": [
				7.535,
				1.94736,
				14.74634
			],
			"to": [
				8.465,
				3.02236,
				17.49634
			],
			"rotation": {
				"angle": 0,
				"axis": "x",
				"origin": [
					8,
					0.98486,
					12.64634
				]
			},
			"faces": {
				"north": {
					"uv": [
						7,
						3.5,
						7.25,
						3.75
					],
					"texture": "#2"
				},
				"east": {
					"uv": [
						8,
						2.75,
						8.75,
						3
					],
					"texture": "#2"
				},
				"south": {
					"uv": [
						7.25,
						6,
						7.5,
						6.25
					],
					"texture": "#2"
				},
				"west": {
					"uv": [
						8,
						3,
						8.75,
						3.25
					],
					"texture": "#2"
				},
				"up": {
					"uv": [
						1.75,
						7,
						1.5,
						6.25
					],
					"texture": "#2"
				},
				"down": {
					"uv": [
						4.25,
						8,
						4,
						8.75
					],
					"texture": "#2"
				}
			}
		},
		{
			"from": [
				7.385,
				2.14736,
				9.84634
			],
			"to": [
				8.615,
				3.02236,
				17.79634
			],
			"rotation": {
				"angle": 0,
				"axis": "x",
				"origin": [
					8,
					0.98486,
					12.64634
				]
			},
			"faces": {
				"north": {
					"uv": [
						2,
						9,
						2.25,
						9.25
					],
					"texture": "#2"
				},
				"east": {
					"uv": [
						5.5,
						5.25,
						7.5,
						5.5
					],
					"texture": "#2"
				},
				"south": {
					"uv": [
						2.25,
						9,
						2.5,
						9.25
					],
					"texture": "#2"
				},
				"west": {
					"uv": [
						5.75,
						0.75,
						7.75,
						1
					],
					"texture": "#2"
				},
				"up": {
					"uv": [
						6,
						7.5,
						5.75,
						5.5
					],
					"texture": "#2"
				},
				"down": {
					"uv": [
						2,
						6,
						1.75,
						8
					],
					"texture": "#2"
				}
			}
		},
		{
			"from": [
				7.435,
				-1.05233,
				10.72733
			],
			"to": [
				8.565,
				3.14767,
				12.40233
			],
			"rotation": {
				"angle": -22.5,
				"axis": "x",
				"origin": [
					8,
					3.84767,
					12.50233
				]
			},
			"faces": {
				"north": {
					"uv": [
						7.75,
						0,
						8,
						1
					],
					"texture": "#2"
				},
				"east": {
					"uv": [
						3.5,
						6.75,
						3.875,
						7.75
					],
					"texture": "#2"
				},
				"south": {
					"uv": [
						0.5,
						7.75,
						0.75,
						8.75
					],
					"texture": "#2"
				},
				"west": {
					"uv": [
						6.75,
						4.25,
						7.125,
						5.25
					],
					"texture": "#2"
				},
				"up": {
					"uv": [
						8.75,
						7.875,
						8.5,
						7.5
					],
					"texture": "#2"
				},
				"down": {
					"uv": [
						8.25,
						8.5,
						8,
						8.875
					],
					"texture": "#2"
				}
			}
		},
		{
			"from": [
				7.41,
				-1.60233,
				10.42733
			],
			"to": [
				8.59,
				-1.05233,
				12.47733
			],
			"rotation": {
				"angle": -22.5,
				"axis": "x",
				"origin": [
					8,
					3.84767,
					12.50233
				]
			},
			"faces": {
				"north": {
					"uv": [
						9.5,
						5,
						9.75,
						5.125
					],
					"texture": "#2"
				},
				"east": {
					"uv": [
						9,
						5.5,
						9.5,
						5.625
					],
					"texture": "#2"
				},
				"south": {
					"uv": [
						5.25,
						9.5,
						5.5,
						9.625
					],
					"texture": "#2"
				},
				"west": {
					"uv": [
						9,
						5.75,
						9.5,
						5.875
					],
					"texture": "#2"
				},
				"up": {
					"uv": [
						0.5,
						9,
						0.25,
						8.5
					],
					"texture": "#2"
				},
				"down": {
					"uv": [
						3,
						8.5,
						2.75,
						9
					],
					"texture": "#2"
				}
			}
		},
		{
			"from": [
				7.335,
				-1.47733,
				7.55233
			],
			"to": [
				8.665,
				1.87267,
				8.67733
			],
			"rotation": {
				"angle": 0,
				"axis": "z",
				"origin": [
					8,
					4.14767,
					13.70233
				]
			},
			"faces": {
				"north": {
					"uv": [
						6,
						7,
						6.375,
						7.875
					],
					"texture": "#2"
				},
				"east": {
					"uv": [
						8,
						0,
						8.25,
						0.875
					],
					"texture": "#2"
				},
				"south": {
					"uv": [
						7.25,
						3.5,
						7.625,
						4.375
					],
					"texture": "#2"
				},
				"west": {
					"uv": [
						1.75,
						8,
						2,
						8.875
					],
					"texture": "#2"
				},
				"up": {
					"uv": [
						8.875,
						8.25,
						8.5,
						8
					],
					"texture": "#2"
				},
				"down": {
					"uv": [
						8.625,
						8.5,
						8.25,
						8.75
					],
					"texture": "#2"
				}
			}
		},
		{
			"from": [
				7.485,
				-1.72733,
				7.70233
			],
			"to": [
				8.515,
				2.72267,
				8.52733
			],
			"rotation": {
				"angle": 0,
				"axis": "z",
				"origin": [
					8,
					4.14767,
					13.70233
				]
			},
			"faces": {
				"north": {
					"uv": [
						6.5,
						7,
						6.75,
						8.125
					],
					"texture": "#2"
				},
				"east": {
					"uv": [
						6.75,
						7.25,
						7,
						8.375
					],
					"texture": "#2"
				},
				"south": {
					"uv": [
						7,
						7.25,
						7.25,
						8.375
					],
					"texture": "#2"
				},
				"west": {
					"uv": [
						7.25,
						7.25,
						7.5,
						8.375
					],
					"texture": "#2"
				},
				"up": {
					"uv": [
						3,
						9.25,
						2.75,
						9
					],
					"texture": "#2"
				},
				"down": {
					"uv": [
						3.75,
						9,
						3.5,
						9.25
					],
					"texture": "#2"
				}
			}
		},
		{
			"from": [
				7.41,
				-2.17733,
				7.52733
			],
			"to": [
				8.59,
				-1.67733,
				8.70233
			],
			"rotation": {
				"angle": 0,
				"axis": "z",
				"origin": [
					8,
					4.14767,
					13.70233
				]
			},
			"faces": {
				"north": {
					"uv": [
						5.5,
						9.5,
						5.75,
						9.625
					],
					"texture": "#2"
				},
				"east": {
					"uv": [
						9.5,
						5.5,
						9.75,
						5.625
					],
					"texture": "#2"
				},
				"south": {
					"uv": [
						9.5,
						5.75,
						9.75,
						5.875
					],
					"texture": "#2"
				},
				"west": {
					"uv": [
						6,
						9.5,
						6.25,
						9.625
					],
					"texture": "#2"
				},
				"up": {
					"uv": [
						4.5,
						9.25,
						4.25,
						9
					],
					"texture": "#2"
				},
				"down": {
					"uv": [
						7.5,
						9,
						7.25,
						9.25
					],
					"texture": "#2"
				}
			}
		},
		{
			"from": [
				7.75,
				1.49767,
				11.00233
			],
			"to": [
				8.25,
				2.29767,
				11.70233
			],
			"rotation": {
				"angle": 0,
				"axis": "y",
				"origin": [
					8,
					3.49767,
					9.75233
				]
			},
			"faces": {
				"north": {
					"uv": [
						9.5,
						6,
						9.625,
						6.25
					],
					"texture": "#2"
				},
				"east": {
					"uv": [
						6.25,
						9.5,
						6.375,
						9.75
					],
					"texture": "#2"
				},
				"south": {
					"uv": [
						9.5,
						6.25,
						9.625,
						6.5
					],
					"texture": "#2"
				},
				"west": {
					"uv": [
						6.5,
						9.5,
						6.625,
						9.75
					],
					"texture": "#2"
				},
				"up": {
					"uv": [
						9.875,
						0.875,
						9.75,
						0.75
					],
					"texture": "#2"
				},
				"down": {
					"uv": [
						9.875,
						1,
						9.75,
						1.125
					],
					"texture": "#2"
				}
			}
		},
		{
			"from": [
				7.65,
				1.29767,
				10.70233
			],
			"to": [
				8.35,
				2.29767,
				11.00233
			],
			"rotation": {
				"angle": 0,
				"axis": "y",
				"origin": [
					8,
					3.49767,
					9.75233
				]
			},
			"faces": {
				"north": {
					"uv": [
						9.5,
						6.5,
						9.625,
						6.75
					],
					"texture": "#2"
				},
				"east": {
					"uv": [
						6.75,
						9.5,
						6.875,
						9.75
					],
					"texture": "#2"
				},
				"south": {
					"uv": [
						9.5,
						6.75,
						9.625,
						7
					],
					"texture": "#2"
				},
				"west": {
					"uv": [
						7,
						9.5,
						7.125,
						9.75
					],
					"texture": "#2"
				},
				"up": {
					"uv": [
						9.875,
						1.375,
						9.75,
						1.25
					],
					"texture": "#2"
				},
				"down": {
					"uv": [
						1.625,
						9.75,
						1.5,
						9.875
					],
					"texture": "#2"
				}
			}
		},
		{
			"from": [
				7.0325,
				2.13482,
				3.57518
			],
			"to": [
				8.9675,
				3.27482,
				5.20018
			],
			"rotation": {
				"angle": 0,
				"axis": "y",
				"origin": [
					8,
					2.06982,
					4.80018
				]
			},
			"faces": {
				"north": {
					"uv": [
						8.25,
						4.75,
						8.75,
						5
					],
					"texture": "#2"
				},
				"east": {
					"uv": [
						8.5,
						8.25,
						8.875,
						8.5
					],
					"texture": "#2"
				},
				"south": {
					"uv": [
						3,
						8.5,
						3.5,
						8.75
					],
					"texture": "#2"
				},
				"west": {
					"uv": [
						8.75,
						0.5,
						9.125,
						0.75
					],
					"texture": "#2"
				},
				"up": {
					"uv": [
						4.75,
						8.375,
						4.25,
						8
					],
					"texture": "#2"
				},
				"down": {
					"uv": [
						8.5,
						5.5,
						8,
						5.875
					],
					"texture": "#2"
				}
			}
		},
		{
			"from": [
				7.1075,
				2.36482,
				2.37518
			],
			"to": [
				8.8925,
				3.27482,
				6.25018
			],
			"rotation": {
				"angle": 0,
				"axis": "y",
				"origin": [
					8,
					2.06982,
					4.80018
				]
			},
			"faces": {
				"north": {
					"uv": [
						8.5,
						3.5,
						9,
						3.75
					],
					"texture": "#2"
				},
				"east": {
					"uv": [
						7.75,
						1,
						8.75,
						1.25
					],
					"texture": "#2"
				},
				"south": {
					"uv": [
						8.5,
						3.75,
						9,
						4
					],
					"texture": "#2"
				},
				"west": {
					"uv": [
						7.75,
						1.25,
						8.75,
						1.5
					],
					"texture": "#2"
				},
				"up": {
					"uv": [
						6.5,
						2,
						6,
						1
					],
					"texture": "#2"
				},
				"down": {
					"uv": [
						2.5,
						6,
						2,
						7
					],
					"texture": "#2"
				}
			}
		},
		{
			"from": [
				6.9075,
				2.31982,
				3.00018
			],
			"to": [
				9.0925,
				5.61482,
				3.57518
			],
			"rotation": {
				"angle": 0,
				"axis": "y",
				"origin": [
					8,
					5.05982,
					9.79018
				]
			},
			"faces": {
				"north": {
					"uv": [
						4.25,
						6.25,
						4.75,
						7.125
					],
					"texture": "#2"
				},
				"east": {
					"uv": [
						4.5,
						8.5,
						4.625,
						9.375
					],
					"texture": "#2"
				},
				"south": {
					"uv": [
						6.25,
						4.25,
						6.75,
						5.125
					],
					"texture": "#2"
				},
				"west": {
					"uv": [
						8.5,
						6,
						8.625,
						6.875
					],
					"texture": "#2"
				},
				"up": {
					"uv": [
						8.5,
						9.125,
						8,
						9
					],
					"texture": "#2"
				},
				"down": {
					"uv": [
						9.5,
						8,
						9,
						8.125
					],
					"texture": "#2"
				}
			}
		},
		{
			"from": [
				6.00482,
				3.34232,
				8.20018
			],
			"to": [
				6.24982,
				5.32732,
				8.77518
			],
			"rotation": {
				"angle": 0,
				"axis": "z",
				"origin": [
					8,
					5.05982,
					8.94018
				]
			},
			"faces": {
				"north": {
					"uv": [
						8.5,
						9,
						8.625,
						9.5
					],
					"texture": "#2"
				},
				"east": {
					"uv": [
						8.75,
						9,
						8.875,
						9.5
					],
					"texture": "#2"
				},
				"south": {
					"uv": [
						9,
						8.75,
						9.125,
						9.25
					],
					"texture": "#2"
				},
				"west": {
					"uv": [
						9.25,
						0.5,
						9.375,
						1
					],
					"texture": "#2"
				},
				"up": {
					"uv": [
						9.875,
						1.625,
						9.75,
						1.5
					],
					"texture": "#2"
				},
				"down": {
					"uv": [
						1.875,
						9.75,
						1.75,
						9.875
					],
					"texture": "#2"
				}
			}
		},
		{
			"from": [
				5.27982,
				3.54232,
				8.40018
			],
			"to": [
				5.42482,
				5.12732,
				8.57518
			],
			"rotation": {
				"angle": 0,
				"axis": "z",
				"origin": [
					8,
					5.05982,
					8.94018
				]
			},
			"faces": {
				"north": {
					"uv": [
						8,
						9.25,
						8.125,
						9.625
					],
					"texture": "#2"
				},
				"east": {
					"uv": [
						8.25,
						9.25,
						8.375,
						9.625
					],
					"texture": "#2"
				},
				"south": {
					"uv": [
						9.25,
						8.75,
						9.375,
						9.125
					],
					"texture": "#2"
				},
				"west": {
					"uv": [
						9,
						9.25,
						9.125,
						9.625
					],
					"texture": "#2"
				},
				"up": {
					"uv": [
						9.875,
						1.875,
						9.75,
						1.75
					],
					"texture": "#2"
				},
				"down": {
					"uv": [
						2.125,
						9.75,
						2,
						9.875
					],
					"texture": "#2"
				}
			}
		},
		{
			"from": [
				4.92982,
				4.34232,
				8.48768
			],
			"to": [
				4.97482,
				4.38732,
				8.48768
			],
			"rotation": {
				"angle": 0,
				"axis": "z",
				"origin": [
					8,
					5.05982,
					8.94018
				]
			},
			"faces": {
				"north": {
					"uv": [
						9.75,
						2,
						9.875,
						2.125
					],
					"texture": "#2"
				},
				"east": {
					"uv": [
						0,
						0,
						0,
						0.125
					],
					"texture": "#2"
				},
				"south": {
					"uv": [
						2.25,
						9.75,
						2.375,
						9.875
					],
					"texture": "#2"
				},
				"west": {
					"uv": [
						0,
						0,
						0,
						0.125
					],
					"texture": "#2"
				},
				"up": {
					"uv": [
						0.125,
						0,
						0,
						0
					],
					"texture": "#2"
				},
				"down": {
					"uv": [
						0.125,
						0,
						0,
						0
					],
					"texture": "#2"
				}
			}
		},
		{
			"from": [
				4.47982,
				3.54232,
				8.40018
			],
			"to": [
				4.62482,
				5.12732,
				8.57518
			],
			"rotation": {
				"angle": 0,
				"axis": "z",
				"origin": [
					8,
					5.05982,
					8.94018
				]
			},
			"faces": {
				"north": {
					"uv": [
						9.25,
						9.25,
						9.375,
						9.625
					],
					"texture": "#2"
				},
				"east": {
					"uv": [
						0.5,
						9.5,
						0.625,
						9.875
					],
					"texture": "#2"
				},
				"south": {
					"uv": [
						9.5,
						0.5,
						9.625,
						0.875
					],
					"texture": "#2"
				},
				"west": {
					"uv": [
						1,
						9.5,
						1.125,
						9.875
					],
					"texture": "#2"
				},
				"up": {
					"uv": [
						9.875,
						2.375,
						9.75,
						2.25
					],
					"texture": "#2"
				},
				"down": {
					"uv": [
						2.625,
						9.75,
						2.5,
						9.875
					],
					"texture": "#2"
				}
			}
		},
		{
			"from": [
				3.92,
				3.54232,
				8.20018
			],
			"to": [
				4.165,
				5.12732,
				8.77518
			],
			"rotation": {
				"angle": 0,
				"axis": "z",
				"origin": [
					8,
					5.05982,
					8.94018
				]
			},
			"faces": {
				"north": {
					"uv": [
						9.5,
						1,
						9.625,
						1.375
					],
					"texture": "#2"
				},
				"east": {
					"uv": [
						1.25,
						9.5,
						1.375,
						9.875
					],
					"texture": "#2"
				},
				"south": {
					"uv": [
						9.5,
						1.5,
						9.625,
						1.875
					],
					"texture": "#2"
				},
				"west": {
					"uv": [
						3.75,
						9.5,
						3.875,
						9.875
					],
					"texture": "#2"
				},
				"up": {
					"uv": [
						9.875,
						2.625,
						9.75,
						2.5
					],
					"texture": "#2"
				},
				"down": {
					"uv": [
						2.875,
						9.75,
						2.75,
						9.875
					],
					"texture": "#2"
				}
			}
		},
		{
			"from": [
				4.02,
				4.84232,
				8.30018
			],
			"to": [
				6.565,
				5.02732,
				8.67518
			],
			"rotation": {
				"angle": 0,
				"axis": "z",
				"origin": [
					8,
					5.05982,
					8.94018
				]
			},
			"faces": {
				"north": {
					"uv": [
						4.75,
						8.75,
						5.375,
						8.875
					],
					"texture": "#2"
				},
				"east": {
					"uv": [
						9.75,
						2.75,
						9.875,
						2.875
					],
					"texture": "#2"
				},
				"south": {
					"uv": [
						8.75,
						4.75,
						9.375,
						4.875
					],
					"texture": "#2"
				},
				"west": {
					"uv": [
						3,
						9.75,
						3.125,
						9.875
					],
					"texture": "#2"
				},
				"up": {
					"uv": [
						9.375,
						5.125,
						8.75,
						5
					],
					"texture": "#2"
				},
				"down": {
					"uv": [
						9.375,
						6,
						8.75,
						6.125
					],
					"texture": "#2"
				}
			}
		},
		{
			"from": [
				4.02,
				3.64232,
				8.30018
			],
			"to": [
				6.565,
				3.82732,
				8.67518
			],
			"rotation": {
				"angle": 0,
				"axis": "z",
				"origin": [
					8,
					5.05982,
					8.94018
				]
			},
			"faces": {
				"north": {
					"uv": [
						8.75,
						6.25,
						9.375,
						6.375
					],
					"texture": "#2"
				},
				"east": {
					"uv": [
						9.75,
						3,
						9.875,
						3.125
					],
					"texture": "#2"
				},
				"south": {
					"uv": [
						8.75,
						6.5,
						9.375,
						6.625
					],
					"texture": "#2"
				},
				"west": {
					"uv": [
						3.25,
						9.75,
						3.375,
						9.875
					],
					"texture": "#2"
				},
				"up": {
					"uv": [
						9.375,
						6.875,
						8.75,
						6.75
					],
					"texture": "#2"
				},
				"down": {
					"uv": [
						9.375,
						7,
						8.75,
						7.125
					],
					"texture": "#2"
				}
			}
		},
		{
			"from": [
				6.7075,
				3.11982,
				1.65018
			],
			"to": [
				9.2925,
				5.66482,
				2.22518
			],
			"rotation": {
				"angle": 0,
				"axis": "y",
				"origin": [
					8,
					5.05982,
					8.94018
				]
			},
			"faces": {
				"north": {
					"uv": [
						6,
						6.25,
						6.625,
						6.875
					],
					"texture": "#2"
				},
				"east": {
					"uv": [
						3.75,
						8.75,
						3.875,
						9.375
					],
					"texture": "#2"
				},
				"south": {
					"uv": [
						6.5,
						0,
						7.125,
						0.625
					],
					"texture": "#2"
				},
				"west": {
					"uv": [
						4,
						8.75,
						4.125,
						9.375
					],
					"texture": "#2"
				},
				"up": {
					"uv": [
						9.375,
						7.375,
						8.75,
						7.25
					],
					"texture": "#2"
				},
				"down": {
					"uv": [
						9.375,
						7.5,
						8.75,
						7.625
					],
					"texture": "#2"
				}
			}
		},
		{
			"from": [
				6.5075,
				2.91982,
				1.17518
			],
			"to": [
				9.4925,
				5.86482,
				1.75018
			],
			"rotation": {
				"angle": 0,
				"axis": "y",
				"origin": [
					8,
					5.05982,
					8.94018
				]
			},
			"faces": {
				"north": {
					"uv": [
						1.75,
						5.25,
						2.5,
						6
					],
					"texture": "#2"
				},
				"east": {
					"uv": [
						0.5,
						8.75,
						0.625,
						9.5
					],
					"texture": "#2"
				},
				"south": {
					"uv": [
						5.5,
						3.75,
						6.25,
						4.5
					],
					"texture": "#2"
				},
				"west": {
					"uv": [
						8.75,
						0.75,
						8.875,
						1.5
					],
					"texture": "#2"
				},
				"up": {
					"uv": [
						9.5,
						1.625,
						8.75,
						1.5
					],
					"texture": "#2"
				},
				"down": {
					"uv": [
						9.5,
						1.75,
						8.75,
						1.875
					],
					"texture": "#2"
				}
			}
		},
		{
			"from": [
				6.9075,
				2.31982,
				5.20018
			],
			"to": [
				9.0925,
				5.61482,
				5.77518
			],
			"rotation": {
				"angle": 0,
				"axis": "y",
				"origin": [
					8,
					5.05982,
					9.79018
				]
			},
			"faces": {
				"north": {
					"uv": [
						4.75,
						6.25,
						5.25,
						7.125
					],
					"texture": "#2"
				},
				"east": {
					"uv": [
						6.75,
						8.5,
						6.875,
						9.375
					],
					"texture": "#2"
				},
				"south": {
					"uv": [
						5.25,
						6.25,
						5.75,
						7.125
					],
					"texture": "#2"
				},
				"west": {
					"uv": [
						7,
						8.5,
						7.125,
						9.375
					],
					"texture": "#2"
				},
				"up": {
					"uv": [
						9.5,
						8.375,
						9,
						8.25
					],
					"texture": "#2"
				},
				"down": {
					"uv": [
						1.5,
						9.25,
						1,
						9.375
					],
					"texture": "#2"
				}
			}
		},
		{
			"from": [
				6.9525,
				3.23982,
				2.19018
			],
			"to": [
				9.0475,
				5.54982,
				17.86018
			],
			"rotation": {
				"angle": 0,
				"axis": "y",
				"origin": [
					8,
					5.05982,
					8.94018
				]
			},
			"faces": {
				"north": {
					"uv": [
						7.25,
						0,
						7.75,
						0.625
					],
					"texture": "#2"
				},
				"east": {
					"uv": [
						0,
						0,
						3.875,
						0.625
					],
					"texture": "#2"
				},
				"south": {
					"uv": [
						4,
						7.25,
						4.5,
						7.875
					],
					"texture": "#2"
				},
				"west": {
					"uv": [
						0,
						0.75,
						3.875,
						1.375
					],
					"texture": "#2"
				},
				"up": {
					"uv": [
						0.5,
						5.375,
						0,
						1.5
					],
					"texture": "#2"
				},
				"down": {
					"uv": [
						1,
						1.5,
						0.5,
						5.375
					],
					"texture": "#2"
				}
			}
		},
		{
			"from": [
				6.6275,
				3.01482,
				6.29018
			],
			"to": [
				9.3875,
				5.77482,
				15.18518
			],
			"rotation": {
				"angle": 0,
				"axis": "y",
				"origin": [
					8,
					5.05982,
					8.94018
				]
			},
			"faces": {
				"north": {
					"uv": [
						4.25,
						5.5,
						5,
						6.25
					],
					"texture": "#2"
				},
				"east": {
					"uv": [
						1,
						1.5,
						3.25,
						2.25
					],
					"texture": "#2"
				},
				"south": {
					"uv": [
						5.5,
						4.5,
						6.25,
						5.25
					],
					"texture": "#2"
				},
				"west": {
					"uv": [
						1,
						2.25,
						3.25,
						3
					],
					"texture": "#2"
				},
				"up": {
					"uv": [
						1.75,
						5.25,
						1,
						3
					],
					"texture": "#2"
				},
				"down": {
					"uv": [
						2.5,
						3,
						1.75,
						5.25
					],
					"texture": "#2"
				}
			}
		},
		{
			"from": [
				7.7275,
				5.71482,
				6.49018
			],
			"to": [
				8.2875,
				5.97482,
				14.78518
			],
			"rotation": {
				"angle": 0,
				"axis": "y",
				"origin": [
					8,
					5.05982,
					8.94018
				]
			},
			"faces": {
				"north": {
					"uv": [
						9.75,
						3.25,
						9.875,
						3.375
					],
					"texture": "#2"
				},
				"east": {
					"uv": [
						7.5,
						3.25,
						9.625,
						3.375
					],
					"texture": "#2"
				},
				"south": {
					"uv": [
						3.5,
						9.75,
						3.625,
						9.875
					],
					"texture": "#2"
				},
				"west": {
					"uv": [
						7.5,
						5.25,
						9.625,
						5.375
					],
					"texture": "#2"
				},
				"up": {
					"uv": [
						1.625,
						9.625,
						1.5,
						7.5
					],
					"texture": "#2"
				},
				"down": {
					"uv": [
						5.875,
						7.5,
						5.75,
						9.625
					],
					"texture": "#2"
				}
			}
		},
		{
			"from": [
				6.2275,
				3.31482,
				6.79018
			],
			"to": [
				6.5875,
				5.47482,
				14.68518
			],
			"rotation": {
				"angle": 0,
				"axis": "y",
				"origin": [
					8,
					5.05982,
					8.94018
				]
			},
			"faces": {
				"north": {
					"uv": [
						9.25,
						1,
						9.375,
						1.5
					],
					"texture": "#2"
				},
				"east": {
					"uv": [
						3.25,
						1.5,
						5.25,
						2
					],
					"texture": "#2"
				},
				"south": {
					"uv": [
						2,
						9.25,
						2.125,
						9.75
					],
					"texture": "#2"
				},
				"west": {
					"uv": [
						3.25,
						2,
						5.25,
						2.5
					],
					"texture": "#2"
				},
				"up": {
					"uv": [
						0.875,
						9.75,
						0.75,
						7.75
					],
					"texture": "#2"
				},
				"down": {
					"uv": [
						2.625,
						7.75,
						2.5,
						9.75
					],
					"texture": "#2"
				}
			}
		},
		{
			"from": [
				9.3275,
				3.51482,
				6.99018
			],
			"to": [
				9.6875,
				5.27482,
				11.58518
			],
			"rotation": {
				"angle": 0,
				"axis": "y",
				"origin": [
					8,
					5.05982,
					8.94018
				]
			},
			"faces": {
				"north": {
					"uv": [
						2.25,
						9.25,
						2.375,
						9.75
					],
					"texture": "#2"
				},
				"east": {
					"uv": [
						4,
						1,
						5.125,
						1.5
					],
					"texture": "#2"
				},
				"south": {
					"uv": [
						2.75,
						9.25,
						2.875,
						9.75
					],
					"texture": "#2"
				},
				"west": {
					"uv": [
						5.25,
						2,
						6.375,
						2.5
					],
					"texture": "#2"
				},
				"up": {
					"uv": [
						6.625,
						9.375,
						6.5,
						8.25
					],
					"texture": "#2"
				},
				"down": {
					"uv": [
						0.125,
						8.5,
						0,
						9.625
					],
					"texture": "#2"
				}
			}
		},
		{
			"from": [
				6.6275,
				3.01482,
				17.64018
			],
			"to": [
				9.3875,
				5.77482,
				21.13518
			],
			"rotation": {
				"angle": 0,
				"axis": "y",
				"origin": [
					8,
					5.05982,
					8.94018
				]
			},
			"faces": {
				"north": {
					"uv": [
						5,
						5.5,
						5.75,
						6.25
					],
					"texture": "#2"
				},
				"east": {
					"uv": [
						4.5,
						4,
						5.375,
						4.75
					],
					"texture": "#2"
				},
				"south": {
					"uv": [
						5.75,
						0,
						6.5,
						0.75
					],
					"texture": "#2"
				},
				"west": {
					"uv": [
						4.5,
						4.75,
						5.375,
						5.5
					],
					"texture": "#2"
				},
				"up": {
					"uv": [
						5.75,
						0.875,
						5,
						0
					],
					"texture": "#2"
				},
				"down": {
					"uv": [
						4.25,
						5,
						3.5,
						5.875
					],
					"texture": "#2"
				}
			}
		},
		{
			"from": [
				6.3775,
				2.76482,
				20.34018
			],
			"to": [
				9.6375,
				6.02482,
				23.33518
			],
			"rotation": {
				"angle": 0,
				"axis": "y",
				"origin": [
					8,
					5.05982,
					8.94018
				]
			},
			"faces": {
				"north": {
					"uv": [
						3.5,
						3,
						4.375,
						3.875
					],
					"texture": "#2"
				},
				"east": {
					"uv": [
						1,
						5.25,
						1.75,
						6.125
					],
					"texture": "#2"
				},
				"south": {
					"uv": [
						4,
						0,
						4.875,
						0.875
					],
					"texture": "#2"
				},
				"west": {
					"uv": [
						5.25,
						1,
						6,
						1.875
					],
					"texture": "#2"
				},
				"up": {
					"uv": [
						0.875,
						6.25,
						0,
						5.5
					],
					"texture": "#2"
				},
				"down": {
					"uv": [
						6.375,
						3,
						5.5,
						3.75
					],
					"texture": "#2"
				}
			}
		},
		{
			"from": [
				6.2275,
				2.61482,
				23.14018
			],
			"to": [
				9.7875,
				6.17482,
				23.93518
			],
			"rotation": {
				"angle": 0,
				"axis": "y",
				"origin": [
					8,
					5.05982,
					8.94018
				]
			},
			"faces": {
				"north": {
					"uv": [
						3.5,
						4,
						4.375,
						4.875
					],
					"texture": "#2"
				},
				"east": {
					"uv": [
						2,
						8,
						2.25,
						8.875
					],
					"texture": "#2"
				},
				"south": {
					"uv": [
						4.5,
						3,
						5.375,
						3.875
					],
					"texture": "#2"
				},
				"west": {
					"uv": [
						2.25,
						8,
						2.5,
						8.875
					],
					"texture": "#2"
				},
				"up": {
					"uv": [
						8.625,
						5.25,
						7.75,
						5
					],
					"texture": "#2"
				},
				"down": {
					"uv": [
						8.875,
						2.5,
						8,
						2.75
					],
					"texture": "#2"
				}
			}
		},
		{
			"from": [
				7.3775,
				0.31482,
				19.16518
			],
			"to": [
				8.6375,
				2.77482,
				20.98518
			],
			"rotation": {
				"angle": 0,
				"axis": "y",
				"origin": [
					8,
					4.75982,
					8.94018
				]
			},
			"faces": {
				"north": {
					"uv": [
						2.75,
						7.75,
						3.125,
						8.375
					],
					"texture": "#2"
				},
				"east": {
					"uv": [
						4.5,
						7.25,
						5,
						7.875
					],
					"texture": "#2"
				},
				"south": {
					"uv": [
						3.25,
						7.75,
						3.625,
						8.375
					],
					"texture": "#2"
				},
				"west": {
					"uv": [
						7.25,
						4.5,
						7.75,
						5.125
					],
					"texture": "#2"
				},
				"up": {
					"uv": [
						6.375,
						8.5,
						6,
						8
					],
					"texture": "#2"
				},
				"down": {
					"uv": [
						8.375,
						6,
						8,
						6.5
					],
					"texture": "#2"
				}
			}
		},
		{
			"from": [
				7.5775,
				0.61482,
				19.16518
			],
			"to": [
				8.4375,
				2.77482,
				21.48518
			],
			"rotation": {
				"angle": 0,
				"axis": "y",
				"origin": [
					8,
					4.75982,
					8.94018
				]
			},
			"faces": {
				"north": {
					"uv": [
						3.5,
						8.5,
						3.75,
						9
					],
					"texture": "#2"
				},
				"east": {
					"uv": [
						5,
						7.25,
						5.625,
						7.75
					],
					"texture": "#2"
				},
				"south": {
					"uv": [
						4.25,
						8.5,
						4.5,
						9
					],
					"texture": "#2"
				},
				"west": {
					"uv": [
						7.25,
						5.5,
						7.875,
						6
					],
					"texture": "#2"
				},
				"up": {
					"uv": [
						5,
						8.625,
						4.75,
						8
					],
					"texture": "#2"
				},
				"down": {
					"uv": [
						8.5,
						3.5,
						8.25,
						4.125
					],
					"texture": "#2"
				}
			}
		},
		{
			"from": [
				6.9525,
				2.33982,
				8.41518
			],
			"to": [
				9.0625,
				3.24982,
				21.08518
			],
			"rotation": {
				"angle": 0,
				"axis": "y",
				"origin": [
					8,
					5.05982,
					13.34018
				]
			},
			"faces": {
				"north": {
					"uv": [
						8.5,
						4,
						9,
						4.25
					],
					"texture": "#2"
				},
				"east": {
					"uv": [
						3.25,
						2.5,
						6.375,
						2.75
					],
					"texture": "#2"
				},
				"south": {
					"uv": [
						8.5,
						5.5,
						9,
						5.75
					],
					"texture": "#2"
				},
				"west": {
					"uv": [
						3.25,
						2.75,
						6.375,
						3
					],
					"texture": "#2"
				},
				"up": {
					"uv": [
						3,
						6.125,
						2.5,
						3
					],
					"texture": "#2"
				},
				"down": {
					"uv": [
						3.5,
						3,
						3,
						6.125
					],
					"texture": "#2"
				}
			}
		},
		{
			"from": [
				7.2275,
				1.21482,
				7.04018
			],
			"to": [
				8.7875,
				3.02482,
				7.61018
			],
			"rotation": {
				"angle": 0,
				"axis": "y",
				"origin": [
					8,
					5.05982,
					10.14018
				]
			},
			"faces": {
				"north": {
					"uv": [
						8,
						6.5,
						8.375,
						7
					],
					"texture": "#2"
				},
				"east": {
					"uv": [
						3,
						9.25,
						3.125,
						9.75
					],
					"texture": "#2"
				},
				"south": {
					"uv": [
						8,
						7,
						8.375,
						7.5
					],
					"texture": "#2"
				},
				"west": {
					"uv": [
						3.25,
						9.25,
						3.375,
						9.75
					],
					"texture": "#2"
				},
				"up": {
					"uv": [
						9.875,
						4.375,
						9.5,
						4.25
					],
					"texture": "#2"
				},
				"down": {
					"uv": [
						4.875,
						9.5,
						4.5,
						9.625
					],
					"texture": "#2"
				}
			}
		},
		{
			"from": [
				7.2275,
				1.21482,
				8.61518
			],
			"to": [
				8.7875,
				3.02482,
				9.18518
			],
			"rotation": {
				"angle": 0,
				"axis": "y",
				"origin": [
					8,
					5.05982,
					10.14018
				]
			},
			"faces": {
				"north": {
					"uv": [
						8,
						7.5,
						8.375,
						8
					],
					"texture": "#2"
				},
				"east": {
					"uv": [
						3.5,
						9.25,
						3.625,
						9.75
					],
					"texture": "#2"
				},
				"south": {
					"uv": [
						8,
						8,
						8.375,
						8.5
					],
					"texture": "#2"
				},
				"west": {
					"uv": [
						4.25,
						9.25,
						4.375,
						9.75
					],
					"texture": "#2"
				},
				"up": {
					"uv": [
						9.875,
						4.625,
						9.5,
						4.5
					],
					"texture": "#2"
				},
				"down": {
					"uv": [
						9.875,
						4.75,
						9.5,
						4.875
					],
					"texture": "#2"
				}
			}
		},
		{
			"from": [
				7.0775,
				1.91482,
				7.01518
			],
			"to": [
				8.9375,
				3.02482,
				10.13518
			],
			"rotation": {
				"angle": 0,
				"axis": "y",
				"origin": [
					8,
					5.05982,
					10.14018
				]
			},
			"faces": {
				"north": {
					"uv": [
						8.5,
						5.75,
						9,
						6
					],
					"texture": "#2"
				},
				"east": {
					"uv": [
						8.25,
						0,
						9,
						0.25
					],
					"texture": "#2"
				},
				"south": {
					"uv": [
						6,
						8.5,
						6.5,
						8.75
					],
					"texture": "#2"
				},
				"west": {
					"uv": [
						8.25,
						0.25,
						9,
						0.5
					],
					"texture": "#2"
				},
				"up": {
					"uv": [
						7,
						3.75,
						6.5,
						3
					],
					"texture": "#2"
				},
				"down": {
					"uv": [
						7.25,
						5.5,
						6.75,
						6.25
					],
					"texture": "#2"
				}
			}
		},
		{
			"from": [
				7.6275,
				1.71482,
				6.64018
			],
			"to": [
				8.3875,
				3.12482,
				7.11018
			],
			"rotation": {
				"angle": 0,
				"axis": "y",
				"origin": [
					8,
					5.05982,
					10.14018
				]
			},
			"faces": {
				"north": {
					"uv": [
						1,
						8.75,
						1.25,
						9.125
					],
					"texture": "#2"
				},
				"east": {
					"uv": [
						4,
						9.5,
						4.125,
						9.875
					],
					"texture": "#2"
				},
				"south": {
					"uv": [
						1.25,
						8.75,
						1.5,
						9.125
					],
					"texture": "#2"
				},
				"west": {
					"uv": [
						5,
						9.5,
						5.125,
						9.875
					],
					"texture": "#2"
				},
				"up": {
					"uv": [
						9.75,
						7.125,
						9.5,
						7
					],
					"texture": "#2"
				},
				"down": {
					"uv": [
						7.5,
						9.5,
						7.25,
						9.625
					],
					"texture": "#2"
				}
			}
		},
		{
			"from": [
				7.6275,
				1.31482,
				9.14018
			],
			"to": [
				8.3875,
				2.42482,
				9.81018
			],
			"rotation": {
				"angle": 0,
				"axis": "y",
				"origin": [
					8,
					5.05982,
					10.14018
				]
			},
			"faces": {
				"north": {
					"uv": [
						4.75,
						9.25,
						5,
						9.5
					],
					"texture": "#2"
				},
				"east": {
					"uv": [
						9.5,
						7.25,
						9.625,
						7.5
					],
					"texture": "#2"
				},
				"south": {
					"uv": [
						5,
						9.25,
						5.25,
						9.5
					],
					"texture": "#2"
				},
				"west": {
					"uv": [
						7.5,
						9.5,
						7.625,
						9.75
					],
					"texture": "#2"
				},
				"up": {
					"uv": [
						9.75,
						7.625,
						9.5,
						7.5
					],
					"texture": "#2"
				},
				"down": {
					"uv": [
						8,
						9.5,
						7.75,
						9.625
					],
					"texture": "#2"
				}
			}
		},
		{
			"from": [
				7.7275,
				1.26482,
				7.49018
			],
			"to": [
				8.2875,
				1.57482,
				8.66018
			],
			"rotation": {
				"angle": 0,
				"axis": "y",
				"origin": [
					8,
					5.05982,
					10.14018
				]
			},
			"faces": {
				"north": {
					"uv": [
						9.75,
						3.5,
						9.875,
						3.625
					],
					"texture": "#2"
				},
				"east": {
					"uv": [
						9.5,
						7.75,
						9.75,
						7.875
					],
					"texture": "#2"
				},
				"south": {
					"uv": [
						9.75,
						3.75,
						9.875,
						3.875
					],
					"texture": "#2"
				},
				"west": {
					"uv": [
						9.5,
						8,
						9.75,
						8.125
					],
					"texture": "#2"
				},
				"up": {
					"uv": [
						9.625,
						8.5,
						9.5,
						8.25
					],
					"texture": "#2"
				},
				"down": {
					"uv": [
						8.625,
						9.5,
						8.5,
						9.75
					],
					"texture": "#2"
				}
			}
		},
		{
			"from": [
				7.62092,
				-3.5704,
				10.1388
			],
			"to": [
				8.351,
				-3.2194,
				11.062
			],
			"rotation": {
				"angle": 45,
				"axis": "x",
				"origin": [
					8,
					-0.6922,
					15.6548
				]
			},
			"faces": {
				"north": {
					"uv": [
						9.75,
						4,
						9.875,
						4.125
					],
					"texture": "#2"
				},
				"east": {
					"uv": [
						9.5,
						8.5,
						9.75,
						8.625
					],
					"texture": "#2"
				},
				"south": {
					"uv": [
						4.25,
						9.75,
						4.375,
						9.875
					],
					"texture": "#2"
				},
				"west": {
					"uv": [
						8.75,
						9.5,
						9,
						9.625
					],
					"texture": "#2"
				},
				"up": {
					"uv": [
						9.625,
						9,
						9.5,
						8.75
					],
					"texture": "#2"
				},
				"down": {
					"uv": [
						9.625,
						9,
						9.5,
						9.25
					],
					"texture": "#2"
				}
			}
		},
		{
			"from": [
				7.42092,
				1.54091,
				9.89597
			],
			"to": [
				8.551,
				3.09191,
				10.71917
			],
			"rotation": {
				"angle": -22.5,
				"axis": "x",
				"origin": [
					7.98596,
					0.29141,
					10.05757
				]
			},
			"faces": {
				"north": {
					"uv": [
						8.75,
						2,
						9,
						2.375
					],
					"texture": "#2"
				},
				"east": {
					"uv": [
						8.75,
						2.75,
						9,
						3.125
					],
					"texture": "#2"
				},
				"south": {
					"uv": [
						3,
						8.75,
						3.25,
						9.125
					],
					"texture": "#2"
				},
				"west": {
					"uv": [
						3.25,
						8.75,
						3.5,
						9.125
					],
					"texture": "#2"
				},
				"up": {
					"uv": [
						5.5,
						9.5,
						5.25,
						9.25
					],
					"texture": "#2"
				},
				"down": {
					"uv": [
						7.5,
						9.25,
						7.25,
						9.5
					],
					"texture": "#2"
				}
			}
		},
		{
			"from": [
				7.64592,
				1.24091,
				9.79597
			],
			"to": [
				8.326,
				3.49191,
				10.16917
			],
			"rotation": {
				"angle": -22.5,
				"axis": "x",
				"origin": [
					7.98596,
					1.04141,
					9.95757
				]
			},
			"faces": {
				"north": {
					"uv": [
						5.5,
						8.75,
						5.625,
						9.375
					],
					"texture": "#2"
				},
				"east": {
					"uv": [
						6,
						8.75,
						6.125,
						9.375
					],
					"texture": "#2"
				},
				"south": {
					"uv": [
						6.25,
						8.75,
						6.375,
						9.375
					],
					"texture": "#2"
				},
				"west": {
					"uv": [
						7.5,
						8.75,
						7.625,
						9.375
					],
					"texture": "#2"
				},
				"up": {
					"uv": [
						4.625,
						9.875,
						4.5,
						9.75
					],
					"texture": "#2"
				},
				"down": {
					"uv": [
						4.875,
						9.75,
						4.75,
						9.875
					],
					"texture": "#2"
				}
			}
		},
		{
			"from": [
				7.62092,
				0.93515,
				11.56235
			],
			"to": [
				8.351,
				1.28615,
				12.73555
			],
			"rotation": {
				"angle": -45,
				"axis": "x",
				"origin": [
					7.98596,
					0.73565,
					12.07395
				]
			},
			"faces": {
				"north": {
					"uv": [
						9.75,
						5,
						9.875,
						5.125
					],
					"texture": "#2"
				},
				"east": {
					"uv": [
						9.5,
						9.25,
						9.75,
						9.375
					],
					"texture": "#2"
				},
				"south": {
					"uv": [
						5.25,
						9.75,
						5.375,
						9.875
					],
					"texture": "#2"
				},
				"west": {
					"uv": [
						9.5,
						9.5,
						9.75,
						9.625
					],
					"texture": "#2"
				},
				"up": {
					"uv": [
						0.125,
						10,
						0,
						9.75
					],
					"texture": "#2"
				},
				"down": {
					"uv": [
						9.875,
						0,
						9.75,
						0.25
					],
					"texture": "#2"
				}
			}
		},
		{
			"from": [
				7.63496,
				0.5108,
				10.36
			],
			"to": [
				8.36504,
				0.8618,
				11.564
			],
			"rotation": {
				"angle": 0,
				"axis": "y",
				"origin": [
					8,
					-0.6922,
					15.6548
				]
			},
			"faces": {
				"north": {
					"uv": [
						9.75,
						5.25,
						9.875,
						5.375
					],
					"texture": "#2"
				},
				"east": {
					"uv": [
						0.25,
						9.75,
						0.5,
						9.875
					],
					"texture": "#2"
				},
				"south": {
					"uv": [
						5.5,
						9.75,
						5.625,
						9.875
					],
					"texture": "#2"
				},
				"west": {
					"uv": [
						9.75,
						0.25,
						10,
						0.375
					],
					"texture": "#2"
				},
				"up": {
					"uv": [
						9.875,
						0.75,
						9.75,
						0.5
					],
					"texture": "#2"
				},
				"down": {
					"uv": [
						0.875,
						9.75,
						0.75,
						10
					],
					"texture": "#2"
				}
			}
		},
		{
			"from": [
				10.7519,
				7.205,
				8.0779
			],
			"to": [
				11.1319,
				7.4075,
				10.5079
			],
			"rotation": {
				"angle": -22.5,
				"axis": "z",
				"origin": [
					7.19,
					4.613,
					11.326
				]
			},
			"faces": {
				"north": {
					"uv": [
						9.75,
						5.5,
						9.875,
						5.625
					],
					"texture": "#2"
				},
				"east": {
					"uv": [
						8.75,
						7.75,
						9.375,
						7.875
					],
					"texture": "#2"
				},
				"south": {
					"uv": [
						5.75,
						9.75,
						5.875,
						9.875
					],
					"texture": "#2"
				},
				"west": {
					"uv": [
						8.25,
						8.75,
						8.875,
						8.875
					],
					"texture": "#2"
				},
				"up": {
					"uv": [
						7.875,
						9.375,
						7.75,
						8.75
					],
					"texture": "#2"
				},
				"down": {
					"uv": [
						0.375,
						9,
						0.25,
						9.625
					],
					"texture": "#2"
				}
			}
		},
		{
			"from": [
				8.8019,
				7.205,
				8.0779
			],
			"to": [
				9.2069,
				7.4075,
				10.5079
			],
			"rotation": {
				"angle": -22.5,
				"axis": "z",
				"origin": [
					7.19,
					4.613,
					11.176
				]
			},
			"faces": {
				"north": {
					"uv": [
						9.75,
						5.75,
						9.875,
						5.875
					],
					"texture": "#2"
				},
				"east": {
					"uv": [
						8.75,
						8.5,
						9.375,
						8.625
					],
					"texture": "#2"
				},
				"south": {
					"uv": [
						6,
						9.75,
						6.125,
						9.875
					],
					"texture": "#2"
				},
				"west": {
					"uv": [
						9,
						0,
						9.625,
						0.125
					],
					"texture": "#2"
				},
				"up": {
					"uv": [
						9.125,
						1.375,
						9,
						0.75
					],
					"texture": "#2"
				},
				"down": {
					"uv": [
						1.875,
						9,
						1.75,
						9.625
					],
					"texture": "#2"
				}
			}
		},
		{
			"from": [
				8.8019,
				7.205,
				10.5079
			],
			"to": [
				11.1319,
				7.4075,
				10.9129
			],
			"rotation": {
				"angle": -22.5,
				"axis": "z",
				"origin": [
					7.19,
					4.613,
					11.326
				]
			},
			"faces": {
				"north": {
					"uv": [
						9,
						0.25,
						9.625,
						0.375
					],
					"texture": "#2"
				},
				"east": {
					"uv": [
						9.75,
						6,
						9.875,
						6.125
					],
					"texture": "#2"
				},
				"south": {
					"uv": [
						9,
						2,
						9.625,
						2.125
					],
					"texture": "#2"
				},
				"west": {
					"uv": [
						6.25,
						9.75,
						6.375,
						9.875
					],
					"texture": "#2"
				},
				"up": {
					"uv": [
						9.625,
						2.375,
						9,
						2.25
					],
					"texture": "#2"
				},
				"down": {
					"uv": [
						9.625,
						2.5,
						9,
						2.625
					],
					"texture": "#2"
				}
			}
		},
		{
			"from": [
				8.8019,
				7.205,
				7.6729
			],
			"to": [
				11.1319,
				7.4075,
				8.0779
			],
			"rotation": {
				"angle": -22.5,
				"axis": "z",
				"origin": [
					7.19,
					4.613,
					11.326
				]
			},
			"faces": {
				"north": {
					"uv": [
						9,
						2.75,
						9.625,
						2.875
					],
					"texture": "#2"
				},
				"east": {
					"uv": [
						9.75,
						6.25,
						9.875,
						6.375
					],
					"texture": "#2"
				},
				"south": {
					"uv": [
						9,
						3,
						9.625,
						3.125
					],
					"texture": "#2"
				},
				"west": {
					"uv": [
						6.5,
						9.75,
						6.625,
						9.875
					],
					"texture": "#2"
				},
				"up": {
					"uv": [
						9.625,
						3.625,
						9,
						3.5
					],
					"texture": "#2"
				},
				"down": {
					"uv": [
						9.625,
						3.75,
						9,
						3.875
					],
					"texture": "#2"
				}
			}
		},
		{
			"from": [
				9.0294,
				5.155,
				7.8754
			],
			"to": [
				10.9544,
				7.0025,
				10.7104
			],
			"rotation": {
				"angle": -22.5,
				"axis": "z",
				"origin": [
					7.19,
					4.613,
					11.326
				]
			},
			"faces": {
				"north": {
					"uv": [
						7.75,
						1.5,
						8.25,
						2
					],
					"texture": "#2"
				},
				"east": {
					"uv": [
						6.75,
						6.25,
						7.5,
						6.75
					],
					"texture": "#2"
				},
				"south": {
					"uv": [
						7.75,
						2,
						8.25,
						2.5
					],
					"texture": "#2"
				},
				"west": {
					"uv": [
						6.75,
						6.75,
						7.5,
						7.25
					],
					"texture": "#2"
				},
				"up": {
					"uv": [
						0.5,
						7.75,
						0,
						7
					],
					"texture": "#2"
				},
				"down": {
					"uv": [
						1,
						7,
						0.5,
						7.75
					],
					"texture": "#2"
				}
			}
		},
		{
			"from": [
				8.505,
				2.345,
				7.8835
			],
			"to": [
				10.2275,
				4.775,
				10.7185
			],
			"rotation": {
				"angle": 22.5,
				"axis": "z",
				"origin": [
					7.19,
					4.613,
					11.326
				]
			},
			"faces": {
				"north": {
					"uv": [
						7.75,
						3.5,
						8.125,
						4.125
					],
					"texture": "#2"
				},
				"east": {
					"uv": [
						3.5,
						6,
						4.25,
						6.625
					],
					"texture": "#2"
				},
				"south": {
					"uv": [
						7.75,
						4.25,
						8.125,
						4.875
					],
					"texture": "#2"
				},
				"west": {
					"uv": [
						6,
						5.5,
						6.75,
						6.125
					],
					"texture": "#2"
				},
				"up": {
					"uv": [
						1.375,
						8.25,
						1,
						7.5
					],
					"texture": "#2"
				},
				"down": {
					"uv": [
						7.875,
						2.5,
						7.5,
						3.25
					],
					"texture": "#2"
				}
			}
		},
		{
			"from": [
				9.2044,
				5.18,
				7.7004
			],
			"to": [
				10.7794,
				7.0025,
				10.8854
			],
			"rotation": {
				"angle": -22.5,
				"axis": "z",
				"origin": [
					7.19,
					4.613,
					11.326
				]
			},
			"faces": {
				"north": {
					"uv": [
						8.25,
						0.5,
						8.625,
						1
					],
					"texture": "#2"
				},
				"east": {
					"uv": [
						1,
						7,
						1.75,
						7.5
					],
					"texture": "#2"
				},
				"south": {
					"uv": [
						1,
						8.25,
						1.375,
						8.75
					],
					"texture": "#2"
				},
				"west": {
					"uv": [
						7,
						1,
						7.75,
						1.5
					],
					"texture": "#2"
				},
				"up": {
					"uv": [
						7.875,
						6.75,
						7.5,
						6
					],
					"texture": "#2"
				},
				"down": {
					"uv": [
						7.875,
						6.75,
						7.5,
						7.5
					],
					"texture": "#2"
				}
			}
		},
		{
			"from": [
				8.505,
				2.47,
				7.7085
			],
			"to": [
				10.1275,
				4.675,
				10.8935
			],
			"rotation": {
				"angle": 22.5,
				"axis": "z",
				"origin": [
					7.19,
					4.613,
					11.326
				]
			},
			"faces": {
				"north": {
					"uv": [
						8.25,
						1.5,
						8.625,
						2
					],
					"texture": "#2"
				},
				"east": {
					"uv": [
						7,
						1.5,
						7.75,
						2
					],
					"texture": "#2"
				},
				"south": {
					"uv": [
						8.25,
						2,
						8.625,
						2.5
					],
					"texture": "#2"
				},
				"west": {
					"uv": [
						7,
						2,
						7.75,
						2.5
					],
					"texture": "#2"
				},
				"up": {
					"uv": [
						7.875,
						8.25,
						7.5,
						7.5
					],
					"texture": "#2"
				},
				"down": {
					"uv": [
						0.375,
						7.75,
						0,
						8.5
					],
					"texture": "#2"
				}
			}
		},
		{
			"from": [
				8.8019,
				7.0025,
				7.6729
			],
			"to": [
				11.1319,
				7.205,
				10.9129
			],
			"rotation": {
				"angle": -22.5,
				"axis": "z",
				"origin": [
					7.19,
					4.613,
					11.176
				]
			},
			"faces": {
				"north": {
					"uv": [
						9,
						4,
						9.625,
						4.125
					],
					"texture": "#2"
				},
				"east": {
					"uv": [
						8.75,
						4.25,
						9.5,
						4.375
					],
					"texture": "#2"
				},
				"south": {
					"uv": [
						4.75,
						9,
						5.375,
						9.125
					],
					"texture": "#2"
				},
				"west": {
					"uv": [
						8.75,
						4.5,
						9.5,
						4.625
					],
					"texture": "#2"
				},
				"up": {
					"uv": [
						0.625,
						7,
						0,
						6.25
					],
					"texture": "#2"
				},
				"down": {
					"uv": [
						1.375,
						6.25,
						0.75,
						7
					],
					"texture": "#2"
				}
			}
		}
	],
	"display": {
		"thirdperson_righthand": {
			"translation": [
				0,
				7.5,
				-3.5
			],
			"scale": [
				1.26,
				1.26,
				1.26
			]
		},
		"thirdperson_lefthand": {
			"translation": [
				0,
				7.5,
				-3.5
			],
			"scale": [
				-1.26,
				1.26,
				1.26
			]
		},
		"firstperson_righthand": {
			"translation": [
				-2.25,
				11.75,
				0.75
			],
			"scale": [
				1.26,
				1.26,
				1.26
			]
		},
		"firstperson_lefthand": {
			"translation": [
				-2.25,
				11.75,
				0.75
			],
			"scale": [
				-1.26,
				1.26,
				1.26
			]
		},
		"ground": {
			"translation": [
				0,
				6.75,
				-4.75
			]
		},
		"gui": {
			"rotation": [
				-166.91,
				-26.02,
				-177.94
			],
			"translation": [
				2.25,
				3.75,
				-1
			],
			"scale": [
				1.08,
				1.08,
				1.08
			]
		},
		"fixed": {
			"rotation": [
				0,
				89.25,
				0
			],
			"translation": [
				-4.75,
				6.75,
				-2
			],
			"scale": [
				1.58,
				1.58,
				1.58
			]
		}
	}
}