{
	"credit": "Made with Blockbench",
	"textures": {
		"0": "scguns_laf:item/frontier_sidearm_texture",
		"1": "scguns_laf:item/animated_frontier_texture",
		"particle": "scguns_laf:item/frontier_sidearm_texture"
	},
	"elements": [
		{
			"from": [
				7.75,
				1.2,
				10.95
			],
			"to": [
				8.25,
				2,
				11.45
			],
			"rotation": {
				"angle": 0,
				"axis": "y",
				"origin": [
					0,
					-0.7,
					-3.55
				]
			},
			"faces": {
				"north": {
					"uv": [
						2,
						11,
						2.25,
						11.5
					],
					"texture": "#0"
				},
				"east": {
					"uv": [
						11,
						5.5,
						11.25,
						6
					],
					"texture": "#0"
				},
				"south": {
					"uv": [
						6,
						11,
						6.25,
						11.5
					],
					"texture": "#0"
				},
				"west": {
					"uv": [
						11,
						6,
						11.25,
						6.5
					],
					"texture": "#0"
				},
				"up": {
					"uv": [
						11.75,
						0.75,
						11.5,
						0.5
					],
					"texture": "#0"
				},
				"down": {
					"uv": [
						1.25,
						11.5,
						1,
						11.75
					],
					"texture": "#0"
				}
			}
		},
		{
			"from": [
				7.35,
				-1.25,
				12.4
			],
			"to": [
				8.65,
				2.15,
				14.1
			],
			"rotation": {
				"angle": -22.5,
				"axis": "x",
				"origin": [
					8,
					0.35,
					12.15
				]
			},
			"faces": {
				"north": {
					"uv": [
						4,
						4,
						5.5,
						7.5
					],
					"texture": "#1"
				},
				"east": {
					"uv": [
						6,
						4,
						7.5,
						7.5
					],
					"texture": "#1"
				},
				"south": {
					"uv": [
						4,
						8,
						5.5,
						11.5
					],
					"texture": "#1"
				},
				"west": {
					"uv": [
						8,
						4,
						9.5,
						7.5
					],
					"texture": "#1"
				},
				"up": {
					"uv": [
						11.5,
						5.5,
						10,
						4
					],
					"texture": "#1"
				},
				"down": {
					"uv": [
						7.5,
						10,
						6,
						11.5
					],
					"texture": "#1"
				}
			}
		},
		{
			"from": [
				7.45,
				1.25,
				13.2
			],
			"to": [
				8.55,
				3.15,
				14.7
			],
			"rotation": {
				"angle": -45,
				"axis": "x",
				"origin": [
					8,
					0.35,
					12.15
				]
			},
			"faces": {
				"north": {
					"uv": [
						8.5,
						9,
						9,
						10
					],
					"texture": "#0"
				},
				"east": {
					"uv": [
						6.5,
						8.5,
						7.25,
						9.5
					],
					"texture": "#0"
				},
				"south": {
					"uv": [
						9,
						9,
						9.5,
						10
					],
					"texture": "#0"
				},
				"west": {
					"uv": [
						7.5,
						8.5,
						8.25,
						9.5
					],
					"texture": "#0"
				},
				"up": {
					"uv": [
						2,
						10.75,
						1.5,
						10
					],
					"texture": "#0"
				},
				"down": {
					"uv": [
						2.5,
						10,
						2,
						10.75
					],
					"texture": "#0"
				}
			}
		},
		{
			"from": [
				7.45,
				-1.25,
				12.7
			],
			"to": [
				8.55,
				-0.35,
				14.6
			],
			"rotation": {
				"angle": -22.5,
				"axis": "x",
				"origin": [
					8,
					-0.8,
					13.55
				]
			},
			"faces": {
				"north": {
					"uv": [
						12,
						7,
						13,
						8
					],
					"texture": "#1"
				},
				"east": {
					"uv": [
						12,
						0,
						14,
						1
					],
					"texture": "#1"
				},
				"south": {
					"uv": [
						8,
						12,
						9,
						13
					],
					"texture": "#1"
				},
				"west": {
					"uv": [
						12,
						1,
						14,
						2
					],
					"texture": "#1"
				},
				"up": {
					"uv": [
						13,
						4,
						12,
						2
					],
					"texture": "#1"
				},
				"down": {
					"uv": [
						5,
						12,
						4,
						14
					],
					"texture": "#1"
				}
			}
		},
		{
			"from": [
				7.25,
				3.4,
				-0.9
			],
			"to": [
				8.75,
				4.9,
				8.4
			],
			"rotation": {
				"angle": 0,
				"axis": "y",
				"origin": [
					0,
					2.55,
					-4.35
				]
			},
			"faces": {
				"north": {
					"uv": [
						10,
						6,
						11.5,
						7.5
					],
					"texture": "#1"
				},
				"east": {
					"uv": [
						0,
						0,
						9.5,
						1.5
					],
					"texture": "#1"
				},
				"south": {
					"uv": [
						8,
						10,
						9.5,
						11.5
					],
					"texture": "#1"
				},
				"west": {
					"uv": [
						0,
						2,
						9.5,
						3.5
					],
					"texture": "#1"
				},
				"up": {
					"uv": [
						1.5,
						13.5,
						0,
						4
					],
					"texture": "#1"
				},
				"down": {
					"uv": [
						3.5,
						4,
						2,
						13.5
					],
					"texture": "#1"
				}
			}
		},
		{
			"from": [
				7.95,
				4.9,
				-0.8
			],
			"to": [
				8.05,
				5.65,
				-0.2
			],
			"rotation": {
				"angle": 0,
				"axis": "y",
				"origin": [
					0,
					2.55,
					-4.35
				]
			},
			"faces": {
				"north": {
					"uv": [
						11,
						3,
						11.75,
						3.25
					],
					"texture": "#0"
				},
				"east": {
					"uv": [
						11,
						10,
						11.5,
						10.25
					],
					"texture": "#0"
				},
				"south": {
					"uv": [
						11,
						5,
						11.75,
						5.25
					],
					"texture": "#0"
				},
				"west": {
					"uv": [
						10.5,
						11,
						11,
						11.25
					],
					"texture": "#0"
				},
				"up": {
					"uv": [
						9.75,
						8.5,
						9,
						8
					],
					"texture": "#0"
				},
				"down": {
					"uv": [
						10.25,
						1.5,
						9.5,
						2
					],
					"texture": "#0"
				}
			}
		},
		{
			"from": [
				7.25,
				4.9,
				-0.9
			],
			"to": [
				8.75,
				5.45,
				-0.1
			],
			"rotation": {
				"angle": 0,
				"axis": "y",
				"origin": [
					0,
					2.55,
					-4.35
				]
			},
			"faces": {
				"north": {
					"uv": [
						11,
						3,
						11.75,
						3.25
					],
					"texture": "#0"
				},
				"east": {
					"uv": [
						11,
						10,
						11.5,
						10.25
					],
					"texture": "#0"
				},
				"south": {
					"uv": [
						11,
						5,
						11.75,
						5.25
					],
					"texture": "#0"
				},
				"west": {
					"uv": [
						10.5,
						11,
						11,
						11.25
					],
					"texture": "#0"
				},
				"up": {
					"uv": [
						9.75,
						8.5,
						9,
						8
					],
					"texture": "#0"
				},
				"down": {
					"uv": [
						10.25,
						1.5,
						9.5,
						2
					],
					"texture": "#0"
				}
			}
		},
		{
			"from": [
				7.5,
				4.95,
				10.2
			],
			"to": [
				7.75,
				5.6,
				10.8
			],
			"rotation": {
				"angle": 0,
				"axis": "y",
				"origin": [
					0,
					2.55,
					-4.35
				]
			},
			"faces": {
				"north": {
					"uv": [
						4.5,
						11.5,
						4.75,
						11.75
					],
					"texture": "#0"
				},
				"east": {
					"uv": [
						11.5,
						4.5,
						11.75,
						4.75
					],
					"texture": "#0"
				},
				"south": {
					"uv": [
						5,
						11.5,
						5.25,
						11.75
					],
					"texture": "#0"
				},
				"west": {
					"uv": [
						5.5,
						11.5,
						5.75,
						11.75
					],
					"texture": "#0"
				},
				"up": {
					"uv": [
						11.75,
						5.75,
						11.5,
						5.5
					],
					"texture": "#0"
				},
				"down": {
					"uv": [
						6.25,
						11.5,
						6,
						11.75
					],
					"texture": "#0"
				}
			}
		},
		{
			"from": [
				8.25,
				4.95,
				10.2
			],
			"to": [
				8.5,
				5.6,
				10.8
			],
			"rotation": {
				"angle": 0,
				"axis": "y",
				"origin": [
					0,
					2.55,
					-4.35
				]
			},
			"faces": {
				"north": {
					"uv": [
						11.5,
						6,
						11.75,
						6.25
					],
					"texture": "#0"
				},
				"east": {
					"uv": [
						6.5,
						11.5,
						6.75,
						11.75
					],
					"texture": "#0"
				},
				"south": {
					"uv": [
						11.5,
						6.5,
						11.75,
						6.75
					],
					"texture": "#0"
				},
				"west": {
					"uv": [
						7,
						11.5,
						7.25,
						11.75
					],
					"texture": "#0"
				},
				"up": {
					"uv": [
						11.75,
						7.25,
						11.5,
						7
					],
					"texture": "#0"
				},
				"down": {
					"uv": [
						7.75,
						11.5,
						7.5,
						11.75
					],
					"texture": "#0"
				}
			}
		},
		{
			"from": [
				7.15,
				3.3,
				-1.4
			],
			"to": [
				8.85,
				5,
				-0.9
			],
			"rotation": {
				"angle": 0,
				"axis": "y",
				"origin": [
					0,
					2.55,
					-4.35
				]
			},
			"faces": {
				"north": {
					"uv": [
						10,
						8,
						11.5,
						9.5
					],
					"texture": "#1"
				},
				"east": {
					"uv": [
						12,
						11,
						12.5,
						12.5
					],
					"texture": "#1"
				},
				"south": {
					"uv": [
						10,
						10,
						11.5,
						11.5
					],
					"texture": "#1"
				},
				"west": {
					"uv": [
						13,
						2,
						13.5,
						3.5
					],
					"texture": "#1"
				},
				"up": {
					"uv": [
						14.5,
						4.5,
						13,
						4
					],
					"texture": "#1"
				},
				"down": {
					"uv": [
						14.5,
						5,
						13,
						5.5
					],
					"texture": "#1"
				}
			}
		},
		{
			"from": [
				7.6,
				0.7,
				10.1
			],
			"to": [
				8.4,
				1.1,
				11.65
			],
			"rotation": {
				"angle": 0,
				"axis": "y",
				"origin": [
					0,
					-0.95,
					-4.05
				]
			},
			"faces": {
				"north": {
					"uv": [
						11,
						6.5,
						11.5,
						6.75
					],
					"texture": "#0"
				},
				"east": {
					"uv": [
						10.5,
						0.5,
						11.25,
						0.75
					],
					"texture": "#0"
				},
				"south": {
					"uv": [
						11,
						7,
						11.5,
						7.25
					],
					"texture": "#0"
				},
				"west": {
					"uv": [
						10.5,
						1,
						11.25,
						1.25
					],
					"texture": "#0"
				},
				"up": {
					"uv": [
						10,
						1.25,
						9.5,
						0.5
					],
					"texture": "#0"
				},
				"down": {
					"uv": [
						10,
						7,
						9.5,
						7.75
					],
					"texture": "#0"
				}
			}
		},
		{
			"from": [
				7.61,
				1,
				9.85
			],
			"to": [
				8.41,
				1.9,
				10.2
			],
			"rotation": {
				"angle": -22.5,
				"axis": "x",
				"origin": [
					8,
					1.5,
					10.275
				]
			},
			"faces": {
				"north": {
					"uv": [
						6.5,
						1,
						7,
						1.5
					],
					"texture": "#0"
				},
				"east": {
					"uv": [
						11,
						7.5,
						11.25,
						8
					],
					"texture": "#0"
				},
				"south": {
					"uv": [
						6.5,
						8,
						7,
						8.5
					],
					"texture": "#0"
				},
				"west": {
					"uv": [
						11,
						8,
						11.25,
						8.5
					],
					"texture": "#0"
				},
				"up": {
					"uv": [
						11.5,
						8.75,
						11,
						8.5
					],
					"texture": "#0"
				},
				"down": {
					"uv": [
						11.5,
						9,
						11,
						9.25
					],
					"texture": "#0"
				}
			}
		},
		{
			"from": [
				7.61,
				1.9,
				11.45
			],
			"to": [
				8.41,
				2.8,
				11.8
			],
			"rotation": {
				"angle": 45,
				"axis": "x",
				"origin": [
					8,
					1.5,
					10.275
				]
			},
			"faces": {
				"north": {
					"uv": [
						10,
						10,
						10.5,
						10.5
					],
					"texture": "#0"
				},
				"east": {
					"uv": [
						11,
						10.5,
						11.25,
						11
					],
					"texture": "#0"
				},
				"south": {
					"uv": [
						10.5,
						0,
						11,
						0.5
					],
					"texture": "#0"
				},
				"west": {
					"uv": [
						11,
						11,
						11.25,
						11.5
					],
					"texture": "#0"
				},
				"up": {
					"uv": [
						0.5,
						11.75,
						0,
						11.5
					],
					"texture": "#0"
				},
				"down": {
					"uv": [
						1,
						11.5,
						0.5,
						11.75
					],
					"texture": "#0"
				}
			}
		},
		{
			"from": [
				7.8,
				1.7,
				8.6
			],
			"to": [
				8.2,
				2.2,
				10.15
			],
			"rotation": {
				"angle": 0,
				"axis": "y",
				"origin": [
					0,
					-0.95,
					-4.05
				]
			},
			"faces": {
				"north": {
					"uv": [
						11.5,
						1,
						11.75,
						1.25
					],
					"texture": "#0"
				},
				"east": {
					"uv": [
						10.5,
						1.5,
						11.25,
						1.75
					],
					"texture": "#0"
				},
				"south": {
					"uv": [
						1.5,
						11.5,
						1.75,
						11.75
					],
					"texture": "#0"
				},
				"west": {
					"uv": [
						10.5,
						2,
						11.25,
						2.25
					],
					"texture": "#0"
				},
				"up": {
					"uv": [
						2.75,
						11.25,
						2.5,
						10.5
					],
					"texture": "#0"
				},
				"down": {
					"uv": [
						3.25,
						10.5,
						3,
						11.25
					],
					"texture": "#0"
				}
			}
		},
		{
			"from": [
				7.8,
				3.8,
				11.6
			],
			"to": [
				8.2,
				4.3,
				14.15
			],
			"rotation": {
				"angle": -22.5,
				"axis": "x",
				"origin": [
					8,
					4.05,
					12.875
				]
			},
			"faces": {
				"north": {
					"uv": [
						11.5,
						1.5,
						11.75,
						1.75
					],
					"texture": "#0"
				},
				"east": {
					"uv": [
						10,
						3.5,
						11.25,
						3.75
					],
					"texture": "#0"
				},
				"south": {
					"uv": [
						2,
						11.5,
						2.25,
						11.75
					],
					"texture": "#0"
				},
				"west": {
					"uv": [
						10,
						4,
						11.25,
						4.25
					],
					"texture": "#0"
				},
				"up": {
					"uv": [
						4.25,
						11.25,
						4,
						10
					],
					"texture": "#0"
				},
				"down": {
					"uv": [
						4.75,
						10,
						4.5,
						11.25
					],
					"texture": "#0"
				}
			}
		},
		{
			"from": [
				7.8,
				-0.225,
				12.625
			],
			"to": [
				8.2,
				2.825,
				12.925
			],
			"rotation": {
				"angle": -22.5,
				"axis": "x",
				"origin": [
					8,
					4.05,
					12.875
				]
			},
			"faces": {
				"north": {
					"uv": [
						0,
						9.5,
						0.25,
						11.25
					],
					"texture": "#0"
				},
				"east": {
					"uv": [
						0.5,
						9.5,
						0.75,
						11.25
					],
					"texture": "#0"
				},
				"south": {
					"uv": [
						5,
						9.5,
						5.25,
						11.25
					],
					"texture": "#0"
				},
				"west": {
					"uv": [
						6.5,
						9.5,
						6.75,
						11.25
					],
					"texture": "#0"
				},
				"up": {
					"uv": [
						11.75,
						2.75,
						11.5,
						2.5
					],
					"texture": "#0"
				},
				"down": {
					"uv": [
						3.25,
						11.5,
						3,
						11.75
					],
					"texture": "#0"
				}
			}
		},
		{
			"from": [
				7.8,
				2.875,
				12.125
			],
			"to": [
				8.2,
				4.425,
				12.425
			],
			"rotation": {
				"angle": -45,
				"axis": "x",
				"origin": [
					8,
					4.05,
					12.875
				]
			},
			"faces": {
				"north": {
					"uv": [
						10.5,
						8,
						10.75,
						8.75
					],
					"texture": "#0"
				},
				"east": {
					"uv": [
						8.5,
						10.5,
						8.75,
						11.25
					],
					"texture": "#0"
				},
				"south": {
					"uv": [
						9,
						10.5,
						9.25,
						11.25
					],
					"texture": "#0"
				},
				"west": {
					"uv": [
						10.5,
						9,
						10.75,
						9.75
					],
					"texture": "#0"
				},
				"up": {
					"uv": [
						4.25,
						11.75,
						4,
						11.5
					],
					"texture": "#0"
				},
				"down": {
					"uv": [
						11.75,
						4,
						11.5,
						4.25
					],
					"texture": "#0"
				}
			}
		},
		{
			"from": [
				7.8,
				-0.825,
				10.825
			],
			"to": [
				8.2,
				2.725,
				11.225
			],
			"rotation": {
				"angle": -22.5,
				"axis": "x",
				"origin": [
					8,
					4.05,
					12.875
				]
			},
			"faces": {
				"north": {
					"uv": [
						7,
						9.5,
						7.25,
						11.25
					],
					"texture": "#0"
				},
				"east": {
					"uv": [
						7.5,
						9.5,
						7.75,
						11.25
					],
					"texture": "#0"
				},
				"south": {
					"uv": [
						8,
						9.5,
						8.25,
						11.25
					],
					"texture": "#0"
				},
				"west": {
					"uv": [
						9.5,
						9,
						9.75,
						10.75
					],
					"texture": "#0"
				},
				"up": {
					"uv": [
						3.75,
						11.75,
						3.5,
						11.5
					],
					"texture": "#0"
				},
				"down": {
					"uv": [
						11.75,
						3.5,
						11.5,
						3.75
					],
					"texture": "#0"
				}
			}
		},
		{
			"from": [
				7.8,
				-1.45107,
				12.60214
			],
			"to": [
				8.2,
				-0.30107,
				14.80214
			],
			"rotation": {
				"angle": -22.5,
				"axis": "x",
				"origin": [
					8,
					-0.87607,
					13.60214
				]
			},
			"faces": {
				"north": {
					"uv": [
						9.5,
						11,
						9.75,
						11.5
					],
					"texture": "#0"
				},
				"east": {
					"uv": [
						9,
						2,
						10.25,
						2.5
					],
					"texture": "#0"
				},
				"south": {
					"uv": [
						11,
						9.5,
						11.25,
						10
					],
					"texture": "#0"
				},
				"west": {
					"uv": [
						9,
						2.5,
						10.25,
						3
					],
					"texture": "#0"
				},
				"up": {
					"uv": [
						10.25,
						5.75,
						10,
						4.5
					],
					"texture": "#0"
				},
				"down": {
					"uv": [
						5.75,
						10,
						5.5,
						11.25
					],
					"texture": "#0"
				}
			}
		},
		{
			"from": [
				7.81,
				3.625,
				13.725
			],
			"to": [
				8.21,
				4.875,
				14.225
			],
			"rotation": {
				"angle": -22.5,
				"axis": "x",
				"origin": [
					8,
					4.05,
					12.875
				]
			},
			"faces": {
				"north": {
					"uv": [
						3.5,
						10.5,
						3.75,
						11.25
					],
					"texture": "#0"
				},
				"east": {
					"uv": [
						10.5,
						5,
						10.75,
						5.75
					],
					"texture": "#0"
				},
				"south": {
					"uv": [
						10.5,
						6,
						10.75,
						6.75
					],
					"texture": "#0"
				},
				"west": {
					"uv": [
						10.5,
						7,
						10.75,
						7.75
					],
					"texture": "#0"
				},
				"up": {
					"uv": [
						11.75,
						2.25,
						11.5,
						2
					],
					"texture": "#0"
				},
				"down": {
					"uv": [
						2.75,
						11.5,
						2.5,
						11.75
					],
					"texture": "#0"
				}
			}
		},
		{
			"from": [
				7.5,
				1.95,
				7.6
			],
			"to": [
				8.5,
				3.55,
				12.55
			],
			"rotation": {
				"angle": 0,
				"axis": "y",
				"origin": [
					0,
					-0.95,
					-4.05
				]
			},
			"faces": {
				"north": {
					"uv": [
						10,
						0.5,
						10.5,
						1.25
					],
					"texture": "#0"
				},
				"east": {
					"uv": [
						5.5,
						5.5,
						8,
						6.25
					],
					"texture": "#0"
				},
				"south": {
					"uv": [
						1,
						10,
						1.5,
						10.75
					],
					"texture": "#0"
				},
				"west": {
					"uv": [
						6.5,
						0,
						9,
						0.75
					],
					"texture": "#0"
				},
				"up": {
					"uv": [
						5.5,
						9.5,
						5,
						7
					],
					"texture": "#0"
				},
				"down": {
					"uv": [
						3,
						8,
						2.5,
						10.5
					],
					"texture": "#0"
				}
			}
		},
		{
			"from": [
				8,
				2.55,
				0.25
			],
			"to": [
				9,
				3.55,
				8.4
			],
			"rotation": {
				"angle": 0,
				"axis": "y",
				"origin": [
					0,
					-0.95,
					-4.05
				]
			},
			"faces": {
				"north": {
					"uv": [
						10,
						7,
						10.5,
						7.5
					],
					"texture": "#0"
				},
				"east": {
					"uv": [
						3,
						3,
						7,
						3.5
					],
					"texture": "#0"
				},
				"south": {
					"uv": [
						10,
						7.5,
						10.5,
						8
					],
					"texture": "#0"
				},
				"west": {
					"uv": [
						3,
						3.5,
						7,
						4
					],
					"texture": "#0"
				},
				"up": {
					"uv": [
						3.5,
						8,
						3,
						4
					],
					"texture": "#0"
				},
				"down": {
					"uv": [
						4,
						4,
						3.5,
						8
					],
					"texture": "#0"
				}
			}
		},
		{
			"from": [
				7.6,
				2.45,
				5.2
			],
			"to": [
				8.35,
				3.3,
				8.4
			],
			"rotation": {
				"angle": 0,
				"axis": "y",
				"origin": [
					0,
					-0.95,
					-4.05
				]
			},
			"faces": {
				"north": {
					"uv": [
						10,
						8.5,
						10.5,
						9
					],
					"texture": "#0"
				},
				"east": {
					"uv": [
						8.5,
						8.5,
						10,
						9
					],
					"texture": "#0"
				},
				"south": {
					"uv": [
						9,
						10,
						9.5,
						10.5
					],
					"texture": "#0"
				},
				"west": {
					"uv": [
						9,
						0,
						10.5,
						0.5
					],
					"texture": "#0"
				},
				"up": {
					"uv": [
						1.5,
						10,
						1,
						8.5
					],
					"texture": "#0"
				},
				"down": {
					"uv": [
						9.5,
						0.5,
						9,
						2
					],
					"texture": "#0"
				}
			}
		},
		{
			"from": [
				7.6,
				4.45,
				-1
			],
			"to": [
				8.35,
				5.3,
				8.4
			],
			"rotation": {
				"angle": 0,
				"axis": "y",
				"origin": [
					0,
					-0.95,
					-4.05
				]
			},
			"faces": {
				"north": {
					"uv": [
						10,
						9,
						10.5,
						9.5
					],
					"texture": "#0"
				},
				"east": {
					"uv": [
						2,
						2,
						6.75,
						2.5
					],
					"texture": "#0"
				},
				"south": {
					"uv": [
						10,
						9.5,
						10.5,
						10
					],
					"texture": "#0"
				},
				"west": {
					"uv": [
						2,
						2.5,
						6.75,
						3
					],
					"texture": "#0"
				},
				"up": {
					"uv": [
						2.5,
						7.75,
						2,
						3
					],
					"texture": "#0"
				},
				"down": {
					"uv": [
						3,
						3,
						2.5,
						7.75
					],
					"texture": "#0"
				}
			}
		},
		{
			"from": [
				7.2,
				4.45,
				8.4
			],
			"to": [
				8.75,
				5.3,
				11.8
			],
			"rotation": {
				"angle": 0,
				"axis": "y",
				"origin": [
					0,
					-0.95,
					-4.05
				]
			},
			"faces": {
				"north": {
					"uv": [
						3,
						10,
						3.75,
						10.5
					],
					"texture": "#0"
				},
				"east": {
					"uv": [
						5,
						1.5,
						6.75,
						2
					],
					"texture": "#0"
				},
				"south": {
					"uv": [
						10,
						3,
						10.75,
						3.5
					],
					"texture": "#0"
				},
				"west": {
					"uv": [
						7,
						5,
						8.75,
						5.5
					],
					"texture": "#0"
				},
				"up": {
					"uv": [
						8.75,
						2.75,
						8,
						1
					],
					"texture": "#0"
				},
				"down": {
					"uv": [
						2.25,
						8,
						1.5,
						9.75
					],
					"texture": "#0"
				}
			}
		},
		{
			"from": [
				7,
				2.5,
				8.3
			],
			"to": [
				9,
				5,
				11.2
			],
			"rotation": {
				"angle": 0,
				"axis": "y",
				"origin": [
					0,
					3.3,
					-4.1
				]
			},
			"faces": {
				"north": {
					"uv": [
						5.5,
						6.5,
						6.75,
						7.75
					],
					"texture": "#0"
				},
				"east": {
					"uv": [
						4,
						4,
						5.5,
						5.25
					],
					"texture": "#0"
				},
				"south": {
					"uv": [
						0,
						7,
						1.25,
						8.25
					],
					"texture": "#0"
				},
				"west": {
					"uv": [
						5,
						0,
						6.5,
						1.25
					],
					"texture": "#0"
				},
				"up": {
					"uv": [
						5.25,
						7,
						4,
						5.5
					],
					"texture": "#0"
				},
				"down": {
					"uv": [
						6.75,
						4,
						5.5,
						5.5
					],
					"texture": "#0"
				}
			}
		},
		{
			"from": [
				6.75,
				2.75,
				8.3
			],
			"to": [
				9.25,
				4.75,
				11.2
			],
			"rotation": {
				"angle": 0,
				"axis": "y",
				"origin": [
					0,
					3.3,
					-4.1
				]
			},
			"faces": {
				"north": {
					"uv": [
						5.5,
						6.5,
						6.75,
						7.75
					],
					"texture": "#0"
				},
				"east": {
					"uv": [
						4,
						4,
						5.5,
						5.25
					],
					"texture": "#0"
				},
				"south": {
					"uv": [
						0,
						7,
						1.25,
						8.25
					],
					"texture": "#0"
				},
				"west": {
					"uv": [
						5,
						0,
						6.5,
						1.25
					],
					"texture": "#0"
				},
				"up": {
					"uv": [
						5.25,
						7,
						4,
						5.5
					],
					"texture": "#0"
				},
				"down": {
					"uv": [
						6.75,
						4,
						5.5,
						5.5
					],
					"texture": "#0"
				}
			}
		},
		{
			"from": [
				6.85,
				2.7,
				11.2
			],
			"to": [
				9.15,
				5.1,
				11.6
			],
			"rotation": {
				"angle": 0,
				"axis": "y",
				"origin": [
					0,
					3.3,
					-4.1
				]
			},
			"faces": {
				"north": {
					"uv": [
						6,
						13,
						8.5,
						15.5
					],
					"texture": "#1"
				},
				"east": {
					"uv": [
						10,
						13,
						10.5,
						15.5
					],
					"texture": "#1"
				},
				"south": {
					"uv": [
						13,
						7,
						15.5,
						9.5
					],
					"texture": "#1"
				},
				"west": {
					"uv": [
						11,
						13,
						11.5,
						15.5
					],
					"texture": "#1"
				},
				"up": {
					"uv": [
						15.5,
						11.5,
						13,
						11
					],
					"texture": "#1"
				},
				"down": {
					"uv": [
						14.5,
						13,
						12,
						13.5
					],
					"texture": "#1"
				}
			}
		},
		{
			"from": [
				7.1,
				2.8,
				11.2
			],
			"to": [
				8.9,
				5,
				12.35
			],
			"rotation": {
				"angle": 0,
				"axis": "y",
				"origin": [
					0,
					3.3,
					-4.1
				]
			},
			"faces": {
				"north": {
					"uv": [
						6,
						8,
						8,
						10
					],
					"texture": "#1"
				},
				"east": {
					"uv": [
						12,
						4,
						13,
						6
					],
					"texture": "#1"
				},
				"south": {
					"uv": [
						8,
						8,
						10,
						10
					],
					"texture": "#1"
				},
				"west": {
					"uv": [
						5,
						12,
						6,
						14
					],
					"texture": "#1"
				},
				"up": {
					"uv": [
						8,
						13,
						6,
						12
					],
					"texture": "#1"
				},
				"down": {
					"uv": [
						14,
						6,
						12,
						7
					],
					"texture": "#1"
				}
			}
		},
		{
			"from": [
				7.2,
				2.9,
				12.3
			],
			"to": [
				8.8,
				4.7,
				12.95
			],
			"rotation": {
				"angle": 0,
				"axis": "y",
				"origin": [
					0,
					3.3,
					-4.1
				]
			},
			"faces": {
				"north": {
					"uv": [
						10,
						0,
						11.5,
						2
					],
					"texture": "#1"
				},
				"east": {
					"uv": [
						12,
						8,
						12.5,
						10
					],
					"texture": "#1"
				},
				"south": {
					"uv": [
						10,
						2,
						11.5,
						4
					],
					"texture": "#1"
				},
				"west": {
					"uv": [
						9,
						12,
						9.5,
						14
					],
					"texture": "#1"
				},
				"up": {
					"uv": [
						11.5,
						12.5,
						10,
						12
					],
					"texture": "#1"
				},
				"down": {
					"uv": [
						13.5,
						10,
						12,
						10.5
					],
					"texture": "#1"
				}
			}
		},
		{
			"from": [
				7,
				3.45,
				4.65
			],
			"to": [
				7.5,
				4.8,
				6.15
			],
			"rotation": {
				"angle": 0,
				"axis": "y",
				"origin": [
					0,
					0,
					-2.4
				]
			},
			"faces": {
				"north": {
					"uv": [
						4,
						7,
						4.5,
						8.25
					],
					"texture": "#0"
				},
				"east": {
					"uv": [
						2,
						0,
						3.5,
						1.25
					],
					"texture": "#0"
				},
				"south": {
					"uv": [
						3,
						8,
						3.5,
						9.25
					],
					"texture": "#0"
				},
				"west": {
					"uv": [
						7,
						3,
						8.5,
						4.25
					],
					"texture": "#0"
				},
				"up": {
					"uv": [
						4.5,
						1.5,
						4,
						0
					],
					"texture": "#0"
				},
				"down": {
					"uv": [
						7.5,
						1,
						7,
						2.5
					],
					"texture": "#0"
				}
			}
		},
		{
			"from": [
				7.09,
				-0.25,
				4.65
			],
			"to": [
				7.09,
				3.5,
				6.15
			],
			"rotation": {
				"angle": 0,
				"axis": "y",
				"origin": [
					0,
					0,
					-2.4
				]
			},
			"faces": {
				"north": {
					"uv": [
						0,
						0,
						0,
						3.75
					],
					"texture": "#0"
				},
				"east": {
					"uv": [
						0,
						0,
						1.5,
						3.75
					],
					"texture": "#0"
				},
				"south": {
					"uv": [
						0,
						0,
						0,
						3.75
					],
					"texture": "#0"
				},
				"west": {
					"uv": [
						0,
						12,
						1.5,
						15.75
					],
					"texture": "#0"
				},
				"up": {
					"uv": [
						0,
						1.5,
						0,
						0
					],
					"texture": "#0"
				},
				"down": {
					"uv": [
						0,
						0,
						0,
						1.5
					],
					"texture": "#0"
				}
			}
		}
	],
	"display": {
		"thirdperson_righthand": {
			"translation": [
				0,
				5.5,
				-3.75
			]
		},
		"thirdperson_lefthand": {
			"translation": [
				0,
				5.5,
				-3.75
			],
			"scale": [
				-1,
				1,
				1
			]
		},
		"firstperson_righthand": {
			"translation": [
				-5,
				9.75,
				1
			]
		},
		"firstperson_lefthand": {
			"translation": [
				-5,
				9.75,
				1
			],
			"scale": [
				-1,
				1,
				1
			]
		},
		"ground": {
			"translation": [
				0,
				5.75,
				-3.5
			]
		},
		"gui": {
			"rotation": [
				23,
				-147,
				5
			],
			"translation": [
				-0.5,
				6.5,
				7
			],
			"scale": [
				1.47,
				1.47,
				1.47
			]
		},
		"fixed": {
			"rotation": [
				0,
				90,
				0
			],
			"translation": [
				-3.75,
				9.5,
				-1.75
			],
			"scale": [
				1.85,
				1.85,
				1.85
			]
		}
	}
}