{
	"credit": "Made with Blockbench",
	"textures": {
		"0": "scguns_laf:item/fusilage_texture",
		"1": "scguns_laf:item/animated_gowza_texture",
		"particle": "scguns_laf:item/fusilage_texture"
	},
	"elements": [
		{
			"from": [
				7.75,
				1.25,
				14.35
			],
			"to": [
				8.25,
				2.05,
				14.85
			],
			"rotation": {
				"angle": 0,
				"axis": "y",
				"origin": [
					0,
					-0.5,
					-0.15
				]
			},
			"faces": {
				"north": {
					"uv": [
						9,
						11,
						9.25,
						11.5
					],
					"texture": "#0"
				},
				"east": {
					"uv": [
						11.5,
						4,
						11.75,
						4.5
					],
					"texture": "#0"
				},
				"south": {
					"uv": [
						4.5,
						11.5,
						4.75,
						12
					],
					"texture": "#0"
				},
				"west": {
					"uv": [
						5,
						11.5,
						5.25,
						12
					],
					"texture": "#0"
				},
				"up": {
					"uv": [
						11.25,
						11.75,
						11,
						11.5
					],
					"texture": "#0"
				},
				"down": {
					"uv": [
						11.75,
						11,
						11.5,
						11.25
					],
					"texture": "#0"
				}
			}
		},
		{
			"from": [
				7.35,
				-0.35,
				15.1
			],
			"to": [
				8.65,
				2.45,
				16.6
			],
			"rotation": {
				"angle": -22.5,
				"axis": "x",
				"origin": [
					8,
					0.55,
					15.55
				]
			},
			"faces": {
				"north": {
					"uv": [
						3.75,
						3,
						3,
						4.5
					],
					"rotation": 180,
					"texture": "#0"
				},
				"east": {
					"uv": [
						2,
						2,
						3.5,
						2.75
					],
					"rotation": 270,
					"texture": "#0"
				},
				"south": {
					"uv": [
						2.75,
						4.5,
						2,
						3
					],
					"texture": "#0"
				},
				"west": {
					"uv": [
						2.5,
						0,
						4,
						0.75
					],
					"rotation": 90,
					"texture": "#0"
				},
				"up": {
					"uv": [
						7.5,
						8.5,
						8.25,
						9.25
					],
					"rotation": 180,
					"texture": "#0"
				},
				"down": {
					"uv": [
						8.5,
						7.5,
						9.25,
						8.25
					],
					"texture": "#0"
				}
			}
		},
		{
			"from": [
				7.25,
				2,
				11
			],
			"to": [
				8.75,
				3.3,
				12.8
			],
			"rotation": {
				"angle": 0,
				"axis": "y",
				"origin": [
					0,
					-0.75,
					-0.45
				]
			},
			"faces": {
				"north": {
					"uv": [
						9,
						4,
						10.5,
						5.5
					],
					"texture": "#1"
				},
				"east": {
					"uv": [
						5,
						6,
						7,
						7.5
					],
					"texture": "#1"
				},
				"south": {
					"uv": [
						6,
						9,
						7.5,
						10.5
					],
					"texture": "#1"
				},
				"west": {
					"uv": [
						0,
						7,
						2,
						8.5
					],
					"texture": "#1"
				},
				"up": {
					"uv": [
						8.5,
						2,
						7,
						0
					],
					"texture": "#1"
				},
				"down": {
					"uv": [
						8.5,
						5,
						7,
						7
					],
					"texture": "#1"
				}
			}
		},
		{
			"from": [
				7.45,
				3,
				8.9
			],
			"to": [
				8.65,
				3.8,
				10.8
			],
			"rotation": {
				"angle": 0,
				"axis": "y",
				"origin": [
					0,
					-0.75,
					-0.45
				]
			},
			"faces": {
				"north": {
					"uv": [
						9,
						4,
						10.5,
						5.5
					],
					"texture": "#1"
				},
				"east": {
					"uv": [
						5,
						6,
						7,
						7.5
					],
					"texture": "#1"
				},
				"south": {
					"uv": [
						6,
						9,
						7.5,
						10.5
					],
					"texture": "#1"
				},
				"west": {
					"uv": [
						0,
						7,
						2,
						8.5
					],
					"texture": "#1"
				},
				"up": {
					"uv": [
						8.5,
						2,
						7,
						0
					],
					"texture": "#1"
				},
				"down": {
					"uv": [
						8.5,
						5,
						7,
						7
					],
					"texture": "#1"
				}
			}
		},
		{
			"from": [
				7.45,
				3,
				7.1
			],
			"to": [
				8.65,
				3.8,
				8.9
			],
			"rotation": {
				"angle": 0,
				"axis": "y",
				"origin": [
					0,
					-0.75,
					-0.45
				]
			},
			"faces": {
				"north": {
					"uv": [
						9,
						4,
						10.5,
						5.5
					],
					"texture": "#1"
				},
				"east": {
					"uv": [
						5,
						6,
						7,
						7.5
					],
					"texture": "#1"
				},
				"south": {
					"uv": [
						6,
						9,
						7.5,
						10.5
					],
					"texture": "#1"
				},
				"west": {
					"uv": [
						0,
						7,
						2,
						8.5
					],
					"texture": "#1"
				},
				"up": {
					"uv": [
						8.5,
						2,
						7,
						0
					],
					"texture": "#1"
				},
				"down": {
					"uv": [
						8.5,
						5,
						7,
						7
					],
					"texture": "#1"
				}
			}
		},
		{
			"from": [
				7.35,
				3.3,
				10.5
			],
			"to": [
				8.65,
				3.7,
				13.5
			],
			"rotation": {
				"angle": 0,
				"axis": "y",
				"origin": [
					0,
					-0.75,
					-0.45
				]
			},
			"faces": {
				"north": {
					"uv": [
						11,
						10.5,
						11.75,
						10.75
					],
					"texture": "#0"
				},
				"east": {
					"uv": [
						10.5,
						0,
						12,
						0.25
					],
					"texture": "#0"
				},
				"south": {
					"uv": [
						0,
						11.5,
						0.75,
						11.75
					],
					"texture": "#0"
				},
				"west": {
					"uv": [
						10.5,
						0.5,
						12,
						0.75
					],
					"texture": "#0"
				},
				"up": {
					"uv": [
						1.25,
						7,
						0.5,
						5.5
					],
					"texture": "#0"
				},
				"down": {
					"uv": [
						2.25,
						5.5,
						1.5,
						7
					],
					"texture": "#0"
				}
			}
		},
		{
			"from": [
				7.45,
				3.8,
				7.6
			],
			"to": [
				8.55,
				4.1,
				10.6
			],
			"rotation": {
				"angle": 0,
				"axis": "y",
				"origin": [
					0,
					-0.75,
					-0.45
				]
			},
			"faces": {
				"north": {
					"uv": [
						11,
						10.5,
						11.75,
						10.75
					],
					"texture": "#0"
				},
				"east": {
					"uv": [
						10.5,
						0,
						12,
						0.25
					],
					"texture": "#0"
				},
				"south": {
					"uv": [
						0,
						11.5,
						0.75,
						11.75
					],
					"texture": "#0"
				},
				"west": {
					"uv": [
						10.5,
						0.5,
						12,
						0.75
					],
					"texture": "#0"
				},
				"up": {
					"uv": [
						1.25,
						7,
						0.5,
						5.5
					],
					"texture": "#0"
				},
				"down": {
					"uv": [
						2.25,
						5.5,
						1.5,
						7
					],
					"texture": "#0"
				}
			}
		},
		{
			"from": [
				8.75,
				2.3,
				10.6
			],
			"to": [
				8.95,
				3.2,
				13.1
			],
			"rotation": {
				"angle": 0,
				"axis": "y",
				"origin": [
					0,
					-0.75,
					-0.45
				]
			},
			"faces": {
				"north": {
					"uv": [
						11,
						10.5,
						11.75,
						10.75
					],
					"texture": "#0"
				},
				"east": {
					"uv": [
						10.5,
						0,
						12,
						0.25
					],
					"texture": "#0"
				},
				"south": {
					"uv": [
						0,
						11.5,
						0.75,
						11.75
					],
					"texture": "#0"
				},
				"west": {
					"uv": [
						10.5,
						0.5,
						12,
						0.75
					],
					"texture": "#0"
				},
				"up": {
					"uv": [
						1.25,
						7,
						0.5,
						5.5
					],
					"texture": "#0"
				},
				"down": {
					"uv": [
						2.25,
						5.5,
						1.5,
						7
					],
					"texture": "#0"
				}
			}
		},
		{
			"from": [
				8.95,
				2.6,
				10.8
			],
			"to": [
				9.25,
				2.9,
				11.3
			],
			"rotation": {
				"angle": 0,
				"axis": "y",
				"origin": [
					0,
					-0.75,
					-0.45
				]
			},
			"faces": {
				"north": {
					"uv": [
						3,
						8.5,
						4.25,
						9
					],
					"texture": "#0"
				},
				"east": {
					"uv": [
						10.5,
						2.5,
						12,
						2.75
					],
					"texture": "#0"
				},
				"south": {
					"uv": [
						3,
						8.5,
						4.1875,
						8.9375
					],
					"texture": "#0"
				},
				"west": {
					"uv": [
						10.5,
						2.5,
						12,
						2.75
					],
					"texture": "#0"
				},
				"up": {
					"uv": [
						1.25,
						7,
						0.5,
						5.5
					],
					"texture": "#0"
				},
				"down": {
					"uv": [
						2.25,
						5.5,
						1.5,
						7
					],
					"texture": "#0"
				}
			}
		},
		{
			"from": [
				9.25,
				1.1,
				10.8
			],
			"to": [
				9.55,
				2.9,
				11.3
			],
			"rotation": {
				"angle": 0,
				"axis": "y",
				"origin": [
					0,
					-0.75,
					-0.45
				]
			},
			"faces": {
				"north": {
					"uv": [
						3,
						8.5,
						4.25,
						9
					],
					"texture": "#0"
				},
				"east": {
					"uv": [
						10.5,
						2.5,
						12,
						2.75
					],
					"texture": "#0"
				},
				"south": {
					"uv": [
						3,
						8.5,
						4.1875,
						8.9375
					],
					"texture": "#0"
				},
				"west": {
					"uv": [
						10.5,
						2.5,
						12,
						2.75
					],
					"texture": "#0"
				},
				"up": {
					"uv": [
						1.25,
						7,
						0.5,
						5.5
					],
					"texture": "#0"
				},
				"down": {
					"uv": [
						2.25,
						5.5,
						1.5,
						7
					],
					"texture": "#0"
				}
			}
		},
		{
			"from": [
				9.55,
				1.1,
				10.8
			],
			"to": [
				9.75,
				1.5,
				11.4
			],
			"rotation": {
				"angle": 0,
				"axis": "y",
				"origin": [
					0,
					-0.75,
					-0.45
				]
			},
			"faces": {
				"north": {
					"uv": [
						11,
						10.5,
						11.75,
						10.75
					],
					"texture": "#0"
				},
				"east": {
					"uv": [
						10.5,
						0,
						12,
						0.25
					],
					"texture": "#0"
				},
				"south": {
					"uv": [
						0,
						11.5,
						0.75,
						11.75
					],
					"texture": "#0"
				},
				"west": {
					"uv": [
						10.5,
						0.5,
						12,
						0.75
					],
					"texture": "#0"
				},
				"up": {
					"uv": [
						1.25,
						7,
						0.5,
						5.5
					],
					"texture": "#0"
				},
				"down": {
					"uv": [
						2.25,
						5.5,
						1.5,
						7
					],
					"texture": "#0"
				}
			}
		},
		{
			"from": [
				7.25,
				2.4,
				12.8
			],
			"to": [
				8.75,
				4.2,
				13.3
			],
			"rotation": {
				"angle": 0,
				"axis": "y",
				"origin": [
					0,
					-0.75,
					-0.45
				]
			},
			"faces": {
				"north": {
					"uv": [
						3,
						6,
						4.5,
						8
					],
					"texture": "#1"
				},
				"east": {
					"uv": [
						10,
						2,
						10.5,
						4
					],
					"texture": "#1"
				},
				"south": {
					"uv": [
						6,
						3,
						7.5,
						5
					],
					"texture": "#1"
				},
				"west": {
					"uv": [
						4,
						10,
						4.5,
						12
					],
					"texture": "#1"
				},
				"up": {
					"uv": [
						12.5,
						2.5,
						11,
						2
					],
					"texture": "#1"
				},
				"down": {
					"uv": [
						12.5,
						3,
						11,
						3.5
					],
					"texture": "#1"
				}
			}
		},
		{
			"from": [
				7.25,
				2.4,
				10.5
			],
			"to": [
				8.75,
				4.2,
				11
			],
			"rotation": {
				"angle": 0,
				"axis": "y",
				"origin": [
					0,
					-0.75,
					-0.45
				]
			},
			"faces": {
				"north": {
					"uv": [
						7,
						7,
						8.5,
						9
					],
					"texture": "#1"
				},
				"east": {
					"uv": [
						5,
						10,
						5.5,
						12
					],
					"texture": "#1"
				},
				"south": {
					"uv": [
						2,
						8,
						3.5,
						10
					],
					"texture": "#1"
				},
				"west": {
					"uv": [
						10,
						6,
						10.5,
						8
					],
					"texture": "#1"
				},
				"up": {
					"uv": [
						12.5,
						4.5,
						11,
						4
					],
					"texture": "#1"
				},
				"down": {
					"uv": [
						12.5,
						5,
						11,
						5.5
					],
					"texture": "#1"
				}
			}
		},
		{
			"from": [
				7.75,
				2.8,
				1.2
			],
			"to": [
				8.25,
				3.55,
				4.3
			],
			"rotation": {
				"angle": 0,
				"axis": "y",
				"origin": [
					0,
					-0.75,
					-0.45
				]
			},
			"faces": {
				"north": {
					"uv": [
						10,
						11.5,
						10.25,
						12
					],
					"texture": "#0"
				},
				"east": {
					"uv": [
						8,
						4,
						9.5,
						4.5
					],
					"texture": "#0"
				},
				"south": {
					"uv": [
						10.5,
						11.5,
						10.75,
						12
					],
					"texture": "#0"
				},
				"west": {
					"uv": [
						8,
						4.5,
						9.5,
						5
					],
					"texture": "#0"
				},
				"up": {
					"uv": [
						9.75,
						11.5,
						9.5,
						10
					],
					"texture": "#0"
				},
				"down": {
					"uv": [
						10.25,
						10,
						10,
						11.5
					],
					"texture": "#0"
				}
			}
		},
		{
			"from": [
				7.5,
				2.7,
				0.9
			],
			"to": [
				8.5,
				3.7,
				1.2
			],
			"rotation": {
				"angle": 0,
				"axis": "y",
				"origin": [
					0,
					-0.75,
					-0.45
				]
			},
			"faces": {
				"north": {
					"uv": [
						3,
						1,
						4,
						2
					],
					"texture": "#0"
				},
				"east": {
					"uv": [
						4,
						1,
						4.25,
						2
					],
					"texture": "#0"
				},
				"south": {
					"uv": [
						4,
						0,
						5,
						1
					],
					"texture": "#0"
				},
				"west": {
					"uv": [
						4,
						2,
						4.25,
						3
					],
					"texture": "#0"
				},
				"up": {
					"uv": [
						5,
						3.25,
						4,
						3
					],
					"texture": "#0"
				},
				"down": {
					"uv": [
						5,
						4,
						4,
						4.25
					],
					"texture": "#0"
				}
			}
		},
		{
			"from": [
				7.75,
				1.9,
				4
			],
			"to": [
				8.25,
				2.65,
				7.1
			],
			"rotation": {
				"angle": 0,
				"axis": "y",
				"origin": [
					0,
					-0.75,
					-0.45
				]
			},
			"faces": {
				"north": {
					"uv": [
						10,
						11.5,
						10.25,
						12
					],
					"texture": "#0"
				},
				"east": {
					"uv": [
						8,
						4,
						9.5,
						4.5
					],
					"texture": "#0"
				},
				"south": {
					"uv": [
						10.5,
						11.5,
						10.75,
						12
					],
					"texture": "#0"
				},
				"west": {
					"uv": [
						8,
						4.5,
						9.5,
						5
					],
					"texture": "#0"
				},
				"up": {
					"uv": [
						9.75,
						11.5,
						9.5,
						10
					],
					"texture": "#0"
				},
				"down": {
					"uv": [
						10.25,
						10,
						10,
						11.5
					],
					"texture": "#0"
				}
			}
		},
		{
			"from": [
				7.6,
				2.75,
				4.3
			],
			"to": [
				8.4,
				3.65,
				7.1
			],
			"rotation": {
				"angle": 0,
				"axis": "y",
				"origin": [
					0,
					-0.75,
					-0.45
				]
			},
			"faces": {
				"north": {
					"uv": [
						7,
						9,
						7.5,
						9.5
					],
					"texture": "#0"
				},
				"east": {
					"uv": [
						8,
						7,
						9.25,
						7.5
					],
					"texture": "#0"
				},
				"south": {
					"uv": [
						10.5,
						5.5,
						11,
						6
					],
					"texture": "#0"
				},
				"west": {
					"uv": [
						3,
						8.5,
						4.25,
						9
					],
					"texture": "#0"
				},
				"up": {
					"uv": [
						5.5,
						9.75,
						5,
						8.5
					],
					"texture": "#0"
				},
				"down": {
					"uv": [
						6,
						8.5,
						5.5,
						9.75
					],
					"texture": "#0"
				}
			}
		},
		{
			"from": [
				7.6,
				2.75,
				7.1
			],
			"to": [
				8.4,
				3.65,
				12.4
			],
			"rotation": {
				"angle": 0,
				"axis": "y",
				"origin": [
					0,
					-0.75,
					-0.45
				]
			},
			"faces": {
				"north": {
					"uv": [
						7,
						9,
						7.5,
						9.5
					],
					"texture": "#0"
				},
				"east": {
					"uv": [
						8,
						7,
						9.25,
						7.5
					],
					"texture": "#0"
				},
				"south": {
					"uv": [
						10.5,
						5.5,
						11,
						6
					],
					"texture": "#0"
				},
				"west": {
					"uv": [
						3,
						8.5,
						4.25,
						9
					],
					"texture": "#0"
				},
				"up": {
					"uv": [
						5.5,
						9.75,
						5,
						8.5
					],
					"texture": "#0"
				},
				"down": {
					"uv": [
						6,
						8.5,
						5.5,
						9.75
					],
					"texture": "#0"
				}
			}
		},
		{
			"from": [
				7.35,
				1.8,
				6.8
			],
			"to": [
				8.65,
				3.75,
				7.1
			],
			"rotation": {
				"angle": 0,
				"axis": "y",
				"origin": [
					0,
					-0.75,
					-0.45
				]
			},
			"faces": {
				"north": {
					"uv": [
						8,
						2,
						9.5,
						4
					],
					"texture": "#1"
				},
				"east": {
					"uv": [
						9,
						10,
						9.5,
						12
					],
					"texture": "#1"
				},
				"south": {
					"uv": [
						4,
						8,
						5.5,
						10
					],
					"texture": "#1"
				},
				"west": {
					"uv": [
						10,
						10,
						10.5,
						12
					],
					"texture": "#1"
				},
				"up": {
					"uv": [
						12.5,
						7.5,
						11,
						7
					],
					"texture": "#1"
				},
				"down": {
					"uv": [
						12.5,
						10,
						11,
						10.5
					],
					"texture": "#1"
				}
			}
		},
		{
			"from": [
				7.35,
				1.8,
				5.2
			],
			"to": [
				8.65,
				3.75,
				5.5
			],
			"rotation": {
				"angle": 0,
				"axis": "y",
				"origin": [
					0,
					-0.75,
					-0.45
				]
			},
			"faces": {
				"north": {
					"uv": [
						0,
						9,
						1.5,
						11
					],
					"texture": "#1"
				},
				"east": {
					"uv": [
						0,
						11,
						0.5,
						13
					],
					"texture": "#1"
				},
				"south": {
					"uv": [
						9,
						0,
						10.5,
						2
					],
					"texture": "#1"
				},
				"west": {
					"uv": [
						11,
						0,
						11.5,
						2
					],
					"texture": "#1"
				},
				"up": {
					"uv": [
						12.5,
						11.5,
						11,
						11
					],
					"texture": "#1"
				},
				"down": {
					"uv": [
						13.5,
						0,
						12,
						0.5
					],
					"texture": "#1"
				}
			}
		},
		{
			"from": [
				7.35,
				1.8,
				4.1
			],
			"to": [
				8.65,
				3.75,
				4.4
			],
			"rotation": {
				"angle": 0,
				"axis": "y",
				"origin": [
					0,
					-0.75,
					-0.45
				]
			},
			"faces": {
				"north": {
					"uv": [
						0,
						9,
						1.5,
						11
					],
					"texture": "#1"
				},
				"east": {
					"uv": [
						0,
						11,
						0.5,
						13
					],
					"texture": "#1"
				},
				"south": {
					"uv": [
						9,
						0,
						10.5,
						2
					],
					"texture": "#1"
				},
				"west": {
					"uv": [
						11,
						0,
						11.5,
						2
					],
					"texture": "#1"
				},
				"up": {
					"uv": [
						12.5,
						11.5,
						11,
						11
					],
					"texture": "#1"
				},
				"down": {
					"uv": [
						13.5,
						0,
						12,
						0.5
					],
					"texture": "#1"
				}
			}
		},
		{
			"from": [
				7.65,
				4.1,
				7.25
			],
			"to": [
				7.85,
				4.6,
				7.5
			],
			"rotation": {
				"angle": 0,
				"axis": "y",
				"origin": [
					0,
					-0.75,
					-0.45
				]
			},
			"faces": {
				"north": {
					"uv": [
						12,
						1,
						12.25,
						1.25
					],
					"texture": "#0"
				},
				"east": {
					"uv": [
						1.5,
						12,
						1.75,
						12.25
					],
					"texture": "#0"
				},
				"south": {
					"uv": [
						12,
						1.5,
						12.25,
						1.75
					],
					"texture": "#0"
				},
				"west": {
					"uv": [
						2,
						12,
						2.25,
						12.25
					],
					"texture": "#0"
				},
				"up": {
					"uv": [
						12.25,
						2.25,
						12,
						2
					],
					"texture": "#0"
				},
				"down": {
					"uv": [
						2.75,
						12,
						2.5,
						12.25
					],
					"texture": "#0"
				}
			}
		},
		{
			"from": [
				8.15,
				4.1,
				7.25
			],
			"to": [
				8.35,
				4.6,
				7.5
			],
			"rotation": {
				"angle": 0,
				"axis": "y",
				"origin": [
					0,
					-0.75,
					-0.45
				]
			},
			"faces": {
				"north": {
					"uv": [
						3.5,
						12,
						3.75,
						12.25
					],
					"texture": "#0"
				},
				"east": {
					"uv": [
						12,
						3.5,
						12.25,
						3.75
					],
					"texture": "#0"
				},
				"south": {
					"uv": [
						4,
						12,
						4.25,
						12.25
					],
					"texture": "#0"
				},
				"west": {
					"uv": [
						12,
						4,
						12.25,
						4.25
					],
					"texture": "#0"
				},
				"up": {
					"uv": [
						4.75,
						12.25,
						4.5,
						12
					],
					"texture": "#0"
				},
				"down": {
					"uv": [
						12.25,
						4.5,
						12,
						4.75
					],
					"texture": "#0"
				}
			}
		},
		{
			"from": [
				7.45,
				3.8,
				7.1
			],
			"to": [
				8.55,
				4.1,
				7.6
			],
			"rotation": {
				"angle": 0,
				"axis": "y",
				"origin": [
					0,
					-0.75,
					-0.45
				]
			},
			"faces": {
				"north": {
					"uv": [
						11,
						5.5,
						11.75,
						5.75
					],
					"texture": "#0"
				},
				"east": {
					"uv": [
						3,
						12,
						3.25,
						12.25
					],
					"texture": "#0"
				},
				"south": {
					"uv": [
						11,
						7,
						11.75,
						7.25
					],
					"texture": "#0"
				},
				"west": {
					"uv": [
						12,
						3,
						12.25,
						3.25
					],
					"texture": "#0"
				},
				"up": {
					"uv": [
						8.25,
						11.25,
						7.5,
						11
					],
					"texture": "#0"
				},
				"down": {
					"uv": [
						11.75,
						7.5,
						11,
						7.75
					],
					"texture": "#0"
				}
			}
		},
		{
			"from": [
				7.35,
				3.8,
				15.6
			],
			"to": [
				8.65,
				4.2,
				16
			],
			"rotation": {
				"angle": 0,
				"axis": "y",
				"origin": [
					0,
					-0.75,
					-0.65
				]
			},
			"faces": {
				"north": {
					"uv": [
						1,
						11.5,
						1.75,
						11.75
					],
					"texture": "#0"
				},
				"east": {
					"uv": [
						8,
						12,
						8.25,
						12.25
					],
					"texture": "#0"
				},
				"south": {
					"uv": [
						2.5,
						11.5,
						3.25,
						11.75
					],
					"texture": "#0"
				},
				"west": {
					"uv": [
						12,
						8,
						12.25,
						8.25
					],
					"texture": "#0"
				},
				"up": {
					"uv": [
						12.25,
						2.75,
						11.5,
						2.5
					],
					"texture": "#0"
				},
				"down": {
					"uv": [
						4.25,
						11.5,
						3.5,
						11.75
					],
					"texture": "#0"
				}
			}
		},
		{
			"from": [
				7.75,
				3.6,
				13.7
			],
			"to": [
				8.25,
				4,
				15.8
			],
			"rotation": {
				"angle": 0,
				"axis": "y",
				"origin": [
					0,
					-0.75,
					-0.45
				]
			},
			"faces": {
				"north": {
					"uv": [
						8.5,
						12,
						8.75,
						12.25
					],
					"texture": "#0"
				},
				"east": {
					"uv": [
						7.5,
						10.5,
						8.5,
						10.75
					],
					"texture": "#0"
				},
				"south": {
					"uv": [
						12,
						8.5,
						12.25,
						8.75
					],
					"texture": "#0"
				},
				"west": {
					"uv": [
						10.5,
						8,
						11.5,
						8.25
					],
					"texture": "#0"
				},
				"up": {
					"uv": [
						8.75,
						11.5,
						8.5,
						10.5
					],
					"texture": "#0"
				},
				"down": {
					"uv": [
						10.75,
						10,
						10.5,
						11
					],
					"texture": "#0"
				}
			}
		},
		{
			"from": [
				8.15,
				4.2,
				15.65
			],
			"to": [
				8.35,
				4.7,
				15.9
			],
			"rotation": {
				"angle": 0,
				"axis": "y",
				"origin": [
					0,
					-0.75,
					-0.65
				]
			},
			"faces": {
				"north": {
					"uv": [
						6.5,
						12,
						6.75,
						12.25
					],
					"texture": "#0"
				},
				"east": {
					"uv": [
						12,
						6.5,
						12.25,
						6.75
					],
					"texture": "#0"
				},
				"south": {
					"uv": [
						7,
						12,
						7.25,
						12.25
					],
					"texture": "#0"
				},
				"west": {
					"uv": [
						12,
						7,
						12.25,
						7.25
					],
					"texture": "#0"
				},
				"up": {
					"uv": [
						7.75,
						12.25,
						7.5,
						12
					],
					"texture": "#0"
				},
				"down": {
					"uv": [
						12.25,
						7.5,
						12,
						7.75
					],
					"texture": "#0"
				}
			}
		},
		{
			"from": [
				7.65,
				4.2,
				15.65
			],
			"to": [
				7.85,
				4.7,
				15.9
			],
			"rotation": {
				"angle": 0,
				"axis": "y",
				"origin": [
					0,
					-0.75,
					-0.65
				]
			},
			"faces": {
				"north": {
					"uv": [
						5,
						12,
						5.25,
						12.25
					],
					"texture": "#0"
				},
				"east": {
					"uv": [
						12,
						5,
						12.25,
						5.25
					],
					"texture": "#0"
				},
				"south": {
					"uv": [
						5.5,
						12,
						5.75,
						12.25
					],
					"texture": "#0"
				},
				"west": {
					"uv": [
						12,
						5.5,
						12.25,
						5.75
					],
					"texture": "#0"
				},
				"up": {
					"uv": [
						6.25,
						12.25,
						6,
						12
					],
					"texture": "#0"
				},
				"down": {
					"uv": [
						12.25,
						6,
						12,
						6.25
					],
					"texture": "#0"
				}
			}
		},
		{
			"from": [
				7.5,
				2.45,
				13.3
			],
			"to": [
				8.5,
				4.15,
				16.05
			],
			"rotation": {
				"angle": 0,
				"axis": "y",
				"origin": [
					0,
					-0.75,
					-0.65
				]
			},
			"faces": {
				"north": {
					"uv": [
						9,
						6,
						10,
						7.5
					],
					"texture": "#1"
				},
				"east": {
					"uv": [
						0,
						0,
						3,
						1.5
					],
					"texture": "#1"
				},
				"south": {
					"uv": [
						8,
						9,
						9,
						10.5
					],
					"texture": "#1"
				},
				"west": {
					"uv": [
						0,
						2,
						3,
						3.5
					],
					"texture": "#1"
				},
				"up": {
					"uv": [
						3,
						7,
						2,
						4
					],
					"texture": "#1"
				},
				"down": {
					"uv": [
						6,
						3,
						5,
						6
					],
					"texture": "#1"
				}
			}
		},
		{
			"from": [
				7.5,
				2.45,
				10.75
			],
			"to": [
				8.5,
				4.15,
				13.3
			],
			"rotation": {
				"angle": 0,
				"axis": "y",
				"origin": [
					0,
					-0.75,
					-0.45
				]
			},
			"faces": {
				"north": {
					"uv": [
						9,
						6,
						10,
						7.5
					],
					"texture": "#1"
				},
				"east": {
					"uv": [
						0,
						0,
						3,
						1.5
					],
					"texture": "#1"
				},
				"south": {
					"uv": [
						8,
						9,
						9,
						10.5
					],
					"texture": "#1"
				},
				"west": {
					"uv": [
						0,
						2,
						3,
						3.5
					],
					"texture": "#1"
				},
				"up": {
					"uv": [
						3,
						7,
						2,
						4
					],
					"texture": "#1"
				},
				"down": {
					"uv": [
						6,
						3,
						5,
						6
					],
					"texture": "#1"
				}
			}
		},
		{
			"from": [
				7.6,
				2.25,
				15.85
			],
			"to": [
				8.4,
				3.55,
				16.2
			],
			"rotation": {
				"angle": 0,
				"axis": "y",
				"origin": [
					0,
					-0.75,
					-0.65
				]
			},
			"faces": {
				"north": {
					"uv": [
						6,
						5,
						7,
						6
					],
					"texture": "#1"
				},
				"east": {
					"uv": [
						7,
						2,
						7.5,
						3
					],
					"texture": "#1"
				},
				"south": {
					"uv": [
						2,
						7,
						3,
						8
					],
					"texture": "#1"
				},
				"west": {
					"uv": [
						8,
						4,
						8.5,
						5
					],
					"texture": "#1"
				},
				"up": {
					"uv": [
						7,
						8.5,
						6,
						8
					],
					"texture": "#1"
				},
				"down": {
					"uv": [
						2,
						11,
						1,
						11.5
					],
					"texture": "#1"
				}
			}
		},
		{
			"from": [
				7.35,
				2,
				10.5
			],
			"to": [
				8.65,
				2.45,
				13.3
			],
			"rotation": {
				"angle": 0,
				"axis": "y",
				"origin": [
					0,
					-0.75,
					-0.45
				]
			},
			"faces": {
				"north": {
					"uv": [
						6,
						11,
						7.5,
						11.5
					],
					"texture": "#1"
				},
				"east": {
					"uv": [
						9,
						8,
						12,
						8.5
					],
					"texture": "#1"
				},
				"south": {
					"uv": [
						11,
						6,
						12.5,
						6.5
					],
					"texture": "#1"
				},
				"west": {
					"uv": [
						9,
						9,
						12,
						9.5
					],
					"texture": "#1"
				},
				"up": {
					"uv": [
						4.5,
						3,
						3,
						0
					],
					"texture": "#1"
				},
				"down": {
					"uv": [
						4.5,
						3,
						3,
						6
					],
					"texture": "#1"
				}
			}
		},
		{
			"from": [
				7.6,
				1,
				13.5
			],
			"to": [
				8.4,
				1.3,
				15.45
			],
			"rotation": {
				"angle": 0,
				"axis": "y",
				"origin": [
					0,
					-0.75,
					-0.65
				]
			},
			"faces": {
				"north": {
					"uv": [
						5.5,
						11.5,
						6,
						11.75
					],
					"texture": "#0"
				},
				"east": {
					"uv": [
						10.5,
						2.5,
						11.5,
						2.75
					],
					"texture": "#0"
				},
				"south": {
					"uv": [
						6,
						11.5,
						6.5,
						11.75
					],
					"texture": "#0"
				},
				"west": {
					"uv": [
						10.5,
						4,
						11.5,
						4.25
					],
					"texture": "#0"
				},
				"up": {
					"uv": [
						10.5,
						2,
						10,
						1
					],
					"texture": "#0"
				},
				"down": {
					"uv": [
						10.5,
						2,
						10,
						3
					],
					"texture": "#0"
				}
			}
		},
		{
			"from": [
				7.6,
				1.3,
				13.5
			],
			"to": [
				8.4,
				2.1,
				13.85
			],
			"rotation": {
				"angle": 0,
				"axis": "y",
				"origin": [
					0,
					-0.75,
					-0.65
				]
			},
			"faces": {
				"north": {
					"uv": [
						6.5,
						4.5,
						7,
						5
					],
					"texture": "#0"
				},
				"east": {
					"uv": [
						11.5,
						6,
						11.75,
						6.5
					],
					"texture": "#0"
				},
				"south": {
					"uv": [
						2,
						8,
						2.5,
						8.5
					],
					"texture": "#0"
				},
				"west": {
					"uv": [
						6.5,
						11.5,
						6.75,
						12
					],
					"texture": "#0"
				},
				"up": {
					"uv": [
						12,
						6.75,
						11.5,
						6.5
					],
					"texture": "#0"
				},
				"down": {
					"uv": [
						7.5,
						11.5,
						7,
						11.75
					],
					"texture": "#0"
				}
			}
		},
		{
			"from": [
				7.8,
				1.6,
				13.1
			],
			"to": [
				8.2,
				2.1,
				13.55
			],
			"rotation": {
				"angle": 0,
				"axis": "y",
				"origin": [
					0,
					-0.75,
					-0.65
				]
			},
			"faces": {
				"north": {
					"uv": [
						11.5,
						11.5,
						11.75,
						11.75
					],
					"texture": "#0"
				},
				"east": {
					"uv": [
						0,
						12,
						0.25,
						12.25
					],
					"texture": "#0"
				},
				"south": {
					"uv": [
						12,
						0,
						12.25,
						0.25
					],
					"texture": "#0"
				},
				"west": {
					"uv": [
						0.5,
						12,
						0.75,
						12.25
					],
					"texture": "#0"
				},
				"up": {
					"uv": [
						12.25,
						0.75,
						12,
						0.5
					],
					"texture": "#0"
				},
				"down": {
					"uv": [
						1.25,
						12,
						1,
						12.25
					],
					"texture": "#0"
				}
			}
		},
		{
			"from": [
				7.5,
				0.25,
				10.8
			],
			"to": [
				8.5,
				1.95,
				12.8
			],
			"rotation": {
				"angle": 22.5,
				"axis": "x",
				"origin": [
					8,
					1.175,
					11.75
				]
			},
			"faces": {
				"north": {
					"uv": [
						5,
						10,
						5.5,
						10.75
					],
					"texture": "#0"
				},
				"east": {
					"uv": [
						6.5,
						2.5,
						7.75,
						3.25
					],
					"texture": "#0"
				},
				"south": {
					"uv": [
						10,
						5,
						10.5,
						5.75
					],
					"texture": "#0"
				},
				"west": {
					"uv": [
						6.5,
						3.5,
						7.75,
						4.25
					],
					"texture": "#0"
				},
				"up": {
					"uv": [
						5,
						9.25,
						4.5,
						8
					],
					"texture": "#0"
				},
				"down": {
					"uv": [
						7,
						8,
						6.5,
						9.25
					],
					"texture": "#0"
				}
			}
		},
		{
			"from": [
				7.5,
				-1.25,
				10.8
			],
			"to": [
				8.5,
				0.25,
				12.8
			],
			"rotation": {
				"angle": 22.5,
				"axis": "x",
				"origin": [
					8,
					1.175,
					11.75
				]
			},
			"faces": {
				"north": {
					"uv": [
						5,
						10,
						5.5,
						10.75
					],
					"texture": "#0"
				},
				"east": {
					"uv": [
						6.5,
						2.5,
						7.75,
						3.25
					],
					"texture": "#0"
				},
				"south": {
					"uv": [
						10,
						5,
						10.5,
						5.75
					],
					"texture": "#0"
				},
				"west": {
					"uv": [
						6.5,
						3.5,
						7.75,
						4.25
					],
					"texture": "#0"
				},
				"up": {
					"uv": [
						5,
						9.25,
						4.5,
						8
					],
					"texture": "#0"
				},
				"down": {
					"uv": [
						7,
						8,
						6.5,
						9.25
					],
					"texture": "#0"
				}
			}
		},
		{
			"from": [
				7.51,
				-2.15,
				11.6
			],
			"to": [
				8.51,
				-0.65,
				13.6
			],
			"rotation": {
				"angle": 45,
				"axis": "x",
				"origin": [
					8,
					1.175,
					11.75
				]
			},
			"faces": {
				"north": {
					"uv": [
						5,
						10,
						5.5,
						10.75
					],
					"texture": "#0"
				},
				"east": {
					"uv": [
						6.5,
						2.5,
						7.75,
						3.25
					],
					"texture": "#0"
				},
				"south": {
					"uv": [
						10,
						5,
						10.5,
						5.75
					],
					"texture": "#0"
				},
				"west": {
					"uv": [
						6.5,
						3.5,
						7.75,
						4.25
					],
					"texture": "#0"
				},
				"up": {
					"uv": [
						5,
						9.25,
						4.5,
						8
					],
					"texture": "#0"
				},
				"down": {
					"uv": [
						7,
						8,
						6.5,
						9.25
					],
					"texture": "#0"
				}
			}
		},
		{
			"from": [
				7.3,
				1.35,
				10.5
			],
			"to": [
				8.7,
				2.85,
				13.2
			],
			"rotation": {
				"angle": 0,
				"axis": "x",
				"origin": [
					8,
					1.175,
					11.75
				]
			},
			"faces": {
				"north": {
					"uv": [
						5,
						10,
						5.5,
						10.75
					],
					"texture": "#0"
				},
				"east": {
					"uv": [
						6.5,
						2.5,
						7.75,
						3.25
					],
					"texture": "#0"
				},
				"south": {
					"uv": [
						10,
						5,
						10.5,
						5.75
					],
					"texture": "#0"
				},
				"west": {
					"uv": [
						6.5,
						3.5,
						7.75,
						4.25
					],
					"texture": "#0"
				},
				"up": {
					"uv": [
						5,
						9.25,
						4.5,
						8
					],
					"texture": "#0"
				},
				"down": {
					"uv": [
						7,
						8,
						6.5,
						9.25
					],
					"texture": "#0"
				}
			}
		},
		{
			"from": [
				7.3,
				1.9,
				13.2
			],
			"to": [
				8.7,
				3.6,
				15.8
			],
			"rotation": {
				"angle": 0,
				"axis": "y",
				"origin": [
					0,
					0,
					-0.2
				]
			},
			"faces": {
				"north": {
					"uv": [
						1,
						9,
						1.75,
						9.75
					],
					"texture": "#0"
				},
				"east": {
					"uv": [
						5.5,
						5,
						6.75,
						5.75
					],
					"texture": "#0"
				},
				"south": {
					"uv": [
						9,
						1,
						9.75,
						1.75
					],
					"texture": "#0"
				},
				"west": {
					"uv": [
						6,
						0,
						7.25,
						0.75
					],
					"texture": "#0"
				},
				"up": {
					"uv": [
						6.75,
						2.25,
						6,
						1
					],
					"texture": "#0"
				},
				"down": {
					"uv": [
						3.25,
						6,
						2.5,
						7.25
					],
					"texture": "#0"
				}
			}
		},
		{
			"from": [
				7.3,
				1.6,
				7
			],
			"to": [
				8.7,
				3.2,
				10.5
			],
			"faces": {
				"north": {
					"uv": [
						8,
						9.5,
						8.75,
						10.25
					],
					"texture": "#0"
				},
				"east": {
					"uv": [
						0,
						0,
						2.25,
						0.75
					],
					"texture": "#0"
				},
				"south": {
					"uv": [
						9.5,
						8,
						10.25,
						8.75
					],
					"texture": "#0"
				},
				"west": {
					"uv": [
						0,
						1,
						2.25,
						1.75
					],
					"texture": "#0"
				},
				"up": {
					"uv": [
						0.75,
						4.25,
						0,
						2
					],
					"texture": "#0"
				},
				"down": {
					"uv": [
						1.75,
						2,
						1,
						4.25
					],
					"texture": "#0"
				}
			}
		},
		{
			"from": [
				7.4,
				1.8,
				5.6
			],
			"to": [
				8.6,
				3.1,
				7.1
			],
			"faces": {
				"north": {
					"uv": [
						0,
						10,
						0.75,
						10.75
					],
					"texture": "#0"
				},
				"east": {
					"uv": [
						1,
						8,
						2,
						8.75
					],
					"texture": "#0"
				},
				"south": {
					"uv": [
						1,
						10,
						1.75,
						10.75
					],
					"texture": "#0"
				},
				"west": {
					"uv": [
						8,
						1,
						9,
						1.75
					],
					"texture": "#0"
				},
				"up": {
					"uv": [
						8.75,
						3,
						8,
						2
					],
					"texture": "#0"
				},
				"down": {
					"uv": [
						8.75,
						3,
						8,
						4
					],
					"texture": "#0"
				}
			}
		},
		{
			"from": [
				7.19,
				-1.35,
				8.05
			],
			"to": [
				7.19,
				1.7,
				9.55
			],
			"faces": {
				"north": {
					"uv": [
						0,
						0,
						0,
						3
					],
					"texture": "#0"
				},
				"east": {
					"uv": [
						9,
						12,
						10.5,
						15
					],
					"texture": "#0"
				},
				"south": {
					"uv": [
						0,
						0,
						0,
						3
					],
					"texture": "#0"
				},
				"west": {
					"uv": [
						12,
						9,
						13.5,
						12
					],
					"texture": "#0"
				},
				"up": {
					"uv": [
						0,
						1.5,
						0,
						0
					],
					"texture": "#0"
				},
				"down": {
					"uv": [
						0,
						0,
						0,
						1.5
					],
					"texture": "#0"
				}
			}
		},
		{
			"from": [
				7.1,
				1.65,
				8.05
			],
			"to": [
				7.6,
				3.1,
				9.55
			],
			"faces": {
				"north": {
					"uv": [
						5,
						0,
						5.5,
						1.5
					],
					"texture": "#0"
				},
				"east": {
					"uv": [
						4,
						6,
						5.5,
						7.5
					],
					"texture": "#0"
				},
				"south": {
					"uv": [
						5,
						2,
						5.5,
						3.5
					],
					"texture": "#0"
				},
				"west": {
					"uv": [
						6,
						6,
						7.5,
						7.5
					],
					"texture": "#0"
				},
				"up": {
					"uv": [
						0.5,
						8.5,
						0,
						7
					],
					"texture": "#0"
				},
				"down": {
					"uv": [
						8.5,
						5,
						8,
						6.5
					],
					"texture": "#0"
				}
			}
		}
	],
	"display": {
		"thirdperson_righthand": {
			"translation": [
				0,
				9.25,
				-8
			],
			"scale": [
				1.38,
				1.38,
				1.38
			]
		},
		"thirdperson_lefthand": {
			"translation": [
				0,
				9.25,
				-8
			],
			"scale": [
				-1.38,
				1.38,
				1.38
			]
		},
		"firstperson_righthand": {
			"translation": [
				-5.75,
				11,
				-0.75
			]
		},
		"firstperson_lefthand": {
			"translation": [
				-5.75,
				11,
				-0.75
			],
			"scale": [
				-1,
				1,
				1
			]
		},
		"ground": {
			"translation": [
				0,
				5.75,
				-3.5
			]
		},
		"gui": {
			"rotation": [
				23,
				-147,
				5
			],
			"translation": [
				2,
				5.5,
				7
			],
			"scale": [
				1.47,
				1.47,
				1.47
			]
		},
		"fixed": {
			"rotation": [
				0,
				90,
				0
			],
			"translation": [
				-3.75,
				11,
				-1.75
			],
			"scale": [
				1.85,
				1.85,
				1.85
			]
		}
	}
}