{
	"credit": "Made with Blockbench",
	"texture_size": [
		32,
		32
	],
	"textures": {
		"2": "scguns_laf:item/new_g19_director_texture",
		"particle": "scguns_laf:item/new_g19_director_texture"
	},
	"elements": [
		{
			"from": [
				7.5,
				0.75,
				14.75
			],
			"to": [
				8.5,
				4.45,
				16.65
			],
			"rotation": {
				"angle": -45,
				"axis": "x",
				"origin": [
					8,
					1,
					15
				]
			},
			"faces": {
				"north": {
					"uv": [
						3,
						9.5,
						3.5,
						11.25
					],
					"texture": "#2"
				},
				"east": {
					"uv": [
						3,
						5,
						4,
						6.75
					],
					"texture": "#2"
				},
				"south": {
					"uv": [
						9.5,
						3,
						10,
						4.75
					],
					"texture": "#2"
				},
				"west": {
					"uv": [
						4,
						5,
						5,
						6.75
					],
					"texture": "#2"
				},
				"up": {
					"uv": [
						9.5,
						3,
						9,
						2
					],
					"texture": "#2"
				},
				"down": {
					"uv": [
						9.5,
						5.5,
						9,
						6.5
					],
					"texture": "#2"
				}
			}
		},
		{
			"from": [
				7.6,
				0.15,
				14.85
			],
			"to": [
				8.4,
				1.05,
				16.4
			],
			"rotation": {
				"angle": -45,
				"axis": "x",
				"origin": [
					8,
					1,
					15
				]
			},
			"faces": {
				"north": {
					"uv": [
						6.5,
						5,
						7,
						5.5
					],
					"texture": "#2"
				},
				"east": {
					"uv": [
						11,
						10,
						11.75,
						10.5
					],
					"texture": "#2"
				},
				"south": {
					"uv": [
						7.5,
						4.5,
						8,
						5
					],
					"texture": "#2"
				},
				"west": {
					"uv": [
						11,
						10.5,
						11.75,
						11
					],
					"texture": "#2"
				},
				"up": {
					"uv": [
						3.5,
						12.25,
						3,
						11.5
					],
					"texture": "#2"
				},
				"down": {
					"uv": [
						12,
						3,
						11.5,
						3.75
					],
					"texture": "#2"
				}
			}
		},
		{
			"from": [
				7.24,
				1.5,
				15.4
			],
			"to": [
				8.76,
				4.1,
				15.9
			],
			"rotation": {
				"angle": -45,
				"axis": "x",
				"origin": [
					8,
					1,
					15
				]
			},
			"faces": {
				"north": {
					"uv": [
						4,
						9,
						4.75,
						10.25
					],
					"texture": "#2"
				},
				"east": {
					"uv": [
						1.5,
						12,
						1.75,
						13.25
					],
					"texture": "#2"
				},
				"south": {
					"uv": [
						5,
						9,
						5.75,
						10.25
					],
					"texture": "#2"
				},
				"west": {
					"uv": [
						12,
						2,
						12.25,
						3.25
					],
					"texture": "#2"
				},
				"up": {
					"uv": [
						12.25,
						12.75,
						11.5,
						12.5
					],
					"texture": "#2"
				},
				"down": {
					"uv": [
						13.25,
						11.5,
						12.5,
						11.75
					],
					"texture": "#2"
				}
			}
		},
		{
			"from": [
				7.34,
				1.1,
				14.6
			],
			"to": [
				8.66,
				4,
				16.3
			],
			"rotation": {
				"angle": -45,
				"axis": "x",
				"origin": [
					8,
					1,
					15
				]
			},
			"faces": {
				"north": {
					"uv": [
						7.5,
						3,
						8.25,
						4.5
					],
					"texture": "#2"
				},
				"east": {
					"uv": [
						7.5,
						7,
						8.25,
						8.5
					],
					"texture": "#2"
				},
				"south": {
					"uv": [
						0,
						8,
						0.75,
						9.5
					],
					"texture": "#2"
				},
				"west": {
					"uv": [
						1,
						8,
						1.75,
						9.5
					],
					"texture": "#2"
				},
				"up": {
					"uv": [
						0.75,
						11.75,
						0,
						11
					],
					"texture": "#2"
				},
				"down": {
					"uv": [
						1.75,
						11,
						1,
						11.75
					],
					"texture": "#2"
				}
			}
		},
		{
			"from": [
				7.25,
				2.44767,
				10.75233
			],
			"to": [
				8.75,
				5.14767,
				12.35233
			],
			"rotation": {
				"angle": 0,
				"axis": "y",
				"origin": [
					8,
					4.34767,
					11.25233
				]
			},
			"faces": {
				"north": {
					"uv": [
						6,
						9,
						6.75,
						10.25
					],
					"texture": "#2"
				},
				"east": {
					"uv": [
						9,
						8.5,
						9.75,
						9.75
					],
					"texture": "#2"
				},
				"south": {
					"uv": [
						0,
						9.5,
						0.75,
						10.75
					],
					"texture": "#2"
				},
				"west": {
					"uv": [
						9.5,
						0,
						10.25,
						1.25
					],
					"texture": "#2"
				},
				"up": {
					"uv": [
						11.75,
						1.75,
						11,
						1
					],
					"texture": "#2"
				},
				"down": {
					"uv": [
						11.75,
						2,
						11,
						2.75
					],
					"texture": "#2"
				}
			}
		},
		{
			"from": [
				7.55,
				5.14767,
				10.75233
			],
			"to": [
				8.45,
				5.34767,
				12.25233
			],
			"rotation": {
				"angle": 0,
				"axis": "y",
				"origin": [
					8,
					4.34767,
					11.25233
				]
			},
			"faces": {
				"north": {
					"uv": [
						2,
						13.5,
						2.5,
						13.75
					],
					"texture": "#2"
				},
				"east": {
					"uv": [
						12.5,
						12,
						13.25,
						12.25
					],
					"texture": "#2"
				},
				"south": {
					"uv": [
						2.5,
						13.5,
						3,
						13.75
					],
					"texture": "#2"
				},
				"west": {
					"uv": [
						12.5,
						12.5,
						13.25,
						12.75
					],
					"texture": "#2"
				},
				"up": {
					"uv": [
						4,
						12.25,
						3.5,
						11.5
					],
					"texture": "#2"
				},
				"down": {
					"uv": [
						12,
						4.5,
						11.5,
						5.25
					],
					"texture": "#2"
				}
			}
		},
		{
			"from": [
				8.75,
				2.74767,
				10.75233
			],
			"to": [
				9.05,
				4.94767,
				12.25233
			],
			"rotation": {
				"angle": 0,
				"axis": "y",
				"origin": [
					8,
					4.34767,
					11.25233
				]
			},
			"faces": {
				"north": {
					"uv": [
						9,
						12,
						9.25,
						13
					],
					"texture": "#2"
				},
				"east": {
					"uv": [
						10,
						3,
						10.75,
						4
					],
					"texture": "#2"
				},
				"south": {
					"uv": [
						12,
						9,
						12.25,
						10
					],
					"texture": "#2"
				},
				"west": {
					"uv": [
						10,
						4,
						10.75,
						5
					],
					"texture": "#2"
				},
				"up": {
					"uv": [
						0.25,
						13.75,
						0,
						13
					],
					"texture": "#2"
				},
				"down": {
					"uv": [
						0.75,
						13,
						0.5,
						13.75
					],
					"texture": "#2"
				}
			}
		},
		{
			"from": [
				7,
				2.74767,
				10.75233
			],
			"to": [
				7.3,
				4.94767,
				12.25233
			],
			"rotation": {
				"angle": 0,
				"axis": "y",
				"origin": [
					8,
					4.34767,
					11.25233
				]
			},
			"faces": {
				"north": {
					"uv": [
						9.5,
						12,
						9.75,
						13
					],
					"texture": "#2"
				},
				"east": {
					"uv": [
						10,
						5,
						10.75,
						6
					],
					"texture": "#2"
				},
				"south": {
					"uv": [
						12,
						10,
						12.25,
						11
					],
					"texture": "#2"
				},
				"west": {
					"uv": [
						10,
						6,
						10.75,
						7
					],
					"texture": "#2"
				},
				"up": {
					"uv": [
						1.25,
						13.75,
						1,
						13
					],
					"texture": "#2"
				},
				"down": {
					"uv": [
						13.25,
						1,
						13,
						1.75
					],
					"texture": "#2"
				}
			}
		},
		{
			"from": [
				7.85,
				4.75264,
				12.35128
			],
			"to": [
				8.15,
				5.15264,
				14.35128
			],
			"rotation": {
				"angle": -22.5,
				"axis": "x",
				"origin": [
					8.025,
					4.85264,
					13.62628
				]
			},
			"faces": {
				"north": {
					"uv": [
						2,
						14,
						2.25,
						14.25
					],
					"texture": "#2"
				},
				"east": {
					"uv": [
						12,
						5,
						13,
						5.25
					],
					"texture": "#2"
				},
				"south": {
					"uv": [
						14,
						2,
						14.25,
						2.25
					],
					"texture": "#2"
				},
				"west": {
					"uv": [
						12,
						11,
						13,
						11.25
					],
					"texture": "#2"
				},
				"up": {
					"uv": [
						12.25,
						12.5,
						12,
						11.5
					],
					"texture": "#2"
				},
				"down": {
					"uv": [
						12.75,
						1,
						12.5,
						2
					],
					"texture": "#2"
				}
			}
		},
		{
			"from": [
				7.75,
				3.57764,
				13.22628
			],
			"to": [
				8.25,
				4.87764,
				13.82628
			],
			"rotation": {
				"angle": 45,
				"axis": "x",
				"origin": [
					8.025,
					4.85264,
					13.62628
				]
			},
			"faces": {
				"north": {
					"uv": [
						3,
						13,
						3.25,
						13.75
					],
					"texture": "#2"
				},
				"east": {
					"uv": [
						3.5,
						13,
						3.75,
						13.75
					],
					"texture": "#2"
				},
				"south": {
					"uv": [
						13,
						5,
						13.25,
						5.75
					],
					"texture": "#2"
				},
				"west": {
					"uv": [
						13,
						6,
						13.25,
						6.75
					],
					"texture": "#2"
				},
				"up": {
					"uv": [
						2.75,
						14.25,
						2.5,
						14
					],
					"texture": "#2"
				},
				"down": {
					"uv": [
						14.25,
						2.5,
						14,
						2.75
					],
					"texture": "#2"
				}
			}
		},
		{
			"from": [
				7.65,
				4.45264,
				14.35128
			],
			"to": [
				8.35,
				5.35264,
				14.55128
			],
			"rotation": {
				"angle": -22.5,
				"axis": "x",
				"origin": [
					8.025,
					4.85264,
					13.62628
				]
			},
			"faces": {
				"north": {
					"uv": [
						13.5,
						2.5,
						13.75,
						3
					],
					"texture": "#2"
				},
				"east": {
					"uv": [
						13.5,
						3,
						13.75,
						3.5
					],
					"texture": "#2"
				},
				"south": {
					"uv": [
						13.5,
						3.5,
						13.75,
						4
					],
					"texture": "#2"
				},
				"west": {
					"uv": [
						4,
						13.5,
						4.25,
						14
					],
					"texture": "#2"
				},
				"up": {
					"uv": [
						3.25,
						14.25,
						3,
						14
					],
					"texture": "#2"
				},
				"down": {
					"uv": [
						14.25,
						3,
						14,
						3.25
					],
					"texture": "#2"
				}
			}
		},
		{
			"from": [
				7.26,
				2.44767,
				12.35233
			],
			"to": [
				8.74,
				5.04767,
				13.35233
			],
			"rotation": {
				"angle": 0,
				"axis": "y",
				"origin": [
					8,
					4.34767,
					11.25233
				]
			},
			"faces": {
				"north": {
					"uv": [
						1,
						9.5,
						1.75,
						10.75
					],
					"texture": "#2"
				},
				"east": {
					"uv": [
						5.5,
						10.5,
						6,
						11.75
					],
					"texture": "#2"
				},
				"south": {
					"uv": [
						9.5,
						1.5,
						10.25,
						2.75
					],
					"texture": "#2"
				},
				"west": {
					"uv": [
						6,
						10.5,
						6.5,
						11.75
					],
					"texture": "#2"
				},
				"up": {
					"uv": [
						12.25,
						6,
						11.5,
						5.5
					],
					"texture": "#2"
				},
				"down": {
					"uv": [
						12.25,
						6,
						11.5,
						6.5
					],
					"texture": "#2"
				}
			}
		},
		{
			"from": [
				7.75,
				1.94767,
				12.55233
			],
			"to": [
				8.25,
				2.74767,
				13.25233
			],
			"rotation": {
				"angle": 0,
				"axis": "y",
				"origin": [
					8,
					4.34767,
					11.25233
				]
			},
			"faces": {
				"north": {
					"uv": [
						13.5,
						4,
						13.75,
						4.5
					],
					"texture": "#2"
				},
				"east": {
					"uv": [
						4.5,
						13.5,
						4.75,
						14
					],
					"texture": "#2"
				},
				"south": {
					"uv": [
						13.5,
						4.5,
						13.75,
						5
					],
					"texture": "#2"
				},
				"west": {
					"uv": [
						5,
						13.5,
						5.25,
						14
					],
					"texture": "#2"
				},
				"up": {
					"uv": [
						3.75,
						14.25,
						3.5,
						14
					],
					"texture": "#2"
				},
				"down": {
					"uv": [
						14.25,
						3.5,
						14,
						3.75
					],
					"texture": "#2"
				}
			}
		},
		{
			"from": [
				7.65,
				1.74767,
				12.25233
			],
			"to": [
				8.35,
				2.74767,
				12.55233
			],
			"rotation": {
				"angle": 0,
				"axis": "y",
				"origin": [
					8,
					4.34767,
					11.25233
				]
			},
			"faces": {
				"north": {
					"uv": [
						13.5,
						5,
						13.75,
						5.5
					],
					"texture": "#2"
				},
				"east": {
					"uv": [
						5.5,
						13.5,
						5.75,
						14
					],
					"texture": "#2"
				},
				"south": {
					"uv": [
						13.5,
						5.5,
						13.75,
						6
					],
					"texture": "#2"
				},
				"west": {
					"uv": [
						6,
						13.5,
						6.25,
						14
					],
					"texture": "#2"
				},
				"up": {
					"uv": [
						4.25,
						14.25,
						4,
						14
					],
					"texture": "#2"
				},
				"down": {
					"uv": [
						14.25,
						4,
						14,
						4.25
					],
					"texture": "#2"
				}
			}
		},
		{
			"from": [
				7.36,
				3.74767,
				13.25233
			],
			"to": [
				8.64,
				4.74767,
				14.05233
			],
			"rotation": {
				"angle": 0,
				"axis": "y",
				"origin": [
					8,
					4.34767,
					11.25233
				]
			},
			"faces": {
				"north": {
					"uv": [
						6.5,
						11.5,
						7.25,
						12
					],
					"texture": "#2"
				},
				"east": {
					"uv": [
						8,
						6.5,
						8.5,
						7
					],
					"texture": "#2"
				},
				"south": {
					"uv": [
						7.5,
						11.5,
						8.25,
						12
					],
					"texture": "#2"
				},
				"west": {
					"uv": [
						7,
						8,
						7.5,
						8.5
					],
					"texture": "#2"
				},
				"up": {
					"uv": [
						12.25,
						8.5,
						11.5,
						8
					],
					"texture": "#2"
				},
				"down": {
					"uv": [
						12.25,
						8.5,
						11.5,
						9
					],
					"texture": "#2"
				}
			}
		},
		{
			"from": [
				6.9075,
				1.93482,
				7.20018
			],
			"to": [
				9.0925,
				3.77482,
				9.02518
			],
			"rotation": {
				"angle": 0,
				"axis": "y",
				"origin": [
					8,
					2.06982,
					7.60018
				]
			},
			"faces": {
				"north": {
					"uv": [
						8,
						5.5,
						9,
						6.5
					],
					"texture": "#2"
				},
				"east": {
					"uv": [
						6,
						8,
						7,
						9
					],
					"texture": "#2"
				},
				"south": {
					"uv": [
						8.5,
						1,
						9.5,
						2
					],
					"texture": "#2"
				},
				"west": {
					"uv": [
						3,
						8.5,
						4,
						9.5
					],
					"texture": "#2"
				},
				"up": {
					"uv": [
						9.5,
						4,
						8.5,
						3
					],
					"texture": "#2"
				},
				"down": {
					"uv": [
						9.5,
						6.5,
						8.5,
						7.5
					],
					"texture": "#2"
				}
			}
		},
		{
			"from": [
				6.9075,
				2.16482,
				3.80018
			],
			"to": [
				9.0925,
				3.77482,
				6.62518
			],
			"rotation": {
				"angle": 0,
				"axis": "y",
				"origin": [
					8,
					2.06982,
					7.60018
				]
			},
			"faces": {
				"north": {
					"uv": [
						10,
						8,
						11,
						8.75
					],
					"texture": "#2"
				},
				"east": {
					"uv": [
						8,
						0,
						9.5,
						0.75
					],
					"texture": "#2"
				},
				"south": {
					"uv": [
						9,
						10,
						10,
						10.75
					],
					"texture": "#2"
				},
				"west": {
					"uv": [
						8,
						4.5,
						9.5,
						5.25
					],
					"texture": "#2"
				},
				"up": {
					"uv": [
						7,
						7,
						6,
						5.5
					],
					"texture": "#2"
				},
				"down": {
					"uv": [
						1,
						6.5,
						0,
						8
					],
					"texture": "#2"
				}
			}
		},
		{
			"from": [
				6.9075,
				2.21982,
				6.62518
			],
			"to": [
				9.0925,
				5.46482,
				7.20018
			],
			"rotation": {
				"angle": 0,
				"axis": "y",
				"origin": [
					8,
					5.05982,
					11.74018
				]
			},
			"faces": {
				"north": {
					"uv": [
						1,
						6.5,
						2,
						8
					],
					"texture": "#2"
				},
				"east": {
					"uv": [
						8.5,
						11.5,
						8.75,
						13
					],
					"texture": "#2"
				},
				"south": {
					"uv": [
						6.5,
						2,
						7.5,
						3.5
					],
					"texture": "#2"
				},
				"west": {
					"uv": [
						10,
						11.5,
						10.25,
						13
					],
					"texture": "#2"
				},
				"up": {
					"uv": [
						13.5,
						2.25,
						12.5,
						2
					],
					"texture": "#2"
				},
				"down": {
					"uv": [
						13.5,
						2.5,
						12.5,
						2.75
					],
					"texture": "#2"
				}
			}
		},
		{
			"from": [
				7.0075,
				5.46,
				10.22518
			],
			"to": [
				8.9925,
				5.705,
				10.80018
			],
			"rotation": {
				"angle": 0,
				"axis": "y",
				"origin": [
					8,
					5.05982,
					11.74018
				]
			},
			"faces": {
				"north": {
					"uv": [
						3,
						12.5,
						4,
						12.75
					],
					"texture": "#2"
				},
				"east": {
					"uv": [
						4.5,
						14,
						4.75,
						14.25
					],
					"texture": "#2"
				},
				"south": {
					"uv": [
						12.5,
						3,
						13.5,
						3.25
					],
					"texture": "#2"
				},
				"west": {
					"uv": [
						14,
						4.5,
						14.25,
						4.75
					],
					"texture": "#2"
				},
				"up": {
					"uv": [
						13.5,
						3.75,
						12.5,
						3.5
					],
					"texture": "#2"
				},
				"down": {
					"uv": [
						13.5,
						4,
						12.5,
						4.25
					],
					"texture": "#2"
				}
			}
		},
		{
			"from": [
				7.2075,
				6.06,
				10.42518
			],
			"to": [
				8.7925,
				6.205,
				10.60018
			],
			"rotation": {
				"angle": 0,
				"axis": "y",
				"origin": [
					8,
					5.05982,
					11.74018
				]
			},
			"faces": {
				"north": {
					"uv": [
						13,
						7,
						13.75,
						7.25
					],
					"texture": "#2"
				},
				"east": {
					"uv": [
						5,
						14,
						5.25,
						14.25
					],
					"texture": "#2"
				},
				"south": {
					"uv": [
						13,
						7.5,
						13.75,
						7.75
					],
					"texture": "#2"
				},
				"west": {
					"uv": [
						14,
						5,
						14.25,
						5.25
					],
					"texture": "#2"
				},
				"up": {
					"uv": [
						13.75,
						8.25,
						13,
						8
					],
					"texture": "#2"
				},
				"down": {
					"uv": [
						9.25,
						13,
						8.5,
						13.25
					],
					"texture": "#2"
				}
			}
		},
		{
			"from": [
				7.2075,
				7.56,
				10.42518
			],
			"to": [
				8.7925,
				7.705,
				10.60018
			],
			"rotation": {
				"angle": 0,
				"axis": "y",
				"origin": [
					8,
					5.05982,
					11.74018
				]
			},
			"faces": {
				"north": {
					"uv": [
						13,
						8.5,
						13.75,
						8.75
					],
					"texture": "#2"
				},
				"east": {
					"uv": [
						5.5,
						14,
						5.75,
						14.25
					],
					"texture": "#2"
				},
				"south": {
					"uv": [
						9.5,
						13,
						10.25,
						13.25
					],
					"texture": "#2"
				},
				"west": {
					"uv": [
						14,
						5.5,
						14.25,
						5.75
					],
					"texture": "#2"
				},
				"up": {
					"uv": [
						11.25,
						13.25,
						10.5,
						13
					],
					"texture": "#2"
				},
				"down": {
					"uv": [
						13.75,
						10.5,
						13,
						10.75
					],
					"texture": "#2"
				}
			}
		},
		{
			"from": [
				7.2075,
				8.01982,
				10.22518
			],
			"to": [
				8.7925,
				8.26482,
				10.80018
			],
			"rotation": {
				"angle": 0,
				"axis": "y",
				"origin": [
					8,
					5.05982,
					11.74018
				]
			},
			"faces": {
				"north": {
					"uv": [
						13,
						11,
						13.75,
						11.25
					],
					"texture": "#2"
				},
				"east": {
					"uv": [
						6,
						14,
						6.25,
						14.25
					],
					"texture": "#2"
				},
				"south": {
					"uv": [
						11.5,
						13,
						12.25,
						13.25
					],
					"texture": "#2"
				},
				"west": {
					"uv": [
						14,
						6,
						14.25,
						6.25
					],
					"texture": "#2"
				},
				"up": {
					"uv": [
						13.25,
						13.25,
						12.5,
						13
					],
					"texture": "#2"
				},
				"down": {
					"uv": [
						14.25,
						0,
						13.5,
						0.25
					],
					"texture": "#2"
				}
			}
		},
		{
			"from": [
				8.5075,
				5.61982,
				10.32518
			],
			"to": [
				8.6925,
				8.16482,
				10.70018
			],
			"rotation": {
				"angle": 0,
				"axis": "y",
				"origin": [
					8,
					5.05982,
					11.74018
				]
			},
			"faces": {
				"north": {
					"uv": [
						12,
						3.5,
						12.25,
						4.75
					],
					"texture": "#2"
				},
				"east": {
					"uv": [
						5,
						12,
						5.25,
						13.25
					],
					"texture": "#2"
				},
				"south": {
					"uv": [
						5.5,
						12,
						5.75,
						13.25
					],
					"texture": "#2"
				},
				"west": {
					"uv": [
						6,
						12,
						6.25,
						13.25
					],
					"texture": "#2"
				},
				"up": {
					"uv": [
						6.75,
						14.25,
						6.5,
						14
					],
					"texture": "#2"
				},
				"down": {
					"uv": [
						14.25,
						6.5,
						14,
						6.75
					],
					"texture": "#2"
				}
			}
		},
		{
			"from": [
				7.3075,
				5.61982,
				10.32518
			],
			"to": [
				7.4925,
				8.16482,
				10.70018
			],
			"rotation": {
				"angle": 0,
				"axis": "y",
				"origin": [
					8,
					5.05982,
					11.74018
				]
			},
			"faces": {
				"north": {
					"uv": [
						6.5,
						12,
						6.75,
						13.25
					],
					"texture": "#2"
				},
				"east": {
					"uv": [
						7,
						12,
						7.25,
						13.25
					],
					"texture": "#2"
				},
				"south": {
					"uv": [
						7.5,
						12,
						7.75,
						13.25
					],
					"texture": "#2"
				},
				"west": {
					"uv": [
						8,
						12,
						8.25,
						13.25
					],
					"texture": "#2"
				},
				"up": {
					"uv": [
						7.25,
						14.25,
						7,
						14
					],
					"texture": "#2"
				},
				"down": {
					"uv": [
						14.25,
						7,
						14,
						7.25
					],
					"texture": "#2"
				}
			}
		},
		{
			"from": [
				6.9075,
				3.31982,
				1.32518
			],
			"to": [
				9.0925,
				5.46482,
				1.90018
			],
			"rotation": {
				"angle": 0,
				"axis": "y",
				"origin": [
					8,
					5.05982,
					11.74018
				]
			},
			"faces": {
				"north": {
					"uv": [
						7,
						8.5,
						8,
						9.5
					],
					"texture": "#2"
				},
				"east": {
					"uv": [
						12.5,
						5.5,
						12.75,
						6.5
					],
					"texture": "#2"
				},
				"south": {
					"uv": [
						8.5,
						7.5,
						9.5,
						8.5
					],
					"texture": "#2"
				},
				"west": {
					"uv": [
						12.5,
						8,
						12.75,
						9
					],
					"texture": "#2"
				},
				"up": {
					"uv": [
						13.5,
						4.75,
						12.5,
						4.5
					],
					"texture": "#2"
				},
				"down": {
					"uv": [
						13.5,
						9,
						12.5,
						9.25
					],
					"texture": "#2"
				}
			}
		},
		{
			"from": [
				7.9075,
				5.21982,
				1.42518
			],
			"to": [
				8.0925,
				6.16482,
				1.80018
			],
			"rotation": {
				"angle": 0,
				"axis": "y",
				"origin": [
					8,
					5.05982,
					11.74018
				]
			},
			"faces": {
				"north": {
					"uv": [
						13.5,
						6,
						13.75,
						6.5
					],
					"texture": "#2"
				},
				"east": {
					"uv": [
						6.5,
						13.5,
						6.75,
						14
					],
					"texture": "#2"
				},
				"south": {
					"uv": [
						13.5,
						6.5,
						13.75,
						7
					],
					"texture": "#2"
				},
				"west": {
					"uv": [
						7,
						13.5,
						7.25,
						14
					],
					"texture": "#2"
				},
				"up": {
					"uv": [
						7.75,
						14.25,
						7.5,
						14
					],
					"texture": "#2"
				},
				"down": {
					"uv": [
						14.25,
						7.5,
						14,
						7.75
					],
					"texture": "#2"
				}
			}
		},
		{
			"from": [
				6.9075,
				2.21982,
				10.22518
			],
			"to": [
				9.0925,
				5.46482,
				10.80018
			],
			"rotation": {
				"angle": 0,
				"axis": "y",
				"origin": [
					8,
					5.05982,
					11.74018
				]
			},
			"faces": {
				"north": {
					"uv": [
						6.5,
						3.5,
						7.5,
						5
					],
					"texture": "#2"
				},
				"east": {
					"uv": [
						10.5,
						11.5,
						10.75,
						13
					],
					"texture": "#2"
				},
				"south": {
					"uv": [
						3,
						7,
						4,
						8.5
					],
					"texture": "#2"
				},
				"west": {
					"uv": [
						11,
						11.5,
						11.25,
						13
					],
					"texture": "#2"
				},
				"up": {
					"uv": [
						13.5,
						9.75,
						12.5,
						9.5
					],
					"texture": "#2"
				},
				"down": {
					"uv": [
						13.5,
						10,
						12.5,
						10.25
					],
					"texture": "#2"
				}
			}
		},
		{
			"from": [
				7.1525,
				3.53982,
				1.21518
			],
			"to": [
				8.8475,
				5.34982,
				10.26018
			],
			"rotation": {
				"angle": 0,
				"axis": "y",
				"origin": [
					8,
					5.05982,
					11.74018
				]
			},
			"faces": {
				"north": {
					"uv": [
						10,
						9,
						10.75,
						10
					],
					"texture": "#2"
				},
				"east": {
					"uv": [
						0,
						0,
						4.5,
						1
					],
					"texture": "#2"
				},
				"south": {
					"uv": [
						10,
						10,
						10.75,
						11
					],
					"texture": "#2"
				},
				"west": {
					"uv": [
						0,
						1,
						4.5,
						2
					],
					"texture": "#2"
				},
				"up": {
					"uv": [
						0.75,
						6.5,
						0,
						2
					],
					"texture": "#2"
				},
				"down": {
					"uv": [
						1.75,
						2,
						1,
						6.5
					],
					"texture": "#2"
				}
			}
		},
		{
			"from": [
				7.4975,
				2.79482,
				2.12018
			],
			"to": [
				8.5025,
				3.85482,
				10.06018
			],
			"rotation": {
				"angle": 0,
				"axis": "y",
				"origin": [
					8,
					5.05982,
					11.74018
				]
			},
			"faces": {
				"north": {
					"uv": [
						5,
						8.5,
						5.5,
						9
					],
					"texture": "#2"
				},
				"east": {
					"uv": [
						4.5,
						1,
						8.5,
						1.5
					],
					"texture": "#2"
				},
				"south": {
					"uv": [
						9.5,
						8,
						10,
						8.5
					],
					"texture": "#2"
				},
				"west": {
					"uv": [
						4.5,
						1.5,
						8.5,
						2
					],
					"texture": "#2"
				},
				"up": {
					"uv": [
						2.5,
						9,
						2,
						5
					],
					"texture": "#2"
				},
				"down": {
					"uv": [
						3,
						5,
						2.5,
						9
					],
					"texture": "#2"
				}
			}
		},
		{
			"from": [
				6.9075,
				1.70482,
				9.02518
			],
			"to": [
				9.0925,
				3.82482,
				10.23018
			],
			"rotation": {
				"angle": 0,
				"axis": "y",
				"origin": [
					8,
					2.06982,
					7.60018
				]
			},
			"faces": {
				"north": {
					"uv": [
						8,
						8.5,
						9,
						9.5
					],
					"texture": "#2"
				},
				"east": {
					"uv": [
						6.5,
						10.5,
						7,
						11.5
					],
					"texture": "#2"
				},
				"south": {
					"uv": [
						2,
						9,
						3,
						10
					],
					"texture": "#2"
				},
				"west": {
					"uv": [
						11,
						3,
						11.5,
						4
					],
					"texture": "#2"
				},
				"up": {
					"uv": [
						9.5,
						4.5,
						8.5,
						4
					],
					"texture": "#2"
				},
				"down": {
					"uv": [
						12,
						4,
						11,
						4.5
					],
					"texture": "#2"
				}
			}
		},
		{
			"from": [
				7.62092,
				-3.0954,
				11.5888
			],
			"to": [
				8.351,
				-2.7444,
				12.512
			],
			"rotation": {
				"angle": 45,
				"axis": "x",
				"origin": [
					8,
					-0.2172,
					17.1048
				]
			},
			"faces": {
				"north": {
					"uv": [
						8,
						14,
						8.25,
						14.25
					],
					"texture": "#2"
				},
				"east": {
					"uv": [
						7.5,
						13.5,
						8,
						13.75
					],
					"texture": "#2"
				},
				"south": {
					"uv": [
						14,
						8,
						14.25,
						8.25
					],
					"texture": "#2"
				},
				"west": {
					"uv": [
						8,
						13.5,
						8.5,
						13.75
					],
					"texture": "#2"
				},
				"up": {
					"uv": [
						8.75,
						14,
						8.5,
						13.5
					],
					"texture": "#2"
				},
				"down": {
					"uv": [
						9.25,
						13.5,
						9,
						14
					],
					"texture": "#2"
				}
			}
		},
		{
			"from": [
				7.42092,
				1.25481,
				10.03207
			],
			"to": [
				8.551,
				1.87801,
				11.28307
			],
			"rotation": {
				"angle": 45,
				"axis": "x",
				"origin": [
					7.98596,
					1.51641,
					11.40757
				]
			},
			"faces": {
				"north": {
					"uv": [
						13.5,
						9,
						14,
						9.25
					],
					"texture": "#2"
				},
				"east": {
					"uv": [
						13.5,
						0.5,
						14.25,
						0.75
					],
					"texture": "#2"
				},
				"south": {
					"uv": [
						9.5,
						13.5,
						10,
						13.75
					],
					"texture": "#2"
				},
				"west": {
					"uv": [
						13.5,
						1,
						14.25,
						1.25
					],
					"texture": "#2"
				},
				"up": {
					"uv": [
						12,
						9.75,
						11.5,
						9
					],
					"texture": "#2"
				},
				"down": {
					"uv": [
						12,
						11.5,
						11.5,
						12.25
					],
					"texture": "#2"
				}
			}
		},
		{
			"from": [
				7.62092,
				1.85481,
				10.23207
			],
			"to": [
				8.351,
				2.47801,
				11.08307
			],
			"rotation": {
				"angle": 22.5,
				"axis": "x",
				"origin": [
					7.98596,
					1.51641,
					11.40757
				]
			},
			"faces": {
				"north": {
					"uv": [
						8.5,
						14,
						8.75,
						14.25
					],
					"texture": "#2"
				},
				"east": {
					"uv": [
						13.5,
						9.5,
						14,
						9.75
					],
					"texture": "#2"
				},
				"south": {
					"uv": [
						14,
						8.5,
						14.25,
						8.75
					],
					"texture": "#2"
				},
				"west": {
					"uv": [
						10,
						13.5,
						10.5,
						13.75
					],
					"texture": "#2"
				},
				"up": {
					"uv": [
						13.75,
						10.5,
						13.5,
						10
					],
					"texture": "#2"
				},
				"down": {
					"uv": [
						10.75,
						13.5,
						10.5,
						14
					],
					"texture": "#2"
				}
			}
		},
		{
			"from": [
				7.62092,
				1.43515,
				13.06235
			],
			"to": [
				8.351,
				1.78615,
				14.18555
			],
			"rotation": {
				"angle": -45,
				"axis": "x",
				"origin": [
					7.98596,
					1.21065,
					13.52395
				]
			},
			"faces": {
				"north": {
					"uv": [
						9,
						14,
						9.25,
						14.25
					],
					"texture": "#2"
				},
				"east": {
					"uv": [
						11,
						13.5,
						11.5,
						13.75
					],
					"texture": "#2"
				},
				"south": {
					"uv": [
						14,
						9,
						14.25,
						9.25
					],
					"texture": "#2"
				},
				"west": {
					"uv": [
						11.5,
						13.5,
						12,
						13.75
					],
					"texture": "#2"
				},
				"up": {
					"uv": [
						13.75,
						12,
						13.5,
						11.5
					],
					"texture": "#2"
				},
				"down": {
					"uv": [
						12.25,
						13.5,
						12,
						14
					],
					"texture": "#2"
				}
			}
		},
		{
			"from": [
				7.63496,
				1.0358,
				11.81
			],
			"to": [
				8.36504,
				1.3868,
				13.014
			],
			"rotation": {
				"angle": 0,
				"axis": "y",
				"origin": [
					8,
					-0.2172,
					17.1048
				]
			},
			"faces": {
				"north": {
					"uv": [
						9.5,
						14,
						9.75,
						14.25
					],
					"texture": "#2"
				},
				"east": {
					"uv": [
						13.5,
						12,
						14,
						12.25
					],
					"texture": "#2"
				},
				"south": {
					"uv": [
						14,
						9.5,
						14.25,
						9.75
					],
					"texture": "#2"
				},
				"west": {
					"uv": [
						12.5,
						13.5,
						13,
						13.75
					],
					"texture": "#2"
				},
				"up": {
					"uv": [
						13.75,
						13,
						13.5,
						12.5
					],
					"texture": "#2"
				},
				"down": {
					"uv": [
						13.25,
						13.5,
						13,
						14
					],
					"texture": "#2"
				}
			}
		},
		{
			"from": [
				7.4848,
				2.624,
				16.016
			],
			"to": [
				8.5152,
				4.004,
				22.364
			],
			"rotation": {
				"angle": -22.5,
				"axis": "x",
				"origin": [
					8,
					1.766,
					19.558
				]
			},
			"faces": {
				"north": {
					"uv": [
						0,
						12,
						0.5,
						12.75
					],
					"texture": "#2"
				},
				"east": {
					"uv": [
						2,
						4,
						5.25,
						4.75
					],
					"texture": "#2"
				},
				"south": {
					"uv": [
						0.5,
						12,
						1,
						12.75
					],
					"texture": "#2"
				},
				"west": {
					"uv": [
						4.5,
						0,
						7.75,
						0.75
					],
					"texture": "#2"
				},
				"up": {
					"uv": [
						6,
						8.75,
						5.5,
						5.5
					],
					"texture": "#2"
				},
				"down": {
					"uv": [
						6.5,
						2,
						6,
						5.25
					],
					"texture": "#2"
				}
			}
		},
		{
			"from": [
				7.6504,
				4.004,
				16.184
			],
			"to": [
				8.3128,
				4.28,
				22.272
			],
			"rotation": {
				"angle": -22.5,
				"axis": "x",
				"origin": [
					8,
					1.766,
					19.558
				]
			},
			"faces": {
				"north": {
					"uv": [
						10,
						14,
						10.25,
						14.25
					],
					"texture": "#2"
				},
				"east": {
					"uv": [
						10.5,
						0,
						13.5,
						0.25
					],
					"texture": "#2"
				},
				"south": {
					"uv": [
						14,
						10,
						14.25,
						10.25
					],
					"texture": "#2"
				},
				"west": {
					"uv": [
						10.5,
						0.5,
						13.5,
						0.75
					],
					"texture": "#2"
				},
				"up": {
					"uv": [
						4.25,
						13.5,
						4,
						10.5
					],
					"texture": "#2"
				},
				"down": {
					"uv": [
						4.75,
						10.5,
						4.5,
						13.5
					],
					"texture": "#2"
				}
			}
		},
		{
			"from": [
				7.678,
				4.556,
				21.084
			],
			"to": [
				8.322,
				5.108,
				22.2
			],
			"rotation": {
				"angle": 0,
				"axis": "z",
				"origin": [
					8,
					2.456,
					15.372
				]
			},
			"faces": {
				"north": {
					"uv": [
						10.5,
						14,
						10.75,
						14.25
					],
					"texture": "#2"
				},
				"east": {
					"uv": [
						13.5,
						13,
						14,
						13.25
					],
					"texture": "#2"
				},
				"south": {
					"uv": [
						14,
						10.5,
						14.25,
						10.75
					],
					"texture": "#2"
				},
				"west": {
					"uv": [
						13.5,
						13.5,
						14,
						13.75
					],
					"texture": "#2"
				},
				"up": {
					"uv": [
						0.25,
						14.5,
						0,
						14
					],
					"texture": "#2"
				},
				"down": {
					"uv": [
						0.75,
						14,
						0.5,
						14.5
					],
					"texture": "#2"
				}
			}
		},
		{
			"from": [
				7.586,
				0.892,
				17.672
			],
			"to": [
				8.414,
				1.536,
				21.168
			],
			"rotation": {
				"angle": -22.5,
				"axis": "x",
				"origin": [
					8,
					2.456,
					15.372
				]
			},
			"faces": {
				"north": {
					"uv": [
						1,
						14,
						1.5,
						14.25
					],
					"texture": "#2"
				},
				"east": {
					"uv": [
						11,
						6.5,
						12.75,
						6.75
					],
					"texture": "#2"
				},
				"south": {
					"uv": [
						14,
						1.5,
						14.5,
						1.75
					],
					"texture": "#2"
				},
				"west": {
					"uv": [
						10,
						11,
						11.75,
						11.25
					],
					"texture": "#2"
				},
				"up": {
					"uv": [
						4,
						11.25,
						3.5,
						9.5
					],
					"texture": "#2"
				},
				"down": {
					"uv": [
						10,
						5,
						9.5,
						6.75
					],
					"texture": "#2"
				}
			}
		},
		{
			"from": [
				7.77,
				1.084,
				21.248
			],
			"to": [
				8.23,
				5.224,
				22.576
			],
			"rotation": {
				"angle": 0,
				"axis": "z",
				"origin": [
					8,
					2.456,
					15.372
				]
			},
			"faces": {
				"north": {
					"uv": [
						11,
						4.5,
						11.25,
						6.5
					],
					"texture": "#2"
				},
				"east": {
					"uv": [
						4,
						7,
						4.75,
						9
					],
					"texture": "#2"
				},
				"south": {
					"uv": [
						11,
						8,
						11.25,
						10
					],
					"texture": "#2"
				},
				"west": {
					"uv": [
						7,
						5,
						7.75,
						7
					],
					"texture": "#2"
				},
				"up": {
					"uv": [
						1.75,
						14.25,
						1.5,
						13.5
					],
					"texture": "#2"
				},
				"down": {
					"uv": [
						13.75,
						1.5,
						13.5,
						2.25
					],
					"texture": "#2"
				}
			}
		},
		{
			"from": [
				7.494,
				1.352,
				21.168
			],
			"to": [
				8.506,
				4.756,
				22.3
			],
			"rotation": {
				"angle": 0,
				"axis": "z",
				"origin": [
					8,
					2.456,
					15.372
				]
			},
			"faces": {
				"north": {
					"uv": [
						7,
						9.5,
						7.5,
						11.25
					],
					"texture": "#2"
				},
				"east": {
					"uv": [
						7.5,
						9.5,
						8,
						11.25
					],
					"texture": "#2"
				},
				"south": {
					"uv": [
						8,
						9.5,
						8.5,
						11.25
					],
					"texture": "#2"
				},
				"west": {
					"uv": [
						8.5,
						9.5,
						9,
						11.25
					],
					"texture": "#2"
				},
				"up": {
					"uv": [
						11,
						3,
						10.5,
						2.5
					],
					"texture": "#2"
				},
				"down": {
					"uv": [
						13,
						10.5,
						12.5,
						11
					],
					"texture": "#2"
				}
			}
		},
		{
			"from": [
				7.586,
				1.076,
				15.224
			],
			"to": [
				8.414,
				2.594,
				22.116
			],
			"rotation": {
				"angle": 0,
				"axis": "z",
				"origin": [
					8,
					2.456,
					15.372
				]
			},
			"faces": {
				"north": {
					"uv": [
						1,
						12,
						1.5,
						12.75
					],
					"texture": "#2"
				},
				"east": {
					"uv": [
						2,
						2,
						5.5,
						2.75
					],
					"texture": "#2"
				},
				"south": {
					"uv": [
						12,
						1,
						12.5,
						1.75
					],
					"texture": "#2"
				},
				"west": {
					"uv": [
						2,
						3,
						5.5,
						3.75
					],
					"texture": "#2"
				},
				"up": {
					"uv": [
						5.5,
						8.5,
						5,
						5
					],
					"texture": "#2"
				},
				"down": {
					"uv": [
						6,
						2,
						5.5,
						5.5
					],
					"texture": "#2"
				}
			}
		},
		{
			"from": [
				7.786,
				0.776,
				15.224
			],
			"to": [
				8.214,
				1.194,
				22.116
			],
			"rotation": {
				"angle": 0,
				"axis": "z",
				"origin": [
					8,
					2.456,
					15.372
				]
			},
			"faces": {
				"north": {
					"uv": [
						11,
						14,
						11.25,
						14.25
					],
					"texture": "#2"
				},
				"east": {
					"uv": [
						9.5,
						7,
						13,
						7.25
					],
					"texture": "#2"
				},
				"south": {
					"uv": [
						14,
						11,
						14.25,
						11.25
					],
					"texture": "#2"
				},
				"west": {
					"uv": [
						9.5,
						7.5,
						13,
						7.75
					],
					"texture": "#2"
				},
				"up": {
					"uv": [
						2.25,
						13.5,
						2,
						10
					],
					"texture": "#2"
				},
				"down": {
					"uv": [
						2.75,
						10,
						2.5,
						13.5
					],
					"texture": "#2"
				}
			}
		},
		{
			"from": [
				7.494,
				1.352,
				17.948
			],
			"to": [
				8.506,
				3.376,
				21.168
			],
			"rotation": {
				"angle": 0,
				"axis": "x",
				"origin": [
					8,
					2.456,
					15.372
				]
			},
			"faces": {
				"north": {
					"uv": [
						9,
						11,
						9.5,
						12
					],
					"texture": "#2"
				},
				"east": {
					"uv": [
						6,
						7,
						7.5,
						8
					],
					"texture": "#2"
				},
				"south": {
					"uv": [
						9.5,
						11,
						10,
						12
					],
					"texture": "#2"
				},
				"west": {
					"uv": [
						7.5,
						2,
						9,
						3
					],
					"texture": "#2"
				},
				"up": {
					"uv": [
						11,
						2.5,
						10.5,
						1
					],
					"texture": "#2"
				},
				"down": {
					"uv": [
						5.5,
						10.5,
						5,
						12
					],
					"texture": "#2"
				}
			}
		}
	],
	"display": {
		"thirdperson_righthand": {
			"translation": [
				0,
				5.75,
				-4.25
			],
			"scale": [
				1.16,
				1.16,
				1.16
			]
		},
		"thirdperson_lefthand": {
			"translation": [
				0,
				5.75,
				-4.25
			],
			"scale": [
				-1.16,
				1.16,
				1.16
			]
		},
		"firstperson_righthand": {
			"translation": [
				-2.25,
				10.5,
				-1.5
			],
			"scale": [
				1.26,
				1.26,
				1.26
			]
		},
		"firstperson_lefthand": {
			"translation": [
				-2.25,
				10.5,
				-1.5
			],
			"scale": [
				-1.26,
				1.26,
				1.26
			]
		},
		"ground": {
			"translation": [
				0,
				6.75,
				0
			]
		},
		"gui": {
			"rotation": [
				-168.51,
				-33.4,
				178.33
			],
			"translation": [
				1.5,
				4,
				-1
			],
			"scale": [
				1.03,
				1.03,
				1.03
			]
		},
		"fixed": {
			"rotation": [
				0,
				89.25,
				0
			],
			"translation": [
				-0.5,
				6.25,
				-1
			],
			"scale": [
				1.26,
				1.26,
				1.26
			]
		}
	}
}