{
	"credit": "Made with Blockbench",
	"texture_size": [
		32,
		32
	],
	"textures": {
		"3": "scguns_laf:item/new_gauss_rifle_texture",
		"particle": "scguns_laf:item/new_gauss_rifle_texture"
	},
	"elements": [
		{
			"from": [
				7,
				2.45,
				3.5
			],
			"to": [
				9,
				4.45,
				9.25
			],
			"rotation": {
				"angle": 0,
				"axis": "y",
				"origin": [
					0,
					-0.05,
					-0.5
				]
			},
			"faces": {
				"east": {
					"uv": [
						1.5,
						4,
						4.5,
						5
					],
					"texture": "#3"
				},
				"west": {
					"uv": [
						4.5,
						0,
						7.5,
						1
					],
					"texture": "#3"
				},
				"up": {
					"uv": [
						5.5,
						7,
						4.5,
						4
					],
					"texture": "#3"
				},
				"down": {
					"uv": [
						6,
						1,
						5,
						4
					],
					"texture": "#3"
				}
			}
		},
		{
			"from": [
				7,
				1.45,
				7.75
			],
			"to": [
				9,
				2.95,
				13.25
			],
			"rotation": {
				"angle": 0,
				"axis": "y",
				"origin": [
					0,
					-0.3,
					4.5
				]
			},
			"faces": {
				"north": {
					"uv": [
						6,
						12.5,
						7,
						13.25
					],
					"texture": "#3"
				},
				"east": {
					"uv": [
						5.5,
						7.5,
						8.25,
						8.25
					],
					"texture": "#3"
				},
				"south": {
					"uv": [
						12.5,
						8,
						13.5,
						8.75
					],
					"texture": "#3"
				},
				"west": {
					"uv": [
						8,
						1,
						10.75,
						1.75
					],
					"texture": "#3"
				},
				"up": {
					"uv": [
						7,
						3.75,
						6,
						1
					],
					"texture": "#3"
				},
				"down": {
					"uv": [
						1,
						6.5,
						0,
						9.25
					],
					"texture": "#3"
				}
			}
		},
		{
			"from": [
				7.5,
				1.05,
				12.85
			],
			"to": [
				8.5,
				1.45,
				14.55
			],
			"rotation": {
				"angle": 0,
				"axis": "y",
				"origin": [
					0,
					-0.3,
					4.5
				]
			},
			"faces": {
				"north": {
					"uv": [
						14.5,
						4.5,
						15,
						4.75
					],
					"texture": "#3"
				},
				"east": {
					"uv": [
						13.5,
						14,
						14.25,
						14.25
					],
					"texture": "#3"
				},
				"south": {
					"uv": [
						5,
						14.5,
						5.5,
						14.75
					],
					"texture": "#3"
				},
				"west": {
					"uv": [
						14.5,
						0,
						15.25,
						0.25
					],
					"texture": "#3"
				},
				"up": {
					"uv": [
						13.5,
						5.75,
						13,
						5
					],
					"texture": "#3"
				},
				"down": {
					"uv": [
						13.5,
						6,
						13,
						6.75
					],
					"texture": "#3"
				}
			}
		},
		{
			"from": [
				7.7,
				1.05,
				10.35
			],
			"to": [
				8.3,
				1.45,
				12.85
			],
			"rotation": {
				"angle": 0,
				"axis": "y",
				"origin": [
					0,
					-0.3,
					4.5
				]
			},
			"faces": {
				"north": {
					"uv": [
						14.5,
						12,
						14.75,
						12.25
					],
					"texture": "#3"
				},
				"east": {
					"uv": [
						13,
						11,
						14.25,
						11.25
					],
					"texture": "#3"
				},
				"south": {
					"uv": [
						14.5,
						12.5,
						14.75,
						12.75
					],
					"texture": "#3"
				},
				"west": {
					"uv": [
						12,
						13,
						13.25,
						13.25
					],
					"texture": "#3"
				},
				"up": {
					"uv": [
						13.75,
						6.25,
						13.5,
						5
					],
					"texture": "#3"
				},
				"down": {
					"uv": [
						6.25,
						13.5,
						6,
						14.75
					],
					"texture": "#3"
				}
			}
		},
		{
			"from": [
				7,
				2.45,
				9.95
			],
			"to": [
				9,
				3.95,
				15.45
			],
			"rotation": {
				"angle": 0,
				"axis": "y",
				"origin": [
					0,
					-0.3,
					4.5
				]
			},
			"faces": {
				"north": {
					"uv": [
						12.5,
						9,
						13.5,
						9.75
					],
					"texture": "#3"
				},
				"east": {
					"uv": [
						8,
						2,
						10.75,
						2.75
					],
					"texture": "#3"
				},
				"south": {
					"uv": [
						10,
						12.5,
						11,
						13.25
					],
					"texture": "#3"
				},
				"west": {
					"uv": [
						8,
						3,
						10.75,
						3.75
					],
					"texture": "#3"
				},
				"up": {
					"uv": [
						2,
						9.75,
						1,
						7
					],
					"texture": "#3"
				},
				"down": {
					"uv": [
						8,
						1,
						7,
						3.75
					],
					"texture": "#3"
				}
			}
		},
		{
			"from": [
				6.75,
				2.2,
				10.25
			],
			"to": [
				9.25,
				4.45,
				15
			],
			"rotation": {
				"angle": 0,
				"axis": "y",
				"origin": [
					0,
					-0.05,
					-0.5
				]
			},
			"faces": {
				"north": {
					"uv": [
						7,
						9.5,
						8.25,
						10.75
					],
					"texture": "#3"
				},
				"east": {
					"uv": [
						0,
						2.5,
						2.5,
						3.75
					],
					"texture": "#3"
				},
				"south": {
					"uv": [
						0,
						10,
						1.25,
						11.25
					],
					"texture": "#3",
					"cullface": "south"
				},
				"west": {
					"uv": [
						2.5,
						2.5,
						5,
						3.75
					],
					"texture": "#3"
				},
				"up": {
					"uv": [
						4.25,
						2.5,
						3,
						0
					],
					"texture": "#3"
				},
				"down": {
					"uv": [
						1.25,
						4,
						0,
						6.5
					],
					"texture": "#3"
				}
			}
		},
		{
			"from": [
				6,
				2.45,
				8.25
			],
			"to": [
				10,
				3.45,
				10.25
			],
			"rotation": {
				"angle": 22.5,
				"axis": "z",
				"origin": [
					8,
					2.95,
					9.25
				]
			},
			"faces": {
				"north": {
					"uv": [
						12,
						7,
						14,
						7.5
					],
					"texture": "#3"
				},
				"east": {
					"uv": [
						0,
						9.5,
						1,
						10
					],
					"texture": "#3"
				},
				"south": {
					"uv": [
						12,
						7.5,
						14,
						8
					],
					"texture": "#3"
				},
				"west": {
					"uv": [
						6,
						10.5,
						7,
						11
					],
					"texture": "#3"
				},
				"up": {
					"uv": [
						10,
						5,
						8,
						4
					],
					"texture": "#3"
				},
				"down": {
					"uv": [
						10,
						5,
						8,
						6
					],
					"texture": "#3"
				}
			}
		},
		{
			"from": [
				7.5,
				0.95,
				8.25
			],
			"to": [
				8.5,
				4.95,
				10.25
			],
			"rotation": {
				"angle": -22.5,
				"axis": "z",
				"origin": [
					8,
					2.95,
					9.25
				]
			},
			"faces": {
				"north": {
					"uv": [
						12,
						8,
						12.5,
						10
					],
					"texture": "#3"
				},
				"east": {
					"uv": [
						3,
						8.5,
						4,
						10.5
					],
					"texture": "#3"
				},
				"south": {
					"uv": [
						8.5,
						12,
						9,
						14
					],
					"texture": "#3"
				},
				"west": {
					"uv": [
						4,
						8.5,
						5,
						10.5
					],
					"texture": "#3"
				},
				"up": {
					"uv": [
						5,
						2,
						4.5,
						1
					],
					"texture": "#3"
				},
				"down": {
					"uv": [
						9,
						7.5,
						8.5,
						8.5
					],
					"texture": "#3"
				}
			}
		},
		{
			"from": [
				7.5,
				0.95,
				8.25
			],
			"to": [
				8.5,
				4.95,
				10.25
			],
			"rotation": {
				"angle": 22.5,
				"axis": "z",
				"origin": [
					8,
					2.95,
					9.25
				]
			},
			"faces": {
				"north": {
					"uv": [
						9,
						12,
						9.5,
						14
					],
					"texture": "#3"
				},
				"east": {
					"uv": [
						5,
						8.5,
						6,
						10.5
					],
					"texture": "#3"
				},
				"south": {
					"uv": [
						9.5,
						12,
						10,
						14
					],
					"texture": "#3"
				},
				"west": {
					"uv": [
						6,
						8.5,
						7,
						10.5
					],
					"texture": "#3"
				},
				"up": {
					"uv": [
						9,
						10.5,
						8.5,
						9.5
					],
					"texture": "#3"
				},
				"down": {
					"uv": [
						13.5,
						3,
						13,
						4
					],
					"texture": "#3"
				}
			}
		},
		{
			"from": [
				6,
				2.45,
				8.25
			],
			"to": [
				10,
				3.45,
				10.25
			],
			"rotation": {
				"angle": -22.5,
				"axis": "z",
				"origin": [
					8,
					2.95,
					9.25
				]
			},
			"faces": {
				"north": {
					"uv": [
						10,
						12,
						12,
						12.5
					],
					"texture": "#3"
				},
				"east": {
					"uv": [
						13,
						4,
						14,
						4.5
					],
					"texture": "#3"
				},
				"south": {
					"uv": [
						12,
						10,
						14,
						10.5
					],
					"texture": "#3"
				},
				"west": {
					"uv": [
						13,
						4.5,
						14,
						5
					],
					"texture": "#3"
				},
				"up": {
					"uv": [
						10,
						7,
						8,
						6
					],
					"texture": "#3"
				},
				"down": {
					"uv": [
						9,
						8.5,
						7,
						9.5
					],
					"texture": "#3"
				}
			}
		},
		{
			"from": [
				6.75,
				2.2,
				3
			],
			"to": [
				9.25,
				4.7,
				3.5
			],
			"rotation": {
				"angle": 0,
				"axis": "y",
				"origin": [
					0,
					-0.5,
					-3.5
				]
			},
			"faces": {
				"north": {
					"uv": [
						10,
						4,
						11.25,
						5.25
					],
					"texture": "#3",
					"cullface": "north"
				},
				"east": {
					"uv": [
						6.5,
						13.5,
						6.75,
						14.75
					],
					"texture": "#3",
					"cullface": "north"
				},
				"south": {
					"uv": [
						10,
						5.5,
						11.25,
						6.75
					],
					"texture": "#3",
					"cullface": "north"
				},
				"west": {
					"uv": [
						13.5,
						8,
						13.75,
						9.25
					],
					"texture": "#3",
					"cullface": "north"
				},
				"up": {
					"uv": [
						14.25,
						12.25,
						13,
						12
					],
					"texture": "#3",
					"cullface": "north"
				},
				"down": {
					"uv": [
						14.25,
						12.5,
						13,
						12.75
					],
					"texture": "#3",
					"cullface": "north"
				}
			}
		},
		{
			"from": [
				6.75,
				2.2,
				1.5
			],
			"to": [
				9.25,
				4.7,
				2
			],
			"rotation": {
				"angle": 0,
				"axis": "y",
				"origin": [
					0,
					-0.5,
					-3.5
				]
			},
			"faces": {
				"north": {
					"uv": [
						3,
						10.5,
						4.25,
						11.75
					],
					"texture": "#3",
					"cullface": "north"
				},
				"east": {
					"uv": [
						10,
						13.5,
						10.25,
						14.75
					],
					"texture": "#3",
					"cullface": "north"
				},
				"south": {
					"uv": [
						4.5,
						10.5,
						5.75,
						11.75
					],
					"texture": "#3",
					"cullface": "north"
				},
				"west": {
					"uv": [
						10.5,
						13.5,
						10.75,
						14.75
					],
					"texture": "#3",
					"cullface": "north"
				},
				"up": {
					"uv": [
						14.75,
						3.25,
						13.5,
						3
					],
					"texture": "#3",
					"cullface": "north"
				},
				"down": {
					"uv": [
						14.75,
						3.5,
						13.5,
						3.75
					],
					"texture": "#3",
					"cullface": "north"
				}
			}
		},
		{
			"from": [
				6.75,
				2.2,
				0
			],
			"to": [
				9.25,
				4.7,
				0.5
			],
			"rotation": {
				"angle": 0,
				"axis": "y",
				"origin": [
					0,
					-0.5,
					-3.5
				]
			},
			"faces": {
				"north": {
					"uv": [
						10.5,
						7.5,
						11.75,
						8.75
					],
					"texture": "#3",
					"cullface": "north"
				},
				"east": {
					"uv": [
						11,
						13.5,
						11.25,
						14.75
					],
					"texture": "#3",
					"cullface": "north"
				},
				"south": {
					"uv": [
						8.5,
						10.5,
						9.75,
						11.75
					],
					"texture": "#3",
					"cullface": "north"
				},
				"west": {
					"uv": [
						11.5,
						13.5,
						11.75,
						14.75
					],
					"texture": "#3",
					"cullface": "north"
				},
				"up": {
					"uv": [
						14.75,
						6.75,
						13.5,
						6.5
					],
					"texture": "#3",
					"cullface": "north"
				},
				"down": {
					"uv": [
						14.75,
						9.5,
						13.5,
						9.75
					],
					"texture": "#3",
					"cullface": "north"
				}
			}
		},
		{
			"from": [
				6.75,
				2.2,
				-1.5
			],
			"to": [
				9.25,
				4.7,
				-1
			],
			"rotation": {
				"angle": 0,
				"axis": "y",
				"origin": [
					0,
					-0.5,
					-3.5
				]
			},
			"faces": {
				"north": {
					"uv": [
						10.5,
						9,
						11.75,
						10.25
					],
					"texture": "#3",
					"cullface": "north"
				},
				"east": {
					"uv": [
						12,
						13.5,
						12.25,
						14.75
					],
					"texture": "#3",
					"cullface": "north"
				},
				"south": {
					"uv": [
						10,
						10.5,
						11.25,
						11.75
					],
					"texture": "#3",
					"cullface": "north"
				},
				"west": {
					"uv": [
						12.5,
						13.5,
						12.75,
						14.75
					],
					"texture": "#3",
					"cullface": "north"
				},
				"up": {
					"uv": [
						14.25,
						13.75,
						13,
						13.5
					],
					"texture": "#3",
					"cullface": "north"
				},
				"down": {
					"uv": [
						14.75,
						13,
						13.5,
						13.25
					],
					"texture": "#3",
					"cullface": "north"
				}
			}
		},
		{
			"from": [
				6.75,
				2.2,
				-3
			],
			"to": [
				9.25,
				4.7,
				-2.5
			],
			"rotation": {
				"angle": 0,
				"axis": "y",
				"origin": [
					0,
					-0.5,
					-3.5
				]
			},
			"faces": {
				"north": {
					"uv": [
						11,
						0,
						12.25,
						1.25
					],
					"texture": "#3",
					"cullface": "north"
				},
				"east": {
					"uv": [
						0,
						14,
						0.25,
						15.25
					],
					"texture": "#3",
					"cullface": "north"
				},
				"south": {
					"uv": [
						11,
						1.5,
						12.25,
						2.75
					],
					"texture": "#3",
					"cullface": "north"
				},
				"west": {
					"uv": [
						14,
						0,
						14.25,
						1.25
					],
					"texture": "#3",
					"cullface": "north"
				},
				"up": {
					"uv": [
						15.25,
						1.75,
						14,
						1.5
					],
					"texture": "#3",
					"cullface": "north"
				},
				"down": {
					"uv": [
						15.25,
						4,
						14,
						4.25
					],
					"texture": "#3",
					"cullface": "north"
				}
			}
		},
		{
			"from": [
				6.75,
				2.2,
				-4.5
			],
			"to": [
				9.25,
				4.7,
				-4
			],
			"rotation": {
				"angle": 0,
				"axis": "y",
				"origin": [
					0,
					-0.5,
					-3.5
				]
			},
			"faces": {
				"north": {
					"uv": [
						6,
						11,
						7.25,
						12.25
					],
					"texture": "#3",
					"cullface": "north"
				},
				"east": {
					"uv": [
						0.5,
						14,
						0.75,
						15.25
					],
					"texture": "#3",
					"cullface": "north"
				},
				"south": {
					"uv": [
						0,
						11.5,
						1.25,
						12.75
					],
					"texture": "#3",
					"cullface": "north"
				},
				"west": {
					"uv": [
						14,
						4.5,
						14.25,
						5.75
					],
					"texture": "#3",
					"cullface": "north"
				},
				"up": {
					"uv": [
						15.25,
						6.25,
						14,
						6
					],
					"texture": "#3",
					"cullface": "north"
				},
				"down": {
					"uv": [
						15.25,
						7,
						14,
						7.25
					],
					"texture": "#3",
					"cullface": "north"
				}
			}
		},
		{
			"from": [
				7,
				2.45,
				-5.5
			],
			"to": [
				9,
				4.45,
				-5
			],
			"rotation": {
				"angle": 0,
				"axis": "y",
				"origin": [
					0,
					-0.5,
					-3.5
				]
			},
			"faces": {
				"north": {
					"uv": [
						10,
						0,
						11,
						1
					],
					"texture": "#3",
					"cullface": "north"
				},
				"east": {
					"uv": [
						7.5,
						14,
						7.75,
						15
					],
					"texture": "#3",
					"cullface": "north"
				},
				"south": {
					"uv": [
						12,
						12,
						13,
						13
					],
					"texture": "#3",
					"cullface": "north"
				},
				"west": {
					"uv": [
						14,
						7.5,
						14.25,
						8.5
					],
					"texture": "#3",
					"cullface": "north"
				},
				"up": {
					"uv": [
						9,
						14.25,
						8,
						14
					],
					"texture": "#3",
					"cullface": "north"
				},
				"down": {
					"uv": [
						15,
						8.5,
						14,
						8.75
					],
					"texture": "#3",
					"cullface": "north"
				}
			}
		},
		{
			"from": [
				7.25,
				2.7,
				-6.45
			],
			"to": [
				8.75,
				4.2,
				-5.95
			],
			"rotation": {
				"angle": 0,
				"axis": "y",
				"origin": [
					0,
					-0.5,
					-3.5
				]
			},
			"faces": {
				"north": {
					"uv": [
						11,
						12.5,
						11.75,
						13.25
					],
					"texture": "#3",
					"cullface": "north"
				},
				"east": {
					"uv": [
						14.5,
						0.5,
						14.75,
						1.25
					],
					"texture": "#3",
					"cullface": "north"
				},
				"south": {
					"uv": [
						0,
						13,
						0.75,
						13.75
					],
					"texture": "#3",
					"cullface": "north"
				},
				"west": {
					"uv": [
						1.5,
						14.5,
						1.75,
						15.25
					],
					"texture": "#3",
					"cullface": "north"
				},
				"up": {
					"uv": [
						2.75,
						14.75,
						2,
						14.5
					],
					"texture": "#3",
					"cullface": "north"
				},
				"down": {
					"uv": [
						15.25,
						2,
						14.5,
						2.25
					],
					"texture": "#3",
					"cullface": "north"
				}
			}
		},
		{
			"from": [
				9.90625,
				1.95625,
				4.25
			],
			"to": [
				12.90625,
				3.45625,
				8.25
			],
			"rotation": {
				"angle": 0,
				"axis": "y",
				"origin": [
					8,
					1.70625,
					6.25
				]
			},
			"faces": {
				"north": {
					"uv": [
						11.5,
						6,
						13,
						6.75
					],
					"texture": "#3"
				},
				"east": {
					"uv": [
						11,
						3,
						13,
						3.75
					],
					"texture": "#3",
					"cullface": "down"
				},
				"south": {
					"uv": [
						11.5,
						10.5,
						13,
						11.25
					],
					"texture": "#3",
					"cullface": "down"
				},
				"up": {
					"uv": [
						3,
						7,
						1.5,
						5
					],
					"texture": "#3"
				},
				"down": {
					"uv": [
						4.5,
						5,
						3,
						7
					],
					"texture": "#3"
				}
			}
		},
		{
			"from": [
				9.90625,
				1.70625,
				4
			],
			"to": [
				10.15625,
				3.70625,
				8.5
			],
			"rotation": {
				"angle": 0,
				"axis": "y",
				"origin": [
					8,
					1.70625,
					6.25
				]
			},
			"faces": {
				"north": {
					"uv": [
						9,
						14,
						9.25,
						15
					],
					"texture": "#3"
				},
				"east": {
					"uv": [
						7.5,
						0,
						9.75,
						1
					],
					"texture": "#3"
				},
				"south": {
					"uv": [
						9.5,
						14,
						9.75,
						15
					],
					"texture": "#3",
					"cullface": "down"
				},
				"west": {
					"uv": [
						3,
						7.5,
						5.25,
						8.5
					],
					"texture": "#3"
				},
				"up": {
					"uv": [
						7.25,
						14.75,
						7,
						12.5
					],
					"texture": "#3"
				},
				"down": {
					"uv": [
						1.25,
						13,
						1,
						15.25
					],
					"texture": "#3"
				}
			}
		},
		{
			"from": [
				8.90625,
				1.95625,
				4.25
			],
			"to": [
				9.90625,
				3.45625,
				8.25
			],
			"rotation": {
				"angle": 0,
				"axis": "y",
				"origin": [
					8,
					1.70625,
					6.25
				]
			},
			"faces": {
				"north": {
					"uv": [
						7.5,
						13,
						8,
						13.75
					],
					"texture": "#3"
				},
				"south": {
					"uv": [
						8,
						13,
						8.5,
						13.75
					],
					"texture": "#3"
				},
				"up": {
					"uv": [
						13,
						2,
						12.5,
						0
					],
					"texture": "#3"
				},
				"down": {
					"uv": [
						2,
						12.5,
						1.5,
						14.5
					],
					"texture": "#3"
				}
			}
		},
		{
			"from": [
				7.75,
				1.31903,
				7.64567
			],
			"to": [
				8.25,
				1.81903,
				8.14567
			],
			"rotation": {
				"angle": 0,
				"axis": "y",
				"origin": [
					8,
					2.93452,
					9.74784
				]
			},
			"faces": {
				"north": {
					"uv": [
						13,
						14.5,
						13.25,
						14.75
					],
					"texture": "#3"
				},
				"east": {
					"uv": [
						13.5,
						14.5,
						13.75,
						14.75
					],
					"texture": "#3"
				},
				"west": {
					"uv": [
						14.5,
						13.5,
						14.75,
						13.75
					],
					"texture": "#3"
				},
				"up": {
					"uv": [
						14.25,
						14.75,
						14,
						14.5
					],
					"texture": "#3"
				},
				"down": {
					"uv": [
						14.75,
						14,
						14.5,
						14.25
					],
					"texture": "#3"
				}
			}
		},
		{
			"from": [
				6.5,
				1.3,
				4
			],
			"to": [
				9.5,
				3.8,
				8.5
			],
			"rotation": {
				"angle": 0,
				"axis": "y",
				"origin": [
					8,
					1.70625,
					6.25
				]
			},
			"faces": {
				"north": {
					"uv": [
						9,
						7.5,
						10.5,
						8.75
					],
					"texture": "#3"
				},
				"east": {
					"uv": [
						5.5,
						4,
						7.75,
						5.25
					],
					"texture": "#3"
				},
				"south": {
					"uv": [
						9,
						9,
						10.5,
						10.25
					],
					"texture": "#3"
				},
				"west": {
					"uv": [
						5.5,
						5.5,
						7.75,
						6.75
					],
					"texture": "#3"
				},
				"up": {
					"uv": [
						1.5,
						2.25,
						0,
						0
					],
					"texture": "#3"
				},
				"down": {
					"uv": [
						3,
						0,
						1.5,
						2.25
					],
					"texture": "#3"
				}
			}
		},
		{
			"from": [
				7.45,
				-0.575,
				14.275
			],
			"to": [
				8.55,
				3.575,
				15.475
			],
			"rotation": {
				"angle": -22.5,
				"axis": "x",
				"origin": [
					8,
					1.2,
					15.125
				]
			},
			"faces": {
				"north": {
					"uv": [
						2,
						12.5,
						2.5,
						14.5
					],
					"texture": "#3"
				},
				"east": {
					"uv": [
						2.5,
						12.5,
						3,
						14.5
					],
					"texture": "#3"
				},
				"south": {
					"uv": [
						3,
						12.5,
						3.5,
						14.5
					],
					"texture": "#3",
					"cullface": "south"
				},
				"west": {
					"uv": [
						3.5,
						12.5,
						4,
						14.5
					],
					"texture": "#3"
				},
				"down": {
					"uv": [
						5,
						2,
						4.5,
						2.5
					],
					"texture": "#3",
					"cullface": "down"
				}
			}
		},
		{
			"from": [
				7.25,
				-0.175,
				14.375
			],
			"to": [
				8.75,
				3.575,
				15.375
			],
			"rotation": {
				"angle": -22.5,
				"axis": "x",
				"origin": [
					8,
					1.2,
					15.125
				]
			},
			"faces": {
				"north": {
					"uv": [
						7.5,
						11,
						8.25,
						13
					],
					"texture": "#3"
				},
				"east": {
					"uv": [
						4,
						12.5,
						4.5,
						14.5
					],
					"texture": "#3"
				},
				"south": {
					"uv": [
						11.5,
						4,
						12.25,
						6
					],
					"texture": "#3",
					"cullface": "south"
				},
				"west": {
					"uv": [
						12.5,
						4,
						13,
						6
					],
					"texture": "#3"
				},
				"down": {
					"uv": [
						13.75,
						10.5,
						13,
						11
					],
					"texture": "#3",
					"cullface": "down"
				}
			}
		},
		{
			"from": [
				7.75,
				1.7,
				13.55
			],
			"to": [
				8.25,
				2.2,
				14.05
			],
			"rotation": {
				"angle": 0,
				"axis": "y",
				"origin": [
					0,
					-2.8,
					8.5
				]
			},
			"faces": {
				"north": {
					"uv": [
						14.5,
						14.5,
						14.75,
						14.75
					],
					"texture": "#3"
				},
				"east": {
					"uv": [
						15,
						0.5,
						15.25,
						0.75
					],
					"texture": "#3"
				},
				"west": {
					"uv": [
						15,
						1,
						15.25,
						1.25
					],
					"texture": "#3"
				},
				"down": {
					"uv": [
						2.25,
						15,
						2,
						15.25
					],
					"texture": "#3"
				}
			}
		},
		{
			"from": [
				6,
				3.2,
				12
			],
			"to": [
				7,
				3.7,
				12.5
			],
			"faces": {
				"north": {
					"uv": [
						14.5,
						5,
						15,
						5.25
					],
					"texture": "#3"
				},
				"east": {
					"uv": [
						2.5,
						15,
						2.75,
						15.25
					],
					"texture": "#3"
				},
				"south": {
					"uv": [
						5.5,
						14.5,
						6,
						14.75
					],
					"texture": "#3"
				},
				"west": {
					"uv": [
						15,
						3,
						15.25,
						3.25
					],
					"texture": "#3"
				},
				"up": {
					"uv": [
						15,
						5.75,
						14.5,
						5.5
					],
					"texture": "#3"
				},
				"down": {
					"uv": [
						15,
						7.5,
						14.5,
						7.75
					],
					"texture": "#3"
				}
			}
		},
		{
			"from": [
				4.5,
				2.8,
				12
			],
			"to": [
				6,
				4.3,
				12.5
			],
			"faces": {
				"north": {
					"uv": [
						13,
						0,
						13.75,
						0.75
					],
					"texture": "#3"
				},
				"east": {
					"uv": [
						3,
						14.5,
						3.25,
						15.25
					],
					"texture": "#3"
				},
				"south": {
					"uv": [
						13,
						1,
						13.75,
						1.75
					],
					"texture": "#3"
				},
				"west": {
					"uv": [
						3.5,
						14.5,
						3.75,
						15.25
					],
					"texture": "#3"
				},
				"up": {
					"uv": [
						15.25,
						2.75,
						14.5,
						2.5
					],
					"texture": "#3"
				},
				"down": {
					"uv": [
						4.75,
						14.5,
						4,
						14.75
					],
					"texture": "#3"
				}
			}
		},
		{
			"from": [
				7.5,
				3,
				-5.95
			],
			"to": [
				8.5,
				4,
				3.55
			],
			"faces": {
				"north": {
					"uv": [
						1,
						6.5,
						1.5,
						7
					],
					"texture": "#3"
				},
				"east": {
					"uv": [
						2,
						7,
						6.75,
						7.5
					],
					"texture": "#3"
				},
				"south": {
					"uv": [
						14,
						9,
						14.5,
						9.5
					],
					"texture": "#3"
				},
				"west": {
					"uv": [
						7,
						7,
						11.75,
						7.5
					],
					"texture": "#3"
				},
				"up": {
					"uv": [
						2.5,
						12.25,
						2,
						7.5
					],
					"texture": "#3"
				},
				"down": {
					"uv": [
						3,
						7.5,
						2.5,
						12.25
					],
					"texture": "#3"
				}
			}
		},
		{
			"from": [
				7.5,
				4,
				3.75
			],
			"to": [
				8.5,
				4.75,
				8.25
			],
			"faces": {
				"north": {
					"uv": [
						14,
						10,
						14.5,
						10.5
					],
					"texture": "#3"
				},
				"east": {
					"uv": [
						11.5,
						11.5,
						13.75,
						12
					],
					"texture": "#3"
				},
				"south": {
					"uv": [
						14,
						10.5,
						14.5,
						11
					],
					"texture": "#3"
				},
				"west": {
					"uv": [
						3,
						12,
						5.25,
						12.5
					],
					"texture": "#3"
				},
				"up": {
					"uv": [
						2,
						12.25,
						1.5,
						10
					],
					"texture": "#3"
				},
				"down": {
					"uv": [
						6,
						12,
						5.5,
						14.25
					],
					"texture": "#3"
				}
			}
		},
		{
			"from": [
				7.5,
				4,
				11.05
			],
			"to": [
				8.5,
				4.75,
				14.35
			],
			"faces": {
				"north": {
					"uv": [
						14,
						11.5,
						14.5,
						12
					],
					"texture": "#3"
				},
				"east": {
					"uv": [
						12.5,
						2,
						14.25,
						2.5
					],
					"texture": "#3"
				},
				"south": {
					"uv": [
						13,
						14,
						13.5,
						14.5
					],
					"texture": "#3"
				},
				"west": {
					"uv": [
						12.5,
						2.5,
						14.25,
						3
					],
					"texture": "#3"
				},
				"up": {
					"uv": [
						5,
						14.25,
						4.5,
						12.5
					],
					"texture": "#3"
				},
				"down": {
					"uv": [
						5.5,
						12.5,
						5,
						14.25
					],
					"texture": "#3"
				}
			}
		},
		{
			"from": [
				7.6,
				4.7,
				13.25
			],
			"to": [
				7.8,
				4.95,
				14.15
			],
			"faces": {
				"north": {
					"uv": [
						15,
						3.5,
						15.25,
						3.75
					],
					"texture": "#3"
				},
				"east": {
					"uv": [
						8,
						14.5,
						8.5,
						14.75
					],
					"texture": "#3"
				},
				"south": {
					"uv": [
						4,
						15,
						4.25,
						15.25
					],
					"texture": "#3"
				},
				"west": {
					"uv": [
						14.5,
						8,
						15,
						8.25
					],
					"texture": "#3"
				},
				"up": {
					"uv": [
						8.75,
						15,
						8.5,
						14.5
					],
					"texture": "#3"
				},
				"down": {
					"uv": [
						14.75,
						9,
						14.5,
						9.5
					],
					"texture": "#3"
				}
			}
		},
		{
			"from": [
				8.2,
				4.7,
				13.25
			],
			"to": [
				8.4,
				4.95,
				14.15
			],
			"faces": {
				"north": {
					"uv": [
						4.5,
						15,
						4.75,
						15.25
					],
					"texture": "#3"
				},
				"east": {
					"uv": [
						14.5,
						10,
						15,
						10.25
					],
					"texture": "#3"
				},
				"south": {
					"uv": [
						15,
						4.5,
						15.25,
						4.75
					],
					"texture": "#3"
				},
				"west": {
					"uv": [
						14.5,
						10.5,
						15,
						10.75
					],
					"texture": "#3"
				},
				"up": {
					"uv": [
						14.75,
						11.5,
						14.5,
						11
					],
					"texture": "#3"
				},
				"down": {
					"uv": [
						14.75,
						11.5,
						14.5,
						12
					],
					"texture": "#3"
				}
			}
		},
		{
			"from": [
				8.125,
				4.7,
				13.55
			],
			"to": [
				8.475,
				4.875,
				13.85
			],
			"faces": {
				"north": {
					"uv": [
						5,
						15,
						5.25,
						15.25
					],
					"texture": "#3"
				},
				"east": {
					"uv": [
						15,
						5,
						15.25,
						5.25
					],
					"texture": "#3"
				},
				"south": {
					"uv": [
						5.5,
						15,
						5.75,
						15.25
					],
					"texture": "#3"
				},
				"west": {
					"uv": [
						15,
						5.5,
						15.25,
						5.75
					],
					"texture": "#3"
				},
				"up": {
					"uv": [
						6.25,
						15.25,
						6,
						15
					],
					"texture": "#3"
				},
				"down": {
					"uv": [
						6.75,
						15,
						6.5,
						15.25
					],
					"texture": "#3"
				}
			}
		},
		{
			"from": [
				7.525,
				4.7,
				13.55
			],
			"to": [
				7.875,
				4.875,
				13.85
			],
			"faces": {
				"north": {
					"uv": [
						15,
						6.5,
						15.25,
						6.75
					],
					"texture": "#3"
				},
				"east": {
					"uv": [
						7,
						15,
						7.25,
						15.25
					],
					"texture": "#3"
				},
				"south": {
					"uv": [
						7.5,
						15,
						7.75,
						15.25
					],
					"texture": "#3"
				},
				"west": {
					"uv": [
						15,
						7.5,
						15.25,
						7.75
					],
					"texture": "#3"
				},
				"up": {
					"uv": [
						8.25,
						15.25,
						8,
						15
					],
					"texture": "#3"
				},
				"down": {
					"uv": [
						15.25,
						8,
						15,
						8.25
					],
					"texture": "#3"
				}
			}
		},
		{
			"from": [
				7.95,
				4.75,
				3.75
			],
			"to": [
				8.05,
				4.975,
				4
			],
			"faces": {
				"north": {
					"uv": [
						8.5,
						15,
						8.75,
						15.25
					],
					"texture": "#3"
				},
				"east": {
					"uv": [
						15,
						8.5,
						15.25,
						8.75
					],
					"texture": "#3"
				},
				"south": {
					"uv": [
						9,
						15,
						9.25,
						15.25
					],
					"texture": "#3"
				},
				"west": {
					"uv": [
						15,
						9,
						15.25,
						9.25
					],
					"texture": "#3"
				},
				"up": {
					"uv": [
						9.75,
						15.25,
						9.5,
						15
					],
					"texture": "#3"
				},
				"down": {
					"uv": [
						15.25,
						9.5,
						15,
						9.75
					],
					"texture": "#3"
				}
			}
		}
	],
	"groups": [
		0,
		1,
		2,
		3,
		4,
		5,
		{
			"name": "group",
			"origin": [
				0,
				-2.8,
				8.5
			],
			"color": 0,
			"children": [
				6,
				7,
				8,
				9,
				10,
				11,
				12,
				13,
				14,
				15,
				16,
				17
			]
		},
		{
			"name": "group",
			"origin": [
				8,
				1.93452,
				13.74784
			],
			"color": 0,
			"children": [
				18,
				19,
				20,
				21,
				22
			]
		},
		23,
		24,
		25,
		26,
		27,
		28,
		29,
		30,
		31,
		32,
		33,
		34,
		35
	],
	"display": {
		"thirdperson_righthand": {
			"translation": [
				0,
				6.75,
				-3.75
			],
			"scale": [
				1.07,
				1.07,
				1.07
			]
		},
		"thirdperson_lefthand": {
			"translation": [
				0,
				6.75,
				-3.75
			],
			"scale": [
				-1.07,
				1.07,
				1.07
			]
		},
		"firstperson_righthand": {
			"translation": [
				-5,
				10.5,
				1.25
			],
			"scale": [
				1,
				1,
				0.88
			]
		},
		"firstperson_lefthand": {
			"translation": [
				-5,
				10.5,
				1.25
			],
			"scale": [
				-1,
				1,
				0.88
			]
		},
		"ground": {
			"translation": [
				0,
				5,
				0
			]
		},
		"gui": {
			"rotation": [
				20,
				-147,
				0
			],
			"translation": [
				-1.5,
				4.5,
				-1
			]
		},
		"fixed": {
			"rotation": [
				0,
				90,
				0
			],
			"translation": [
				1.5,
				8.25,
				-2.75
			],
			"scale": [
				1.76,
				1.76,
				1.76
			]
		}
	}
}