{
	"credit": "Made with Blockbench",
	"texture_size": [
		32,
		32
	],
	"textures": {
		"0": "scguns_laf:item/gowza_32l_texture",
		"1": "scguns_laf:item/animated_gowza_texture",
		"particle": "scguns_laf:item/gowza_32l_texture"
	},
	"elements": [
		{
			"from": [
				7.75,
				1.25,
				14.55
			],
			"to": [
				8.25,
				2.05,
				15.05
			],
			"rotation": {
				"angle": 0,
				"axis": "y",
				"origin": [
					0,
					-0.5,
					0.05
				]
			},
			"faces": {
				"north": {
					"uv": [
						4.5,
						5.5,
						4.625,
						5.75
					],
					"texture": "#0"
				},
				"east": {
					"uv": [
						5.75,
						2,
						5.875,
						2.25
					],
					"texture": "#0"
				},
				"south": {
					"uv": [
						2.25,
						5.75,
						2.375,
						6
					],
					"texture": "#0"
				},
				"west": {
					"uv": [
						2.5,
						5.75,
						2.625,
						6
					],
					"texture": "#0"
				},
				"up": {
					"uv": [
						5.625,
						5.875,
						5.5,
						5.75
					],
					"texture": "#0"
				},
				"down": {
					"uv": [
						5.875,
						5.5,
						5.75,
						5.625
					],
					"texture": "#0"
				}
			}
		},
		{
			"from": [
				7.45,
				0.7,
				14.45
			],
			"to": [
				8.55,
				2.2,
				17.25
			],
			"rotation": {
				"angle": 22.5,
				"axis": "x",
				"origin": [
					8,
					0.55,
					15.75
				]
			},
			"faces": {
				"north": {
					"uv": [
						3.75,
						4.25,
						4.125,
						4.625
					],
					"texture": "#0"
				},
				"east": {
					"uv": [
						1,
						1,
						1.75,
						1.375
					],
					"texture": "#0"
				},
				"south": {
					"uv": [
						4.25,
						3.75,
						4.625,
						4.125
					],
					"texture": "#0"
				},
				"west": {
					"uv": [
						1.25,
						0,
						2,
						0.375
					],
					"texture": "#0"
				},
				"up": {
					"uv": [
						1.375,
						2.25,
						1,
						1.5
					],
					"texture": "#0"
				},
				"down": {
					"uv": [
						1.875,
						1.5,
						1.5,
						2.25
					],
					"texture": "#0"
				}
			}
		},
		{
			"from": [
				7.3499,
				1,
				16.95
			],
			"to": [
				8.6499,
				2.3,
				18.7
			],
			"rotation": {
				"angle": -22.5,
				"axis": "x",
				"origin": [
					8,
					1.65,
					18.85
				]
			},
			"faces": {
				"north": {
					"uv": [
						4.5,
						1,
						4.875,
						1.375
					],
					"texture": "#0"
				},
				"east": {
					"uv": [
						3.75,
						0,
						4.25,
						0.375
					],
					"texture": "#0"
				},
				"south": {
					"uv": [
						1.5,
						4.5,
						1.875,
						4.875
					],
					"texture": "#0"
				},
				"west": {
					"uv": [
						1.25,
						3.75,
						1.75,
						4.125
					],
					"texture": "#0"
				},
				"up": {
					"uv": [
						2.125,
						4.25,
						1.75,
						3.75
					],
					"texture": "#0"
				},
				"down": {
					"uv": [
						2.875,
						3.75,
						2.5,
						4.25
					],
					"texture": "#0"
				}
			}
		},
		{
			"from": [
				7.3511,
				-0.4,
				17.85
			],
			"to": [
				8.6511,
				0.9,
				19.3
			],
			"rotation": {
				"angle": 22.5,
				"axis": "x",
				"origin": [
					8,
					1.65,
					18.85
				]
			},
			"faces": {
				"north": {
					"uv": [
						1,
						4.75,
						1.375,
						5.125
					],
					"texture": "#0"
				},
				"east": {
					"uv": [
						2,
						4.75,
						2.375,
						5.125
					],
					"texture": "#0"
				},
				"south": {
					"uv": [
						4.75,
						2,
						5.125,
						2.375
					],
					"texture": "#0"
				},
				"west": {
					"uv": [
						3,
						4.75,
						3.375,
						5.125
					],
					"texture": "#0"
				},
				"up": {
					"uv": [
						3.875,
						5.125,
						3.5,
						4.75
					],
					"texture": "#0"
				},
				"down": {
					"uv": [
						5.125,
						3.5,
						4.75,
						3.875
					],
					"texture": "#0"
				}
			}
		},
		{
			"from": [
				7.35,
				0.9,
				18.45
			],
			"to": [
				8.65,
				2.2,
				21.65
			],
			"rotation": {
				"angle": 0,
				"axis": "y",
				"origin": [
					8,
					1.65,
					18.85
				]
			},
			"faces": {
				"north": {
					"uv": [
						4.5,
						1.5,
						4.875,
						1.875
					],
					"texture": "#0"
				},
				"east": {
					"uv": [
						1.25,
						0.5,
						2,
						0.875
					],
					"texture": "#0"
				},
				"south": {
					"uv": [
						4.5,
						2.5,
						4.875,
						2.875
					],
					"texture": "#0"
				},
				"west": {
					"uv": [
						1.75,
						1,
						2.5,
						1.375
					],
					"texture": "#0"
				},
				"up": {
					"uv": [
						2.375,
						0.75,
						2,
						0
					],
					"texture": "#0"
				},
				"down": {
					"uv": [
						2.375,
						1.5,
						2,
						2.25
					],
					"texture": "#0"
				}
			}
		},
		{
			"from": [
				7.35,
				-0.4,
				18.45
			],
			"to": [
				8.65,
				0.9,
				21.65
			],
			"rotation": {
				"angle": 0,
				"axis": "y",
				"origin": [
					8,
					1.65,
					18.85
				]
			},
			"faces": {
				"north": {
					"uv": [
						4.5,
						3,
						4.875,
						3.375
					],
					"texture": "#0"
				},
				"east": {
					"uv": [
						0,
						2.25,
						0.75,
						2.625
					],
					"texture": "#0"
				},
				"south": {
					"uv": [
						4.75,
						0,
						5.125,
						0.375
					],
					"texture": "#0"
				},
				"west": {
					"uv": [
						0.75,
						2.25,
						1.5,
						2.625
					],
					"texture": "#0"
				},
				"up": {
					"uv": [
						1.875,
						3,
						1.5,
						2.25
					],
					"texture": "#0"
				},
				"down": {
					"uv": [
						2.375,
						2.25,
						2,
						3
					],
					"texture": "#0"
				}
			}
		},
		{
			"from": [
				7.25,
				-0.4,
				21.65
			],
			"to": [
				8.75,
				2.3,
				21.95
			],
			"rotation": {
				"angle": 0,
				"axis": "y",
				"origin": [
					8,
					1.65,
					18.85
				]
			},
			"faces": {
				"north": {
					"uv": [
						0,
						4,
						1.5,
						6.5
					],
					"texture": "#1"
				},
				"east": {
					"uv": [
						2,
						10,
						2.5,
						12.5
					],
					"texture": "#1"
				},
				"south": {
					"uv": [
						5,
						0,
						6.5,
						2.5
					],
					"texture": "#1"
				},
				"west": {
					"uv": [
						3,
						10,
						3.5,
						12.5
					],
					"texture": "#1"
				},
				"up": {
					"uv": [
						13.5,
						1.5,
						12,
						1
					],
					"texture": "#1"
				},
				"down": {
					"uv": [
						5.5,
						12,
						4,
						12.5
					],
					"texture": "#1"
				}
			}
		},
		{
			"from": [
				7.25,
				2,
				11
			],
			"to": [
				8.75,
				3.3,
				12.8
			],
			"rotation": {
				"angle": 0,
				"axis": "y",
				"origin": [
					0,
					-0.75,
					-0.45
				]
			},
			"faces": {
				"north": {
					"uv": [
						9,
						4,
						10.5,
						5.5
					],
					"texture": "#1"
				},
				"east": {
					"uv": [
						5,
						6,
						7,
						7.5
					],
					"texture": "#1"
				},
				"south": {
					"uv": [
						6,
						9,
						7.5,
						10.5
					],
					"texture": "#1"
				},
				"west": {
					"uv": [
						0,
						7,
						2,
						8.5
					],
					"texture": "#1"
				},
				"up": {
					"uv": [
						8.5,
						2,
						7,
						0
					],
					"texture": "#1"
				},
				"down": {
					"uv": [
						8.5,
						5,
						7,
						7
					],
					"texture": "#1"
				}
			}
		},
		{
			"from": [
				7.35,
				3.3,
				10.5
			],
			"to": [
				8.65,
				3.7,
				13.5
			],
			"rotation": {
				"angle": 0,
				"axis": "y",
				"origin": [
					0,
					-0.75,
					-0.45
				]
			},
			"faces": {
				"north": {
					"uv": [
						5.5,
						5.25,
						5.875,
						5.375
					],
					"texture": "#0"
				},
				"east": {
					"uv": [
						5.25,
						0,
						6,
						0.125
					],
					"texture": "#0"
				},
				"south": {
					"uv": [
						0,
						5.75,
						0.375,
						5.875
					],
					"texture": "#0"
				},
				"west": {
					"uv": [
						5.25,
						0.25,
						6,
						0.375
					],
					"texture": "#0"
				},
				"up": {
					"uv": [
						0.625,
						3.5,
						0.25,
						2.75
					],
					"texture": "#0"
				},
				"down": {
					"uv": [
						1.125,
						2.75,
						0.75,
						3.5
					],
					"texture": "#0"
				}
			}
		},
		{
			"from": [
				7.25,
				2,
				12.8
			],
			"to": [
				8.75,
				3.8,
				13.3
			],
			"rotation": {
				"angle": 0,
				"axis": "y",
				"origin": [
					0,
					-0.75,
					-0.45
				]
			},
			"faces": {
				"north": {
					"uv": [
						3,
						6,
						4.5,
						8
					],
					"texture": "#1"
				},
				"east": {
					"uv": [
						10,
						2,
						10.5,
						4
					],
					"texture": "#1"
				},
				"south": {
					"uv": [
						6,
						3,
						7.5,
						5
					],
					"texture": "#1"
				},
				"west": {
					"uv": [
						4,
						10,
						4.5,
						12
					],
					"texture": "#1"
				},
				"up": {
					"uv": [
						12.5,
						2.5,
						11,
						2
					],
					"texture": "#1"
				},
				"down": {
					"uv": [
						12.5,
						3,
						11,
						3.5
					],
					"texture": "#1"
				}
			}
		},
		{
			"from": [
				7.25,
				2,
				10.5
			],
			"to": [
				8.75,
				3.8,
				11
			],
			"rotation": {
				"angle": 0,
				"axis": "y",
				"origin": [
					0,
					-0.75,
					-0.45
				]
			},
			"faces": {
				"north": {
					"uv": [
						7,
						7,
						8.5,
						9
					],
					"texture": "#1"
				},
				"east": {
					"uv": [
						5,
						10,
						5.5,
						12
					],
					"texture": "#1"
				},
				"south": {
					"uv": [
						2,
						8,
						3.5,
						10
					],
					"texture": "#1"
				},
				"west": {
					"uv": [
						10,
						6,
						10.5,
						8
					],
					"texture": "#1"
				},
				"up": {
					"uv": [
						12.5,
						4.5,
						11,
						4
					],
					"texture": "#1"
				},
				"down": {
					"uv": [
						12.5,
						5,
						11,
						5.5
					],
					"texture": "#1"
				}
			}
		},
		{
			"from": [
				7.75,
				2.4,
				1.1
			],
			"to": [
				8.25,
				3.15,
				5.9
			],
			"rotation": {
				"angle": 0,
				"axis": "y",
				"origin": [
					0,
					-0.75,
					-0.45
				]
			},
			"faces": {
				"north": {
					"uv": [
						5,
						3,
						5.25,
						3.375
					],
					"texture": "#0"
				},
				"east": {
					"uv": [
						7.5,
						6,
						9.875,
						6.375
					],
					"texture": "#0"
				},
				"south": {
					"uv": [
						5.5,
						0.5,
						5.75,
						0.875
					],
					"texture": "#0"
				},
				"west": {
					"uv": [
						7.5,
						6.5,
						9.875,
						6.875
					],
					"texture": "#0"
				},
				"up": {
					"uv": [
						1.25,
						10.375,
						1,
						8
					],
					"texture": "#0"
				},
				"down": {
					"uv": [
						1.75,
						8,
						1.5,
						10.375
					],
					"texture": "#0"
				}
			}
		},
		{
			"from": [
				7.8,
				3.25,
				4.1
			],
			"to": [
				8.2,
				3.65,
				5.9
			],
			"rotation": {
				"angle": 0,
				"axis": "y",
				"origin": [
					0,
					-0.75,
					-0.45
				]
			},
			"faces": {
				"north": {
					"uv": [
						8.5,
						0.5,
						8.75,
						0.75
					],
					"texture": "#0"
				},
				"east": {
					"uv": [
						0,
						5,
						0.875,
						5.25
					],
					"texture": "#0"
				},
				"south": {
					"uv": [
						8.5,
						1,
						8.75,
						1.25
					],
					"texture": "#0"
				},
				"west": {
					"uv": [
						5,
						1.5,
						5.875,
						1.75
					],
					"texture": "#0"
				},
				"up": {
					"uv": [
						2.25,
						8.875,
						2,
						8
					],
					"texture": "#0"
				},
				"down": {
					"uv": [
						2.75,
						8,
						2.5,
						8.875
					],
					"texture": "#0"
				}
			}
		},
		{
			"from": [
				7.7,
				2.25,
				4.4
			],
			"to": [
				8.3,
				3.75,
				4.8
			],
			"rotation": {
				"angle": 0,
				"axis": "y",
				"origin": [
					0,
					-0.75,
					-0.45
				]
			},
			"faces": {
				"north": {
					"uv": [
						3,
						8,
						3.25,
						8.75
					],
					"texture": "#0"
				},
				"east": {
					"uv": [
						3.5,
						8,
						3.75,
						8.75
					],
					"texture": "#0"
				},
				"south": {
					"uv": [
						4,
						8,
						4.25,
						8.75
					],
					"texture": "#0"
				},
				"west": {
					"uv": [
						4.5,
						8,
						4.75,
						8.75
					],
					"texture": "#0"
				},
				"up": {
					"uv": [
						8.75,
						4.25,
						8.5,
						4
					],
					"texture": "#0"
				},
				"down": {
					"uv": [
						5.25,
						8.5,
						5,
						8.75
					],
					"texture": "#0"
				}
			}
		},
		{
			"from": [
				7.6,
				2.35,
				1
			],
			"to": [
				8.4,
				3.25,
				1.3
			],
			"rotation": {
				"angle": 0,
				"axis": "y",
				"origin": [
					0,
					-0.75,
					-0.45
				]
			},
			"faces": {
				"north": {
					"uv": [
						2.5,
						2,
						2.875,
						2.5
					],
					"texture": "#0"
				},
				"east": {
					"uv": [
						8.5,
						2,
						8.625,
						2.5
					],
					"texture": "#0"
				},
				"south": {
					"uv": [
						2,
						3,
						2.375,
						3.5
					],
					"texture": "#0"
				},
				"west": {
					"uv": [
						8.5,
						2.5,
						8.625,
						3
					],
					"texture": "#0"
				},
				"up": {
					"uv": [
						5.875,
						8.625,
						5.5,
						8.5
					],
					"texture": "#0"
				},
				"down": {
					"uv": [
						6.375,
						8.5,
						6,
						8.625
					],
					"texture": "#0"
				}
			}
		},
		{
			"from": [
				7.35,
				1.8,
				5.9
			],
			"to": [
				8.65,
				3.75,
				6.2
			],
			"rotation": {
				"angle": 0,
				"axis": "y",
				"origin": [
					0,
					-0.75,
					-0.45
				]
			},
			"faces": {
				"north": {
					"uv": [
						0,
						9,
						1.5,
						11
					],
					"texture": "#1"
				},
				"east": {
					"uv": [
						0,
						11,
						0.5,
						13
					],
					"texture": "#1"
				},
				"south": {
					"uv": [
						9,
						0,
						10.5,
						2
					],
					"texture": "#1"
				},
				"west": {
					"uv": [
						11,
						0,
						11.5,
						2
					],
					"texture": "#1"
				},
				"up": {
					"uv": [
						12.5,
						11.5,
						11,
						11
					],
					"texture": "#1"
				},
				"down": {
					"uv": [
						13.5,
						0,
						12,
						0.5
					],
					"texture": "#1"
				}
			}
		},
		{
			"from": [
				7.95,
				3.9,
				4.45
			],
			"to": [
				8.05,
				4.2,
				4.8
			],
			"rotation": {
				"angle": 0,
				"axis": "y",
				"origin": [
					0,
					-0.75,
					-0.45
				]
			},
			"faces": {
				"north": {
					"uv": [
						6.5,
						8.5,
						6.625,
						8.75
					],
					"texture": "#0"
				},
				"east": {
					"uv": [
						7,
						8.5,
						7.125,
						8.75
					],
					"texture": "#0"
				},
				"south": {
					"uv": [
						8.5,
						7,
						8.625,
						7.25
					],
					"texture": "#0"
				},
				"west": {
					"uv": [
						7.5,
						8.5,
						7.625,
						8.75
					],
					"texture": "#0"
				},
				"up": {
					"uv": [
						2.125,
						9.125,
						2,
						9
					],
					"texture": "#0"
				},
				"down": {
					"uv": [
						9.125,
						2,
						9,
						2.125
					],
					"texture": "#0"
				}
			}
		},
		{
			"from": [
				7.45,
				3.7,
				4.3
			],
			"to": [
				8.55,
				3.9,
				4.9
			],
			"rotation": {
				"angle": 0,
				"axis": "y",
				"origin": [
					0,
					-0.75,
					-0.45
				]
			},
			"faces": {
				"north": {
					"uv": [
						8.5,
						3,
						9,
						3.125
					],
					"texture": "#0"
				},
				"east": {
					"uv": [
						9,
						0.5,
						9.25,
						0.625
					],
					"texture": "#0"
				},
				"south": {
					"uv": [
						8.5,
						3.5,
						9,
						3.625
					],
					"texture": "#0"
				},
				"west": {
					"uv": [
						9,
						1,
						9.25,
						1.125
					],
					"texture": "#0"
				},
				"up": {
					"uv": [
						4,
						0.75,
						3.5,
						0.5
					],
					"texture": "#0"
				},
				"down": {
					"uv": [
						4,
						3.5,
						3.5,
						3.75
					],
					"texture": "#0"
				}
			}
		},
		{
			"from": [
				7.35,
				3.6,
				13.3
			],
			"to": [
				8.65,
				4,
				13.7
			],
			"rotation": {
				"angle": 0,
				"axis": "y",
				"origin": [
					0,
					-0.75,
					-0.45
				]
			},
			"faces": {
				"north": {
					"uv": [
						0.5,
						5.75,
						0.875,
						5.875
					],
					"texture": "#0"
				},
				"east": {
					"uv": [
						4,
						6,
						4.125,
						6.125
					],
					"texture": "#0"
				},
				"south": {
					"uv": [
						1.25,
						5.75,
						1.625,
						5.875
					],
					"texture": "#0"
				},
				"west": {
					"uv": [
						6,
						4,
						6.125,
						4.125
					],
					"texture": "#0"
				},
				"up": {
					"uv": [
						6.125,
						1.375,
						5.75,
						1.25
					],
					"texture": "#0"
				},
				"down": {
					"uv": [
						2.125,
						5.75,
						1.75,
						5.875
					],
					"texture": "#0"
				}
			}
		},
		{
			"from": [
				7.75,
				3.6,
				13.7
			],
			"to": [
				8.25,
				4,
				15.8
			],
			"rotation": {
				"angle": 0,
				"axis": "y",
				"origin": [
					0,
					-0.75,
					-0.45
				]
			},
			"faces": {
				"north": {
					"uv": [
						4.25,
						6,
						4.375,
						6.125
					],
					"texture": "#0"
				},
				"east": {
					"uv": [
						3.75,
						5.25,
						4.25,
						5.375
					],
					"texture": "#0"
				},
				"south": {
					"uv": [
						6,
						4.25,
						6.125,
						4.375
					],
					"texture": "#0"
				},
				"west": {
					"uv": [
						5.25,
						4,
						5.75,
						4.125
					],
					"texture": "#0"
				},
				"up": {
					"uv": [
						4.375,
						5.75,
						4.25,
						5.25
					],
					"texture": "#0"
				},
				"down": {
					"uv": [
						5.375,
						5,
						5.25,
						5.5
					],
					"texture": "#0"
				}
			}
		},
		{
			"from": [
				8.15,
				4,
				13.35
			],
			"to": [
				8.35,
				4.4,
				13.6
			],
			"rotation": {
				"angle": 0,
				"axis": "y",
				"origin": [
					0,
					-0.75,
					-0.45
				]
			},
			"faces": {
				"north": {
					"uv": [
						3.25,
						6,
						3.375,
						6.125
					],
					"texture": "#0"
				},
				"east": {
					"uv": [
						6,
						3.25,
						6.125,
						3.375
					],
					"texture": "#0"
				},
				"south": {
					"uv": [
						3.5,
						6,
						3.625,
						6.125
					],
					"texture": "#0"
				},
				"west": {
					"uv": [
						6,
						3.5,
						6.125,
						3.625
					],
					"texture": "#0"
				},
				"up": {
					"uv": [
						3.875,
						6.125,
						3.75,
						6
					],
					"texture": "#0"
				},
				"down": {
					"uv": [
						6.125,
						3.75,
						6,
						3.875
					],
					"texture": "#0"
				}
			}
		},
		{
			"from": [
				7.85,
				4,
				13.35
			],
			"to": [
				8.15,
				4.1,
				13.6
			],
			"rotation": {
				"angle": 0,
				"axis": "y",
				"origin": [
					0,
					-0.75,
					-0.45
				]
			},
			"faces": {
				"north": {
					"uv": [
						3.25,
						6,
						3.375,
						6.125
					],
					"texture": "#0"
				},
				"east": {
					"uv": [
						6,
						3.25,
						6.125,
						3.375
					],
					"texture": "#0"
				},
				"south": {
					"uv": [
						3.5,
						6,
						3.625,
						6.125
					],
					"texture": "#0"
				},
				"west": {
					"uv": [
						6,
						3.5,
						6.125,
						3.625
					],
					"texture": "#0"
				},
				"up": {
					"uv": [
						3.875,
						6.125,
						3.75,
						6
					],
					"texture": "#0"
				},
				"down": {
					"uv": [
						6.125,
						3.75,
						6,
						3.875
					],
					"texture": "#0"
				}
			}
		},
		{
			"from": [
				7.65,
				4,
				13.35
			],
			"to": [
				7.85,
				4.4,
				13.6
			],
			"rotation": {
				"angle": 0,
				"axis": "y",
				"origin": [
					0,
					-0.75,
					-0.45
				]
			},
			"faces": {
				"north": {
					"uv": [
						2.5,
						6,
						2.625,
						6.125
					],
					"texture": "#0"
				},
				"east": {
					"uv": [
						6,
						2.5,
						6.125,
						2.625
					],
					"texture": "#0"
				},
				"south": {
					"uv": [
						2.75,
						6,
						2.875,
						6.125
					],
					"texture": "#0"
				},
				"west": {
					"uv": [
						6,
						2.75,
						6.125,
						2.875
					],
					"texture": "#0"
				},
				"up": {
					"uv": [
						3.125,
						6.125,
						3,
						6
					],
					"texture": "#0"
				},
				"down": {
					"uv": [
						6.125,
						3,
						6,
						3.125
					],
					"texture": "#0"
				}
			}
		},
		{
			"from": [
				7.5,
				2.45,
				13.5
			],
			"to": [
				8.5,
				3.75,
				16.25
			],
			"rotation": {
				"angle": 0,
				"axis": "y",
				"origin": [
					0,
					-0.75,
					-0.45
				]
			},
			"faces": {
				"north": {
					"uv": [
						9,
						6,
						10,
						7.5
					],
					"texture": "#1"
				},
				"east": {
					"uv": [
						0,
						0,
						3,
						1.5
					],
					"texture": "#1"
				},
				"south": {
					"uv": [
						8,
						9,
						9,
						10.5
					],
					"texture": "#1"
				},
				"west": {
					"uv": [
						0,
						2,
						3,
						3.5
					],
					"texture": "#1"
				},
				"up": {
					"uv": [
						3,
						7,
						2,
						4
					],
					"texture": "#1"
				},
				"down": {
					"uv": [
						6,
						3,
						5,
						6
					],
					"texture": "#1"
				}
			}
		},
		{
			"from": [
				7.6,
				2.55,
				16.25
			],
			"to": [
				8.4,
				3.65,
				16.6
			],
			"rotation": {
				"angle": 0,
				"axis": "y",
				"origin": [
					0,
					-0.75,
					-0.45
				]
			},
			"faces": {
				"north": {
					"uv": [
						6,
						5,
						7,
						6
					],
					"texture": "#1"
				},
				"east": {
					"uv": [
						7,
						2,
						7.5,
						3
					],
					"texture": "#1"
				},
				"south": {
					"uv": [
						2,
						7,
						3,
						8
					],
					"texture": "#1"
				},
				"west": {
					"uv": [
						8,
						4,
						8.5,
						5
					],
					"texture": "#1"
				},
				"up": {
					"uv": [
						7,
						8.5,
						6,
						8
					],
					"texture": "#1"
				},
				"down": {
					"uv": [
						2,
						11,
						1,
						11.5
					],
					"texture": "#1"
				}
			}
		},
		{
			"from": [
				7.35,
				1.5,
				10.5
			],
			"to": [
				8.65,
				2.05,
				13.3
			],
			"rotation": {
				"angle": 0,
				"axis": "y",
				"origin": [
					0,
					-0.75,
					-0.45
				]
			},
			"faces": {
				"north": {
					"uv": [
						6,
						11,
						7.5,
						11.5
					],
					"texture": "#1"
				},
				"east": {
					"uv": [
						9,
						8,
						12,
						8.5
					],
					"texture": "#1"
				},
				"south": {
					"uv": [
						11,
						6,
						12.5,
						6.5
					],
					"texture": "#1"
				},
				"west": {
					"uv": [
						9,
						9,
						12,
						9.5
					],
					"texture": "#1"
				},
				"up": {
					"uv": [
						4.5,
						3,
						3,
						0
					],
					"texture": "#1"
				},
				"down": {
					"uv": [
						4.5,
						3,
						3,
						6
					],
					"texture": "#1"
				}
			}
		},
		{
			"from": [
				7.6,
				1,
				13.7
			],
			"to": [
				8.4,
				1.3,
				15.65
			],
			"rotation": {
				"angle": 0,
				"axis": "y",
				"origin": [
					0,
					-0.75,
					-0.45
				]
			},
			"faces": {
				"north": {
					"uv": [
						2.75,
						5.75,
						3,
						5.875
					],
					"texture": "#0"
				},
				"east": {
					"uv": [
						5.25,
						1.25,
						5.75,
						1.375
					],
					"texture": "#0"
				},
				"south": {
					"uv": [
						3,
						5.75,
						3.25,
						5.875
					],
					"texture": "#0"
				},
				"west": {
					"uv": [
						5.25,
						2,
						5.75,
						2.125
					],
					"texture": "#0"
				},
				"up": {
					"uv": [
						5.25,
						1,
						5,
						0.5
					],
					"texture": "#0"
				},
				"down": {
					"uv": [
						5.25,
						1,
						5,
						1.5
					],
					"texture": "#0"
				}
			}
		},
		{
			"from": [
				7.6,
				1.3,
				13.7
			],
			"to": [
				8.4,
				2.1,
				14.05
			],
			"rotation": {
				"angle": 0,
				"axis": "y",
				"origin": [
					0,
					-0.75,
					-0.45
				]
			},
			"faces": {
				"north": {
					"uv": [
						3.25,
						2.25,
						3.5,
						2.5
					],
					"texture": "#0"
				},
				"east": {
					"uv": [
						5.75,
						3,
						5.875,
						3.25
					],
					"texture": "#0"
				},
				"south": {
					"uv": [
						1,
						4,
						1.25,
						4.25
					],
					"texture": "#0"
				},
				"west": {
					"uv": [
						3.25,
						5.75,
						3.375,
						6
					],
					"texture": "#0"
				},
				"up": {
					"uv": [
						6,
						3.375,
						5.75,
						3.25
					],
					"texture": "#0"
				},
				"down": {
					"uv": [
						3.75,
						5.75,
						3.5,
						5.875
					],
					"texture": "#0"
				}
			}
		},
		{
			"from": [
				7.8,
				1.6,
				13.3
			],
			"to": [
				8.2,
				2.1,
				13.75
			],
			"rotation": {
				"angle": 0,
				"axis": "y",
				"origin": [
					0,
					-0.75,
					-0.45
				]
			},
			"faces": {
				"north": {
					"uv": [
						5.75,
						5.75,
						5.875,
						5.875
					],
					"texture": "#0"
				},
				"east": {
					"uv": [
						0,
						6,
						0.125,
						6.125
					],
					"texture": "#0"
				},
				"south": {
					"uv": [
						6,
						0,
						6.125,
						0.125
					],
					"texture": "#0"
				},
				"west": {
					"uv": [
						0.25,
						6,
						0.375,
						6.125
					],
					"texture": "#0"
				},
				"up": {
					"uv": [
						6.125,
						0.375,
						6,
						0.25
					],
					"texture": "#0"
				},
				"down": {
					"uv": [
						0.625,
						6,
						0.5,
						6.125
					],
					"texture": "#0"
				}
			}
		},
		{
			"from": [
				7.5,
				-0.05,
				10.8
			],
			"to": [
				8.5,
				1.95,
				12.9
			],
			"rotation": {
				"angle": 0,
				"axis": "x",
				"origin": [
					8,
					1.175,
					11.85
				]
			},
			"faces": {
				"north": {
					"uv": [
						2.5,
						5,
						2.75,
						5.375
					],
					"texture": "#0"
				},
				"east": {
					"uv": [
						3.25,
						1.25,
						3.875,
						1.625
					],
					"texture": "#0"
				},
				"south": {
					"uv": [
						5,
						2.5,
						5.25,
						2.875
					],
					"texture": "#0"
				},
				"west": {
					"uv": [
						3.25,
						1.75,
						3.875,
						2.125
					],
					"texture": "#0"
				},
				"up": {
					"uv": [
						2.5,
						4.625,
						2.25,
						4
					],
					"texture": "#0"
				},
				"down": {
					"uv": [
						3.5,
						4,
						3.25,
						4.625
					],
					"texture": "#0"
				}
			}
		},
		{
			"from": [
				7.51,
				-1.55,
				11.2
			],
			"to": [
				8.49,
				0.45,
				13.3
			],
			"rotation": {
				"angle": 22.5,
				"axis": "x",
				"origin": [
					8,
					1.175,
					11.85
				]
			},
			"faces": {
				"north": {
					"uv": [
						3,
						3,
						3.5,
						4
					],
					"texture": "#0"
				},
				"east": {
					"uv": [
						7.5,
						4.5,
						8.625,
						5.5
					],
					"texture": "#0"
				},
				"south": {
					"uv": [
						0.5,
						3.5,
						1,
						4.5
					],
					"texture": "#0"
				},
				"west": {
					"uv": [
						5,
						7.5,
						6.125,
						8.5
					],
					"texture": "#0"
				},
				"up": {
					"uv": [
						4.5,
						1.625,
						4,
						0.5
					],
					"texture": "#0"
				},
				"down": {
					"uv": [
						8.5,
						0,
						8,
						1.125
					],
					"texture": "#0"
				}
			}
		},
		{
			"from": [
				7.41,
				-1.75,
				11.1
			],
			"to": [
				8.59,
				-1.45,
				13.4
			],
			"rotation": {
				"angle": 22.5,
				"axis": "x",
				"origin": [
					8,
					1.175,
					11.85
				]
			},
			"faces": {
				"north": {
					"uv": [
						6.5,
						8,
						7.125,
						8.125
					],
					"texture": "#0"
				},
				"east": {
					"uv": [
						8,
						1.5,
						9.25,
						1.625
					],
					"texture": "#0"
				},
				"south": {
					"uv": [
						8.5,
						0,
						9.125,
						0.125
					],
					"texture": "#0"
				},
				"west": {
					"uv": [
						8,
						5.5,
						9.25,
						5.625
					],
					"texture": "#0"
				},
				"up": {
					"uv": [
						8.125,
						8.25,
						7.5,
						7
					],
					"texture": "#0"
				},
				"down": {
					"uv": [
						0.625,
						8,
						0,
						9.25
					],
					"texture": "#0"
				}
			}
		},
		{
			"from": [
				7.4,
				1.35,
				10.6
			],
			"to": [
				8.6,
				2.85,
				13.2
			],
			"rotation": {
				"angle": 0,
				"axis": "y",
				"origin": [
					8,
					1.175,
					11.75
				]
			},
			"faces": {
				"north": {
					"uv": [
						2.5,
						5,
						2.75,
						5.375
					],
					"texture": "#0"
				},
				"east": {
					"uv": [
						3.25,
						1.25,
						3.875,
						1.625
					],
					"texture": "#0"
				},
				"south": {
					"uv": [
						5,
						2.5,
						5.25,
						2.875
					],
					"texture": "#0"
				},
				"west": {
					"uv": [
						3.25,
						1.75,
						3.875,
						2.125
					],
					"texture": "#0"
				},
				"up": {
					"uv": [
						2.5,
						4.625,
						2.25,
						4
					],
					"texture": "#0"
				},
				"down": {
					"uv": [
						3.5,
						4,
						3.25,
						4.625
					],
					"texture": "#0"
				}
			}
		},
		{
			"from": [
				7.3,
				2,
				13.3
			],
			"to": [
				8.7,
				3.6,
				16
			],
			"faces": {
				"north": {
					"uv": [
						0.5,
						4.5,
						0.875,
						4.875
					],
					"texture": "#0"
				},
				"east": {
					"uv": [
						2.75,
						2.5,
						3.375,
						2.875
					],
					"texture": "#0"
				},
				"south": {
					"uv": [
						4.5,
						0.5,
						4.875,
						0.875
					],
					"texture": "#0"
				},
				"west": {
					"uv": [
						3,
						0,
						3.625,
						0.375
					],
					"texture": "#0"
				},
				"up": {
					"uv": [
						3.375,
						1.125,
						3,
						0.5
					],
					"texture": "#0"
				},
				"down": {
					"uv": [
						1.625,
						3,
						1.25,
						3.625
					],
					"texture": "#0"
				}
			}
		},
		{
			"from": [
				7.3,
				1.6,
				6.2
			],
			"to": [
				8.7,
				3.2,
				10.5
			],
			"faces": {
				"north": {
					"uv": [
						4,
						4.75,
						4.375,
						5.125
					],
					"texture": "#0"
				},
				"east": {
					"uv": [
						0,
						0,
						1.125,
						0.375
					],
					"texture": "#0"
				},
				"south": {
					"uv": [
						4.75,
						4,
						5.125,
						4.375
					],
					"texture": "#0"
				},
				"west": {
					"uv": [
						0,
						0.5,
						1.125,
						0.875
					],
					"texture": "#0"
				},
				"up": {
					"uv": [
						0.375,
						2.125,
						0,
						1
					],
					"texture": "#0"
				},
				"down": {
					"uv": [
						0.875,
						1,
						0.5,
						2.125
					],
					"texture": "#0"
				}
			}
		},
		{
			"from": [
				7.4,
				3.1,
				6.2
			],
			"to": [
				8.6,
				3.7,
				10.5
			],
			"faces": {
				"north": {
					"uv": [
						5.75,
						4.25,
						6,
						4.375
					],
					"texture": "#0"
				},
				"east": {
					"uv": [
						4.5,
						4.75,
						5.625,
						4.875
					],
					"texture": "#0"
				},
				"south": {
					"uv": [
						4.5,
						5.75,
						4.75,
						5.875
					],
					"texture": "#0"
				},
				"west": {
					"uv": [
						4.75,
						4.5,
						5.875,
						4.625
					],
					"texture": "#0"
				},
				"up": {
					"uv": [
						2.75,
						3.625,
						2.5,
						2.5
					],
					"texture": "#0"
				},
				"down": {
					"uv": [
						0.25,
						2.75,
						0,
						3.875
					],
					"texture": "#0"
				}
			}
		},
		{
			"from": [
				7.4,
				-0.0281,
				16.68718
			],
			"to": [
				8.6,
				0.8219,
				17.93718
			],
			"rotation": {
				"angle": 0,
				"axis": "y",
				"origin": [
					8,
					0.2719,
					16.93718
				]
			},
			"faces": {
				"north": {
					"uv": [
						1.25,
						2.75,
						1.5,
						3
					],
					"texture": "#0"
				},
				"east": {
					"uv": [
						2,
						0.75,
						2.375,
						1
					],
					"texture": "#0"
				},
				"south": {
					"uv": [
						3,
						1.25,
						3.25,
						1.5
					],
					"texture": "#0"
				},
				"west": {
					"uv": [
						3.5,
						1,
						3.875,
						1.25
					],
					"texture": "#0"
				},
				"up": {
					"uv": [
						1.75,
						5.375,
						1.5,
						5
					],
					"texture": "#0"
				},
				"down": {
					"uv": [
						2,
						5,
						1.75,
						5.375
					],
					"texture": "#0"
				}
			}
		},
		{
			"from": [
				7.1,
				1.65,
				6.65
			],
			"to": [
				7.6,
				3.1,
				8.15
			],
			"faces": {
				"north": {
					"uv": [
						2.5,
						0,
						2.75,
						0.75
					],
					"texture": "#0"
				},
				"east": {
					"uv": [
						3.5,
						2.5,
						4.25,
						3.25
					],
					"texture": "#0"
				},
				"south": {
					"uv": [
						2.5,
						1,
						2.75,
						1.75
					],
					"texture": "#0"
				},
				"west": {
					"uv": [
						6.5,
						1.5,
						7.25,
						2.25
					],
					"texture": "#0"
				},
				"up": {
					"uv": [
						0.25,
						4.75,
						0,
						4
					],
					"texture": "#0"
				},
				"down": {
					"uv": [
						5.25,
						6.5,
						5,
						7.25
					],
					"texture": "#0"
				}
			}
		},
		{
			"from": [
				7.19,
				-1.35,
				6.65
			],
			"to": [
				7.19,
				1.7,
				8.15
			],
			"faces": {
				"north": {
					"uv": [
						0,
						0,
						0,
						1.5
					],
					"texture": "#0"
				},
				"east": {
					"uv": [
						5.5,
						6,
						6.25,
						7.5
					],
					"texture": "#0"
				},
				"south": {
					"uv": [
						0,
						0,
						0,
						1.5
					],
					"texture": "#0"
				},
				"west": {
					"uv": [
						0,
						6.5,
						0.75,
						8
					],
					"texture": "#0"
				},
				"up": {
					"uv": [
						0,
						0.75,
						0,
						0
					],
					"texture": "#0"
				},
				"down": {
					"uv": [
						0,
						0,
						0,
						0.75
					],
					"texture": "#0"
				}
			}
		},
		{
			"from": [
				7.1,
				0.15,
				19.05
			],
			"to": [
				7.6,
				1.6,
				20.55
			],
			"faces": {
				"north": {
					"uv": [
						6.5,
						7,
						6.75,
						7.75
					],
					"texture": "#0"
				},
				"east": {
					"uv": [
						2,
						6.5,
						2.75,
						7.25
					],
					"texture": "#0"
				},
				"south": {
					"uv": [
						7,
						7,
						7.25,
						7.75
					],
					"texture": "#0"
				},
				"west": {
					"uv": [
						6.5,
						2.5,
						7.25,
						3.25
					],
					"texture": "#0"
				},
				"up": {
					"uv": [
						7.75,
						0.75,
						7.5,
						0
					],
					"texture": "#0"
				},
				"down": {
					"uv": [
						7.75,
						1,
						7.5,
						1.75
					],
					"texture": "#0"
				}
			}
		},
		{
			"from": [
				7.29,
				-0.4,
				19.05
			],
			"to": [
				7.29,
				0.25,
				20.55
			],
			"faces": {
				"north": {
					"uv": [
						0,
						0,
						0,
						0.375
					],
					"texture": "#0"
				},
				"east": {
					"uv": [
						6,
						5.5,
						6.75,
						5.875
					],
					"texture": "#0"
				},
				"south": {
					"uv": [
						0,
						0,
						0,
						0.375
					],
					"texture": "#0"
				},
				"west": {
					"uv": [
						6.5,
						6,
						7.25,
						6.375
					],
					"texture": "#0"
				},
				"up": {
					"uv": [
						0,
						0.75,
						0,
						0
					],
					"texture": "#0"
				},
				"down": {
					"uv": [
						0,
						0,
						0,
						0.75
					],
					"texture": "#0"
				}
			}
		},
		{
			"from": [
				7.29,
				1.5,
				19.05
			],
			"to": [
				7.29,
				2.25,
				20.55
			],
			"faces": {
				"north": {
					"uv": [
						0,
						0,
						0,
						0.375
					],
					"texture": "#0"
				},
				"east": {
					"uv": [
						6.5,
						6.5,
						7.25,
						6.875
					],
					"texture": "#0"
				},
				"south": {
					"uv": [
						0,
						0,
						0,
						0.375
					],
					"texture": "#0"
				},
				"west": {
					"uv": [
						7,
						5.5,
						7.75,
						5.875
					],
					"texture": "#0"
				},
				"up": {
					"uv": [
						0,
						0.75,
						0,
						0
					],
					"texture": "#0"
				},
				"down": {
					"uv": [
						0,
						0,
						0,
						0.75
					],
					"texture": "#0"
				}
			}
		},
		{
			"from": [
				8.69,
				-0.4,
				19.05
			],
			"to": [
				8.69,
				2.25,
				20.55
			],
			"faces": {
				"north": {
					"uv": [
						0,
						0,
						0,
						1.375
					],
					"texture": "#0"
				},
				"east": {
					"uv": [
						6.5,
						0,
						7.25,
						1.375
					],
					"texture": "#0"
				},
				"south": {
					"uv": [
						0,
						0,
						0,
						1.375
					],
					"texture": "#0"
				},
				"west": {
					"uv": [
						1,
						6.5,
						1.75,
						7.875
					],
					"texture": "#0"
				},
				"up": {
					"uv": [
						0,
						0.75,
						0,
						0
					],
					"texture": "#0"
				},
				"down": {
					"uv": [
						0,
						0,
						0,
						0.75
					],
					"texture": "#0"
				}
			}
		},
		{
			"from": [
				7.29,
				-0.45,
				19.05
			],
			"to": [
				8.69,
				-0.4,
				20.55
			],
			"faces": {
				"north": {
					"uv": [
						2,
						7.5,
						2.75,
						7.625
					],
					"texture": "#0"
				},
				"east": {
					"uv": [
						7.5,
						2,
						8.25,
						2.125
					],
					"texture": "#0"
				},
				"south": {
					"uv": [
						7.5,
						2.5,
						8.25,
						2.625
					],
					"texture": "#0"
				},
				"west": {
					"uv": [
						3,
						7.5,
						3.75,
						7.625
					],
					"texture": "#0"
				},
				"up": {
					"uv": [
						3.75,
						7.25,
						3,
						6.5
					],
					"texture": "#0"
				},
				"down": {
					"uv": [
						7.25,
						3.5,
						6.5,
						4.25
					],
					"texture": "#0"
				}
			}
		},
		{
			"from": [
				7.3,
				2.2,
				19.05
			],
			"to": [
				8.7,
				2.25,
				20.55
			],
			"faces": {
				"north": {
					"uv": [
						7.5,
						3,
						8.25,
						3.125
					],
					"texture": "#0"
				},
				"east": {
					"uv": [
						7.5,
						3.5,
						8.25,
						3.625
					],
					"texture": "#0"
				},
				"south": {
					"uv": [
						4,
						7.5,
						4.75,
						7.625
					],
					"texture": "#0"
				},
				"west": {
					"uv": [
						7.5,
						4,
						8.25,
						4.125
					],
					"texture": "#0"
				},
				"up": {
					"uv": [
						4.75,
						7.25,
						4,
						6.5
					],
					"texture": "#0"
				},
				"down": {
					"uv": [
						7.25,
						4.5,
						6.5,
						5.25
					],
					"texture": "#0"
				}
			}
		}
	],
	"display": {
		"thirdperson_righthand": {
			"translation": [
				0,
				8,
				-8
			],
			"scale": [
				1.3,
				1.3,
				1.3
			]
		},
		"thirdperson_lefthand": {
			"translation": [
				0,
				8,
				-8
			],
			"scale": [
				-1.3,
				1.3,
				1.3
			]
		},
		"firstperson_righthand": {
			"translation": [
				-5,
				11,
				-1.75
			]
		},
		"firstperson_lefthand": {
			"translation": [
				-5,
				11,
				-1.75
			],
			"scale": [
				-1,
				1,
				1
			]
		},
		"ground": {
			"translation": [
				0,
				5.75,
				-3.5
			]
		},
		"gui": {
			"rotation": [
				23,
				-147,
				5
			],
			"translation": [
				3.25,
				5.25,
				7
			],
			"scale": [
				1.19,
				1.19,
				1.19
			]
		},
		"fixed": {
			"rotation": [
				0,
				90,
				0
			],
			"translation": [
				-6.5,
				11,
				-1.75
			],
			"scale": [
				1.85,
				1.85,
				1.85
			]
		}
	}
}