{
	"credit": "Made with Blockbench",
	"texture_size": [
		32,
		32
	],
	"textures": {
		"0": "scguns_laf:item/hand_crossbow_texture",
		"particle": "scguns_laf:item/hand_crossbow_texture"
	},
	"elements": [
		{
			"from": [
				7.3931,
				0.1785,
				16.7465
			],
			"to": [
				8.6069,
				3.9865,
				18.234
			],
			"rotation": {
				"angle": -45,
				"axis": "x",
				"origin": [
					8.595,
					0.357,
					16.925
				]
			},
			"faces": {
				"north": {
					"uv": [
						0,
						4,
						0.5,
						6
					],
					"texture": "#0"
				},
				"east": {
					"uv": [
						0,
						0,
						0.75,
						2
					],
					"texture": "#0"
				},
				"south": {
					"uv": [
						0.5,
						4,
						1,
						6
					],
					"texture": "#0"
				},
				"west": {
					"uv": [
						1,
						0,
						1.75,
						2
					],
					"texture": "#0"
				},
				"up": {
					"uv": [
						7.5,
						4.25,
						7,
						3.5
					],
					"texture": "#0"
				},
				"down": {
					"uv": [
						2.5,
						7.5,
						2,
						8.25
					],
					"texture": "#0"
				}
			}
		},
		{
			"from": [
				7.4526,
				0,
				16.925
			],
			"to": [
				8.5474,
				0.1785,
				18.0555
			],
			"rotation": {
				"angle": -45,
				"axis": "x",
				"origin": [
					8.595,
					0.357,
					16.925
				]
			},
			"faces": {
				"north": {
					"uv": [
						8.5,
						8,
						9,
						8.25
					],
					"texture": "#0"
				},
				"east": {
					"uv": [
						0.5,
						9,
						1,
						9.25
					],
					"texture": "#0"
				},
				"south": {
					"uv": [
						9,
						1,
						9.5,
						1.25
					],
					"texture": "#0"
				},
				"west": {
					"uv": [
						9,
						1.5,
						9.5,
						1.75
					],
					"texture": "#0"
				},
				"up": {
					"uv": [
						2.5,
						4.5,
						2,
						4
					],
					"texture": "#0"
				},
				"down": {
					"uv": [
						3,
						7.5,
						2.5,
						8
					],
					"texture": "#0"
				}
			}
		},
		{
			"from": [
				7.6906,
				1.9635,
				13.8905
			],
			"to": [
				8.3094,
				2.6775,
				14.188
			],
			"rotation": {
				"angle": 0,
				"axis": "y",
				"origin": [
					8.595,
					0.6545,
					16.925
				]
			},
			"faces": {
				"north": {
					"uv": [
						9.5,
						3.5,
						9.75,
						3.75
					],
					"texture": "#0"
				},
				"east": {
					"uv": [
						4,
						9.5,
						4.25,
						9.75
					],
					"texture": "#0"
				},
				"south": {
					"uv": [
						9.5,
						4,
						9.75,
						4.25
					],
					"texture": "#0"
				},
				"west": {
					"uv": [
						4.5,
						9.5,
						4.75,
						9.75
					],
					"texture": "#0"
				},
				"up": {
					"uv": [
						9.75,
						4.75,
						9.5,
						4.5
					],
					"texture": "#0"
				},
				"down": {
					"uv": [
						5.25,
						9.5,
						5,
						9.75
					],
					"texture": "#0"
				}
			}
		},
		{
			"from": [
				7.6906,
				1.6065,
				12.8195
			],
			"to": [
				8.3094,
				2.6775,
				13.117
			],
			"rotation": {
				"angle": 0,
				"axis": "y",
				"origin": [
					8.595,
					0.6545,
					16.925
				]
			},
			"faces": {
				"north": {
					"uv": [
						2,
						9,
						2.25,
						9.5
					],
					"texture": "#0"
				},
				"east": {
					"uv": [
						2.5,
						9,
						2.75,
						9.5
					],
					"texture": "#0"
				},
				"south": {
					"uv": [
						3,
						9,
						3.25,
						9.5
					],
					"texture": "#0"
				},
				"west": {
					"uv": [
						9,
						3,
						9.25,
						3.5
					],
					"texture": "#0"
				},
				"up": {
					"uv": [
						9.75,
						6.75,
						9.5,
						6.5
					],
					"texture": "#0"
				},
				"down": {
					"uv": [
						7.25,
						9.5,
						7,
						9.75
					],
					"texture": "#0"
				}
			}
		},
		{
			"from": [
				7.8096,
				1.4875,
				12.641
			],
			"to": [
				8.1904,
				1.8445,
				13.2955
			],
			"rotation": {
				"angle": 0,
				"axis": "y",
				"origin": [
					8.595,
					0.6545,
					16.925
				]
			},
			"faces": {
				"north": {
					"uv": [
						9.5,
						7,
						9.75,
						7.25
					],
					"texture": "#0"
				},
				"east": {
					"uv": [
						7.5,
						9.5,
						7.75,
						9.75
					],
					"texture": "#0"
				},
				"south": {
					"uv": [
						9.5,
						7.5,
						9.75,
						7.75
					],
					"texture": "#0"
				},
				"west": {
					"uv": [
						8,
						9.5,
						8.25,
						9.75
					],
					"texture": "#0"
				},
				"up": {
					"uv": [
						9.75,
						8.25,
						9.5,
						8
					],
					"texture": "#0"
				},
				"down": {
					"uv": [
						8.75,
						9.5,
						8.5,
						9.75
					],
					"texture": "#0"
				}
			}
		},
		{
			"from": [
				7.8096,
				1.7255,
				14.902
			],
			"to": [
				8.1904,
				2.2015,
				15.5565
			],
			"rotation": {
				"angle": 0,
				"axis": "y",
				"origin": [
					8.595,
					0.6545,
					16.925
				]
			},
			"faces": {
				"north": {
					"uv": [
						10.5,
						6,
						10.75,
						6.25
					],
					"texture": "#0"
				},
				"east": {
					"uv": [
						6.5,
						10.5,
						6.75,
						10.75
					],
					"texture": "#0"
				},
				"south": {
					"uv": [
						10.5,
						6.5,
						10.75,
						6.75
					],
					"texture": "#0"
				},
				"west": {
					"uv": [
						7,
						10.5,
						7.25,
						10.75
					],
					"texture": "#0"
				},
				"up": {
					"uv": [
						10.75,
						7.25,
						10.5,
						7
					],
					"texture": "#0"
				},
				"down": {
					"uv": [
						7.75,
						10.5,
						7.5,
						10.75
					],
					"texture": "#0"
				}
			}
		},
		{
			"from": [
				7.8096,
				2.2015,
				14.1285
			],
			"to": [
				8.1904,
				2.6775,
				14.945
			],
			"rotation": {
				"angle": 0,
				"axis": "y",
				"origin": [
					8.595,
					0.6545,
					16.925
				]
			},
			"faces": {
				"north": {
					"uv": [
						9.5,
						5,
						9.75,
						5.25
					],
					"texture": "#0"
				},
				"east": {
					"uv": [
						5.5,
						9.5,
						5.75,
						9.75
					],
					"texture": "#0"
				},
				"south": {
					"uv": [
						9.5,
						5.5,
						9.75,
						5.75
					],
					"texture": "#0"
				},
				"west": {
					"uv": [
						6,
						9.5,
						6.25,
						9.75
					],
					"texture": "#0"
				},
				"up": {
					"uv": [
						9.75,
						6.25,
						9.5,
						6
					],
					"texture": "#0"
				},
				"down": {
					"uv": [
						6.75,
						9.5,
						6.5,
						9.75
					],
					"texture": "#0"
				}
			}
		},
		{
			"from": [
				7.6906,
				0.2975,
				16.687
			],
			"to": [
				8.3094,
				4.046,
				18.353
			],
			"rotation": {
				"angle": -45,
				"axis": "x",
				"origin": [
					8.595,
					0.357,
					16.925
				]
			},
			"faces": {
				"north": {
					"uv": [
						6,
						6.5,
						6.25,
						8.25
					],
					"texture": "#0"
				},
				"east": {
					"uv": [
						0,
						2,
						0.75,
						3.75
					],
					"texture": "#0"
				},
				"south": {
					"uv": [
						6.5,
						6.5,
						6.75,
						8.25
					],
					"texture": "#0"
				},
				"west": {
					"uv": [
						2,
						0,
						2.75,
						1.75
					],
					"texture": "#0"
				},
				"up": {
					"uv": [
						0.25,
						9.75,
						0,
						9
					],
					"texture": "#0"
				},
				"down": {
					"uv": [
						9.25,
						0,
						9,
						0.75
					],
					"texture": "#0"
				}
			}
		},
		{
			"from": [
				7.405,
				3.2725,
				12.641
			],
			"to": [
				8.595,
				4.4625,
				15.378
			],
			"rotation": {
				"angle": 0,
				"axis": "y",
				"origin": [
					-0.925,
					-0.8925,
					-2.0555
				]
			},
			"faces": {
				"north": {
					"uv": [
						7.5,
						5,
						8,
						5.5
					],
					"texture": "#0"
				},
				"east": {
					"uv": [
						4.5,
						3.5,
						5.75,
						4
					],
					"texture": "#0"
				},
				"south": {
					"uv": [
						7.5,
						6.5,
						8,
						7
					],
					"texture": "#0"
				},
				"west": {
					"uv": [
						4,
						4.5,
						5.25,
						5
					],
					"texture": "#0"
				},
				"up": {
					"uv": [
						1.5,
						6.25,
						1,
						5
					],
					"texture": "#0"
				},
				"down": {
					"uv": [
						2,
						5,
						1.5,
						6.25
					],
					"texture": "#0"
				}
			}
		},
		{
			"from": [
				7.524,
				2.6775,
				12.522
			],
			"to": [
				8.476,
				4.8195,
				15.14
			],
			"rotation": {
				"angle": 0,
				"axis": "y",
				"origin": [
					-0.925,
					-0.8925,
					-2.0555
				]
			},
			"faces": {
				"north": {
					"uv": [
						6,
						2,
						6.5,
						3
					],
					"texture": "#0"
				},
				"east": {
					"uv": [
						1,
						2,
						2.25,
						3
					],
					"texture": "#0"
				},
				"south": {
					"uv": [
						4,
						6,
						4.5,
						7
					],
					"texture": "#0"
				},
				"west": {
					"uv": [
						2.5,
						2,
						3.75,
						3
					],
					"texture": "#0"
				},
				"up": {
					"uv": [
						3.5,
						6.25,
						3,
						5
					],
					"texture": "#0"
				},
				"down": {
					"uv": [
						4,
						5,
						3.5,
						6.25
					],
					"texture": "#0"
				}
			}
		},
		{
			"from": [
				7.643,
				4.8195,
				14.664
			],
			"to": [
				7.881,
				4.9385,
				15.021
			],
			"rotation": {
				"angle": 0,
				"axis": "y",
				"origin": [
					-0.925,
					-0.8925,
					-2.0555
				]
			},
			"faces": {
				"north": {
					"uv": [
						10.5,
						3,
						10.75,
						3.25
					],
					"texture": "#0"
				},
				"east": {
					"uv": [
						3.5,
						10.5,
						3.75,
						10.75
					],
					"texture": "#0"
				},
				"south": {
					"uv": [
						10.5,
						3.5,
						10.75,
						3.75
					],
					"texture": "#0"
				},
				"west": {
					"uv": [
						4,
						10.5,
						4.25,
						10.75
					],
					"texture": "#0"
				},
				"up": {
					"uv": [
						10.75,
						4.25,
						10.5,
						4
					],
					"texture": "#0"
				},
				"down": {
					"uv": [
						4.75,
						10.5,
						4.5,
						10.75
					],
					"texture": "#0"
				}
			}
		},
		{
			"from": [
				8.119,
				4.8195,
				14.664
			],
			"to": [
				8.357,
				4.9385,
				15.021
			],
			"rotation": {
				"angle": 0,
				"axis": "y",
				"origin": [
					-0.925,
					-0.8925,
					-2.0555
				]
			},
			"faces": {
				"north": {
					"uv": [
						10.5,
						4.5,
						10.75,
						4.75
					],
					"texture": "#0"
				},
				"east": {
					"uv": [
						5,
						10.5,
						5.25,
						10.75
					],
					"texture": "#0"
				},
				"south": {
					"uv": [
						10.5,
						5,
						10.75,
						5.25
					],
					"texture": "#0"
				},
				"west": {
					"uv": [
						5.5,
						10.5,
						5.75,
						10.75
					],
					"texture": "#0"
				},
				"up": {
					"uv": [
						10.75,
						5.75,
						10.5,
						5.5
					],
					"texture": "#0"
				},
				"down": {
					"uv": [
						6.25,
						10.5,
						6,
						10.75
					],
					"texture": "#0"
				}
			}
		},
		{
			"from": [
				7.524,
				3.5105,
				15.378
			],
			"to": [
				8.476,
				4.3435,
				15.973
			],
			"rotation": {
				"angle": 0,
				"axis": "y",
				"origin": [
					-0.925,
					-0.8925,
					-2.0555
				]
			},
			"faces": {
				"north": {
					"uv": [
						5.5,
						8.5,
						6,
						9
					],
					"texture": "#0"
				},
				"east": {
					"uv": [
						9.5,
						1,
						9.75,
						1.5
					],
					"texture": "#0"
				},
				"south": {
					"uv": [
						8.5,
						5.5,
						9,
						6
					],
					"texture": "#0"
				},
				"west": {
					"uv": [
						1.5,
						9.5,
						1.75,
						10
					],
					"texture": "#0"
				},
				"up": {
					"uv": [
						10,
						1.75,
						9.5,
						1.5
					],
					"texture": "#0"
				},
				"down": {
					"uv": [
						2.5,
						9.5,
						2,
						9.75
					],
					"texture": "#0"
				}
			}
		},
		{
			"from": [
				7.2265,
				1.7255,
				9.547
			],
			"to": [
				8.7735,
				3.2725,
				12.641
			],
			"rotation": {
				"angle": 45,
				"axis": "z",
				"origin": [
					8,
					2.499,
					11.332
				]
			},
			"faces": {
				"north": {
					"uv": [
						5,
						2,
						5.75,
						2.75
					],
					"texture": "#0"
				},
				"east": {
					"uv": [
						3,
						0,
						4.5,
						0.75
					],
					"texture": "#0"
				},
				"south": {
					"uv": [
						4,
						5,
						4.75,
						5.75
					],
					"texture": "#0"
				},
				"west": {
					"uv": [
						1,
						3,
						2.5,
						3.75
					],
					"texture": "#0"
				},
				"up": {
					"uv": [
						3.25,
						4.5,
						2.5,
						3
					],
					"texture": "#0"
				},
				"down": {
					"uv": [
						4.25,
						3,
						3.5,
						4.5
					],
					"texture": "#0"
				}
			}
		},
		{
			"from": [
				7.1075,
				1.6065,
				10.856
			],
			"to": [
				8.8925,
				3.3915,
				11.332
			],
			"rotation": {
				"angle": 45,
				"axis": "z",
				"origin": [
					8,
					2.499,
					11.332
				]
			},
			"faces": {
				"north": {
					"uv": [
						1,
						4,
						2,
						5
					],
					"texture": "#0"
				},
				"east": {
					"uv": [
						2.5,
						8,
						2.75,
						9
					],
					"texture": "#0"
				},
				"south": {
					"uv": [
						4,
						2,
						5,
						3
					],
					"texture": "#0"
				},
				"west": {
					"uv": [
						4.5,
						8,
						4.75,
						9
					],
					"texture": "#0"
				},
				"up": {
					"uv": [
						6,
						8.25,
						5,
						8
					],
					"texture": "#0"
				},
				"down": {
					"uv": [
						9,
						5,
						8,
						5.25
					],
					"texture": "#0"
				}
			}
		},
		{
			"from": [
				7.5835,
				2.0825,
				9.309
			],
			"to": [
				8.4165,
				2.9155,
				9.547
			],
			"rotation": {
				"angle": 0,
				"axis": "y",
				"origin": [
					8,
					2.499,
					11.332
				]
			},
			"faces": {
				"north": {
					"uv": [
						7.5,
						7,
						8,
						7.5
					],
					"texture": "#0"
				},
				"east": {
					"uv": [
						3.5,
						9,
						3.75,
						9.5
					],
					"texture": "#0"
				},
				"south": {
					"uv": [
						7.5,
						7.5,
						8,
						8
					],
					"texture": "#0"
				},
				"west": {
					"uv": [
						9,
						3.5,
						9.25,
						4
					],
					"texture": "#0"
				},
				"up": {
					"uv": [
						4.5,
						9.25,
						4,
						9
					],
					"texture": "#0"
				},
				"down": {
					"uv": [
						9.5,
						4,
						9,
						4.25
					],
					"texture": "#0"
				}
			}
		},
		{
			"from": [
				7.8215,
				2.3205,
				8.833
			],
			"to": [
				8.1785,
				3.1535,
				9.071
			],
			"rotation": {
				"angle": 0,
				"axis": "y",
				"origin": [
					8,
					2.499,
					11.332
				]
			},
			"faces": {
				"north": {
					"uv": [
						4.5,
						9,
						4.75,
						9.5
					],
					"texture": "#0"
				},
				"east": {
					"uv": [
						9,
						4.5,
						9.25,
						5
					],
					"texture": "#0"
				},
				"south": {
					"uv": [
						5,
						9,
						5.25,
						9.5
					],
					"texture": "#0"
				},
				"west": {
					"uv": [
						9,
						5,
						9.25,
						5.5
					],
					"texture": "#0"
				},
				"up": {
					"uv": [
						9.75,
						8.75,
						9.5,
						8.5
					],
					"texture": "#0"
				},
				"down": {
					"uv": [
						9.25,
						9.5,
						9,
						9.75
					],
					"texture": "#0"
				}
			}
		},
		{
			"from": [
				7.8215,
				2.3205,
				9.071
			],
			"to": [
				8.1785,
				2.6775,
				9.309
			],
			"rotation": {
				"angle": 0,
				"axis": "y",
				"origin": [
					8,
					2.499,
					11.332
				]
			},
			"faces": {
				"north": {
					"uv": [
						1,
						10,
						1.25,
						10.25
					],
					"texture": "#0"
				},
				"east": {
					"uv": [
						10,
						1,
						10.25,
						1.25
					],
					"texture": "#0"
				},
				"south": {
					"uv": [
						1.5,
						10,
						1.75,
						10.25
					],
					"texture": "#0"
				},
				"west": {
					"uv": [
						10,
						1.5,
						10.25,
						1.75
					],
					"texture": "#0"
				},
				"up": {
					"uv": [
						2.25,
						10.25,
						2,
						10
					],
					"texture": "#0"
				},
				"down": {
					"uv": [
						10.25,
						2,
						10,
						2.25
					],
					"texture": "#0"
				}
			}
		},
		{
			"from": [
				7.7025,
				3.1535,
				8.714
			],
			"to": [
				8.2975,
				3.3915,
				9.19
			],
			"rotation": {
				"angle": 0,
				"axis": "y",
				"origin": [
					8,
					2.499,
					11.332
				]
			},
			"faces": {
				"north": {
					"uv": [
						9.5,
						9,
						9.75,
						9.25
					],
					"texture": "#0"
				},
				"east": {
					"uv": [
						9.5,
						9.5,
						9.75,
						9.75
					],
					"texture": "#0"
				},
				"south": {
					"uv": [
						0,
						10,
						0.25,
						10.25
					],
					"texture": "#0"
				},
				"west": {
					"uv": [
						10,
						0,
						10.25,
						0.25
					],
					"texture": "#0"
				},
				"up": {
					"uv": [
						0.75,
						10.25,
						0.5,
						10
					],
					"texture": "#0"
				},
				"down": {
					"uv": [
						10.25,
						0.5,
						10,
						0.75
					],
					"texture": "#0"
				}
			}
		},
		{
			"from": [
				7.405,
				3.7485,
				10.0349
			],
			"to": [
				8.595,
				3.927,
				12.76
			],
			"rotation": {
				"angle": 0,
				"axis": "y",
				"origin": [
					-0.925,
					-0.8925,
					-2.0555
				]
			},
			"faces": {
				"north": {
					"uv": [
						5.5,
						9,
						6,
						9.25
					],
					"texture": "#0"
				},
				"east": {
					"uv": [
						7.5,
						3.5,
						8.75,
						3.75
					],
					"texture": "#0"
				},
				"south": {
					"uv": [
						9,
						5.5,
						9.5,
						5.75
					],
					"texture": "#0"
				},
				"west": {
					"uv": [
						7.5,
						4,
						8.75,
						4.25
					],
					"texture": "#0"
				},
				"up": {
					"uv": [
						2.5,
						6.25,
						2,
						5
					],
					"texture": "#0"
				},
				"down": {
					"uv": [
						3,
						5,
						2.5,
						6.25
					],
					"texture": "#0"
				}
			}
		},
		{
			"from": [
				6.234,
				3.5105,
				8.9639
			],
			"to": [
				9.766,
				4.165,
				9.8921
			],
			"rotation": {
				"angle": 0,
				"axis": "y",
				"origin": [
					-0.925,
					-0.8925,
					-2.0555
				]
			},
			"faces": {
				"north": {
					"uv": [
						6.5,
						2.5,
						8.25,
						2.75
					],
					"texture": "#0"
				},
				"east": {
					"uv": [
						9,
						7,
						9.5,
						7.25
					],
					"texture": "#0"
				},
				"south": {
					"uv": [
						6.5,
						3,
						8.25,
						3.25
					],
					"texture": "#0"
				},
				"west": {
					"uv": [
						7.5,
						9,
						8,
						9.25
					],
					"texture": "#0"
				},
				"up": {
					"uv": [
						6.25,
						0.5,
						4.5,
						0
					],
					"texture": "#0"
				},
				"down": {
					"uv": [
						6.25,
						0.5,
						4.5,
						1
					],
					"texture": "#0"
				}
			}
		},
		{
			"from": [
				4.7275,
				3.6295,
				9.4399
			],
			"to": [
				6.572,
				4.046,
				10.1301
			],
			"rotation": {
				"angle": 22.5,
				"axis": "y",
				"origin": [
					5.53075,
					3.83775,
					9.785
				]
			},
			"faces": {
				"north": {
					"uv": [
						8,
						6.5,
						9,
						6.75
					],
					"texture": "#0"
				},
				"east": {
					"uv": [
						3,
						10,
						3.25,
						10.25
					],
					"texture": "#0"
				},
				"south": {
					"uv": [
						8,
						7,
						9,
						7.25
					],
					"texture": "#0"
				},
				"west": {
					"uv": [
						10,
						3,
						10.25,
						3.25
					],
					"texture": "#0"
				},
				"up": {
					"uv": [
						8.5,
						8.25,
						7.5,
						8
					],
					"texture": "#0"
				},
				"down": {
					"uv": [
						9,
						7.5,
						8,
						7.75
					],
					"texture": "#0"
				}
			}
		},
		{
			"from": [
				9.3875,
				3.6295,
				9.4399
			],
			"to": [
				11.432,
				4.046,
				10.1301
			],
			"rotation": {
				"angle": -22.5,
				"axis": "y",
				"origin": [
					10.40975,
					3.83775,
					9.785
				]
			},
			"faces": {
				"north": {
					"uv": [
						0,
						8.5,
						1,
						8.75
					],
					"texture": "#0"
				},
				"east": {
					"uv": [
						3.5,
						10,
						3.75,
						10.25
					],
					"texture": "#0"
				},
				"south": {
					"uv": [
						8.5,
						2,
						9.5,
						2.25
					],
					"texture": "#0"
				},
				"west": {
					"uv": [
						10,
						3.5,
						10.25,
						3.75
					],
					"texture": "#0"
				},
				"up": {
					"uv": [
						9.5,
						2.75,
						8.5,
						2.5
					],
					"texture": "#0"
				},
				"down": {
					"uv": [
						4,
						8.5,
						3,
						8.75
					],
					"texture": "#0"
				}
			}
		},
		{
			"from": [
				9.3685,
				3.7485,
				9.3209
			],
			"to": [
				11.451,
				3.927,
				10.2491
			],
			"rotation": {
				"angle": -22.5,
				"axis": "y",
				"origin": [
					10.40975,
					3.83775,
					9.785
				]
			},
			"faces": {
				"north": {
					"uv": [
						7,
						8.5,
						8,
						8.75
					],
					"texture": "#0"
				},
				"east": {
					"uv": [
						9.5,
						3,
						10,
						3.25
					],
					"texture": "#0"
				},
				"south": {
					"uv": [
						8,
						8.5,
						9,
						8.75
					],
					"texture": "#0"
				},
				"west": {
					"uv": [
						3.5,
						9.5,
						4,
						9.75
					],
					"texture": "#0"
				},
				"up": {
					"uv": [
						6.5,
						5,
						5.5,
						4.5
					],
					"texture": "#0"
				},
				"down": {
					"uv": [
						7,
						3.5,
						6,
						4
					],
					"texture": "#0"
				}
			}
		},
		{
			"from": [
				6.334,
				3.6295,
				8.8449
			],
			"to": [
				9.666,
				4.046,
				10.0111
			],
			"rotation": {
				"angle": 0,
				"axis": "y",
				"origin": [
					-0.925,
					-0.8925,
					-2.0555
				]
			},
			"faces": {
				"north": {
					"uv": [
						6.5,
						4.5,
						8.25,
						4.75
					],
					"texture": "#0"
				},
				"east": {
					"uv": [
						9.5,
						2.5,
						10,
						2.75
					],
					"texture": "#0"
				},
				"south": {
					"uv": [
						7,
						0,
						8.75,
						0.25
					],
					"texture": "#0"
				},
				"west": {
					"uv": [
						3,
						9.5,
						3.5,
						9.75
					],
					"texture": "#0"
				},
				"up": {
					"uv": [
						3.75,
						5,
						2,
						4.5
					],
					"texture": "#0"
				},
				"down": {
					"uv": [
						6.25,
						3,
						4.5,
						3.5
					],
					"texture": "#0"
				}
			}
		},
		{
			"from": [
				4.6085,
				3.7485,
				9.3209
			],
			"to": [
				6.691,
				3.927,
				10.2491
			],
			"rotation": {
				"angle": 22.5,
				"axis": "y",
				"origin": [
					5.53075,
					3.83775,
					9.785
				]
			},
			"faces": {
				"north": {
					"uv": [
						6,
						8.5,
						7,
						8.75
					],
					"texture": "#0"
				},
				"east": {
					"uv": [
						9.5,
						2,
						10,
						2.25
					],
					"texture": "#0"
				},
				"south": {
					"uv": [
						8.5,
						6,
						9.5,
						6.25
					],
					"texture": "#0"
				},
				"west": {
					"uv": [
						2.5,
						9.5,
						3,
						9.75
					],
					"texture": "#0"
				},
				"up": {
					"uv": [
						6.5,
						1.5,
						5.5,
						1
					],
					"texture": "#0"
				},
				"down": {
					"uv": [
						6.5,
						1.5,
						5.5,
						2
					],
					"texture": "#0"
				}
			}
		},
		{
			"from": [
				5.485,
				3.748,
				10.40614
			],
			"to": [
				5.6635,
				3.9265,
				13.71434
			],
			"rotation": {
				"angle": 45,
				"axis": "y",
				"origin": [
					5.33625,
					3.83775,
					10.87024
				]
			},
			"faces": {
				"north": {
					"uv": [
						4,
						10,
						4.25,
						10.25
					],
					"texture": "#0"
				},
				"east": {
					"uv": [
						7,
						0.5,
						8.75,
						0.75
					],
					"texture": "#0"
				},
				"south": {
					"uv": [
						10,
						4,
						10.25,
						4.25
					],
					"texture": "#0"
				},
				"west": {
					"uv": [
						1,
						7,
						2.75,
						7.25
					],
					"texture": "#0"
				},
				"up": {
					"uv": [
						4.25,
						8.75,
						4,
						7
					],
					"texture": "#0"
				},
				"down": {
					"uv": [
						7.25,
						6.5,
						7,
						8.25
					],
					"texture": "#0"
				}
			}
		},
		{
			"from": [
				10.602,
				3.6295,
				13.50014
			],
			"to": [
				11.0185,
				4.046,
				13.95234
			],
			"rotation": {
				"angle": -45,
				"axis": "y",
				"origin": [
					10.92925,
					3.83775,
					10.39424
				]
			},
			"faces": {
				"north": {
					"uv": [
						6,
						10,
						6.25,
						10.25
					],
					"texture": "#0"
				},
				"east": {
					"uv": [
						10,
						6,
						10.25,
						6.25
					],
					"texture": "#0"
				},
				"south": {
					"uv": [
						6.5,
						10,
						6.75,
						10.25
					],
					"texture": "#0"
				},
				"west": {
					"uv": [
						10,
						6.5,
						10.25,
						6.75
					],
					"texture": "#0"
				},
				"up": {
					"uv": [
						7.25,
						10.25,
						7,
						10
					],
					"texture": "#0"
				},
				"down": {
					"uv": [
						10.25,
						7,
						10,
						7.25
					],
					"texture": "#0"
				}
			}
		},
		{
			"from": [
				10.721,
				3.748,
				10.52514
			],
			"to": [
				10.8995,
				3.926,
				13.83334
			],
			"rotation": {
				"angle": -45,
				"axis": "y",
				"origin": [
					10.92925,
					3.83775,
					10.39424
				]
			},
			"faces": {
				"north": {
					"uv": [
						7.5,
						10,
						7.75,
						10.25
					],
					"texture": "#0"
				},
				"east": {
					"uv": [
						7,
						1,
						8.75,
						1.25
					],
					"texture": "#0"
				},
				"south": {
					"uv": [
						10,
						7.5,
						10.25,
						7.75
					],
					"texture": "#0"
				},
				"west": {
					"uv": [
						7,
						1.5,
						8.75,
						1.75
					],
					"texture": "#0"
				},
				"up": {
					"uv": [
						1.25,
						9.25,
						1,
						7.5
					],
					"texture": "#0"
				},
				"down": {
					"uv": [
						1.75,
						7.5,
						1.5,
						9.25
					],
					"texture": "#0"
				}
			}
		},
		{
			"from": [
				5.366,
				3.6295,
				13.38114
			],
			"to": [
				5.7825,
				4.046,
				14.01184
			],
			"rotation": {
				"angle": 45,
				"axis": "y",
				"origin": [
					5.33625,
					3.83775,
					10.87024
				]
			},
			"faces": {
				"north": {
					"uv": [
						4.5,
						10,
						4.75,
						10.25
					],
					"texture": "#0"
				},
				"east": {
					"uv": [
						10,
						4.5,
						10.25,
						4.75
					],
					"texture": "#0"
				},
				"south": {
					"uv": [
						5,
						10,
						5.25,
						10.25
					],
					"texture": "#0"
				},
				"west": {
					"uv": [
						10,
						5,
						10.25,
						5.25
					],
					"texture": "#0"
				},
				"up": {
					"uv": [
						5.75,
						10.25,
						5.5,
						10
					],
					"texture": "#0"
				},
				"down": {
					"uv": [
						10.25,
						5.5,
						10,
						5.75
					],
					"texture": "#0"
				}
			}
		},
		{
			"from": [
				7.643,
				3.3915,
				8.4879
			],
			"to": [
				8.357,
				4.284,
				12.7481
			],
			"rotation": {
				"angle": 0,
				"axis": "y",
				"origin": [
					-0.925,
					-0.8925,
					-2.0555
				]
			},
			"faces": {
				"north": {
					"uv": [
						9,
						7.5,
						9.25,
						8
					],
					"texture": "#0"
				},
				"east": {
					"uv": [
						3,
						1,
						5.25,
						1.5
					],
					"texture": "#0"
				},
				"south": {
					"uv": [
						8,
						9,
						8.25,
						9.5
					],
					"texture": "#0"
				},
				"west": {
					"uv": [
						3,
						1.5,
						5.25,
						2
					],
					"texture": "#0"
				},
				"up": {
					"uv": [
						0.25,
						8.25,
						0,
						6
					],
					"texture": "#0"
				},
				"down": {
					"uv": [
						0.75,
						6,
						0.5,
						8.25
					],
					"texture": "#0"
				}
			}
		},
		{
			"from": [
				7.762,
				4.284,
				8.4879
			],
			"to": [
				8.238,
				4.4625,
				12.8671
			],
			"rotation": {
				"angle": 0,
				"axis": "y",
				"origin": [
					-0.925,
					-0.8925,
					-2.0555
				]
			},
			"faces": {
				"north": {
					"uv": [
						2.5,
						10,
						2.75,
						10.25
					],
					"texture": "#0"
				},
				"east": {
					"uv": [
						4.5,
						4,
						6.75,
						4.25
					],
					"texture": "#0"
				},
				"south": {
					"uv": [
						10,
						2.5,
						10.25,
						2.75
					],
					"texture": "#0"
				},
				"west": {
					"uv": [
						5,
						5,
						7.25,
						5.25
					],
					"texture": "#0"
				},
				"up": {
					"uv": [
						5.25,
						7.75,
						5,
						5.5
					],
					"texture": "#0"
				},
				"down": {
					"uv": [
						5.75,
						5.5,
						5.5,
						7.75
					],
					"texture": "#0"
				}
			}
		},
		{
			"from": [
				8.119,
				4.403,
				8.4879
			],
			"to": [
				8.357,
				4.5815,
				12.2721
			],
			"rotation": {
				"angle": 0,
				"axis": "y",
				"origin": [
					-0.925,
					-0.8925,
					-2.0555
				]
			},
			"faces": {
				"north": {
					"uv": [
						9.5,
						10,
						9.75,
						10.25
					],
					"texture": "#0"
				},
				"east": {
					"uv": [
						6,
						5.5,
						8,
						5.75
					],
					"texture": "#0"
				},
				"south": {
					"uv": [
						10,
						9.5,
						10.25,
						9.75
					],
					"texture": "#0"
				},
				"west": {
					"uv": [
						6,
						6,
						8,
						6.25
					],
					"texture": "#0"
				},
				"up": {
					"uv": [
						4.75,
						8,
						4.5,
						6
					],
					"texture": "#0"
				},
				"down": {
					"uv": [
						6.75,
						0,
						6.5,
						2
					],
					"texture": "#0"
				}
			}
		},
		{
			"from": [
				7.643,
				4.284,
				12.2721
			],
			"to": [
				8.357,
				4.7005,
				12.6053
			],
			"rotation": {
				"angle": 0,
				"axis": "y",
				"origin": [
					-0.925,
					-0.8925,
					-2.0555
				]
			},
			"faces": {
				"north": {
					"uv": [
						10.5,
						0,
						10.75,
						0.25
					],
					"texture": "#0"
				},
				"east": {
					"uv": [
						0.5,
						10.5,
						0.75,
						10.75
					],
					"texture": "#0"
				},
				"south": {
					"uv": [
						10.5,
						0.5,
						10.75,
						0.75
					],
					"texture": "#0"
				},
				"west": {
					"uv": [
						1,
						10.5,
						1.25,
						10.75
					],
					"texture": "#0"
				},
				"up": {
					"uv": [
						10.75,
						1.25,
						10.5,
						1
					],
					"texture": "#0"
				},
				"down": {
					"uv": [
						1.75,
						10.5,
						1.5,
						10.75
					],
					"texture": "#0"
				}
			}
		},
		{
			"from": [
				7.643,
				4.403,
				8.4879
			],
			"to": [
				7.881,
				4.5815,
				12.2721
			],
			"rotation": {
				"angle": 0,
				"axis": "y",
				"origin": [
					-0.925,
					-0.8925,
					-2.0555
				]
			},
			"faces": {
				"north": {
					"uv": [
						10,
						10,
						10.25,
						10.25
					],
					"texture": "#0"
				},
				"east": {
					"uv": [
						1,
						6.5,
						3,
						6.75
					],
					"texture": "#0"
				},
				"south": {
					"uv": [
						0,
						10.5,
						0.25,
						10.75
					],
					"texture": "#0"
				},
				"west": {
					"uv": [
						6.5,
						2,
						8.5,
						2.25
					],
					"texture": "#0"
				},
				"up": {
					"uv": [
						3.25,
						8.5,
						3,
						6.5
					],
					"texture": "#0"
				},
				"down": {
					"uv": [
						3.75,
						6.5,
						3.5,
						8.5
					],
					"texture": "#0"
				}
			}
		},
		{
			"from": [
				7.405,
				3.451,
				8.1547
			],
			"to": [
				8.595,
				4.641,
				8.4879
			],
			"rotation": {
				"angle": 0,
				"axis": "y",
				"origin": [
					-0.925,
					-0.8925,
					-2.0555
				]
			},
			"faces": {
				"north": {
					"uv": [
						2,
						8.5,
						2.5,
						9
					],
					"texture": "#0"
				},
				"east": {
					"uv": [
						9,
						8,
						9.25,
						8.5
					],
					"texture": "#0"
				},
				"south": {
					"uv": [
						8.5,
						3,
						9,
						3.5
					],
					"texture": "#0"
				},
				"west": {
					"uv": [
						8.5,
						9,
						8.75,
						9.5
					],
					"texture": "#0"
				},
				"up": {
					"uv": [
						9.5,
						8.75,
						9,
						8.5
					],
					"texture": "#0"
				},
				"down": {
					"uv": [
						9.5,
						9,
						9,
						9.25
					],
					"texture": "#0"
				}
			}
		},
		{
			"from": [
				7.305,
				3.351,
				7.7547
			],
			"to": [
				8.695,
				4.741,
				8.0879
			],
			"rotation": {
				"angle": 0,
				"axis": "y",
				"origin": [
					-0.925,
					-0.8925,
					-2.0555
				]
			},
			"faces": {
				"north": {
					"uv": [
						8,
						10,
						8.75,
						10.75
					],
					"texture": "#0"
				},
				"east": {
					"uv": [
						9,
						10,
						9.25,
						10.75
					],
					"texture": "#0"
				},
				"south": {
					"uv": [
						10,
						8,
						10.75,
						8.75
					],
					"texture": "#0"
				},
				"west": {
					"uv": [
						10.5,
						9,
						10.75,
						9.75
					],
					"texture": "#0"
				},
				"up": {
					"uv": [
						11.25,
						7.75,
						10.5,
						7.5
					],
					"texture": "#0"
				},
				"down": {
					"uv": [
						10.25,
						10.5,
						9.5,
						10.75
					],
					"texture": "#0"
				}
			}
		},
		{
			"from": [
				7.9405,
				4.641,
				8.2737
			],
			"to": [
				8.0595,
				4.998,
				8.3689
			],
			"rotation": {
				"angle": 0,
				"axis": "y",
				"origin": [
					-0.925,
					-0.8925,
					-2.0555
				]
			},
			"faces": {
				"north": {
					"uv": [
						10.5,
						1.5,
						10.75,
						1.75
					],
					"texture": "#0"
				},
				"east": {
					"uv": [
						2,
						10.5,
						2.25,
						10.75
					],
					"texture": "#0"
				},
				"south": {
					"uv": [
						10.5,
						2,
						10.75,
						2.25
					],
					"texture": "#0"
				},
				"west": {
					"uv": [
						2.5,
						10.5,
						2.75,
						10.75
					],
					"texture": "#0"
				},
				"up": {
					"uv": [
						10.75,
						2.75,
						10.5,
						2.5
					],
					"texture": "#0"
				},
				"down": {
					"uv": [
						3.25,
						10.5,
						3,
						10.75
					],
					"texture": "#0"
				}
			}
		},
		{
			"from": [
				7.524,
				3.57,
				7.7977
			],
			"to": [
				8.476,
				4.522,
				8.2499
			],
			"rotation": {
				"angle": 0,
				"axis": "y",
				"origin": [
					-0.925,
					-0.8925,
					-2.0555
				]
			},
			"faces": {
				"north": {
					"uv": [
						8.5,
						4.5,
						9,
						5
					],
					"texture": "#0"
				},
				"east": {
					"uv": [
						9.5,
						0,
						9.75,
						0.5
					],
					"texture": "#0"
				},
				"south": {
					"uv": [
						5,
						8.5,
						5.5,
						9
					],
					"texture": "#0"
				},
				"west": {
					"uv": [
						0.5,
						9.5,
						0.75,
						10
					],
					"texture": "#0"
				},
				"up": {
					"uv": [
						10,
						0.75,
						9.5,
						0.5
					],
					"texture": "#0"
				},
				"down": {
					"uv": [
						1.5,
						9.5,
						1,
						9.75
					],
					"texture": "#0"
				}
			}
		},
		{
			"from": [
				7.524,
				3.2725,
				10.8679
			],
			"to": [
				8.476,
				4.603,
				11.3201
			],
			"rotation": {
				"angle": 0,
				"axis": "y",
				"origin": [
					-0.925,
					-0.8925,
					-2.0555
				]
			},
			"faces": {
				"north": {
					"uv": [
						8,
						5.5,
						8.5,
						6
					],
					"texture": "#0"
				},
				"east": {
					"uv": [
						6,
						9,
						6.25,
						9.5
					],
					"texture": "#0"
				},
				"south": {
					"uv": [
						8,
						6,
						8.5,
						6.5
					],
					"texture": "#0"
				},
				"west": {
					"uv": [
						6.5,
						9,
						6.75,
						9.5
					],
					"texture": "#0"
				},
				"up": {
					"uv": [
						9.5,
						6.75,
						9,
						6.5
					],
					"texture": "#0"
				},
				"down": {
					"uv": [
						7.5,
						9,
						7,
						9.25
					],
					"texture": "#0"
				}
			}
		}
	],
	"display": {
		"thirdperson_righthand": {
			"translation": [
				0,
				8.5,
				-9.5
			],
			"scale": [
				1.64,
				1.64,
				1.64
			]
		},
		"thirdperson_lefthand": {
			"translation": [
				0,
				9.25,
				-8.5
			],
			"scale": [
				-1.64,
				1.64,
				1.64
			]
		},
		"firstperson_righthand": {
			"translation": [
				-5.5,
				9.75,
				2
			],
			"scale": [
				0.85,
				0.85,
				0.85
			]
		},
		"firstperson_lefthand": {
			"translation": [
				-5.5,
				9.75,
				2
			],
			"scale": [
				-0.85,
				0.85,
				0.85
			]
		},
		"ground": {
			"translation": [
				0.75,
				8.25,
				-6.25
			],
			"scale": [
				1.39,
				1.39,
				1.39
			]
		},
		"gui": {
			"rotation": [
				18,
				-144,
				0
			],
			"translation": [
				3.25,
				5,
				0
			],
			"scale": [
				1.41,
				1.41,
				1.41
			]
		},
		"fixed": {
			"rotation": [
				0,
				90,
				0
			],
			"translation": [
				-6.75,
				9.5,
				-1.25
			],
			"scale": [
				1.77,
				1.77,
				1.77
			]
		}
	}
}