{
	"credit": "Made with Blockbench",
	"texture_size": [
		64,
		64
	],
	"textures": {
		"2": "scguns_laf:item/new_heavy_crossbow_texture",
		"particle": "scguns_laf:item/new_heavy_crossbow_texture"
	},
	"elements": [
		{
			"from": [
				7.175,
				0.9225,
				14.7375
			],
			"to": [
				8.825,
				2.5725,
				18.1475
			],
			"rotation": {
				"angle": 22.5,
				"axis": "x",
				"origin": [
					8,
					0.825,
					16.525
				]
			},
			"faces": {
				"north": {
					"uv": [
						0.75,
						6.5,
						1.125,
						6.875
					],
					"texture": "#2"
				},
				"east": {
					"uv": [
						1,
						4,
						1.875,
						4.375
					],
					"texture": "#2"
				},
				"south": {
					"uv": [
						4.25,
						6.5,
						4.625,
						6.875
					],
					"texture": "#2"
				},
				"west": {
					"uv": [
						4,
						1,
						4.875,
						1.375
					],
					"texture": "#2"
				},
				"up": {
					"uv": [
						4.125,
						4.875,
						3.75,
						4
					],
					"texture": "#2"
				},
				"down": {
					"uv": [
						2.375,
						4.25,
						2,
						5.125
					],
					"texture": "#2"
				}
			}
		},
		{
			"from": [
				7.395,
				1.28,
				17.9275
			],
			"to": [
				8.605,
				2.4625,
				18.4775
			],
			"rotation": {
				"angle": 22.5,
				"axis": "x",
				"origin": [
					8,
					0.825,
					16.525
				]
			},
			"faces": {
				"north": {
					"uv": [
						3,
						6,
						3.25,
						6.25
					],
					"texture": "#2"
				},
				"east": {
					"uv": [
						4.5,
						8,
						4.625,
						8.25
					],
					"texture": "#2"
				},
				"south": {
					"uv": [
						6.5,
						2.75,
						6.75,
						3
					],
					"texture": "#2"
				},
				"west": {
					"uv": [
						8,
						4.5,
						8.125,
						4.75
					],
					"texture": "#2"
				},
				"up": {
					"uv": [
						5,
						8.125,
						4.75,
						8
					],
					"texture": "#2"
				},
				"down": {
					"uv": [
						8.25,
						4.75,
						8,
						4.875
					],
					"texture": "#2"
				}
			}
		},
		{
			"from": [
				7.175,
				1.65,
				9.98
			],
			"to": [
				8.825,
				3.41,
				14.93
			],
			"rotation": {
				"angle": 0,
				"axis": "y",
				"origin": [
					8,
					0.605,
					16.525
				]
			},
			"faces": {
				"north": {
					"uv": [
						4.25,
						6,
						4.625,
						6.5
					],
					"texture": "#2"
				},
				"east": {
					"uv": [
						1.5,
						2,
						2.75,
						2.5
					],
					"texture": "#2"
				},
				"south": {
					"uv": [
						4.75,
						6,
						5.125,
						6.5
					],
					"texture": "#2"
				},
				"west": {
					"uv": [
						1.5,
						2.5,
						2.75,
						3
					],
					"texture": "#2"
				},
				"up": {
					"uv": [
						2.375,
						4.25,
						2,
						3
					],
					"texture": "#2"
				},
				"down": {
					"uv": [
						2.875,
						3,
						2.5,
						4.25
					],
					"texture": "#2"
				}
			}
		},
		{
			"from": [
				7.725,
				1.245,
				13.04
			],
			"to": [
				8.275,
				1.685,
				13.915
			],
			"rotation": {
				"angle": 0,
				"axis": "x",
				"origin": [
					8,
					1.375,
					15.04
				]
			},
			"faces": {
				"north": {
					"uv": [
						8.25,
						2.5,
						8.375,
						2.625
					],
					"texture": "#2"
				},
				"east": {
					"uv": [
						5,
						8,
						5.25,
						8.125
					],
					"texture": "#2"
				},
				"south": {
					"uv": [
						8.25,
						2.75,
						8.375,
						2.875
					],
					"texture": "#2"
				},
				"west": {
					"uv": [
						8,
						5,
						8.25,
						5.125
					],
					"texture": "#2"
				},
				"up": {
					"uv": [
						8.125,
						5.5,
						8,
						5.25
					],
					"texture": "#2"
				},
				"down": {
					"uv": [
						5.625,
						8,
						5.5,
						8.25
					],
					"texture": "#2"
				}
			}
		},
		{
			"from": [
				7.825,
				0.845,
				13.84
			],
			"to": [
				8.175,
				1.185,
				16.515
			],
			"rotation": {
				"angle": 22.5,
				"axis": "x",
				"origin": [
					8,
					1.375,
					15.04
				]
			},
			"faces": {
				"north": {
					"uv": [
						8.25,
						3.25,
						8.375,
						3.375
					],
					"texture": "#2"
				},
				"east": {
					"uv": [
						6.5,
						7.25,
						7.125,
						7.375
					],
					"texture": "#2"
				},
				"south": {
					"uv": [
						3.5,
						8.25,
						3.625,
						8.375
					],
					"texture": "#2"
				},
				"west": {
					"uv": [
						7.25,
						7.25,
						7.875,
						7.375
					],
					"texture": "#2"
				},
				"up": {
					"uv": [
						4.625,
						7.875,
						4.5,
						7.25
					],
					"texture": "#2"
				},
				"down": {
					"uv": [
						0.125,
						7.5,
						0,
						8.125
					],
					"texture": "#2"
				}
			}
		},
		{
			"from": [
				7.525,
				0.82,
				16.24
			],
			"to": [
				8.475,
				1.21,
				16.865
			],
			"rotation": {
				"angle": 22.5,
				"axis": "x",
				"origin": [
					8,
					1.375,
					15.04
				]
			},
			"faces": {
				"north": {
					"uv": [
						8,
						5.5,
						8.25,
						5.625
					],
					"texture": "#2"
				},
				"east": {
					"uv": [
						3.75,
						8.25,
						3.875,
						8.375
					],
					"texture": "#2"
				},
				"south": {
					"uv": [
						5.75,
						8,
						6,
						8.125
					],
					"texture": "#2"
				},
				"west": {
					"uv": [
						4,
						8.25,
						4.125,
						8.375
					],
					"texture": "#2"
				},
				"up": {
					"uv": [
						8.25,
						5.875,
						8,
						5.75
					],
					"texture": "#2"
				},
				"down": {
					"uv": [
						8.25,
						6,
						8,
						6.125
					],
					"texture": "#2"
				}
			}
		},
		{
			"from": [
				7.835,
				1.4025,
				11.685
			],
			"to": [
				8.165,
				1.705,
				13.665
			],
			"rotation": {
				"angle": 0,
				"axis": "y",
				"origin": [
					8,
					1.375,
					15.04
				]
			},
			"faces": {
				"north": {
					"uv": [
						8.25,
						4,
						8.375,
						4.125
					],
					"texture": "#2"
				},
				"east": {
					"uv": [
						1.5,
						7.5,
						2,
						7.625
					],
					"texture": "#2"
				},
				"south": {
					"uv": [
						4.25,
						8.25,
						4.375,
						8.375
					],
					"texture": "#2"
				},
				"west": {
					"uv": [
						2.5,
						7.5,
						3,
						7.625
					],
					"texture": "#2"
				},
				"up": {
					"uv": [
						0.375,
						8,
						0.25,
						7.5
					],
					"texture": "#2"
				},
				"down": {
					"uv": [
						7.625,
						4,
						7.5,
						4.5
					],
					"texture": "#2"
				}
			}
		},
		{
			"from": [
				7.285,
				1.87,
				6.885
			],
			"to": [
				8.715,
				3.41,
				11.605
			],
			"rotation": {
				"angle": 0,
				"axis": "y",
				"origin": [
					8,
					0.605,
					18.15
				]
			},
			"faces": {
				"north": {
					"uv": [
						4.75,
						6.5,
						5.125,
						6.875
					],
					"texture": "#2"
				},
				"east": {
					"uv": [
						3.25,
						3,
						4.375,
						3.375
					],
					"texture": "#2"
				},
				"south": {
					"uv": [
						5.25,
						6.5,
						5.625,
						6.875
					],
					"texture": "#2"
				},
				"west": {
					"uv": [
						3.5,
						0,
						4.625,
						0.375
					],
					"texture": "#2"
				},
				"up": {
					"uv": [
						0.875,
						4.375,
						0.5,
						3.25
					],
					"texture": "#2"
				},
				"down": {
					"uv": [
						3.875,
						0.5,
						3.5,
						1.625
					],
					"texture": "#2"
				}
			}
		},
		{
			"from": [
				7.34,
				2.2,
				4.905
			],
			"to": [
				8.66,
				3.41,
				6.885
			],
			"rotation": {
				"angle": 0,
				"axis": "y",
				"origin": [
					8,
					0.605,
					18.15
				]
			},
			"faces": {
				"north": {
					"uv": [
						5.75,
						7,
						6.125,
						7.25
					],
					"texture": "#2"
				},
				"east": {
					"uv": [
						3.25,
						1.75,
						3.75,
						2
					],
					"texture": "#2"
				},
				"south": {
					"uv": [
						0,
						7.25,
						0.375,
						7.5
					],
					"texture": "#2"
				},
				"west": {
					"uv": [
						1,
						3.75,
						1.5,
						4
					],
					"texture": "#2"
				},
				"up": {
					"uv": [
						5.625,
						6.5,
						5.25,
						6
					],
					"texture": "#2"
				},
				"down": {
					"uv": [
						6.125,
						6,
						5.75,
						6.5
					],
					"texture": "#2"
				}
			}
		},
		{
			"from": [
				7.175,
				3.41,
				12.275
			],
			"to": [
				8.825,
				4.51,
				12.605
			],
			"rotation": {
				"angle": 0,
				"axis": "y",
				"origin": [
					8,
					0.605,
					16.525
				]
			},
			"faces": {
				"north": {
					"uv": [
						7.25,
						0,
						7.625,
						0.25
					],
					"texture": "#2"
				},
				"east": {
					"uv": [
						6.25,
						8,
						6.375,
						8.25
					],
					"texture": "#2"
				},
				"south": {
					"uv": [
						7.25,
						0.25,
						7.625,
						0.5
					],
					"texture": "#2"
				},
				"west": {
					"uv": [
						8,
						6.25,
						8.125,
						6.5
					],
					"texture": "#2"
				},
				"up": {
					"uv": [
						8.125,
						4.375,
						7.75,
						4.25
					],
					"texture": "#2"
				},
				"down": {
					"uv": [
						5.875,
						7.75,
						5.5,
						7.875
					],
					"texture": "#2"
				}
			}
		},
		{
			"from": [
				7.065,
				1.54,
				12.275
			],
			"to": [
				8.935,
				3.41,
				12.605
			],
			"rotation": {
				"angle": 0,
				"axis": "y",
				"origin": [
					8,
					0.605,
					16.525
				]
			},
			"faces": {
				"north": {
					"uv": [
						0.75,
						5,
						1.25,
						5.5
					],
					"texture": "#2"
				},
				"east": {
					"uv": [
						4.75,
						7.5,
						4.875,
						8
					],
					"texture": "#2"
				},
				"south": {
					"uv": [
						3.75,
						5,
						4.25,
						5.5
					],
					"texture": "#2"
				},
				"west": {
					"uv": [
						5,
						7.5,
						5.125,
						8
					],
					"texture": "#2"
				},
				"up": {
					"uv": [
						8,
						3.125,
						7.5,
						3
					],
					"texture": "#2"
				},
				"down": {
					"uv": [
						8,
						4.5,
						7.5,
						4.625
					],
					"texture": "#2"
				}
			}
		},
		{
			"from": [
				7.285,
				3.41,
				11.09
			],
			"to": [
				8.715,
				4.4,
				12.95
			],
			"rotation": {
				"angle": 0,
				"axis": "y",
				"origin": [
					8,
					0.605,
					16.525
				]
			},
			"faces": {
				"north": {
					"uv": [
						7.25,
						0.5,
						7.625,
						0.75
					],
					"texture": "#2"
				},
				"east": {
					"uv": [
						4.25,
						7,
						4.75,
						7.25
					],
					"texture": "#2"
				},
				"south": {
					"uv": [
						7.25,
						0.75,
						7.625,
						1
					],
					"texture": "#2"
				},
				"west": {
					"uv": [
						7,
						4.5,
						7.5,
						4.75
					],
					"texture": "#2"
				},
				"up": {
					"uv": [
						6.625,
						2.25,
						6.25,
						1.75
					],
					"texture": "#2"
				},
				"down": {
					"uv": [
						2.375,
						6.25,
						2,
						6.75
					],
					"texture": "#2"
				}
			}
		},
		{
			"from": [
				7.175,
				3.41,
				12.95
			],
			"to": [
				8.825,
				4.51,
				14.43
			],
			"rotation": {
				"angle": 0,
				"axis": "y",
				"origin": [
					8,
					0.605,
					16.525
				]
			},
			"faces": {
				"north": {
					"uv": [
						7.25,
						1,
						7.625,
						1.25
					],
					"texture": "#2"
				},
				"east": {
					"uv": [
						7.25,
						1.25,
						7.625,
						1.5
					],
					"texture": "#2"
				},
				"south": {
					"uv": [
						1.5,
						7.25,
						1.875,
						7.5
					],
					"texture": "#2"
				},
				"west": {
					"uv": [
						7.25,
						1.5,
						7.625,
						1.75
					],
					"texture": "#2"
				},
				"up": {
					"uv": [
						6.125,
						6.875,
						5.75,
						6.5
					],
					"texture": "#2"
				},
				"down": {
					"uv": [
						6.875,
						6,
						6.5,
						6.375
					],
					"texture": "#2"
				}
			}
		},
		{
			"from": [
				7.195,
				3.38,
				2.425
			],
			"to": [
				8.805,
				3.69,
				11.05
			],
			"rotation": {
				"angle": 0,
				"axis": "y",
				"origin": [
					8,
					0.605,
					18.15
				]
			},
			"faces": {
				"north": {
					"uv": [
						6.5,
						7.75,
						6.875,
						7.875
					],
					"texture": "#2"
				},
				"east": {
					"uv": [
						5,
						1,
						7.125,
						1.125
					],
					"texture": "#2"
				},
				"south": {
					"uv": [
						7,
						7.75,
						7.375,
						7.875
					],
					"texture": "#2"
				},
				"west": {
					"uv": [
						5,
						1.25,
						7.125,
						1.375
					],
					"texture": "#2"
				},
				"up": {
					"uv": [
						0.375,
						2.125,
						0,
						0
					],
					"texture": "#2"
				},
				"down": {
					"uv": [
						0.875,
						0,
						0.5,
						2.125
					],
					"texture": "#2"
				}
			}
		},
		{
			"from": [
				7.845,
				3.98,
				1.825
			],
			"to": [
				8.155,
				4.29,
				11.05
			],
			"rotation": {
				"angle": 0,
				"axis": "y",
				"origin": [
					8,
					0.605,
					18.15
				]
			},
			"faces": {
				"north": {
					"uv": [
						8.25,
						4.25,
						8.375,
						4.375
					],
					"texture": "#2"
				},
				"east": {
					"uv": [
						5,
						0.5,
						7.25,
						0.625
					],
					"texture": "#2"
				},
				"south": {
					"uv": [
						4.5,
						8.25,
						4.625,
						8.375
					],
					"texture": "#2"
				},
				"west": {
					"uv": [
						5,
						0.75,
						7.25,
						0.875
					],
					"texture": "#2"
				},
				"up": {
					"uv": [
						1.625,
						6.75,
						1.5,
						4.5
					],
					"texture": "#2"
				},
				"down": {
					"uv": [
						1.875,
						4.5,
						1.75,
						6.75
					],
					"texture": "#2"
				}
			}
		},
		{
			"from": [
				7.795,
				3.93,
				1.025
			],
			"to": [
				8.205,
				4.34,
				2.15
			],
			"rotation": {
				"angle": 0,
				"axis": "y",
				"origin": [
					8,
					0.605,
					18.15
				]
			},
			"faces": {
				"north": {
					"uv": [
						8.25,
						4.5,
						8.375,
						4.625
					],
					"texture": "#2"
				},
				"east": {
					"uv": [
						6.5,
						8,
						6.75,
						8.125
					],
					"texture": "#2"
				},
				"south": {
					"uv": [
						4.75,
						8.25,
						4.875,
						8.375
					],
					"texture": "#2"
				},
				"west": {
					"uv": [
						8,
						6.5,
						8.25,
						6.625
					],
					"texture": "#2"
				},
				"up": {
					"uv": [
						6.875,
						8.25,
						6.75,
						8
					],
					"texture": "#2"
				},
				"down": {
					"uv": [
						8.125,
						6.75,
						8,
						7
					],
					"texture": "#2"
				}
			}
		},
		{
			"from": [
				7.995,
				3.98,
				9.725
			],
			"to": [
				8.005,
				4.49,
				11.05
			],
			"rotation": {
				"angle": 0,
				"axis": "y",
				"origin": [
					8,
					0.605,
					18.15
				]
			},
			"faces": {
				"north": {
					"uv": [
						8.25,
						4.75,
						8.375,
						4.875
					],
					"texture": "#2"
				},
				"east": {
					"uv": [
						7.5,
						7.75,
						7.875,
						7.875
					],
					"texture": "#2"
				},
				"south": {
					"uv": [
						5,
						8.25,
						5.125,
						8.375
					],
					"texture": "#2"
				},
				"west": {
					"uv": [
						8,
						0,
						8.375,
						0.125
					],
					"texture": "#2"
				},
				"up": {
					"uv": [
						6.125,
						8.125,
						6,
						7.75
					],
					"texture": "#2"
				},
				"down": {
					"uv": [
						0.375,
						8,
						0.25,
						8.375
					],
					"texture": "#2"
				}
			}
		},
		{
			"from": [
				7.395,
				2.78,
				2.425
			],
			"to": [
				8.605,
				3.39,
				12.925
			],
			"rotation": {
				"angle": 0,
				"axis": "y",
				"origin": [
					8,
					0.605,
					18.15
				]
			},
			"faces": {
				"north": {
					"uv": [
						7,
						8,
						7.25,
						8.125
					],
					"texture": "#2"
				},
				"east": {
					"uv": [
						3.75,
						2.75,
						6.375,
						2.875
					],
					"texture": "#2"
				},
				"south": {
					"uv": [
						8,
						7,
						8.25,
						7.125
					],
					"texture": "#2"
				},
				"west": {
					"uv": [
						4,
						1.5,
						6.625,
						1.625
					],
					"texture": "#2"
				},
				"up": {
					"uv": [
						1.25,
						3.625,
						1,
						1
					],
					"texture": "#2"
				},
				"down": {
					"uv": [
						1.5,
						1,
						1.25,
						3.625
					],
					"texture": "#2"
				}
			}
		},
		{
			"from": [
				8.195,
				3.68,
				2.425
			],
			"to": [
				8.605,
				4.29,
				12.925
			],
			"rotation": {
				"angle": 0,
				"axis": "y",
				"origin": [
					8,
					0.605,
					18.15
				]
			},
			"faces": {
				"north": {
					"uv": [
						8.25,
						5,
						8.375,
						5.125
					],
					"texture": "#2"
				},
				"east": {
					"uv": [
						4.25,
						4,
						6.875,
						4.125
					],
					"texture": "#2"
				},
				"south": {
					"uv": [
						5.25,
						8.25,
						5.375,
						8.375
					],
					"texture": "#2"
				},
				"west": {
					"uv": [
						4.25,
						4.25,
						6.875,
						4.375
					],
					"texture": "#2"
				},
				"up": {
					"uv": [
						2.625,
						6.875,
						2.5,
						4.25
					],
					"texture": "#2"
				},
				"down": {
					"uv": [
						2.875,
						4.25,
						2.75,
						6.875
					],
					"texture": "#2"
				}
			}
		},
		{
			"from": [
				7.395,
				3.68,
				2.425
			],
			"to": [
				7.805,
				4.29,
				12.925
			],
			"rotation": {
				"angle": 0,
				"axis": "y",
				"origin": [
					8,
					0.605,
					18.15
				]
			},
			"faces": {
				"north": {
					"uv": [
						8.25,
						5.25,
						8.375,
						5.375
					],
					"texture": "#2"
				},
				"east": {
					"uv": [
						4.5,
						3,
						7.125,
						3.125
					],
					"texture": "#2"
				},
				"south": {
					"uv": [
						5.5,
						8.25,
						5.625,
						8.375
					],
					"texture": "#2"
				},
				"west": {
					"uv": [
						4.5,
						3.25,
						7.125,
						3.375
					],
					"texture": "#2"
				},
				"up": {
					"uv": [
						0.125,
						7.125,
						0,
						4.5
					],
					"texture": "#2"
				},
				"down": {
					"uv": [
						0.375,
						4.5,
						0.25,
						7.125
					],
					"texture": "#2"
				}
			}
		},
		{
			"from": [
				7.095,
				4.28,
				3.875
			],
			"to": [
				8.905,
				4.59,
				4.375
			],
			"rotation": {
				"angle": 0,
				"axis": "y",
				"origin": [
					8,
					0.605,
					18.15
				]
			},
			"faces": {
				"north": {
					"uv": [
						5.25,
						7.5,
						5.75,
						7.625
					],
					"texture": "#2"
				},
				"east": {
					"uv": [
						8.25,
						5.5,
						8.375,
						5.625
					],
					"texture": "#2"
				},
				"south": {
					"uv": [
						5.75,
						7.5,
						6.25,
						7.625
					],
					"texture": "#2"
				},
				"west": {
					"uv": [
						5.75,
						8.25,
						5.875,
						8.375
					],
					"texture": "#2"
				},
				"up": {
					"uv": [
						7,
						7.625,
						6.5,
						7.5
					],
					"texture": "#2"
				},
				"down": {
					"uv": [
						7.5,
						7.5,
						7,
						7.625
					],
					"texture": "#2"
				}
			}
		},
		{
			"from": [
				7.095,
				2.08,
				2.175
			],
			"to": [
				8.905,
				3.79,
				2.375
			],
			"rotation": {
				"angle": 0,
				"axis": "y",
				"origin": [
					8,
					0.605,
					18.15
				]
			},
			"faces": {
				"north": {
					"uv": [
						6.25,
						2.25,
						6.75,
						2.625
					],
					"texture": "#2"
				},
				"east": {
					"uv": [
						8,
						0.25,
						8.125,
						0.625
					],
					"texture": "#2"
				},
				"south": {
					"uv": [
						3,
						6.25,
						3.5,
						6.625
					],
					"texture": "#2"
				},
				"west": {
					"uv": [
						0.5,
						8,
						0.625,
						8.375
					],
					"texture": "#2"
				},
				"up": {
					"uv": [
						8,
						7.125,
						7.5,
						7
					],
					"texture": "#2"
				},
				"down": {
					"uv": [
						8,
						7.5,
						7.5,
						7.625
					],
					"texture": "#2"
				}
			}
		},
		{
			"from": [
				7.295,
				2.18,
				1.975
			],
			"to": [
				8.705,
				3.715,
				2.35
			],
			"rotation": {
				"angle": 0,
				"axis": "y",
				"origin": [
					8,
					0.605,
					18.15
				]
			},
			"faces": {
				"north": {
					"uv": [
						6.5,
						6.5,
						6.875,
						6.875
					],
					"texture": "#2"
				},
				"east": {
					"uv": [
						0.75,
						8,
						0.875,
						8.375
					],
					"texture": "#2"
				},
				"south": {
					"uv": [
						1.5,
						6.75,
						1.875,
						7.125
					],
					"texture": "#2"
				},
				"west": {
					"uv": [
						8,
						0.75,
						8.125,
						1.125
					],
					"texture": "#2"
				},
				"up": {
					"uv": [
						1.375,
						8.125,
						1,
						8
					],
					"texture": "#2"
				},
				"down": {
					"uv": [
						8.375,
						1.25,
						8,
						1.375
					],
					"texture": "#2"
				}
			}
		},
		{
			"from": [
				8.195,
				3.78,
				2.175
			],
			"to": [
				8.905,
				4.39,
				2.375
			],
			"rotation": {
				"angle": 0,
				"axis": "y",
				"origin": [
					8,
					0.605,
					18.15
				]
			},
			"faces": {
				"north": {
					"uv": [
						8.25,
						5.75,
						8.375,
						5.875
					],
					"texture": "#2"
				},
				"east": {
					"uv": [
						6,
						8.25,
						6.125,
						8.375
					],
					"texture": "#2"
				},
				"south": {
					"uv": [
						8.25,
						6,
						8.375,
						6.125
					],
					"texture": "#2"
				},
				"west": {
					"uv": [
						6.25,
						8.25,
						6.375,
						8.375
					],
					"texture": "#2"
				},
				"up": {
					"uv": [
						8.375,
						6.375,
						8.25,
						6.25
					],
					"texture": "#2"
				},
				"down": {
					"uv": [
						6.625,
						8.25,
						6.5,
						8.375
					],
					"texture": "#2"
				}
			}
		},
		{
			"from": [
				7.095,
				3.78,
				2.175
			],
			"to": [
				7.805,
				4.39,
				2.375
			],
			"rotation": {
				"angle": 0,
				"axis": "y",
				"origin": [
					8,
					0.605,
					18.15
				]
			},
			"faces": {
				"north": {
					"uv": [
						8.25,
						6.5,
						8.375,
						6.625
					],
					"texture": "#2"
				},
				"east": {
					"uv": [
						6.75,
						8.25,
						6.875,
						8.375
					],
					"texture": "#2"
				},
				"south": {
					"uv": [
						8.25,
						6.75,
						8.375,
						6.875
					],
					"texture": "#2"
				},
				"west": {
					"uv": [
						7,
						8.25,
						7.125,
						8.375
					],
					"texture": "#2"
				},
				"up": {
					"uv": [
						8.375,
						7.125,
						8.25,
						7
					],
					"texture": "#2"
				},
				"down": {
					"uv": [
						7.375,
						8.25,
						7.25,
						8.375
					],
					"texture": "#2"
				}
			}
		},
		{
			"from": [
				7.97,
				4.58,
				3.975
			],
			"to": [
				8.03,
				4.79,
				4.275
			],
			"rotation": {
				"angle": 0,
				"axis": "y",
				"origin": [
					8,
					0.605,
					18.15
				]
			},
			"faces": {
				"north": {
					"uv": [
						8.25,
						7.25,
						8.375,
						7.375
					],
					"texture": "#2"
				},
				"east": {
					"uv": [
						7.5,
						8.25,
						7.625,
						8.375
					],
					"texture": "#2"
				},
				"south": {
					"uv": [
						8.25,
						7.5,
						8.375,
						7.625
					],
					"texture": "#2"
				},
				"west": {
					"uv": [
						7.75,
						8.25,
						7.875,
						8.375
					],
					"texture": "#2"
				},
				"up": {
					"uv": [
						8.375,
						7.875,
						8.25,
						7.75
					],
					"texture": "#2"
				},
				"down": {
					"uv": [
						8.125,
						8.25,
						8,
						8.375
					],
					"texture": "#2"
				}
			}
		},
		{
			"from": [
				8.595,
				3.98,
				3.875
			],
			"to": [
				8.905,
				4.29,
				4.375
			],
			"rotation": {
				"angle": 0,
				"axis": "y",
				"origin": [
					8,
					0.605,
					18.15
				]
			},
			"faces": {
				"north": {
					"uv": [
						8.25,
						8,
						8.375,
						8.125
					],
					"texture": "#2"
				},
				"east": {
					"uv": [
						8.25,
						8.25,
						8.375,
						8.375
					],
					"texture": "#2"
				},
				"south": {
					"uv": [
						0,
						8.5,
						0.125,
						8.625
					],
					"texture": "#2"
				},
				"west": {
					"uv": [
						8.5,
						0,
						8.625,
						0.125
					],
					"texture": "#2"
				},
				"up": {
					"uv": [
						0.375,
						8.625,
						0.25,
						8.5
					],
					"texture": "#2"
				},
				"down": {
					"uv": [
						8.625,
						0.25,
						8.5,
						0.375
					],
					"texture": "#2"
				}
			}
		},
		{
			"from": [
				7.095,
				3.98,
				3.875
			],
			"to": [
				7.405,
				4.29,
				4.375
			],
			"rotation": {
				"angle": 0,
				"axis": "y",
				"origin": [
					8,
					0.605,
					18.15
				]
			},
			"faces": {
				"north": {
					"uv": [
						0.5,
						8.5,
						0.625,
						8.625
					],
					"texture": "#2"
				},
				"east": {
					"uv": [
						8.5,
						0.5,
						8.625,
						0.625
					],
					"texture": "#2"
				},
				"south": {
					"uv": [
						0.75,
						8.5,
						0.875,
						8.625
					],
					"texture": "#2"
				},
				"west": {
					"uv": [
						8.5,
						0.75,
						8.625,
						0.875
					],
					"texture": "#2"
				},
				"up": {
					"uv": [
						1.125,
						8.625,
						1,
						8.5
					],
					"texture": "#2"
				},
				"down": {
					"uv": [
						8.625,
						1,
						8.5,
						1.125
					],
					"texture": "#2"
				}
			}
		},
		{
			"from": [
				7.395,
				3.08,
				14.31
			],
			"to": [
				8.605,
				4.29,
				14.97
			],
			"rotation": {
				"angle": 0,
				"axis": "y",
				"origin": [
					8,
					0.605,
					16.525
				]
			},
			"faces": {
				"north": {
					"uv": [
						7.75,
						0,
						8,
						0.25
					],
					"texture": "#2"
				},
				"east": {
					"uv": [
						7.25,
						8,
						7.375,
						8.25
					],
					"texture": "#2"
				},
				"south": {
					"uv": [
						7.75,
						0.25,
						8,
						0.5
					],
					"texture": "#2"
				},
				"west": {
					"uv": [
						8,
						7.25,
						8.125,
						7.5
					],
					"texture": "#2"
				},
				"up": {
					"uv": [
						7.75,
						8.125,
						7.5,
						8
					],
					"texture": "#2"
				},
				"down": {
					"uv": [
						8.25,
						7.5,
						8,
						7.625
					],
					"texture": "#2"
				}
			}
		},
		{
			"from": [
				7.615,
				2.465,
				14.7225
			],
			"to": [
				8.385,
				3.455,
				15.7675
			],
			"rotation": {
				"angle": 45,
				"axis": "x",
				"origin": [
					8,
					3.575,
					15.7
				]
			},
			"faces": {
				"north": {
					"uv": [
						0.5,
						7.75,
						0.75,
						8
					],
					"texture": "#2"
				},
				"east": {
					"uv": [
						7.75,
						0.5,
						8,
						0.75
					],
					"texture": "#2"
				},
				"south": {
					"uv": [
						0.75,
						7.75,
						1,
						8
					],
					"texture": "#2"
				},
				"west": {
					"uv": [
						7.75,
						0.75,
						8,
						1
					],
					"texture": "#2"
				},
				"up": {
					"uv": [
						1.25,
						8,
						1,
						7.75
					],
					"texture": "#2"
				},
				"down": {
					"uv": [
						8,
						1,
						7.75,
						1.25
					],
					"texture": "#2"
				}
			}
		},
		{
			"from": [
				7.186,
				1.76287,
				15.15691
			],
			"to": [
				8.814,
				3.30287,
				16.58691
			],
			"rotation": {
				"angle": 22.5,
				"axis": "x",
				"origin": [
					8,
					3.90787,
					15.15691
				]
			},
			"faces": {
				"north": {
					"uv": [
						6.75,
						1.5,
						7.125,
						1.875
					],
					"texture": "#2"
				},
				"east": {
					"uv": [
						2,
						6.75,
						2.375,
						7.125
					],
					"texture": "#2"
				},
				"south": {
					"uv": [
						6.75,
						2,
						7.125,
						2.375
					],
					"texture": "#2"
				},
				"west": {
					"uv": [
						6.75,
						2.5,
						7.125,
						2.875
					],
					"texture": "#2"
				},
				"up": {
					"uv": [
						3.375,
						7.125,
						3,
						6.75
					],
					"texture": "#2"
				},
				"down": {
					"uv": [
						1.125,
						7,
						0.75,
						7.375
					],
					"texture": "#2"
				}
			}
		},
		{
			"from": [
				7.395,
				1.3625,
				14.8475
			],
			"to": [
				8.605,
				2.7925,
				18.23
			],
			"rotation": {
				"angle": 22.5,
				"axis": "x",
				"origin": [
					8,
					1.265,
					16.525
				]
			},
			"faces": {
				"north": {
					"uv": [
						7.25,
						1.75,
						7.5,
						2.125
					],
					"texture": "#2"
				},
				"east": {
					"uv": [
						0.5,
						4.5,
						1.375,
						4.875
					],
					"texture": "#2"
				},
				"south": {
					"uv": [
						2,
						7.25,
						2.25,
						7.625
					],
					"texture": "#2"
				},
				"west": {
					"uv": [
						4.25,
						4.5,
						5.125,
						4.875
					],
					"texture": "#2"
				},
				"up": {
					"uv": [
						1,
						6.375,
						0.75,
						5.5
					],
					"texture": "#2"
				},
				"down": {
					"uv": [
						1.25,
						5.5,
						1,
						6.375
					],
					"texture": "#2"
				}
			}
		},
		{
			"from": [
				7.406,
				2.36787,
				15.15691
			],
			"to": [
				8.594,
				3.99037,
				16.47691
			],
			"rotation": {
				"angle": 45,
				"axis": "x",
				"origin": [
					8,
					4.34787,
					15.15691
				]
			},
			"faces": {
				"north": {
					"uv": [
						2.25,
						7.25,
						2.5,
						7.625
					],
					"texture": "#2"
				},
				"east": {
					"uv": [
						2.5,
						7,
						2.875,
						7.375
					],
					"texture": "#2"
				},
				"south": {
					"uv": [
						7.25,
						2.25,
						7.5,
						2.625
					],
					"texture": "#2"
				},
				"west": {
					"uv": [
						7,
						4,
						7.375,
						4.375
					],
					"texture": "#2"
				},
				"up": {
					"uv": [
						7.5,
						3.125,
						7.25,
						2.75
					],
					"texture": "#2"
				},
				"down": {
					"uv": [
						3.25,
						7.25,
						3,
						7.625
					],
					"texture": "#2"
				}
			}
		},
		{
			"from": [
				8.165,
				3.135,
				13.775
			],
			"to": [
				8.385,
				4.675,
				14.105
			],
			"rotation": {
				"angle": 0,
				"axis": "y",
				"origin": [
					-0.8,
					-0.825,
					-1.295
				]
			},
			"faces": {
				"north": {
					"uv": [
						1.5,
						8,
						1.625,
						8.375
					],
					"texture": "#2"
				},
				"east": {
					"uv": [
						1.75,
						8,
						1.875,
						8.375
					],
					"texture": "#2"
				},
				"south": {
					"uv": [
						2,
						8,
						2.125,
						8.375
					],
					"texture": "#2"
				},
				"west": {
					"uv": [
						2.25,
						8,
						2.375,
						8.375
					],
					"texture": "#2"
				},
				"up": {
					"uv": [
						1.375,
						8.625,
						1.25,
						8.5
					],
					"texture": "#2"
				},
				"down": {
					"uv": [
						8.625,
						1.25,
						8.5,
						1.375
					],
					"texture": "#2"
				}
			}
		},
		{
			"from": [
				7.615,
				3.135,
				13.775
			],
			"to": [
				7.835,
				4.675,
				14.105
			],
			"rotation": {
				"angle": 0,
				"axis": "y",
				"origin": [
					-0.8,
					-0.825,
					-1.295
				]
			},
			"faces": {
				"north": {
					"uv": [
						2.5,
						8,
						2.625,
						8.375
					],
					"texture": "#2"
				},
				"east": {
					"uv": [
						2.75,
						8,
						2.875,
						8.375
					],
					"texture": "#2"
				},
				"south": {
					"uv": [
						3,
						8,
						3.125,
						8.375
					],
					"texture": "#2"
				},
				"west": {
					"uv": [
						3.25,
						8,
						3.375,
						8.375
					],
					"texture": "#2"
				},
				"up": {
					"uv": [
						1.625,
						8.625,
						1.5,
						8.5
					],
					"texture": "#2"
				},
				"down": {
					"uv": [
						8.625,
						1.5,
						8.5,
						1.625
					],
					"texture": "#2"
				}
			}
		},
		{
			"from": [
				7.395,
				-0.33,
				19.54
			],
			"to": [
				8.605,
				1.87,
				23.29
			],
			"rotation": {
				"angle": 0,
				"axis": "y",
				"origin": [
					8,
					0.77,
					16.36
				]
			},
			"faces": {
				"north": {
					"uv": [
						4.75,
						7,
						5,
						7.5
					],
					"texture": "#2"
				},
				"east": {
					"uv": [
						2.75,
						2,
						3.75,
						2.5
					],
					"texture": "#2"
				},
				"south": {
					"uv": [
						5,
						7,
						5.25,
						7.5
					],
					"texture": "#2"
				},
				"west": {
					"uv": [
						2.75,
						2.5,
						3.75,
						3
					],
					"texture": "#2"
				},
				"up": {
					"uv": [
						1.5,
						6,
						1.25,
						5
					],
					"texture": "#2"
				},
				"down": {
					"uv": [
						4.5,
						5,
						4.25,
						6
					],
					"texture": "#2"
				}
			}
		},
		{
			"from": [
				7.505,
				-0.99,
				21.2
			],
			"to": [
				8.495,
				-0.22,
				25.38
			],
			"rotation": {
				"angle": 0,
				"axis": "y",
				"origin": [
					8,
					0.77,
					16.36
				]
			},
			"faces": {
				"north": {
					"uv": [
						1.25,
						7.75,
						1.5,
						8
					],
					"texture": "#2"
				},
				"east": {
					"uv": [
						4.5,
						5,
						5.5,
						5.25
					],
					"texture": "#2"
				},
				"south": {
					"uv": [
						7.75,
						1.25,
						8,
						1.5
					],
					"texture": "#2"
				},
				"west": {
					"uv": [
						4.5,
						5.25,
						5.5,
						5.5
					],
					"texture": "#2"
				},
				"up": {
					"uv": [
						2.25,
						6.25,
						2,
						5.25
					],
					"texture": "#2"
				},
				"down": {
					"uv": [
						2.5,
						5.25,
						2.25,
						6.25
					],
					"texture": "#2"
				}
			}
		},
		{
			"from": [
				7.505,
				0.605,
				17.07
			],
			"to": [
				8.495,
				2.2,
				25.38
			],
			"rotation": {
				"angle": 0,
				"axis": "y",
				"origin": [
					8,
					0.77,
					16.36
				]
			},
			"faces": {
				"north": {
					"uv": [
						3.25,
						7.25,
						3.5,
						7.625
					],
					"texture": "#2"
				},
				"east": {
					"uv": [
						1,
						0,
						3.125,
						0.375
					],
					"texture": "#2"
				},
				"south": {
					"uv": [
						3.75,
						7.25,
						4,
						7.625
					],
					"texture": "#2"
				},
				"west": {
					"uv": [
						1,
						0.5,
						3.125,
						0.875
					],
					"texture": "#2"
				},
				"up": {
					"uv": [
						0.25,
						4.375,
						0,
						2.25
					],
					"texture": "#2"
				},
				"down": {
					"uv": [
						0.5,
						2.25,
						0.25,
						4.375
					],
					"texture": "#2"
				}
			}
		},
		{
			"from": [
				7.395,
				-1.98,
				23.29
			],
			"to": [
				8.605,
				1.87,
				25.5
			],
			"rotation": {
				"angle": 0,
				"axis": "y",
				"origin": [
					8,
					0.77,
					16.36
				]
			},
			"faces": {
				"north": {
					"uv": [
						3.25,
						5.25,
						3.5,
						6.25
					],
					"texture": "#2"
				},
				"east": {
					"uv": [
						0.5,
						2.25,
						1,
						3.25
					],
					"texture": "#2"
				},
				"south": {
					"uv": [
						3.5,
						5.25,
						3.75,
						6.25
					],
					"texture": "#2"
				},
				"west": {
					"uv": [
						1.5,
						3,
						2,
						4
					],
					"texture": "#2"
				},
				"up": {
					"uv": [
						5.5,
						7.5,
						5.25,
						7
					],
					"texture": "#2"
				},
				"down": {
					"uv": [
						5.75,
						7,
						5.5,
						7.5
					],
					"texture": "#2"
				}
			}
		},
		{
			"from": [
				7.495,
				-2.28,
				25.365
			],
			"to": [
				8.505,
				2.17,
				25.8
			],
			"rotation": {
				"angle": 0,
				"axis": "y",
				"origin": [
					8,
					0.77,
					16.36
				]
			},
			"faces": {
				"north": {
					"uv": [
						3,
						4.75,
						3.25,
						5.875
					],
					"texture": "#2"
				},
				"east": {
					"uv": [
						6.25,
						6.75,
						6.375,
						7.875
					],
					"texture": "#2"
				},
				"south": {
					"uv": [
						0.5,
						5,
						0.75,
						6.125
					],
					"texture": "#2"
				},
				"west": {
					"uv": [
						3.5,
						7,
						3.625,
						8.125
					],
					"texture": "#2"
				},
				"up": {
					"uv": [
						8,
						8.125,
						7.75,
						8
					],
					"texture": "#2"
				},
				"down": {
					"uv": [
						8.25,
						7.75,
						8,
						7.875
					],
					"texture": "#2"
				}
			}
		},
		{
			"from": [
				7.615,
				-2.31,
				23.18
			],
			"to": [
				8.385,
				-1.98,
				25.6
			],
			"rotation": {
				"angle": 0,
				"axis": "y",
				"origin": [
					8,
					0.77,
					16.36
				]
			},
			"faces": {
				"north": {
					"uv": [
						8,
						8,
						8.25,
						8.125
					],
					"texture": "#2"
				},
				"east": {
					"uv": [
						0.75,
						7.5,
						1.375,
						7.625
					],
					"texture": "#2"
				},
				"south": {
					"uv": [
						0,
						8.25,
						0.25,
						8.375
					],
					"texture": "#2"
				},
				"west": {
					"uv": [
						7.5,
						1.75,
						8.125,
						1.875
					],
					"texture": "#2"
				},
				"up": {
					"uv": [
						3.75,
						6.875,
						3.5,
						6.25
					],
					"texture": "#2"
				},
				"down": {
					"uv": [
						6.5,
						6,
						6.25,
						6.625
					],
					"texture": "#2"
				}
			}
		},
		{
			"from": [
				7.384,
				-1.1,
				16.96
			],
			"to": [
				8.616,
				0.55,
				23.95
			],
			"rotation": {
				"angle": 22.5,
				"axis": "x",
				"origin": [
					8,
					-0.055,
					21.365
				]
			},
			"faces": {
				"north": {
					"uv": [
						4,
						7.25,
						4.25,
						7.625
					],
					"texture": "#2"
				},
				"east": {
					"uv": [
						1.5,
						1,
						3.25,
						1.375
					],
					"texture": "#2"
				},
				"south": {
					"uv": [
						4.25,
						7.25,
						4.5,
						7.625
					],
					"texture": "#2"
				},
				"west": {
					"uv": [
						1.5,
						1.5,
						3.25,
						1.875
					],
					"texture": "#2"
				},
				"up": {
					"uv": [
						3.25,
						4.75,
						3,
						3
					],
					"texture": "#2"
				},
				"down": {
					"uv": [
						3.5,
						0,
						3.25,
						1.75
					],
					"texture": "#2"
				}
			}
		},
		{
			"from": [
				7.626,
				-1.43,
				17.57
			],
			"to": [
				8.418,
				-1.1,
				23.9225
			],
			"rotation": {
				"angle": 22.5,
				"axis": "x",
				"origin": [
					8,
					-0.055,
					21.365
				]
			},
			"faces": {
				"north": {
					"uv": [
						8.25,
						0.25,
						8.5,
						0.375
					],
					"texture": "#2"
				},
				"east": {
					"uv": [
						5.5,
						5,
						7.125,
						5.125
					],
					"texture": "#2"
				},
				"south": {
					"uv": [
						8.25,
						0.5,
						8.5,
						0.625
					],
					"texture": "#2"
				},
				"west": {
					"uv": [
						5.25,
						5.5,
						6.875,
						5.625
					],
					"texture": "#2"
				},
				"up": {
					"uv": [
						3.5,
						5.125,
						3.25,
						3.5
					],
					"texture": "#2"
				},
				"down": {
					"uv": [
						3.75,
						3.5,
						3.5,
						5.125
					],
					"texture": "#2"
				}
			}
		},
		{
			"from": [
				7.651,
				-2.78,
				17.195
			],
			"to": [
				8.393,
				-2.45,
				18.3725
			],
			"rotation": {
				"angle": 45,
				"axis": "x",
				"origin": [
					8,
					-0.055,
					21.365
				]
			},
			"faces": {
				"north": {
					"uv": [
						1.75,
						8.5,
						1.875,
						8.625
					],
					"texture": "#2"
				},
				"east": {
					"uv": [
						8.25,
						0.75,
						8.5,
						0.875
					],
					"texture": "#2"
				},
				"south": {
					"uv": [
						8.5,
						1.75,
						8.625,
						1.875
					],
					"texture": "#2"
				},
				"west": {
					"uv": [
						1,
						8.25,
						1.25,
						8.375
					],
					"texture": "#2"
				},
				"up": {
					"uv": [
						8.375,
						1.25,
						8.25,
						1
					],
					"texture": "#2"
				},
				"down": {
					"uv": [
						1.375,
						8.25,
						1.25,
						8.5
					],
					"texture": "#2"
				}
			}
		},
		{
			"from": [
				10.32645,
				3.37245,
				3.91053
			],
			"to": [
				14.3767,
				3.6759,
				5.48847
			],
			"rotation": {
				"angle": -22.5,
				"axis": "y",
				"origin": [
					12.09658,
					3.52418,
					4.6995
				]
			},
			"faces": {
				"north": {
					"uv": [
						7,
						4.75,
						8,
						4.875
					],
					"texture": "#2"
				},
				"east": {
					"uv": [
						8,
						3,
						8.375,
						3.125
					],
					"texture": "#2"
				},
				"south": {
					"uv": [
						7,
						5.5,
						8,
						5.625
					],
					"texture": "#2"
				},
				"west": {
					"uv": [
						8,
						3.5,
						8.375,
						3.625
					],
					"texture": "#2"
				},
				"up": {
					"uv": [
						4.75,
						2.125,
						3.75,
						1.75
					],
					"texture": "#2"
				},
				"down": {
					"uv": [
						4.75,
						2.25,
						3.75,
						2.625
					],
					"texture": "#2"
				}
			}
		},
		{
			"from": [
				10.35875,
				3.17015,
				4.11283
			],
			"to": [
				14.3444,
				3.8782,
				5.28617
			],
			"rotation": {
				"angle": -22.5,
				"axis": "y",
				"origin": [
					12.09658,
					3.52418,
					4.6995
				]
			},
			"faces": {
				"north": {
					"uv": [
						7,
						5.75,
						8,
						5.875
					],
					"texture": "#2"
				},
				"east": {
					"uv": [
						8.25,
						1.5,
						8.5,
						1.625
					],
					"texture": "#2"
				},
				"south": {
					"uv": [
						7,
						6,
						8,
						6.125
					],
					"texture": "#2"
				},
				"west": {
					"uv": [
						8.25,
						1.75,
						8.5,
						1.875
					],
					"texture": "#2"
				},
				"up": {
					"uv": [
						6.25,
						4.75,
						5.25,
						4.5
					],
					"texture": "#2"
				},
				"down": {
					"uv": [
						6.25,
						4.75,
						5.25,
						5
					],
					"texture": "#2"
				}
			}
		},
		{
			"from": [
				4.9978,
				2.96785,
				3.30363
			],
			"to": [
				7.7022,
				4.0805,
				4.88157
			],
			"rotation": {
				"angle": 0,
				"axis": "y",
				"origin": [
					-7.1725,
					-4.51725,
					-15.42935
				]
			},
			"faces": {
				"north": {
					"uv": [
						6.25,
						4.5,
						6.875,
						4.75
					],
					"texture": "#2"
				},
				"east": {
					"uv": [
						7.25,
						3.25,
						7.625,
						3.5
					],
					"texture": "#2"
				},
				"south": {
					"uv": [
						6.25,
						4.75,
						6.875,
						5
					],
					"texture": "#2"
				},
				"west": {
					"uv": [
						7.25,
						5,
						7.625,
						5.25
					],
					"texture": "#2"
				},
				"up": {
					"uv": [
						6.125,
						2.125,
						5.5,
						1.75
					],
					"texture": "#2"
				},
				"down": {
					"uv": [
						6.125,
						2.25,
						5.5,
						2.625
					],
					"texture": "#2"
				}
			}
		},
		{
			"from": [
				5.1678,
				3.17015,
				3.10133
			],
			"to": [
				7.5322,
				3.8782,
				5.08387
			],
			"rotation": {
				"angle": 0,
				"axis": "y",
				"origin": [
					-7.1725,
					-4.51725,
					-15.42935
				]
			},
			"faces": {
				"north": {
					"uv": [
						7.5,
						2,
						8.125,
						2.125
					],
					"texture": "#2"
				},
				"east": {
					"uv": [
						1.5,
						7.75,
						2,
						7.875
					],
					"texture": "#2"
				},
				"south": {
					"uv": [
						7.5,
						2.25,
						8.125,
						2.375
					],
					"texture": "#2"
				},
				"west": {
					"uv": [
						7.75,
						1.5,
						8.25,
						1.625
					],
					"texture": "#2"
				},
				"up": {
					"uv": [
						5.375,
						0.5,
						4.75,
						0
					],
					"texture": "#2"
				},
				"down": {
					"uv": [
						5.375,
						1.75,
						4.75,
						2.25
					],
					"texture": "#2"
				}
			}
		},
		{
			"from": [
				8.2978,
				2.96785,
				3.30363
			],
			"to": [
				11.0022,
				4.0805,
				4.88157
			],
			"rotation": {
				"angle": 0,
				"axis": "y",
				"origin": [
					-7.1725,
					-4.51725,
					-15.42935
				]
			},
			"faces": {
				"north": {
					"uv": [
						6.5,
						0,
						7.125,
						0.25
					],
					"texture": "#2"
				},
				"east": {
					"uv": [
						7.25,
						5.25,
						7.625,
						5.5
					],
					"texture": "#2"
				},
				"south": {
					"uv": [
						6.5,
						0.25,
						7.125,
						0.5
					],
					"texture": "#2"
				},
				"west": {
					"uv": [
						5.75,
						7.25,
						6.125,
						7.5
					],
					"texture": "#2"
				},
				"up": {
					"uv": [
						6.125,
						3.875,
						5.5,
						3.5
					],
					"texture": "#2"
				},
				"down": {
					"uv": [
						5.125,
						5.5,
						4.5,
						5.875
					],
					"texture": "#2"
				}
			}
		},
		{
			"from": [
				8.4678,
				3.17015,
				3.10133
			],
			"to": [
				10.8322,
				3.8782,
				5.08387
			],
			"rotation": {
				"angle": 0,
				"axis": "y",
				"origin": [
					-7.1725,
					-4.51725,
					-15.42935
				]
			},
			"faces": {
				"north": {
					"uv": [
						7.5,
						2.5,
						8.125,
						2.625
					],
					"texture": "#2"
				},
				"east": {
					"uv": [
						2,
						7.75,
						2.5,
						7.875
					],
					"texture": "#2"
				},
				"south": {
					"uv": [
						7.5,
						2.75,
						8.125,
						2.875
					],
					"texture": "#2"
				},
				"west": {
					"uv": [
						2.5,
						7.75,
						3,
						7.875
					],
					"texture": "#2"
				},
				"up": {
					"uv": [
						5.375,
						2.75,
						4.75,
						2.25
					],
					"texture": "#2"
				},
				"down": {
					"uv": [
						5.375,
						3.5,
						4.75,
						4
					],
					"texture": "#2"
				}
			}
		},
		{
			"from": [
				1.55445,
				3.37245,
				3.91053
			],
			"to": [
				5.7747,
				3.6759,
				5.48847
			],
			"rotation": {
				"angle": 22.5,
				"axis": "y",
				"origin": [
					3.80228,
					3.52418,
					4.6995
				]
			},
			"faces": {
				"north": {
					"uv": [
						7,
						6.25,
						8,
						6.375
					],
					"texture": "#2"
				},
				"east": {
					"uv": [
						8,
						3.75,
						8.375,
						3.875
					],
					"texture": "#2"
				},
				"south": {
					"uv": [
						6.5,
						7,
						7.5,
						7.125
					],
					"texture": "#2"
				},
				"west": {
					"uv": [
						4,
						8,
						4.375,
						8.125
					],
					"texture": "#2"
				},
				"up": {
					"uv": [
						4.75,
						3.875,
						3.75,
						3.5
					],
					"texture": "#2"
				},
				"down": {
					"uv": [
						5,
						0.5,
						4,
						0.875
					],
					"texture": "#2"
				}
			}
		},
		{
			"from": [
				1.75675,
				3.17015,
				4.11283
			],
			"to": [
				5.5724,
				3.8782,
				5.28617
			],
			"rotation": {
				"angle": 22.5,
				"axis": "y",
				"origin": [
					3.80228,
					3.52418,
					4.6995
				]
			},
			"faces": {
				"north": {
					"uv": [
						7,
						6.5,
						8,
						6.625
					],
					"texture": "#2"
				},
				"east": {
					"uv": [
						8.25,
						2,
						8.5,
						2.125
					],
					"texture": "#2"
				},
				"south": {
					"uv": [
						7,
						6.75,
						8,
						6.875
					],
					"texture": "#2"
				},
				"west": {
					"uv": [
						8.25,
						2.25,
						8.5,
						2.375
					],
					"texture": "#2"
				},
				"up": {
					"uv": [
						6.5,
						0.25,
						5.5,
						0
					],
					"texture": "#2"
				},
				"down": {
					"uv": [
						6.5,
						0.25,
						5.5,
						0.5
					],
					"texture": "#2"
				}
			}
		},
		{
			"from": [
				2.917,
				3.3716,
				5.50044
			],
			"to": [
				3.22045,
				3.67505,
				11.63438
			],
			"rotation": {
				"angle": 45,
				"axis": "y",
				"origin": [
					3.47162,
					3.52418,
					6.54441
				]
			},
			"faces": {
				"north": {
					"uv": [
						2,
						8.5,
						2.125,
						8.625
					],
					"texture": "#2"
				},
				"east": {
					"uv": [
						6.25,
						3.5,
						7.75,
						3.625
					],
					"texture": "#2"
				},
				"south": {
					"uv": [
						8.5,
						2,
						8.625,
						2.125
					],
					"texture": "#2"
				},
				"west": {
					"uv": [
						6.25,
						3.75,
						7.75,
						3.875
					],
					"texture": "#2"
				},
				"up": {
					"uv": [
						1.375,
						7.5,
						1.25,
						6
					],
					"texture": "#2"
				},
				"down": {
					"uv": [
						0.625,
						6.25,
						0.5,
						7.75
					],
					"texture": "#2"
				}
			}
		},
		{
			"from": [
				2.7147,
				3.17015,
				11.06794
			],
			"to": [
				3.42275,
				3.8782,
				12.99013
			],
			"rotation": {
				"angle": 45,
				"axis": "y",
				"origin": [
					3.47162,
					3.52418,
					6.54441
				]
			},
			"faces": {
				"north": {
					"uv": [
						2.25,
						8.5,
						2.375,
						8.625
					],
					"texture": "#2"
				},
				"east": {
					"uv": [
						3,
						7.75,
						3.5,
						7.875
					],
					"texture": "#2"
				},
				"south": {
					"uv": [
						8.5,
						2.25,
						8.625,
						2.375
					],
					"texture": "#2"
				},
				"west": {
					"uv": [
						7.75,
						3.25,
						8.25,
						3.375
					],
					"texture": "#2"
				},
				"up": {
					"uv": [
						7.875,
						4,
						7.75,
						3.5
					],
					"texture": "#2"
				},
				"down": {
					"uv": [
						3.875,
						7.75,
						3.75,
						8.25
					],
					"texture": "#2"
				}
			}
		},
		{
			"from": [
				13.2734,
				3.17015,
				11.18524
			],
			"to": [
				13.98145,
				3.8782,
				12.97398
			],
			"rotation": {
				"angle": -45,
				"axis": "y",
				"origin": [
					12.97972,
					3.52418,
					5.73521
				]
			},
			"faces": {
				"north": {
					"uv": [
						2.5,
						8.5,
						2.625,
						8.625
					],
					"texture": "#2"
				},
				"east": {
					"uv": [
						4,
						7.75,
						4.5,
						7.875
					],
					"texture": "#2"
				},
				"south": {
					"uv": [
						8.5,
						2.5,
						8.625,
						2.625
					],
					"texture": "#2"
				},
				"west": {
					"uv": [
						7.75,
						4,
						8.25,
						4.125
					],
					"texture": "#2"
				},
				"up": {
					"uv": [
						7.875,
						5.5,
						7.75,
						5
					],
					"texture": "#2"
				},
				"down": {
					"uv": [
						5.375,
						7.75,
						5.25,
						8.25
					],
					"texture": "#2"
				}
			}
		},
		{
			"from": [
				13.4757,
				3.3716,
				5.44774
			],
			"to": [
				13.77915,
				3.6742,
				11.75168
			],
			"rotation": {
				"angle": -45,
				"axis": "y",
				"origin": [
					12.97972,
					3.52418,
					5.73521
				]
			},
			"faces": {
				"north": {
					"uv": [
						2.75,
						8.5,
						2.875,
						8.625
					],
					"texture": "#2"
				},
				"east": {
					"uv": [
						5.5,
						5.25,
						7.125,
						5.375
					],
					"texture": "#2"
				},
				"south": {
					"uv": [
						8.5,
						2.75,
						8.625,
						2.875
					],
					"texture": "#2"
				},
				"west": {
					"uv": [
						5.25,
						5.75,
						6.875,
						5.875
					],
					"texture": "#2"
				},
				"up": {
					"uv": [
						3.875,
						7.125,
						3.75,
						5.5
					],
					"texture": "#2"
				},
				"down": {
					"uv": [
						4.125,
						5.5,
						4,
						7.125
					],
					"texture": "#2"
				}
			}
		}
	],
	"display": {
		"thirdperson_righthand": {
			"translation": [
				0,
				6.25,
				-6.5
			]
		},
		"thirdperson_lefthand": {
			"translation": [
				0,
				6.25,
				-6.5
			],
			"scale": [
				-1,
				1,
				1
			]
		},
		"firstperson_righthand": {
			"translation": [
				-5.25,
				10.5,
				1.25
			]
		},
		"firstperson_lefthand": {
			"translation": [
				-5.25,
				10.5,
				1.25
			],
			"scale": [
				-1,
				1,
				1
			]
		},
		"ground": {
			"translation": [
				0,
				5.75,
				-5.5
			]
		},
		"gui": {
			"rotation": [
				-166.04,
				-29.83,
				-178.93
			],
			"translation": [
				1.5,
				4,
				7
			],
			"scale": [
				0.89,
				0.89,
				0.89
			]
		},
		"fixed": {
			"rotation": [
				0,
				90,
				0
			],
			"translation": [
				-8.75,
				11,
				-1.75
			],
			"scale": [
				1.85,
				1.85,
				1.85
			]
		}
	}
}