{
	"credit": "Model by MrCrayfish (https://twitter.com/MrCraayfish) using Blockbench",
	"texture_size": [
		64,
		64
	],
	"textures": {
		"1": "scguns_laf:item/new_huot_auto_texture",
		"particle": "scguns_laf:item/new_huot_auto_texture"
	},
	"elements": [
		{
			"from": [
				6.85,
				2.675,
				6.70625
			],
			"to": [
				9.15,
				5.175,
				10.53
			],
			"rotation": {
				"angle": 0,
				"axis": "y",
				"origin": [
					-1.2,
					-0.0575,
					-0.48125
				]
			},
			"faces": {
				"north": {
					"uv": [
						6.25,
						0,
						6.875,
						0.625
					],
					"texture": "#1"
				},
				"east": {
					"uv": [
						2,
						2,
						3,
						2.625
					],
					"texture": "#1"
				},
				"south": {
					"uv": [
						6.25,
						0.75,
						6.875,
						1.375
					],
					"texture": "#1"
				},
				"west": {
					"uv": [
						2.5,
						0,
						3.5,
						0.625
					],
					"texture": "#1"
				},
				"up": {
					"uv": [
						1.375,
						3.5,
						0.75,
						2.5
					],
					"texture": "#1"
				},
				"down": {
					"uv": [
						3.375,
						0.75,
						2.75,
						1.75
					],
					"texture": "#1"
				}
			}
		},
		{
			"from": [
				6.99375,
				1.955,
				10.44375
			],
			"to": [
				9.00625,
				2.875,
				13.1175
			],
			"rotation": {
				"angle": 0,
				"axis": "y",
				"origin": [
					-1.2,
					-0.345,
					3.285
				]
			},
			"faces": {
				"north": {
					"uv": [
						1.5,
						2.5,
						2,
						2.75
					],
					"texture": "#1"
				},
				"east": {
					"uv": [
						8.5,
						7,
						9.125,
						7.25
					],
					"texture": "#1"
				},
				"south": {
					"uv": [
						8,
						8.75,
						8.5,
						9
					],
					"texture": "#1"
				},
				"west": {
					"uv": [
						8.5,
						7.25,
						9.125,
						7.5
					],
					"texture": "#1"
				},
				"up": {
					"uv": [
						6,
						7.875,
						5.5,
						7.25
					],
					"texture": "#1"
				},
				"down": {
					"uv": [
						7.75,
						6,
						7.25,
						6.625
					],
					"texture": "#1"
				}
			}
		},
		{
			"from": [
				7.68375,
				2.4825,
				6.505
			],
			"to": [
				8.31625,
				2.99,
				7.16625
			],
			"rotation": {
				"angle": 0,
				"axis": "y",
				"origin": [
					-1.2,
					-0.345,
					13.37625
				]
			},
			"faces": {
				"north": {
					"uv": [
						10.5,
						5,
						10.625,
						5.125
					],
					"texture": "#1"
				},
				"east": {
					"uv": [
						5.25,
						10.5,
						5.375,
						10.625
					],
					"texture": "#1"
				},
				"south": {
					"uv": [
						10.5,
						5.25,
						10.625,
						5.375
					],
					"texture": "#1"
				},
				"west": {
					"uv": [
						5.5,
						10.5,
						5.625,
						10.625
					],
					"texture": "#1"
				},
				"up": {
					"uv": [
						10.625,
						5.625,
						10.5,
						5.5
					],
					"texture": "#1"
				},
				"down": {
					"uv": [
						5.875,
						10.5,
						5.75,
						10.625
					],
					"texture": "#1"
				}
			}
		},
		{
			"from": [
				7.7125,
				1.6675,
				10.61625
			],
			"to": [
				8.2875,
				2.53,
				12.255
			],
			"rotation": {
				"angle": 0,
				"axis": "y",
				"origin": [
					-1.2,
					-0.345,
					13.95125
				]
			},
			"faces": {
				"north": {
					"uv": [
						10.25,
						9.25,
						10.375,
						9.5
					],
					"texture": "#1"
				},
				"east": {
					"uv": [
						0.5,
						9,
						0.875,
						9.25
					],
					"texture": "#1"
				},
				"south": {
					"uv": [
						9.5,
						10.25,
						9.625,
						10.5
					],
					"texture": "#1"
				},
				"west": {
					"uv": [
						9,
						8.75,
						9.375,
						9
					],
					"texture": "#1"
				},
				"up": {
					"uv": [
						3.125,
						10.375,
						3,
						10
					],
					"texture": "#1"
				},
				"down": {
					"uv": [
						3.375,
						10,
						3.25,
						10.375
					],
					"texture": "#1"
				}
			}
		},
		{
			"from": [
				7.7125,
				1.15,
				10.08
			],
			"to": [
				8.2875,
				2.3,
				12.6
			],
			"rotation": {
				"angle": 0,
				"axis": "y",
				"origin": [
					-1.2,
					-0.345,
					3.975
				]
			},
			"faces": {
				"north": {
					"uv": [
						10.25,
						9.5,
						10.375,
						9.75
					],
					"texture": "#1"
				},
				"east": {
					"uv": [
						8,
						8.5,
						8.625,
						8.75
					],
					"texture": "#1"
				},
				"south": {
					"uv": [
						9.75,
						10.25,
						9.875,
						10.5
					],
					"texture": "#1"
				},
				"west": {
					"uv": [
						8.75,
						0.5,
						9.375,
						0.75
					],
					"texture": "#1"
				},
				"up": {
					"uv": [
						0.875,
						10.125,
						0.75,
						9.5
					],
					"texture": "#1"
				},
				"down": {
					"uv": [
						1.125,
						9.5,
						1,
						10.125
					],
					"texture": "#1"
				}
			}
		},
		{
			"from": [
				7.7125,
				1.61,
				12.6
			],
			"to": [
				8.2875,
				1.955,
				15.015
			],
			"rotation": {
				"angle": 0,
				"axis": "y",
				"origin": [
					-1.2,
					-0.345,
					3.4
				]
			},
			"faces": {
				"north": {
					"uv": [
						6,
						10.5,
						6.125,
						10.625
					],
					"texture": "#1"
				},
				"east": {
					"uv": [
						1.25,
						9.5,
						1.875,
						9.625
					],
					"texture": "#1"
				},
				"south": {
					"uv": [
						10.5,
						6,
						10.625,
						6.125
					],
					"texture": "#1"
				},
				"west": {
					"uv": [
						2,
						9.5,
						2.625,
						9.625
					],
					"texture": "#1"
				},
				"up": {
					"uv": [
						2.875,
						10.125,
						2.75,
						9.5
					],
					"texture": "#1"
				},
				"down": {
					"uv": [
						9.625,
						3,
						9.5,
						3.625
					],
					"texture": "#1"
				}
			}
		},
		{
			"from": [
				6.99375,
				2.875,
				11.70875
			],
			"to": [
				9.00625,
				4.83,
				17.2
			],
			"rotation": {
				"angle": 0,
				"axis": "y",
				"origin": [
					-1.2,
					-0.345,
					3.4
				]
			},
			"faces": {
				"north": {
					"uv": [
						8,
						0.75,
						8.5,
						1.25
					],
					"texture": "#1"
				},
				"east": {
					"uv": [
						1,
						0,
						2.375,
						0.5
					],
					"texture": "#1"
				},
				"south": {
					"uv": [
						8,
						1.25,
						8.5,
						1.75
					],
					"texture": "#1"
				},
				"west": {
					"uv": [
						1,
						0.5,
						2.375,
						1
					],
					"texture": "#1"
				},
				"up": {
					"uv": [
						1.5,
						2.375,
						1,
						1
					],
					"texture": "#1"
				},
				"down": {
					"uv": [
						2,
						1,
						1.5,
						2.375
					],
					"texture": "#1"
				}
			}
		},
		{
			"from": [
				6.82125,
				3.105,
				12.28375
			],
			"to": [
				9.17875,
				4.9625,
				15.475
			],
			"rotation": {
				"angle": 0,
				"axis": "y",
				"origin": [
					-1.2,
					-0.0575,
					-2.35
				]
			},
			"faces": {
				"north": {
					"uv": [
						7.25,
						6.75,
						7.875,
						7.25
					],
					"texture": "#1"
				},
				"east": {
					"uv": [
						6,
						3.25,
						6.75,
						3.75
					],
					"texture": "#1"
				},
				"south": {
					"uv": [
						7.25,
						7.25,
						7.875,
						7.75
					],
					"texture": "#1",
					"cullface": "south"
				},
				"west": {
					"uv": [
						6.25,
						5,
						7,
						5.5
					],
					"texture": "#1"
				},
				"up": {
					"uv": [
						5.625,
						5.75,
						5,
						5
					],
					"texture": "#1"
				},
				"down": {
					"uv": [
						2.875,
						5.25,
						2.25,
						6
					],
					"texture": "#1"
				}
			}
		},
		{
			"from": [
				8.59625,
				4.955,
				12.28375
			],
			"to": [
				9.07875,
				5.3625,
				15.425
			],
			"rotation": {
				"angle": 0,
				"axis": "y",
				"origin": [
					-1.2,
					-0.0575,
					-2.35
				]
			},
			"faces": {
				"north": {
					"uv": [
						10.75,
						2.75,
						10.875,
						2.875
					],
					"texture": "#1"
				},
				"east": {
					"uv": [
						8,
						9.25,
						8.75,
						9.375
					],
					"texture": "#1"
				},
				"south": {
					"uv": [
						3,
						10.75,
						3.125,
						10.875
					],
					"texture": "#1",
					"cullface": "south"
				},
				"west": {
					"uv": [
						9.25,
						8,
						10,
						8.125
					],
					"texture": "#1"
				},
				"up": {
					"uv": [
						8.875,
						10,
						8.75,
						9.25
					],
					"texture": "#1"
				},
				"down": {
					"uv": [
						9.125,
						9.25,
						9,
						10
					],
					"texture": "#1"
				}
			}
		},
		{
			"from": [
				6.89625,
				4.955,
				12.28375
			],
			"to": [
				7.37875,
				5.3625,
				15.425
			],
			"rotation": {
				"angle": 0,
				"axis": "y",
				"origin": [
					-1.2,
					-0.0575,
					-2.35
				]
			},
			"faces": {
				"north": {
					"uv": [
						10.75,
						3,
						10.875,
						3.125
					],
					"texture": "#1"
				},
				"east": {
					"uv": [
						9.25,
						8.25,
						10,
						8.375
					],
					"texture": "#1"
				},
				"south": {
					"uv": [
						3.25,
						10.75,
						3.375,
						10.875
					],
					"texture": "#1",
					"cullface": "south"
				},
				"west": {
					"uv": [
						9.25,
						8.5,
						10,
						8.625
					],
					"texture": "#1"
				},
				"up": {
					"uv": [
						9.375,
						10,
						9.25,
						9.25
					],
					"texture": "#1"
				},
				"down": {
					"uv": [
						0.125,
						9.5,
						0,
						10.25
					],
					"texture": "#1"
				}
			}
		},
		{
			"from": [
				6.735,
				2.8175,
				6.70625
			],
			"to": [
				9.265,
				4.37,
				10.38625
			],
			"rotation": {
				"angle": 0,
				"axis": "y",
				"origin": [
					8.2875,
					1.96219,
					6.82125
				]
			},
			"faces": {
				"north": {
					"uv": [
						8,
						7.5,
						8.625,
						7.875
					],
					"texture": "#1"
				},
				"east": {
					"uv": [
						7,
						0.75,
						7.875,
						1.125
					],
					"texture": "#1"
				},
				"south": {
					"uv": [
						8,
						8,
						8.625,
						8.375
					],
					"texture": "#1"
				},
				"west": {
					"uv": [
						7,
						1.25,
						7.875,
						1.625
					],
					"texture": "#1"
				},
				"up": {
					"uv": [
						4.625,
						4.625,
						4,
						3.75
					],
					"texture": "#1"
				},
				"down": {
					"uv": [
						4.875,
						1,
						4.25,
						1.875
					],
					"texture": "#1"
				}
			}
		},
		{
			"from": [
				8.46,
				4.11125,
				12.37
			],
			"to": [
				9.3225,
				4.74375,
				15.4175
			],
			"rotation": {
				"angle": 0,
				"axis": "y",
				"origin": [
					-0.9125,
					0,
					-2.7525
				]
			},
			"faces": {
				"north": {
					"uv": [
						10,
						10.25,
						10.25,
						10.375
					],
					"texture": "#1"
				},
				"east": {
					"uv": [
						0,
						9.25,
						0.75,
						9.375
					],
					"texture": "#1"
				},
				"south": {
					"uv": [
						10.25,
						10,
						10.5,
						10.125
					],
					"texture": "#1"
				},
				"west": {
					"uv": [
						0.75,
						9.25,
						1.5,
						9.375
					],
					"texture": "#1"
				},
				"up": {
					"uv": [
						3.75,
						1.75,
						3.5,
						1
					],
					"texture": "#1"
				},
				"down": {
					"uv": [
						0.75,
						4,
						0.5,
						4.75
					],
					"texture": "#1"
				}
			}
		},
		{
			"from": [
				7.22375,
				4.22625,
				15.4175
			],
			"to": [
				8.77625,
				5.37625,
				16.395
			],
			"rotation": {
				"angle": 0,
				"axis": "y",
				"origin": [
					-0.9125,
					0,
					-2.0625
				]
			},
			"faces": {
				"north": {
					"uv": [
						1.5,
						9.25,
						1.875,
						9.5
					],
					"texture": "#1"
				},
				"east": {
					"uv": [
						2.5,
						0.75,
						2.75,
						1
					],
					"texture": "#1"
				},
				"south": {
					"uv": [
						2,
						9.25,
						2.375,
						9.5
					],
					"texture": "#1"
				},
				"west": {
					"uv": [
						2.75,
						1.75,
						3,
						2
					],
					"texture": "#1"
				},
				"up": {
					"uv": [
						9.625,
						2.5,
						9.25,
						2.25
					],
					"texture": "#1"
				},
				"down": {
					"uv": [
						2.875,
						9.25,
						2.5,
						9.5
					],
					"texture": "#1"
				}
			}
		},
		{
			"from": [
				9.3225,
				4.28375,
				14.8425
			],
			"to": [
				11.1625,
				4.57125,
				15.13
			],
			"rotation": {
				"angle": 0,
				"axis": "y",
				"origin": [
					-0.9125,
					0,
					-2.7525
				]
			},
			"faces": {
				"north": {
					"uv": [
						9.75,
						2.75,
						10.25,
						2.875
					],
					"texture": "#1"
				},
				"east": {
					"uv": [
						10.5,
						6.25,
						10.625,
						6.375
					],
					"texture": "#1"
				},
				"south": {
					"uv": [
						3,
						9.75,
						3.5,
						9.875
					],
					"texture": "#1"
				},
				"west": {
					"uv": [
						10.5,
						6.5,
						10.625,
						6.625
					],
					"texture": "#1"
				},
				"up": {
					"uv": [
						10.25,
						3.125,
						9.75,
						3
					],
					"texture": "#1"
				},
				"down": {
					"uv": [
						10.25,
						3.25,
						9.75,
						3.375
					],
					"texture": "#1"
				}
			}
		},
		{
			"from": [
				11.105,
				4.22625,
				14.7275
			],
			"to": [
				11.45,
				4.62875,
				15.4175
			],
			"rotation": {
				"angle": 0,
				"axis": "y",
				"origin": [
					-0.9125,
					0,
					-2.7525
				]
			},
			"faces": {
				"north": {
					"uv": [
						6.75,
						10.5,
						6.875,
						10.625
					],
					"texture": "#1"
				},
				"east": {
					"uv": [
						10.5,
						6.75,
						10.625,
						6.875
					],
					"texture": "#1"
				},
				"south": {
					"uv": [
						7,
						10.5,
						7.125,
						10.625
					],
					"texture": "#1"
				},
				"west": {
					"uv": [
						7.25,
						10.5,
						7.375,
						10.625
					],
					"texture": "#1"
				},
				"up": {
					"uv": [
						10.625,
						7.375,
						10.5,
						7.25
					],
					"texture": "#1"
				},
				"down": {
					"uv": [
						7.625,
						10.5,
						7.5,
						10.625
					],
					"texture": "#1"
				}
			}
		},
		{
			"from": [
				7.31,
				-0.25875,
				14.64125
			],
			"to": [
				8.69,
				4.39875,
				16.02125
			],
			"rotation": {
				"angle": -22.5,
				"axis": "x",
				"origin": [
					8,
					1.38,
					15.61875
				]
			},
			"faces": {
				"north": {
					"uv": [
						0.5,
						5.75,
						0.875,
						6.875
					],
					"texture": "#1"
				},
				"east": {
					"uv": [
						5,
						5.75,
						5.375,
						6.875
					],
					"texture": "#1"
				},
				"south": {
					"uv": [
						5.75,
						5,
						6.125,
						6.125
					],
					"texture": "#1",
					"cullface": "south"
				},
				"west": {
					"uv": [
						1.75,
						6,
						2.125,
						7.125
					],
					"texture": "#1"
				},
				"up": {
					"uv": [
						2.125,
						9.125,
						1.75,
						8.75
					],
					"texture": "#1"
				},
				"down": {
					"uv": [
						9.125,
						2.75,
						8.75,
						3.125
					],
					"texture": "#1",
					"cullface": "down"
				}
			}
		},
		{
			"from": [
				7.195,
				0.08625,
				14.75625
			],
			"to": [
				8.805,
				4.39875,
				15.90625
			],
			"rotation": {
				"angle": -22.5,
				"axis": "x",
				"origin": [
					8,
					1.38,
					15.61875
				]
			},
			"faces": {
				"north": {
					"uv": [
						2.25,
						6,
						2.625,
						7.125
					],
					"texture": "#1"
				},
				"east": {
					"uv": [
						1,
						7.25,
						1.25,
						8.375
					],
					"texture": "#1"
				},
				"south": {
					"uv": [
						3.5,
						6,
						3.875,
						7.125
					],
					"texture": "#1",
					"cullface": "south"
				},
				"west": {
					"uv": [
						7.75,
						2.5,
						8,
						3.625
					],
					"texture": "#1"
				},
				"up": {
					"uv": [
						9.625,
						2.75,
						9.25,
						2.5
					],
					"texture": "#1"
				},
				"down": {
					"uv": [
						9.625,
						2.75,
						9.25,
						3
					],
					"texture": "#1",
					"cullface": "down"
				}
			}
		},
		{
			"from": [
				7.7125,
				2.3,
				13.6925
			],
			"to": [
				8.2875,
				2.875,
				14.2675
			],
			"rotation": {
				"angle": 0,
				"axis": "y",
				"origin": [
					-1.2,
					-3.22,
					8
				]
			},
			"faces": {
				"north": {
					"uv": [
						10.5,
						7.5,
						10.625,
						7.625
					],
					"texture": "#1"
				},
				"east": {
					"uv": [
						7.75,
						10.5,
						7.875,
						10.625
					],
					"texture": "#1"
				},
				"south": {
					"uv": [
						10.5,
						7.75,
						10.625,
						7.875
					],
					"texture": "#1"
				},
				"west": {
					"uv": [
						8,
						10.5,
						8.125,
						10.625
					],
					"texture": "#1"
				},
				"up": {
					"uv": [
						10.625,
						8.125,
						10.5,
						8
					],
					"texture": "#1"
				},
				"down": {
					"uv": [
						8.375,
						10.5,
						8.25,
						10.625
					],
					"texture": "#1"
				}
			}
		},
		{
			"from": [
				5.7,
				2.8175,
				10.415
			],
			"to": [
				10.3,
				3.9675,
				12.1975
			],
			"rotation": {
				"angle": -22.5,
				"axis": "z",
				"origin": [
					8,
					3.3925,
					11.30625
				]
			},
			"faces": {
				"north": {
					"uv": [
						7,
						3.75,
						8.125,
						4
					],
					"texture": "#1"
				},
				"east": {
					"uv": [
						8.75,
						8,
						9.25,
						8.25
					],
					"texture": "#1"
				},
				"south": {
					"uv": [
						7.5,
						0.5,
						8.625,
						0.75
					],
					"texture": "#1"
				},
				"west": {
					"uv": [
						8.75,
						8.25,
						9.25,
						8.5
					],
					"texture": "#1"
				},
				"up": {
					"uv": [
						4.125,
						3.25,
						3,
						2.75
					],
					"texture": "#1"
				},
				"down": {
					"uv": [
						4.125,
						3.25,
						3,
						3.75
					],
					"texture": "#1"
				}
			}
		},
		{
			"from": [
				5.7,
				2.8175,
				10.3575
			],
			"to": [
				10.3,
				3.9675,
				12.255
			],
			"rotation": {
				"angle": 22.5,
				"axis": "z",
				"origin": [
					8,
					3.3925,
					11.30625
				]
			},
			"faces": {
				"north": {
					"uv": [
						7.75,
						6,
						8.875,
						6.25
					],
					"texture": "#1"
				},
				"east": {
					"uv": [
						8.5,
						8.75,
						9,
						9
					],
					"texture": "#1"
				},
				"south": {
					"uv": [
						7.75,
						6.25,
						8.875,
						6.5
					],
					"texture": "#1"
				},
				"west": {
					"uv": [
						8.75,
						8.5,
						9.25,
						8.75
					],
					"texture": "#1"
				},
				"up": {
					"uv": [
						4.625,
						0.5,
						3.5,
						0
					],
					"texture": "#1"
				},
				"down": {
					"uv": [
						4.625,
						0.5,
						3.5,
						1
					],
					"texture": "#1"
				}
			}
		},
		{
			"from": [
				7.425,
				1.0925,
				10.38625
			],
			"to": [
				8.575,
				5.6925,
				12.22625
			],
			"rotation": {
				"angle": -22.5,
				"axis": "z",
				"origin": [
					8,
					3.3925,
					11.30625
				]
			},
			"faces": {
				"north": {
					"uv": [
						7.25,
						7.75,
						7.5,
						8.875
					],
					"texture": "#1"
				},
				"east": {
					"uv": [
						0.75,
						3.5,
						1.25,
						4.625
					],
					"texture": "#1"
				},
				"south": {
					"uv": [
						7.5,
						7.75,
						7.75,
						8.875
					],
					"texture": "#1"
				},
				"west": {
					"uv": [
						3.75,
						1,
						4.25,
						2.125
					],
					"texture": "#1"
				},
				"up": {
					"uv": [
						1,
						2.5,
						0.75,
						2
					],
					"texture": "#1"
				},
				"down": {
					"uv": [
						5.75,
						5.75,
						5.5,
						6.25
					],
					"texture": "#1"
				}
			}
		},
		{
			"from": [
				7.425,
				1.0925,
				10.3575
			],
			"to": [
				8.575,
				5.6925,
				12.255
			],
			"rotation": {
				"angle": 22.5,
				"axis": "z",
				"origin": [
					8,
					3.3925,
					11.30625
				]
			},
			"faces": {
				"north": {
					"uv": [
						7.75,
						7.75,
						8,
						8.875
					],
					"texture": "#1"
				},
				"east": {
					"uv": [
						1.25,
						3.75,
						1.75,
						4.875
					],
					"texture": "#1"
				},
				"south": {
					"uv": [
						8,
						2.5,
						8.25,
						3.625
					],
					"texture": "#1"
				},
				"west": {
					"uv": [
						1.75,
						3.75,
						2.25,
						4.875
					],
					"texture": "#1"
				},
				"up": {
					"uv": [
						3,
						6.5,
						2.75,
						6
					],
					"texture": "#1"
				},
				"down": {
					"uv": [
						6.75,
						7,
						6.5,
						7.5
					],
					"texture": "#1"
				}
			}
		},
		{
			"from": [
				6.86,
				2.6,
				6.24625
			],
			"to": [
				9.14,
				5.475,
				6.70625
			],
			"rotation": {
				"angle": 0,
				"axis": "y",
				"origin": [
					-1.2,
					0.1275,
					-0.07875
				]
			},
			"faces": {
				"north": {
					"uv": [
						5.5,
						0,
						6.125,
						0.75
					],
					"texture": "#1"
				},
				"east": {
					"uv": [
						3,
						9,
						3.125,
						9.75
					],
					"texture": "#1"
				},
				"south": {
					"uv": [
						5.5,
						0.75,
						6.125,
						1.5
					],
					"texture": "#1"
				},
				"west": {
					"uv": [
						9.25,
						3,
						9.375,
						3.75
					],
					"texture": "#1"
				},
				"up": {
					"uv": [
						4.375,
						9.625,
						3.75,
						9.5
					],
					"texture": "#1"
				},
				"down": {
					"uv": [
						5.875,
						9.5,
						5.25,
						9.625
					],
					"texture": "#1"
				}
			}
		},
		{
			"from": [
				7.215,
				3.97,
				-3.37125
			],
			"to": [
				8.785,
				5.54,
				-2.79625
			],
			"rotation": {
				"angle": 0,
				"axis": "y",
				"origin": [
					-1.2,
					0.1275,
					-0.07875
				]
			},
			"faces": {
				"north": {
					"uv": [
						8.75,
						3.25,
						9.125,
						3.625
					],
					"texture": "#1"
				},
				"east": {
					"uv": [
						10,
						3.5,
						10.125,
						3.875
					],
					"texture": "#1"
				},
				"south": {
					"uv": [
						3.5,
						8.75,
						3.875,
						9.125
					],
					"texture": "#1"
				},
				"west": {
					"uv": [
						3.75,
						10,
						3.875,
						10.375
					],
					"texture": "#1"
				},
				"up": {
					"uv": [
						4.375,
						10.125,
						4,
						10
					],
					"texture": "#1"
				},
				"down": {
					"uv": [
						10.375,
						4,
						10,
						4.125
					],
					"texture": "#1"
				}
			}
		},
		{
			"from": [
				7.215,
				3.97,
				-5.33
			],
			"to": [
				8.785,
				5.54,
				-4.755
			],
			"rotation": {
				"angle": 0,
				"axis": "y",
				"origin": [
					-1.2,
					0.1275,
					-0.07875
				]
			},
			"faces": {
				"north": {
					"uv": [
						4,
						8.75,
						4.375,
						9.125
					],
					"texture": "#1"
				},
				"east": {
					"uv": [
						10,
						4.25,
						10.125,
						4.625
					],
					"texture": "#1"
				},
				"south": {
					"uv": [
						8.75,
						4.25,
						9.125,
						4.625
					],
					"texture": "#1"
				},
				"west": {
					"uv": [
						4.75,
						10,
						4.875,
						10.375
					],
					"texture": "#1"
				},
				"up": {
					"uv": [
						10.375,
						4.875,
						10,
						4.75
					],
					"texture": "#1"
				},
				"down": {
					"uv": [
						5.375,
						10,
						5,
						10.125
					],
					"texture": "#1"
				}
			}
		},
		{
			"from": [
				7.2725,
				3.5425,
				5.67125
			],
			"to": [
				8.7275,
				5.3675,
				6.24625
			],
			"rotation": {
				"angle": 0,
				"axis": "y",
				"origin": [
					-1.2,
					0.1275,
					-0.07875
				]
			},
			"faces": {
				"north": {
					"uv": [
						8.25,
						2.75,
						8.625,
						3.25
					],
					"texture": "#1"
				},
				"east": {
					"uv": [
						3.5,
						9.75,
						3.625,
						10.25
					],
					"texture": "#1"
				},
				"south": {
					"uv": [
						8.25,
						3.25,
						8.625,
						3.75
					],
					"texture": "#1"
				},
				"west": {
					"uv": [
						9.75,
						3.5,
						9.875,
						4
					],
					"texture": "#1"
				},
				"up": {
					"uv": [
						10.375,
						5.125,
						10,
						5
					],
					"texture": "#1"
				},
				"down": {
					"uv": [
						10.375,
						5.25,
						10,
						5.375
					],
					"texture": "#1"
				}
			}
		},
		{
			"from": [
				7.3725,
				2.9425,
				5.97125
			],
			"to": [
				8.6275,
				3.5675,
				6.24625
			],
			"rotation": {
				"angle": 0,
				"axis": "y",
				"origin": [
					-1.2,
					0.1275,
					-0.07875
				]
			},
			"faces": {
				"north": {
					"uv": [
						5.5,
						10,
						5.875,
						10.125
					],
					"texture": "#1"
				},
				"east": {
					"uv": [
						10.5,
						8.25,
						10.625,
						8.375
					],
					"texture": "#1"
				},
				"south": {
					"uv": [
						10,
						5.5,
						10.375,
						5.625
					],
					"texture": "#1"
				},
				"west": {
					"uv": [
						8.5,
						10.5,
						8.625,
						10.625
					],
					"texture": "#1"
				},
				"up": {
					"uv": [
						10.375,
						6.125,
						10,
						6
					],
					"texture": "#1"
				},
				"down": {
					"uv": [
						6.625,
						10,
						6.25,
						10.125
					],
					"texture": "#1"
				}
			}
		},
		{
			"from": [
				7.5025,
				5.2375,
				-4.75125
			],
			"to": [
				8.4975,
				5.5375,
				-3.37125
			],
			"rotation": {
				"angle": 0,
				"axis": "y",
				"origin": [
					-1.2,
					0.1275,
					-0.07875
				]
			},
			"faces": {
				"north": {
					"uv": [
						10.25,
						10.25,
						10.5,
						10.375
					],
					"texture": "#1"
				},
				"east": {
					"uv": [
						10,
						6.25,
						10.375,
						6.375
					],
					"texture": "#1"
				},
				"south": {
					"uv": [
						10.5,
						0,
						10.75,
						0.125
					],
					"texture": "#1"
				},
				"west": {
					"uv": [
						10,
						6.5,
						10.375,
						6.625
					],
					"texture": "#1"
				},
				"up": {
					"uv": [
						3.5,
						9.625,
						3.25,
						9.25
					],
					"texture": "#1"
				},
				"down": {
					"uv": [
						3.75,
						9.25,
						3.5,
						9.625
					],
					"texture": "#1"
				}
			}
		},
		{
			"from": [
				7.445,
				4.17125,
				-2.91125
			],
			"to": [
				8.555,
				5.28125,
				5.67125
			],
			"rotation": {
				"angle": 0,
				"axis": "y",
				"origin": [
					-1.2,
					0.1275,
					-0.07875
				]
			},
			"faces": {
				"north": {
					"uv": [
						1.25,
						3.5,
						1.5,
						3.75
					],
					"texture": "#1"
				},
				"east": {
					"uv": [
						4.25,
						2,
						6.375,
						2.25
					],
					"texture": "#1"
				},
				"south": {
					"uv": [
						6,
						6.25,
						6.25,
						6.5
					],
					"texture": "#1"
				},
				"west": {
					"uv": [
						4.75,
						3.75,
						6.875,
						4
					],
					"texture": "#1"
				},
				"up": {
					"uv": [
						3.25,
						6.375,
						3,
						4.25
					],
					"texture": "#1"
				},
				"down": {
					"uv": [
						3.5,
						4.25,
						3.25,
						6.375
					],
					"texture": "#1"
				}
			}
		},
		{
			"from": [
				7.095,
				3.82125,
				0.58875
			],
			"to": [
				8.905,
				5.63125,
				5.27125
			],
			"rotation": {
				"angle": 0,
				"axis": "y",
				"origin": [
					-1.2,
					0.1275,
					-0.07875
				]
			},
			"faces": {
				"north": {
					"uv": [
						6.75,
						8,
						7.25,
						8.5
					],
					"texture": "#1"
				},
				"east": {
					"uv": [
						2.25,
						3.75,
						3.375,
						4.25
					],
					"texture": "#1"
				},
				"south": {
					"uv": [
						8,
						7,
						8.5,
						7.5
					],
					"texture": "#1"
				},
				"west": {
					"uv": [
						3.75,
						2.25,
						4.875,
						2.75
					],
					"texture": "#1"
				},
				"up": {
					"uv": [
						4,
						4.875,
						3.5,
						3.75
					],
					"texture": "#1"
				},
				"down": {
					"uv": [
						0.5,
						4,
						0,
						5.125
					],
					"texture": "#1"
				}
			}
		},
		{
			"from": [
				7.16625,
				4.8875,
				6.65
			],
			"to": [
				8.83375,
				5.4625,
				10.385
			],
			"rotation": {
				"angle": 0,
				"axis": "y",
				"origin": [
					-1.2,
					0,
					-0.07875
				]
			},
			"faces": {
				"north": {
					"uv": [
						6.75,
						10,
						7.125,
						10.125
					],
					"texture": "#1"
				},
				"east": {
					"uv": [
						9,
						4,
						9.875,
						4.125
					],
					"texture": "#1"
				},
				"south": {
					"uv": [
						10,
						6.75,
						10.375,
						6.875
					],
					"texture": "#1"
				},
				"west": {
					"uv": [
						9,
						4.75,
						9.875,
						4.875
					],
					"texture": "#1"
				},
				"up": {
					"uv": [
						5.375,
						7.875,
						5,
						7
					],
					"texture": "#1"
				},
				"down": {
					"uv": [
						6.375,
						7,
						6,
						7.875
					],
					"texture": "#1"
				}
			}
		},
		{
			"from": [
				7.39625,
				1.52375,
				14.29625
			],
			"to": [
				8.60375,
				3.88125,
				15.245
			],
			"rotation": {
				"angle": 45,
				"axis": "x",
				"origin": [
					8,
					1.38,
					15.61875
				]
			},
			"faces": {
				"north": {
					"uv": [
						7,
						1.75,
						7.25,
						2.375
					],
					"texture": "#1"
				},
				"east": {
					"uv": [
						3,
						8.25,
						3.25,
						8.875
					],
					"texture": "#1"
				},
				"south": {
					"uv": [
						1,
						8.5,
						1.25,
						9.125
					],
					"texture": "#1",
					"cullface": "south"
				},
				"west": {
					"uv": [
						6.75,
						8.5,
						7,
						9.125
					],
					"texture": "#1"
				},
				"up": {
					"uv": [
						6.75,
						3.25,
						6.5,
						3
					],
					"texture": "#1"
				},
				"down": {
					"uv": [
						8,
						6.5,
						7.75,
						6.75
					],
					"texture": "#1",
					"cullface": "down"
				}
			}
		},
		{
			"from": [
				7.39625,
				0.05375,
				15.7625
			],
			"to": [
				8.60375,
				1.0025,
				21.12
			],
			"rotation": {
				"angle": -22.5,
				"axis": "x",
				"origin": [
					8,
					1.38,
					15.61875
				]
			},
			"faces": {
				"north": {
					"uv": [
						8.25,
						4.75,
						8.5,
						5
					],
					"texture": "#1",
					"cullface": "down"
				},
				"east": {
					"uv": [
						6.75,
						4.25,
						8.125,
						4.5
					],
					"texture": "#1"
				},
				"south": {
					"uv": [
						3.75,
						9.75,
						4,
						10
					],
					"texture": "#1"
				},
				"west": {
					"uv": [
						6.75,
						4.5,
						8.125,
						4.75
					],
					"texture": "#1"
				},
				"up": {
					"uv": [
						1.25,
						7.125,
						1,
						5.75
					],
					"texture": "#1"
				},
				"down": {
					"uv": [
						3.5,
						6.5,
						3.25,
						7.875
					],
					"texture": "#1",
					"cullface": "south"
				}
			}
		},
		{
			"from": [
				7.1375,
				1.9425,
				6.85125
			],
			"to": [
				8.8625,
				2.1725,
				10.3575
			],
			"rotation": {
				"angle": 22.5,
				"axis": "x",
				"origin": [
					8,
					2.3575,
					8.70437
				]
			},
			"faces": {
				"north": {
					"uv": [
						7.25,
						10,
						7.625,
						10.125
					],
					"texture": "#1"
				},
				"east": {
					"uv": [
						9,
						5,
						9.875,
						5.125
					],
					"texture": "#1"
				},
				"south": {
					"uv": [
						10,
						7.25,
						10.375,
						7.375
					],
					"texture": "#1"
				},
				"west": {
					"uv": [
						9,
						6,
						9.875,
						6.125
					],
					"texture": "#1"
				},
				"up": {
					"uv": [
						0.375,
						8.125,
						0,
						7.25
					],
					"texture": "#1"
				},
				"down": {
					"uv": [
						2.125,
						7.25,
						1.75,
						8.125
					],
					"texture": "#1"
				}
			}
		},
		{
			"from": [
				7.195,
				2.2575,
				6.7225
			],
			"to": [
				8.805,
				4.4175,
				10.45375
			],
			"rotation": {
				"angle": 22.5,
				"axis": "x",
				"origin": [
					8,
					2.5875,
					8.52563
				]
			},
			"faces": {
				"north": {
					"uv": [
						3.5,
						8.25,
						3.875,
						8.75
					],
					"texture": "#1"
				},
				"east": {
					"uv": [
						5.5,
						1.5,
						6.375,
						2
					],
					"texture": "#1"
				},
				"south": {
					"uv": [
						4,
						8.25,
						4.375,
						8.75
					],
					"texture": "#1"
				},
				"west": {
					"uv": [
						5.5,
						2.25,
						6.375,
						2.75
					],
					"texture": "#1"
				},
				"up": {
					"uv": [
						7.625,
						2.625,
						7.25,
						1.75
					],
					"texture": "#1"
				},
				"down": {
					"uv": [
						2.625,
						7.25,
						2.25,
						8.125
					],
					"texture": "#1"
				}
			}
		},
		{
			"from": [
				7.33875,
				-0.60375,
				6.495
			],
			"to": [
				8.66125,
				3.1075,
				9.8875
			],
			"rotation": {
				"angle": 22.5,
				"axis": "x",
				"origin": [
					8,
					1.38,
					8.575
				]
			},
			"faces": {
				"north": {
					"uv": [
						7.25,
						2.75,
						7.625,
						3.625
					],
					"texture": "#1"
				},
				"east": {
					"uv": [
						0,
						0,
						0.875,
						0.875
					],
					"texture": "#1"
				},
				"south": {
					"uv": [
						3.5,
						7.25,
						3.875,
						8.125
					],
					"texture": "#1"
				},
				"west": {
					"uv": [
						0,
						1,
						0.875,
						1.875
					],
					"texture": "#1"
				},
				"up": {
					"uv": [
						4.375,
						8.125,
						4,
						7.25
					],
					"texture": "#1"
				},
				"down": {
					"uv": [
						4.875,
						7.25,
						4.5,
						8.125
					],
					"texture": "#1"
				}
			}
		},
		{
			"from": [
				7.30125,
				3.16375,
				-1.2075
			],
			"to": [
				8.69875,
				3.64125,
				0
			],
			"rotation": {
				"angle": 0,
				"axis": "y",
				"origin": [
					-1.2,
					0.1275,
					-3.5775
				]
			},
			"faces": {
				"north": {
					"uv": [
						10,
						7.5,
						10.375,
						7.625
					],
					"texture": "#1"
				},
				"east": {
					"uv": [
						0.25,
						10.5,
						0.5,
						10.625
					],
					"texture": "#1"
				},
				"south": {
					"uv": [
						7.75,
						10,
						8.125,
						10.125
					],
					"texture": "#1"
				},
				"west": {
					"uv": [
						10.5,
						0.25,
						10.75,
						0.375
					],
					"texture": "#1"
				},
				"up": {
					"uv": [
						4.125,
						9.5,
						3.75,
						9.25
					],
					"texture": "#1"
				},
				"down": {
					"uv": [
						4.625,
						9.25,
						4.25,
						9.5
					],
					"texture": "#1"
				}
			}
		},
		{
			"from": [
				7.0825,
				3.49125,
				-1.38
			],
			"to": [
				8.9175,
				5.56125,
				0.1725
			],
			"rotation": {
				"angle": 0,
				"axis": "y",
				"origin": [
					-1.2,
					0.1275,
					-3.5775
				]
			},
			"faces": {
				"north": {
					"uv": [
						8,
						5,
						8.5,
						5.5
					],
					"texture": "#1"
				},
				"east": {
					"uv": [
						8.25,
						4.25,
						8.625,
						4.75
					],
					"texture": "#1"
				},
				"south": {
					"uv": [
						8,
						6.5,
						8.5,
						7
					],
					"texture": "#1"
				},
				"west": {
					"uv": [
						4.5,
						8.25,
						4.875,
						8.75
					],
					"texture": "#1"
				},
				"up": {
					"uv": [
						8.75,
						5.875,
						8.25,
						5.5
					],
					"texture": "#1"
				},
				"down": {
					"uv": [
						1,
						8.5,
						0.5,
						8.875
					],
					"texture": "#1"
				}
			}
		},
		{
			"from": [
				7.28125,
				5.25375,
				-1.2075
			],
			"to": [
				8.71875,
				5.65625,
				0
			],
			"rotation": {
				"angle": 0,
				"axis": "y",
				"origin": [
					-1.2,
					0.1275,
					-3.5775
				]
			},
			"faces": {
				"north": {
					"uv": [
						10,
						7.75,
						10.375,
						7.875
					],
					"texture": "#1"
				},
				"east": {
					"uv": [
						0.5,
						10.5,
						0.75,
						10.625
					],
					"texture": "#1"
				},
				"south": {
					"uv": [
						10,
						8,
						10.375,
						8.125
					],
					"texture": "#1"
				},
				"west": {
					"uv": [
						10.5,
						0.5,
						10.75,
						0.625
					],
					"texture": "#1"
				},
				"up": {
					"uv": [
						9.625,
						4.5,
						9.25,
						4.25
					],
					"texture": "#1"
				},
				"down": {
					"uv": [
						9.625,
						4.5,
						9.25,
						4.75
					],
					"texture": "#1"
				}
			}
		},
		{
			"from": [
				6.52692,
				-1.20654,
				-0.86264
			],
			"to": [
				7.38942,
				3.53721,
				-0.00014
			],
			"rotation": {
				"angle": -45,
				"axis": "x",
				"origin": [
					7.98808,
					3.43525,
					-0.90327
				]
			},
			"faces": {
				"north": {
					"uv": [
						3.25,
						8,
						3.5,
						9.125
					],
					"texture": "#1"
				},
				"east": {
					"uv": [
						5,
						8,
						5.25,
						9.125
					],
					"texture": "#1"
				},
				"south": {
					"uv": [
						5.25,
						8,
						5.5,
						9.125
					],
					"texture": "#1"
				},
				"west": {
					"uv": [
						5.5,
						8,
						5.75,
						9.125
					],
					"texture": "#1"
				},
				"up": {
					"uv": [
						4.25,
						10,
						4,
						9.75
					],
					"texture": "#1"
				},
				"down": {
					"uv": [
						4.5,
						9.75,
						4.25,
						10
					],
					"texture": "#1"
				}
			}
		},
		{
			"from": [
				6.75,
				-0.075,
				5.4
			],
			"to": [
				9.25,
				0.25,
				8.85
			],
			"rotation": {
				"angle": 22.5,
				"axis": "x",
				"origin": [
					0,
					-0.5,
					4.5
				]
			},
			"faces": {
				"north": {
					"uv": [
						9.5,
						8.75,
						10.125,
						8.875
					],
					"texture": "#1",
					"cullface": "south"
				},
				"east": {
					"uv": [
						9,
						6.75,
						9.875,
						6.875
					],
					"texture": "#1",
					"cullface": "south"
				},
				"south": {
					"uv": [
						9.5,
						9,
						10.125,
						9.125
					],
					"texture": "#1",
					"cullface": "south"
				},
				"west": {
					"uv": [
						7,
						9,
						7.875,
						9.125
					],
					"texture": "#1",
					"cullface": "south"
				},
				"up": {
					"uv": [
						5.375,
						0.875,
						4.75,
						0
					],
					"texture": "#1",
					"cullface": "south"
				},
				"down": {
					"uv": [
						1.125,
						4.75,
						0.5,
						5.625
					],
					"texture": "#1",
					"cullface": "south"
				}
			}
		},
		{
			"from": [
				6.5,
				0.25,
				5.4
			],
			"to": [
				9.5,
				2.5,
				8.85
			],
			"rotation": {
				"angle": 22.5,
				"axis": "x",
				"origin": [
					0,
					-0.5,
					4.5
				]
			},
			"faces": {
				"north": {
					"uv": [
						6.5,
						2.5,
						7.25,
						3
					],
					"texture": "#1",
					"cullface": "south"
				},
				"east": {
					"uv": [
						5.5,
						2.75,
						6.375,
						3.25
					],
					"texture": "#1",
					"cullface": "south"
				},
				"south": {
					"uv": [
						6,
						6.5,
						6.75,
						7
					],
					"texture": "#1",
					"cullface": "south"
				},
				"west": {
					"uv": [
						5.75,
						4.25,
						6.625,
						4.75
					],
					"texture": "#1",
					"cullface": "south"
				},
				"up": {
					"uv": [
						0.75,
						2.875,
						0,
						2
					],
					"texture": "#1",
					"cullface": "south"
				},
				"down": {
					"uv": [
						2.75,
						1,
						2,
						1.875
					],
					"texture": "#1",
					"cullface": "south"
				}
			}
		},
		{
			"from": [
				6.75,
				2.5,
				5.4
			],
			"to": [
				9.25,
				2.875,
				8.85
			],
			"rotation": {
				"angle": 22.5,
				"axis": "x",
				"origin": [
					0,
					-0.5,
					4.5
				]
			},
			"faces": {
				"north": {
					"uv": [
						6.75,
						9.5,
						7.375,
						9.625
					],
					"texture": "#1",
					"cullface": "south"
				},
				"east": {
					"uv": [
						9,
						6.25,
						9.875,
						6.375
					],
					"texture": "#1",
					"cullface": "south"
				},
				"south": {
					"uv": [
						7.5,
						9.5,
						8.125,
						9.625
					],
					"texture": "#1",
					"cullface": "south"
				},
				"west": {
					"uv": [
						9,
						6.5,
						9.875,
						6.625
					],
					"texture": "#1",
					"cullface": "south"
				},
				"up": {
					"uv": [
						2.875,
						5.125,
						2.25,
						4.25
					],
					"texture": "#1",
					"cullface": "south"
				},
				"down": {
					"uv": [
						4.875,
						2.75,
						4.25,
						3.625
					],
					"texture": "#1",
					"cullface": "south"
				}
			}
		},
		{
			"from": [
				6.95,
				2.425,
				5.1
			],
			"to": [
				9.05,
				2.8,
				9.15
			],
			"rotation": {
				"angle": 22.5,
				"axis": "x",
				"origin": [
					0,
					-0.5,
					4.5
				]
			},
			"faces": {
				"north": {
					"uv": [
						7.25,
						9.75,
						7.75,
						9.875
					],
					"texture": "#1",
					"cullface": "south"
				},
				"east": {
					"uv": [
						9,
						0.75,
						10,
						0.875
					],
					"texture": "#1",
					"cullface": "south"
				},
				"south": {
					"uv": [
						7.75,
						9.75,
						8.25,
						9.875
					],
					"texture": "#1",
					"cullface": "south"
				},
				"west": {
					"uv": [
						9,
						1,
						10,
						1.125
					],
					"texture": "#1",
					"cullface": "south"
				},
				"up": {
					"uv": [
						4.5,
						6,
						4,
						5
					],
					"texture": "#1",
					"cullface": "south"
				},
				"down": {
					"uv": [
						5,
						5,
						4.5,
						6
					],
					"texture": "#1",
					"cullface": "south"
				}
			}
		},
		{
			"from": [
				6.7,
				0.325,
				5.1
			],
			"to": [
				9.3,
				2.425,
				9.15
			],
			"rotation": {
				"angle": 22.5,
				"axis": "x",
				"origin": [
					0,
					-0.5,
					4.5
				]
			},
			"faces": {
				"north": {
					"uv": [
						7.5,
						0,
						8.125,
						0.5
					],
					"texture": "#1",
					"cullface": "south"
				},
				"east": {
					"uv": [
						4.75,
						4.25,
						5.75,
						4.75
					],
					"texture": "#1",
					"cullface": "south"
				},
				"south": {
					"uv": [
						6.5,
						7.5,
						7.125,
						8
					],
					"texture": "#1",
					"cullface": "south"
				},
				"west": {
					"uv": [
						5,
						3.25,
						6,
						3.75
					],
					"texture": "#1",
					"cullface": "south"
				},
				"up": {
					"uv": [
						0.625,
						4,
						0,
						3
					],
					"texture": "#1",
					"cullface": "south"
				},
				"down": {
					"uv": [
						3.625,
						1.75,
						3,
						2.75
					],
					"texture": "#1",
					"cullface": "south"
				}
			}
		},
		{
			"from": [
				6.95,
				0.05,
				5.1
			],
			"to": [
				9.05,
				0.325,
				9.15
			],
			"rotation": {
				"angle": 22.5,
				"axis": "x",
				"origin": [
					0,
					-0.5,
					4.5
				]
			},
			"faces": {
				"north": {
					"uv": [
						6.75,
						9.75,
						7.25,
						9.875
					],
					"texture": "#1",
					"cullface": "south"
				},
				"east": {
					"uv": [
						9,
						0,
						10,
						0.125
					],
					"texture": "#1",
					"cullface": "south"
				},
				"south": {
					"uv": [
						9.75,
						7,
						10.25,
						7.125
					],
					"texture": "#1",
					"cullface": "south"
				},
				"west": {
					"uv": [
						9,
						0.25,
						10,
						0.375
					],
					"texture": "#1",
					"cullface": "south"
				},
				"up": {
					"uv": [
						5.5,
						3.25,
						5,
						2.25
					],
					"texture": "#1",
					"cullface": "south"
				},
				"down": {
					"uv": [
						4,
						5,
						3.5,
						6
					],
					"texture": "#1",
					"cullface": "south"
				}
			}
		},
		{
			"from": [
				8.58675,
				-1.20107,
				-0.86264
			],
			"to": [
				9.44925,
				3.54268,
				-0.00014
			],
			"rotation": {
				"angle": -45,
				"axis": "x",
				"origin": [
					7.98808,
					3.43525,
					-0.90327
				]
			},
			"faces": {
				"north": {
					"uv": [
						5.75,
						8,
						6,
						9.125
					],
					"texture": "#1"
				},
				"east": {
					"uv": [
						6,
						8,
						6.25,
						9.125
					],
					"texture": "#1"
				},
				"south": {
					"uv": [
						6.25,
						8,
						6.5,
						9.125
					],
					"texture": "#1"
				},
				"west": {
					"uv": [
						6.5,
						8,
						6.75,
						9.125
					],
					"texture": "#1"
				},
				"up": {
					"uv": [
						10,
						4.5,
						9.75,
						4.25
					],
					"texture": "#1"
				},
				"down": {
					"uv": [
						10,
						4.5,
						9.75,
						4.75
					],
					"texture": "#1"
				}
			}
		},
		{
			"from": [
				8.59028,
				-1.78233,
				-1.15014
			],
			"to": [
				9.45278,
				-1.20733,
				-0.00014
			],
			"rotation": {
				"angle": -45,
				"axis": "x",
				"origin": [
					7.98808,
					3.43525,
					-0.90327
				]
			},
			"faces": {
				"north": {
					"uv": [
						0.75,
						10.5,
						1,
						10.625
					],
					"texture": "#1"
				},
				"east": {
					"uv": [
						1,
						10.5,
						1.25,
						10.625
					],
					"texture": "#1"
				},
				"south": {
					"uv": [
						10.5,
						1,
						10.75,
						1.125
					],
					"texture": "#1"
				},
				"west": {
					"uv": [
						1.25,
						10.5,
						1.5,
						10.625
					],
					"texture": "#1"
				},
				"up": {
					"uv": [
						5,
						10,
						4.75,
						9.75
					],
					"texture": "#1"
				},
				"down": {
					"uv": [
						5.25,
						9.75,
						5,
						10
					],
					"texture": "#1"
				}
			}
		},
		{
			"from": [
				6.52339,
				-1.78781,
				-1.15014
			],
			"to": [
				7.38589,
				-1.21281,
				-0.00014
			],
			"rotation": {
				"angle": -45,
				"axis": "x",
				"origin": [
					7.98808,
					3.43525,
					-0.90327
				]
			},
			"faces": {
				"north": {
					"uv": [
						10.5,
						1.25,
						10.75,
						1.375
					],
					"texture": "#1"
				},
				"east": {
					"uv": [
						1.5,
						10.5,
						1.75,
						10.625
					],
					"texture": "#1"
				},
				"south": {
					"uv": [
						1.75,
						10.5,
						2,
						10.625
					],
					"texture": "#1"
				},
				"west": {
					"uv": [
						2,
						10.5,
						2.25,
						10.625
					],
					"texture": "#1"
				},
				"up": {
					"uv": [
						5.5,
						10,
						5.25,
						9.75
					],
					"texture": "#1"
				},
				"down": {
					"uv": [
						5.75,
						9.75,
						5.5,
						10
					],
					"texture": "#1"
				}
			}
		},
		{
			"from": [
				7.5025,
				3.9725,
				-4.75125
			],
			"to": [
				8.4975,
				4.2725,
				-3.37125
			],
			"rotation": {
				"angle": 0,
				"axis": "y",
				"origin": [
					-1.2,
					0.1275,
					-0.07875
				]
			},
			"faces": {
				"north": {
					"uv": [
						2.25,
						10.5,
						2.5,
						10.625
					],
					"texture": "#1"
				},
				"east": {
					"uv": [
						10,
						8.25,
						10.375,
						8.375
					],
					"texture": "#1"
				},
				"south": {
					"uv": [
						10.5,
						2.25,
						10.75,
						2.375
					],
					"texture": "#1"
				},
				"west": {
					"uv": [
						10,
						8.5,
						10.375,
						8.625
					],
					"texture": "#1"
				},
				"up": {
					"uv": [
						5,
						9.625,
						4.75,
						9.25
					],
					"texture": "#1"
				},
				"down": {
					"uv": [
						5.25,
						9.25,
						5,
						9.625
					],
					"texture": "#1"
				}
			}
		},
		{
			"from": [
				7.33875,
				4.22625,
				15.4175
			],
			"to": [
				8.66125,
				5.26125,
				16.97
			],
			"rotation": {
				"angle": 0,
				"axis": "y",
				"origin": [
					-0.9125,
					0,
					-2.0625
				]
			},
			"faces": {
				"north": {
					"uv": [
						5.25,
						9.25,
						5.625,
						9.5
					],
					"texture": "#1"
				},
				"east": {
					"uv": [
						9.25,
						5.5,
						9.625,
						5.75
					],
					"texture": "#1"
				},
				"south": {
					"uv": [
						5.75,
						9.25,
						6.125,
						9.5
					],
					"texture": "#1"
				},
				"west": {
					"uv": [
						9.25,
						5.75,
						9.625,
						6
					],
					"texture": "#1"
				},
				"up": {
					"uv": [
						4.875,
						9.125,
						4.5,
						8.75
					],
					"texture": "#1"
				},
				"down": {
					"uv": [
						9.125,
						5.5,
						8.75,
						5.875
					],
					"texture": "#1"
				}
			}
		},
		{
			"from": [
				7.425,
				3.84,
				16.7975
			],
			"to": [
				8.575,
				4.76,
				20.10375
			],
			"rotation": {
				"angle": 0,
				"axis": "y",
				"origin": [
					-1.2,
					-0.0575,
					-2.35
				]
			},
			"faces": {
				"north": {
					"uv": [
						9.75,
						5.5,
						10,
						5.75
					],
					"texture": "#1"
				},
				"east": {
					"uv": [
						8.25,
						2.25,
						9.125,
						2.5
					],
					"texture": "#1"
				},
				"south": {
					"uv": [
						5.75,
						9.75,
						6,
						10
					],
					"texture": "#1",
					"cullface": "south"
				},
				"west": {
					"uv": [
						8.25,
						2.5,
						9.125,
						2.75
					],
					"texture": "#1"
				},
				"up": {
					"uv": [
						0.25,
						9.125,
						0,
						8.25
					],
					"texture": "#1"
				},
				"down": {
					"uv": [
						0.5,
						8.25,
						0.25,
						9.125
					],
					"texture": "#1"
				}
			}
		},
		{
			"from": [
				7.625,
				3.54,
				16.7975
			],
			"to": [
				8.375,
				5.06,
				20.10375
			],
			"rotation": {
				"angle": 0,
				"axis": "y",
				"origin": [
					-1.2,
					-0.0575,
					-2.35
				]
			},
			"faces": {
				"north": {
					"uv": [
						6.25,
						9.25,
						6.5,
						9.625
					],
					"texture": "#1"
				},
				"east": {
					"uv": [
						7,
						5,
						7.875,
						5.375
					],
					"texture": "#1"
				},
				"south": {
					"uv": [
						6.5,
						9.25,
						6.75,
						9.625
					],
					"texture": "#1",
					"cullface": "south"
				},
				"west": {
					"uv": [
						7.25,
						5.5,
						8.125,
						5.875
					],
					"texture": "#1"
				},
				"up": {
					"uv": [
						2.75,
						9.125,
						2.5,
						8.25
					],
					"texture": "#1"
				},
				"down": {
					"uv": [
						3,
						8.25,
						2.75,
						9.125
					],
					"texture": "#1"
				}
			}
		},
		{
			"from": [
				7.59625,
				0.60375,
				15.7625
			],
			"to": [
				8.40375,
				1.3025,
				21.12
			],
			"rotation": {
				"angle": -22.5,
				"axis": "x",
				"origin": [
					8,
					1.38,
					15.61875
				]
			},
			"faces": {
				"north": {
					"uv": [
						2.5,
						10.5,
						2.75,
						10.625
					],
					"texture": "#1",
					"cullface": "down"
				},
				"east": {
					"uv": [
						8.25,
						3.75,
						9.625,
						3.875
					],
					"texture": "#1"
				},
				"south": {
					"uv": [
						10.5,
						2.5,
						10.75,
						2.625
					],
					"texture": "#1"
				},
				"west": {
					"uv": [
						8.5,
						5.25,
						9.875,
						5.375
					],
					"texture": "#1"
				},
				"up": {
					"uv": [
						0.75,
						8.375,
						0.5,
						7
					],
					"texture": "#1"
				},
				"down": {
					"uv": [
						1,
						7,
						0.75,
						8.375
					],
					"texture": "#1",
					"cullface": "south"
				}
			}
		},
		{
			"from": [
				6.82125,
				1.82313,
				19.44312
			],
			"to": [
				9.17875,
				5.63437,
				20.79437
			],
			"rotation": {
				"angle": -22.5,
				"axis": "x",
				"origin": [
					8,
					4.28375,
					20.83687
				]
			},
			"faces": {
				"north": {
					"uv": [
						1.5,
						2.75,
						2.125,
						3.75
					],
					"texture": "#1"
				},
				"east": {
					"uv": [
						5.5,
						6.25,
						5.875,
						7.25
					],
					"texture": "#1"
				},
				"south": {
					"uv": [
						2.25,
						2.75,
						2.875,
						3.75
					],
					"texture": "#1"
				},
				"west": {
					"uv": [
						6.25,
						5.5,
						6.625,
						6.5
					],
					"texture": "#1"
				},
				"up": {
					"uv": [
						8.875,
						0.375,
						8.25,
						0
					],
					"texture": "#1",
					"cullface": "south"
				},
				"down": {
					"uv": [
						2.375,
						8.25,
						1.75,
						8.625
					],
					"texture": "#1"
				}
			}
		},
		{
			"from": [
				7.05125,
				1.47813,
				19.58687
			],
			"to": [
				8.94875,
				5.51937,
				21.25437
			],
			"rotation": {
				"angle": -22.5,
				"axis": "x",
				"origin": [
					8,
					4.28375,
					20.83687
				]
			},
			"faces": {
				"north": {
					"uv": [
						5,
						1,
						5.5,
						2
					],
					"texture": "#1"
				},
				"east": {
					"uv": [
						6.5,
						1.5,
						6.875,
						2.5
					],
					"texture": "#1"
				},
				"south": {
					"uv": [
						1.75,
						5,
						2.25,
						6
					],
					"texture": "#1"
				},
				"west": {
					"uv": [
						2.75,
						6.5,
						3.125,
						7.5
					],
					"texture": "#1"
				},
				"up": {
					"uv": [
						9,
						1.125,
						8.5,
						0.75
					],
					"texture": "#1",
					"cullface": "south"
				},
				"down": {
					"uv": [
						9,
						1.25,
						8.5,
						1.625
					],
					"texture": "#1"
				}
			}
		},
		{
			"from": [
				7.2525,
				-0.71875,
				14.29625
			],
			"to": [
				8.7475,
				-0.25875,
				16.13625
			],
			"rotation": {
				"angle": -22.5,
				"axis": "x",
				"origin": [
					8,
					1.38,
					15.61875
				]
			},
			"faces": {
				"north": {
					"uv": [
						8.75,
						10,
						9.125,
						10.125
					],
					"texture": "#1"
				},
				"east": {
					"uv": [
						9.75,
						5.75,
						10.25,
						5.875
					],
					"texture": "#1"
				},
				"south": {
					"uv": [
						9.25,
						10,
						9.625,
						10.125
					],
					"texture": "#1",
					"cullface": "south"
				},
				"west": {
					"uv": [
						6.25,
						9.75,
						6.75,
						9.875
					],
					"texture": "#1"
				},
				"up": {
					"uv": [
						8.875,
						5.25,
						8.5,
						4.75
					],
					"texture": "#1"
				},
				"down": {
					"uv": [
						8.875,
						6.5,
						8.5,
						7
					],
					"texture": "#1",
					"cullface": "down"
				}
			}
		},
		{
			"from": [
				7.53125,
				5.705,
				-1.44875
			],
			"to": [
				8.46875,
				5.935,
				6.05125
			],
			"rotation": {
				"angle": 0,
				"axis": "y",
				"origin": [
					-1.2,
					-0.345,
					3.4
				]
			},
			"faces": {
				"north": {
					"uv": [
						10.5,
						2.75,
						10.75,
						2.875
					],
					"texture": "#1"
				},
				"east": {
					"uv": [
						8.25,
						1.75,
						10.125,
						1.875
					],
					"texture": "#1"
				},
				"south": {
					"uv": [
						3,
						10.5,
						3.25,
						10.625
					],
					"texture": "#1"
				},
				"west": {
					"uv": [
						8.25,
						2,
						10.125,
						2.125
					],
					"texture": "#1"
				},
				"up": {
					"uv": [
						0.25,
						7.125,
						0,
						5.25
					],
					"texture": "#1"
				},
				"down": {
					"uv": [
						0.5,
						5.25,
						0.25,
						7.125
					],
					"texture": "#1"
				}
			}
		},
		{
			"from": [
				7.33125,
				5.205,
				6.02625
			],
			"to": [
				8.66875,
				5.935,
				10.32625
			],
			"rotation": {
				"angle": 0,
				"axis": "y",
				"origin": [
					-1.2,
					-0.345,
					3.4
				]
			},
			"faces": {
				"north": {
					"uv": [
						9.75,
						10,
						10.125,
						10.125
					],
					"texture": "#1"
				},
				"east": {
					"uv": [
						8.75,
						7.5,
						9.875,
						7.625
					],
					"texture": "#1"
				},
				"south": {
					"uv": [
						10,
						9.75,
						10.375,
						9.875
					],
					"texture": "#1"
				},
				"west": {
					"uv": [
						8.75,
						7.75,
						9.875,
						7.875
					],
					"texture": "#1"
				},
				"up": {
					"uv": [
						4.375,
						7.125,
						4,
						6
					],
					"texture": "#1"
				},
				"down": {
					"uv": [
						4.875,
						6,
						4.5,
						7.125
					],
					"texture": "#1"
				}
			}
		},
		{
			"from": [
				7.75625,
				2.705,
				4.55125
			],
			"to": [
				8.24375,
				3.335,
				7.22625
			],
			"rotation": {
				"angle": 0,
				"axis": "y",
				"origin": [
					-1.2,
					-0.345,
					3.4
				]
			},
			"faces": {
				"north": {
					"uv": [
						10.75,
						3.25,
						10.875,
						3.375
					],
					"texture": "#1"
				},
				"east": {
					"uv": [
						9.75,
						2.25,
						10.375,
						2.375
					],
					"texture": "#1"
				},
				"south": {
					"uv": [
						3.5,
						10.75,
						3.625,
						10.875
					],
					"texture": "#1"
				},
				"west": {
					"uv": [
						9.75,
						2.5,
						10.375,
						2.625
					],
					"texture": "#1"
				},
				"up": {
					"uv": [
						0.375,
						10.375,
						0.25,
						9.75
					],
					"texture": "#1"
				},
				"down": {
					"uv": [
						0.625,
						9.75,
						0.5,
						10.375
					],
					"texture": "#1"
				}
			}
		},
		{
			"from": [
				7.70625,
				2.605,
				4.25125
			],
			"to": [
				8.29375,
				3.86,
				4.72625
			],
			"rotation": {
				"angle": 0,
				"axis": "y",
				"origin": [
					-1.2,
					-0.345,
					3.4
				]
			},
			"faces": {
				"north": {
					"uv": [
						8.75,
						10.25,
						8.875,
						10.625
					],
					"texture": "#1"
				},
				"east": {
					"uv": [
						10.25,
						8.75,
						10.375,
						9.125
					],
					"texture": "#1"
				},
				"south": {
					"uv": [
						9,
						10.25,
						9.125,
						10.625
					],
					"texture": "#1"
				},
				"west": {
					"uv": [
						9.25,
						10.25,
						9.375,
						10.625
					],
					"texture": "#1"
				},
				"up": {
					"uv": [
						10.875,
						3.625,
						10.75,
						3.5
					],
					"texture": "#1"
				},
				"down": {
					"uv": [
						3.875,
						10.75,
						3.75,
						10.875
					],
					"texture": "#1"
				}
			}
		},
		{
			"from": [
				7.50625,
				3.605,
				4.20125
			],
			"to": [
				8.49375,
				3.86,
				4.77625
			],
			"rotation": {
				"angle": 0,
				"axis": "y",
				"origin": [
					-1.2,
					-0.345,
					3.4
				]
			},
			"faces": {
				"north": {
					"uv": [
						4.5,
						10.5,
						4.75,
						10.625
					],
					"texture": "#1"
				},
				"east": {
					"uv": [
						10.75,
						3.75,
						10.875,
						3.875
					],
					"texture": "#1"
				},
				"south": {
					"uv": [
						10.5,
						4.5,
						10.75,
						4.625
					],
					"texture": "#1"
				},
				"west": {
					"uv": [
						4,
						10.75,
						4.125,
						10.875
					],
					"texture": "#1"
				},
				"up": {
					"uv": [
						5,
						10.625,
						4.75,
						10.5
					],
					"texture": "#1"
				},
				"down": {
					"uv": [
						10.75,
						4.75,
						10.5,
						4.875
					],
					"texture": "#1"
				}
			}
		},
		{
			"from": [
				7.68125,
				5.855,
				-1.27375
			],
			"to": [
				8.31875,
				6.185,
				15.47625
			],
			"rotation": {
				"angle": 0,
				"axis": "y",
				"origin": [
					-1.2,
					-0.345,
					3.4
				]
			},
			"faces": {
				"north": {
					"uv": [
						10.5,
						8.5,
						10.625,
						8.625
					],
					"texture": "#1"
				},
				"east": {
					"uv": [
						4,
						4.75,
						8.125,
						4.875
					],
					"texture": "#1"
				},
				"south": {
					"uv": [
						10.5,
						8.75,
						10.625,
						8.875
					],
					"texture": "#1"
				},
				"west": {
					"uv": [
						4.75,
						4,
						8.875,
						4.125
					],
					"texture": "#1"
				},
				"up": {
					"uv": [
						1.375,
						9.125,
						1.25,
						5
					],
					"texture": "#1"
				},
				"down": {
					"uv": [
						1.625,
						5,
						1.5,
						9.125
					],
					"texture": "#1"
				}
			}
		},
		{
			"from": [
				7.7125,
				5.7625,
				0.10375
			],
			"to": [
				8.2875,
				6.3375,
				1.82875
			],
			"rotation": {
				"angle": 0,
				"axis": "y",
				"origin": [
					-1.2,
					-0.5175,
					5.09625
				]
			},
			"faces": {
				"north": {
					"uv": [
						10.5,
						9,
						10.625,
						9.125
					],
					"texture": "#1"
				},
				"east": {
					"uv": [
						0.75,
						10.25,
						1.125,
						10.375
					],
					"texture": "#1"
				},
				"south": {
					"uv": [
						10.5,
						9.25,
						10.625,
						9.375
					],
					"texture": "#1"
				},
				"west": {
					"uv": [
						10.25,
						0.75,
						10.625,
						0.875
					],
					"texture": "#1"
				},
				"up": {
					"uv": [
						0.125,
						10.625,
						0,
						10.25
					],
					"texture": "#1"
				},
				"down": {
					"uv": [
						10.375,
						1,
						10.25,
						1.375
					],
					"texture": "#1"
				}
			}
		},
		{
			"from": [
				7.91375,
				6.3375,
				0.10375
			],
			"to": [
				8.08625,
				6.5475,
				0.67875
			],
			"rotation": {
				"angle": 0,
				"axis": "y",
				"origin": [
					-1.2,
					-0.5175,
					5.09625
				]
			},
			"faces": {
				"north": {
					"uv": [
						9.5,
						10.5,
						9.625,
						10.625
					],
					"texture": "#1"
				},
				"east": {
					"uv": [
						10.5,
						9.5,
						10.625,
						9.625
					],
					"texture": "#1"
				},
				"south": {
					"uv": [
						9.75,
						10.5,
						9.875,
						10.625
					],
					"texture": "#1"
				},
				"west": {
					"uv": [
						10.5,
						9.75,
						10.625,
						9.875
					],
					"texture": "#1"
				},
				"up": {
					"uv": [
						10.125,
						10.625,
						10,
						10.5
					],
					"texture": "#1"
				},
				"down": {
					"uv": [
						10.625,
						10,
						10.5,
						10.125
					],
					"texture": "#1"
				}
			}
		},
		{
			"from": [
				7.30625,
				5.355,
				15.12625
			],
			"to": [
				8.69375,
				6.06,
				19.00125
			],
			"rotation": {
				"angle": 0,
				"axis": "y",
				"origin": [
					-1.2,
					-0.345,
					3.4
				]
			},
			"faces": {
				"north": {
					"uv": [
						1.25,
						10.25,
						1.625,
						10.375
					],
					"texture": "#1"
				},
				"east": {
					"uv": [
						9,
						1.25,
						10,
						1.375
					],
					"texture": "#1"
				},
				"south": {
					"uv": [
						10.25,
						1.5,
						10.625,
						1.625
					],
					"texture": "#1"
				},
				"west": {
					"uv": [
						9,
						1.5,
						10,
						1.625
					],
					"texture": "#1"
				},
				"up": {
					"uv": [
						7.125,
						6.5,
						6.75,
						5.5
					],
					"texture": "#1"
				},
				"down": {
					"uv": [
						7.125,
						6.5,
						6.75,
						7.5
					],
					"texture": "#1"
				}
			}
		},
		{
			"from": [
				7.33125,
				4.83,
				12.32625
			],
			"to": [
				8.66875,
				5.935,
				12.82625
			],
			"rotation": {
				"angle": 0,
				"axis": "y",
				"origin": [
					-1.2,
					-0.345,
					3.4
				]
			},
			"faces": {
				"north": {
					"uv": [
						6.75,
						9.25,
						7.125,
						9.5
					],
					"texture": "#1"
				},
				"east": {
					"uv": [
						10.5,
						3,
						10.625,
						3.25
					],
					"texture": "#1"
				},
				"south": {
					"uv": [
						9.25,
						7,
						9.625,
						7.25
					],
					"texture": "#1"
				},
				"west": {
					"uv": [
						3.25,
						10.5,
						3.375,
						10.75
					],
					"texture": "#1"
				},
				"up": {
					"uv": [
						2.125,
						10.375,
						1.75,
						10.25
					],
					"texture": "#1"
				},
				"down": {
					"uv": [
						10.625,
						1.75,
						10.25,
						1.875
					],
					"texture": "#1"
				}
			}
		},
		{
			"from": [
				7.33125,
				4.955,
				14.87625
			],
			"to": [
				8.66875,
				6.06,
				15.12625
			],
			"rotation": {
				"angle": 0,
				"axis": "y",
				"origin": [
					-1.2,
					-0.345,
					3.4
				]
			},
			"faces": {
				"north": {
					"uv": [
						0.25,
						9.5,
						0.625,
						9.75
					],
					"texture": "#1"
				},
				"east": {
					"uv": [
						4.25,
						10.5,
						4.375,
						10.75
					],
					"texture": "#1"
				},
				"south": {
					"uv": [
						9.5,
						0.5,
						9.875,
						0.75
					],
					"texture": "#1"
				},
				"west": {
					"uv": [
						10.5,
						4.25,
						10.625,
						4.5
					],
					"texture": "#1"
				},
				"up": {
					"uv": [
						8.125,
						10.375,
						7.75,
						10.25
					],
					"texture": "#1"
				},
				"down": {
					"uv": [
						8.625,
						10.25,
						8.25,
						10.375
					],
					"texture": "#1"
				}
			}
		},
		{
			"from": [
				7.43125,
				4.755,
				18.92625
			],
			"to": [
				8.56875,
				5.935,
				20.02625
			],
			"rotation": {
				"angle": 0,
				"axis": "y",
				"origin": [
					-1.2,
					-0.345,
					3.4
				]
			},
			"faces": {
				"north": {
					"uv": [
						10,
						0.75,
						10.25,
						1
					],
					"texture": "#1"
				},
				"east": {
					"uv": [
						10,
						1,
						10.25,
						1.25
					],
					"texture": "#1"
				},
				"south": {
					"uv": [
						1.25,
						10,
						1.5,
						10.25
					],
					"texture": "#1"
				},
				"west": {
					"uv": [
						10,
						1.25,
						10.25,
						1.5
					],
					"texture": "#1"
				},
				"up": {
					"uv": [
						1.75,
						10.25,
						1.5,
						10
					],
					"texture": "#1"
				},
				"down": {
					"uv": [
						10.25,
						1.5,
						10,
						1.75
					],
					"texture": "#1"
				}
			}
		},
		{
			"from": [
				8.55625,
				5.105,
				19.10125
			],
			"to": [
				9.99375,
				5.685,
				19.62625
			],
			"rotation": {
				"angle": 0,
				"axis": "y",
				"origin": [
					-1.2,
					-0.345,
					3.2
				]
			},
			"faces": {
				"north": {
					"uv": [
						10.25,
						5.75,
						10.625,
						5.875
					],
					"texture": "#1"
				},
				"east": {
					"uv": [
						10.75,
						2.25,
						10.875,
						2.375
					],
					"texture": "#1"
				},
				"south": {
					"uv": [
						6.75,
						10.25,
						7.125,
						10.375
					],
					"texture": "#1"
				},
				"west": {
					"uv": [
						2.5,
						10.75,
						2.625,
						10.875
					],
					"texture": "#1"
				},
				"up": {
					"uv": [
						10.625,
						7.125,
						10.25,
						7
					],
					"texture": "#1"
				},
				"down": {
					"uv": [
						7.625,
						10.25,
						7.25,
						10.375
					],
					"texture": "#1"
				}
			}
		},
		{
			"from": [
				7.43125,
				5.705,
				10.30125
			],
			"to": [
				8.56875,
				5.935,
				12.32625
			],
			"rotation": {
				"angle": 0,
				"axis": "y",
				"origin": [
					-1.2,
					-0.345,
					3.4
				]
			},
			"faces": {
				"north": {
					"uv": [
						3.75,
						10.5,
						4,
						10.625
					],
					"texture": "#1"
				},
				"east": {
					"uv": [
						9.5,
						9.75,
						10,
						9.875
					],
					"texture": "#1"
				},
				"south": {
					"uv": [
						10.5,
						4,
						10.75,
						4.125
					],
					"texture": "#1"
				},
				"west": {
					"uv": [
						10,
						0,
						10.5,
						0.125
					],
					"texture": "#1"
				},
				"up": {
					"uv": [
						7.25,
						9,
						7,
						8.5
					],
					"texture": "#1"
				},
				"down": {
					"uv": [
						2.5,
						8.75,
						2.25,
						9.25
					],
					"texture": "#1"
				}
			}
		},
		{
			"from": [
				9.35625,
				4.23,
				14.67625
			],
			"to": [
				9.71875,
				4.66,
				17.30125
			],
			"rotation": {
				"angle": 0,
				"axis": "y",
				"origin": [
					-1.2,
					-0.345,
					3.4
				]
			},
			"faces": {
				"north": {
					"uv": [
						10.25,
						10.5,
						10.375,
						10.625
					],
					"texture": "#1"
				},
				"east": {
					"uv": [
						9.5,
						9.25,
						10.125,
						9.375
					],
					"texture": "#1"
				},
				"south": {
					"uv": [
						10.5,
						10.25,
						10.625,
						10.375
					],
					"texture": "#1"
				},
				"west": {
					"uv": [
						9.5,
						9.5,
						10.125,
						9.625
					],
					"texture": "#1"
				},
				"up": {
					"uv": [
						4.625,
						10.125,
						4.5,
						9.5
					],
					"texture": "#1"
				},
				"down": {
					"uv": [
						6.125,
						9.5,
						6,
						10.125
					],
					"texture": "#1"
				}
			}
		},
		{
			"from": [
				9.36,
				3.98,
				17.17625
			],
			"to": [
				9.7225,
				4.41,
				19.87625
			],
			"rotation": {
				"angle": -22.5,
				"axis": "x",
				"origin": [
					9.5375,
					4.445,
					16.57625
				]
			},
			"faces": {
				"north": {
					"uv": [
						10.75,
						2.5,
						10.875,
						2.625
					],
					"texture": "#1"
				},
				"east": {
					"uv": [
						1.25,
						9.75,
						1.875,
						9.875
					],
					"texture": "#1"
				},
				"south": {
					"uv": [
						2.75,
						10.75,
						2.875,
						10.875
					],
					"texture": "#1"
				},
				"west": {
					"uv": [
						2,
						9.75,
						2.625,
						9.875
					],
					"texture": "#1"
				},
				"up": {
					"uv": [
						8.375,
						10.125,
						8.25,
						9.5
					],
					"texture": "#1"
				},
				"down": {
					"uv": [
						8.625,
						9.5,
						8.5,
						10.125
					],
					"texture": "#1"
				}
			}
		},
		{
			"from": [
				7.10625,
				5.43,
				15.45125
			],
			"to": [
				8.89375,
				5.56,
				18.67625
			],
			"rotation": {
				"angle": 0,
				"axis": "y",
				"origin": [
					-1.2,
					-0.345,
					3.4
				]
			},
			"faces": {
				"north": {
					"uv": [
						10,
						0.25,
						10.5,
						0.375
					],
					"texture": "#1"
				},
				"east": {
					"uv": [
						7.25,
						9.25,
						8,
						9.375
					],
					"texture": "#1"
				},
				"south": {
					"uv": [
						10,
						0.5,
						10.5,
						0.625
					],
					"texture": "#1"
				},
				"west": {
					"uv": [
						9.25,
						7.25,
						10,
						7.375
					],
					"texture": "#1"
				},
				"up": {
					"uv": [
						7.25,
						3.75,
						6.75,
						3
					],
					"texture": "#1"
				},
				"down": {
					"uv": [
						7.5,
						0,
						7,
						0.75
					],
					"texture": "#1"
				}
			}
		},
		{
			"from": [
				7.195,
				6.005,
				16.74625
			],
			"to": [
				7.425,
				6.695,
				18.01125
			],
			"rotation": {
				"angle": 0,
				"axis": "y",
				"origin": [
					-1.2,
					-0.345,
					3.4
				]
			},
			"faces": {
				"north": {
					"uv": [
						10.5,
						10.5,
						10.625,
						10.625
					],
					"texture": "#1"
				},
				"east": {
					"uv": [
						10.25,
						2,
						10.625,
						2.125
					],
					"texture": "#1"
				},
				"south": {
					"uv": [
						0,
						10.75,
						0.125,
						10.875
					],
					"texture": "#1"
				},
				"west": {
					"uv": [
						2.25,
						10.25,
						2.625,
						10.375
					],
					"texture": "#1"
				},
				"up": {
					"uv": [
						2.875,
						10.625,
						2.75,
						10.25
					],
					"texture": "#1"
				},
				"down": {
					"uv": [
						10.375,
						2.75,
						10.25,
						3.125
					],
					"texture": "#1"
				}
			}
		},
		{
			"from": [
				8.575,
				6.005,
				16.74625
			],
			"to": [
				8.805,
				6.695,
				18.01125
			],
			"rotation": {
				"angle": 0,
				"axis": "y",
				"origin": [
					-1.2,
					-0.345,
					3.4
				]
			},
			"faces": {
				"north": {
					"uv": [
						10.75,
						0,
						10.875,
						0.125
					],
					"texture": "#1"
				},
				"east": {
					"uv": [
						10.25,
						3.25,
						10.625,
						3.375
					],
					"texture": "#1"
				},
				"south": {
					"uv": [
						0.25,
						10.75,
						0.375,
						10.875
					],
					"texture": "#1"
				},
				"west": {
					"uv": [
						10.25,
						3.5,
						10.625,
						3.625
					],
					"texture": "#1"
				},
				"up": {
					"uv": [
						3.625,
						10.625,
						3.5,
						10.25
					],
					"texture": "#1"
				},
				"down": {
					"uv": [
						4.125,
						10.25,
						4,
						10.625
					],
					"texture": "#1"
				}
			}
		},
		{
			"from": [
				8.08625,
				6.005,
				17.2925
			],
			"to": [
				8.71875,
				6.37875,
				17.465
			],
			"rotation": {
				"angle": 0,
				"axis": "y",
				"origin": [
					-1.2,
					-0.345,
					3.4
				]
			},
			"faces": {
				"north": {
					"uv": [
						10.75,
						0.25,
						10.875,
						0.375
					],
					"texture": "#1"
				},
				"east": {
					"uv": [
						0.5,
						10.75,
						0.625,
						10.875
					],
					"texture": "#1"
				},
				"south": {
					"uv": [
						10.75,
						0.5,
						10.875,
						0.625
					],
					"texture": "#1"
				},
				"west": {
					"uv": [
						0.75,
						10.75,
						0.875,
						10.875
					],
					"texture": "#1"
				},
				"up": {
					"uv": [
						10.875,
						0.875,
						10.75,
						0.75
					],
					"texture": "#1"
				},
				"down": {
					"uv": [
						1.125,
						10.75,
						1,
						10.875
					],
					"texture": "#1"
				}
			}
		},
		{
			"from": [
				8.575,
				6.005,
				15.36625
			],
			"to": [
				8.805,
				6.35,
				16.74625
			],
			"rotation": {
				"angle": 0,
				"axis": "y",
				"origin": [
					-1.2,
					-0.345,
					3.4
				]
			},
			"faces": {
				"north": {
					"uv": [
						10.75,
						1,
						10.875,
						1.125
					],
					"texture": "#1"
				},
				"east": {
					"uv": [
						10.25,
						3.75,
						10.625,
						3.875
					],
					"texture": "#1"
				},
				"south": {
					"uv": [
						1.25,
						10.75,
						1.375,
						10.875
					],
					"texture": "#1"
				},
				"west": {
					"uv": [
						4.25,
						10.25,
						4.625,
						10.375
					],
					"texture": "#1"
				},
				"up": {
					"uv": [
						10.375,
						4.625,
						10.25,
						4.25
					],
					"texture": "#1"
				},
				"down": {
					"uv": [
						5.125,
						10.25,
						5,
						10.625
					],
					"texture": "#1"
				}
			}
		},
		{
			"from": [
				7.195,
				6.005,
				15.36625
			],
			"to": [
				7.425,
				6.35,
				16.74625
			],
			"rotation": {
				"angle": 0,
				"axis": "y",
				"origin": [
					-1.2,
					-0.345,
					3.4
				]
			},
			"faces": {
				"north": {
					"uv": [
						10.75,
						1.25,
						10.875,
						1.375
					],
					"texture": "#1"
				},
				"east": {
					"uv": [
						5.25,
						10.25,
						5.625,
						10.375
					],
					"texture": "#1"
				},
				"south": {
					"uv": [
						1.5,
						10.75,
						1.625,
						10.875
					],
					"texture": "#1"
				},
				"west": {
					"uv": [
						5.75,
						10.25,
						6.125,
						10.375
					],
					"texture": "#1"
				},
				"up": {
					"uv": [
						6.375,
						10.625,
						6.25,
						10.25
					],
					"texture": "#1"
				},
				"down": {
					"uv": [
						6.625,
						10.25,
						6.5,
						10.625
					],
					"texture": "#1"
				}
			}
		},
		{
			"from": [
				7.28125,
				6.005,
				15.25125
			],
			"to": [
				8.71875,
				6.235,
				18.12625
			],
			"rotation": {
				"angle": 0,
				"axis": "y",
				"origin": [
					-1.2,
					-0.345,
					3.4
				]
			},
			"faces": {
				"north": {
					"uv": [
						1.75,
						10,
						2.125,
						10.125
					],
					"texture": "#1"
				},
				"east": {
					"uv": [
						8,
						9,
						8.75,
						9.125
					],
					"texture": "#1"
				},
				"south": {
					"uv": [
						2.25,
						10,
						2.625,
						10.125
					],
					"texture": "#1"
				},
				"west": {
					"uv": [
						8.75,
						9,
						9.5,
						9.125
					],
					"texture": "#1"
				},
				"up": {
					"uv": [
						3.125,
						8.25,
						2.75,
						7.5
					],
					"texture": "#1"
				},
				"down": {
					"uv": [
						8.125,
						1.75,
						7.75,
						2.5
					],
					"texture": "#1"
				}
			}
		},
		{
			"from": [
				7.28125,
				6.005,
				17.2925
			],
			"to": [
				7.91375,
				6.37875,
				17.465
			],
			"rotation": {
				"angle": 0,
				"axis": "y",
				"origin": [
					-1.2,
					-0.345,
					3.4
				]
			},
			"faces": {
				"north": {
					"uv": [
						10.75,
						1.5,
						10.875,
						1.625
					],
					"texture": "#1"
				},
				"east": {
					"uv": [
						1.75,
						10.75,
						1.875,
						10.875
					],
					"texture": "#1"
				},
				"south": {
					"uv": [
						10.75,
						1.75,
						10.875,
						1.875
					],
					"texture": "#1"
				},
				"west": {
					"uv": [
						2,
						10.75,
						2.125,
						10.875
					],
					"texture": "#1"
				},
				"up": {
					"uv": [
						10.875,
						2.125,
						10.75,
						2
					],
					"texture": "#1"
				},
				"down": {
					"uv": [
						2.375,
						10.75,
						2.25,
						10.875
					],
					"texture": "#1"
				}
			}
		}
	],
	"display": {
		"thirdperson_righthand": {
			"translation": [
				0,
				6.25,
				-6.5
			],
			"scale": [
				1.21,
				1.21,
				1.21
			]
		},
		"thirdperson_lefthand": {
			"translation": [
				0,
				6.25,
				-6.5
			],
			"scale": [
				-1.21,
				1.21,
				1.21
			]
		},
		"firstperson_righthand": {
			"translation": [
				-5,
				9,
				-2.75
			]
		},
		"firstperson_lefthand": {
			"translation": [
				-5,
				9,
				-2.75
			],
			"scale": [
				-1,
				1,
				1
			]
		},
		"ground": {
			"translation": [
				0,
				5.5,
				0
			]
		},
		"gui": {
			"rotation": [
				-161.53,
				-32.05,
				-179.03
			],
			"translation": [
				0.25,
				3.5,
				0
			],
			"scale": [
				0.94,
				0.94,
				0.94
			]
		},
		"fixed": {
			"rotation": [
				0,
				88.5,
				0
			],
			"translation": [
				0,
				8,
				-1.5
			],
			"scale": [
				1.68,
				1.68,
				1.68
			]
		}
	}
}