{
	"credit": "Made with Blockbench",
	"texture_size": [
		64,
		64
	],
	"textures": {
		"0": "scguns_laf:item/invis_nvr_63"
	},
	"elements": [
		{
			"from": [
				7.4359,
				-0.41258,
				14.95176
			],
			"to": [
				8.5641,
				1.71363,
				17.77224
			],
			"rotation": {
				"angle": -22.5,
				"axis": "x",
				"origin": [
					8,
					0.80239,
					16.03656
				]
			},
			"faces": {
				"north": {
					"uv": [
						4.5,
						6.75,
						4.75,
						7.25
					],
					"texture": "#0"
				},
				"east": {
					"uv": [
						4.25,
						0.5,
						5,
						1
					],
					"texture": "#0"
				},
				"south": {
					"uv": [
						6.5,
						6.75,
						6.75,
						7.25
					],
					"texture": "#0"
				},
				"west": {
					"uv": [
						1.25,
						4.25,
						2,
						4.75
					],
					"texture": "#0"
				},
				"up": {
					"uv": [
						3.75,
						3,
						3.5,
						2.25
					],
					"texture": "#0"
				},
				"down": {
					"uv": [
						0.75,
						6.25,
						0.5,
						7
					],
					"texture": "#0"
				}
			}
		},
		{
			"from": [
				7.4109,
				3.23235,
				15.2555
			],
			"to": [
				8.5891,
				4.36054,
				17.90242
			],
			"rotation": {
				"angle": -22.5,
				"axis": "x",
				"origin": [
					8,
					0.41187,
					16.03656
				]
			},
			"faces": {
				"north": {
					"uv": [
						7.5,
						6.25,
						7.75,
						6.5
					],
					"texture": "#0"
				},
				"east": {
					"uv": [
						5.5,
						6.5,
						6.125,
						6.75
					],
					"texture": "#0"
				},
				"south": {
					"uv": [
						6.5,
						7.5,
						6.75,
						7.75
					],
					"texture": "#0"
				},
				"west": {
					"uv": [
						6.5,
						5.5,
						7.125,
						5.75
					],
					"texture": "#0"
				},
				"up": {
					"uv": [
						5,
						7.125,
						4.75,
						6.5
					],
					"texture": "#0"
				},
				"down": {
					"uv": [
						5.25,
						6.5,
						5,
						7.125
					],
					"texture": "#0"
				}
			}
		},
		{
			"from": [
				7.4359,
				1.67023,
				15.16872
			],
			"to": [
				8.5641,
				4.65735,
				17.72885
			],
			"rotation": {
				"angle": -22.5,
				"axis": "x",
				"origin": [
					8,
					0.41187,
					16.03656
				]
			},
			"faces": {
				"north": {
					"uv": [
						1.75,
						8.5,
						2,
						9.25
					],
					"texture": "#0"
				},
				"east": {
					"uv": [
						1,
						8.5,
						1.625,
						9.25
					],
					"texture": "#0"
				},
				"south": {
					"uv": [
						8.5,
						1.75,
						8.75,
						2.5
					],
					"texture": "#0"
				},
				"west": {
					"uv": [
						8.5,
						1,
						9.125,
						1.75
					],
					"texture": "#0"
				},
				"up": {
					"uv": [
						2.25,
						9.125,
						2,
						8.5
					],
					"texture": "#0"
				},
				"down": {
					"uv": [
						2.5,
						8.5,
						2.25,
						9.125
					],
					"texture": "#0"
				}
			}
		},
		{
			"from": [
				6.82842,
				-0.45597,
				16.21013
			],
			"to": [
				9.17158,
				0.45526,
				18.16277
			],
			"rotation": {
				"angle": 0,
				"axis": "x",
				"origin": [
					8,
					0.80239,
					16.03656
				]
			},
			"faces": {
				"north": {
					"uv": [
						4.5,
						3.5,
						5.125,
						3.75
					],
					"texture": "#0"
				},
				"east": {
					"uv": [
						1.5,
						3,
						2,
						3.25
					],
					"texture": "#0"
				},
				"south": {
					"uv": [
						6.25,
						6,
						6.875,
						6.25
					],
					"texture": "#0"
				},
				"west": {
					"uv": [
						6.75,
						6.75,
						7.25,
						7
					],
					"texture": "#0"
				},
				"up": {
					"uv": [
						5.625,
						1,
						5,
						0.5
					],
					"texture": "#0"
				},
				"down": {
					"uv": [
						1.625,
						5.25,
						1,
						5.75
					],
					"texture": "#0"
				}
			}
		},
		{
			"from": [
				6.82842,
				-0.45597,
				15.03854
			],
			"to": [
				9.17158,
				0.10295,
				16.21013
			],
			"rotation": {
				"angle": 0,
				"axis": "x",
				"origin": [
					8,
					0.80239,
					16.03656
				]
			},
			"faces": {
				"north": {
					"uv": [
						7.25,
						5.5,
						7.875,
						5.625
					],
					"texture": "#0"
				},
				"east": {
					"uv": [
						5,
						8,
						5.25,
						8.125
					],
					"texture": "#0"
				},
				"south": {
					"uv": [
						6.25,
						7.25,
						6.875,
						7.375
					],
					"texture": "#0"
				},
				"west": {
					"uv": [
						8,
						5,
						8.25,
						5.125
					],
					"texture": "#0"
				},
				"up": {
					"uv": [
						7.125,
						2,
						6.5,
						1.75
					],
					"texture": "#0"
				},
				"down": {
					"uv": [
						3.125,
						6.5,
						2.5,
						6.75
					],
					"texture": "#0"
				}
			}
		},
		{
			"from": [
				7.04538,
				-0.75972,
				15.34229
			],
			"to": [
				8.95462,
				-0.41258,
				17.9892
			],
			"rotation": {
				"angle": 0,
				"axis": "x",
				"origin": [
					8,
					0.80239,
					16.03656
				]
			},
			"faces": {
				"north": {
					"uv": [
						7.5,
						2.75,
						8,
						2.875
					],
					"texture": "#0"
				},
				"east": {
					"uv": [
						4.5,
						7.25,
						5.125,
						7.375
					],
					"texture": "#0"
				},
				"south": {
					"uv": [
						7.5,
						3,
						8,
						3.125
					],
					"texture": "#0"
				},
				"west": {
					"uv": [
						7.25,
						5,
						7.875,
						5.125
					],
					"texture": "#0"
				},
				"up": {
					"uv": [
						3.25,
						5.875,
						2.75,
						5.25
					],
					"texture": "#0"
				},
				"down": {
					"uv": [
						3.75,
						5.25,
						3.25,
						5.875
					],
					"texture": "#0"
				}
			}
		},
		{
			"from": [
				7.13216,
				-1.10685,
				15.51586
			],
			"to": [
				8.86784,
				-0.75972,
				17.81563
			],
			"rotation": {
				"angle": 0,
				"axis": "x",
				"origin": [
					8,
					0.80239,
					16.03656
				]
			},
			"faces": {
				"north": {
					"uv": [
						7.75,
						4.25,
						8.125,
						4.375
					],
					"texture": "#0"
				},
				"east": {
					"uv": [
						7.25,
						6.75,
						7.875,
						6.875
					],
					"texture": "#0"
				},
				"south": {
					"uv": [
						4.5,
						7.75,
						4.875,
						7.875
					],
					"texture": "#0"
				},
				"west": {
					"uv": [
						7,
						7.25,
						7.625,
						7.375
					],
					"texture": "#0"
				},
				"up": {
					"uv": [
						6.125,
						2.625,
						5.75,
						2
					],
					"texture": "#0"
				},
				"down": {
					"uv": [
						6.125,
						2.75,
						5.75,
						3.375
					],
					"texture": "#0"
				}
			}
		},
		{
			"from": [
				6.98463,
				-0.02205,
				15.08194
			],
			"to": [
				9.01537,
				4.79446,
				17.20814
			],
			"rotation": {
				"angle": -22.5,
				"axis": "x",
				"origin": [
					8,
					0.80239,
					16.03656
				]
			},
			"faces": {
				"north": {
					"uv": [
						0,
						3,
						0.5,
						4.25
					],
					"texture": "#0"
				},
				"east": {
					"uv": [
						3,
						0,
						3.5,
						1.25
					],
					"texture": "#0"
				},
				"south": {
					"uv": [
						0.5,
						3,
						1,
						4.25
					],
					"texture": "#0"
				},
				"west": {
					"uv": [
						1,
						3,
						1.5,
						4.25
					],
					"texture": "#0"
				},
				"up": {
					"uv": [
						6,
						0.5,
						5.5,
						0
					],
					"texture": "#0"
				},
				"down": {
					"uv": [
						6,
						5,
						5.5,
						5.5
					],
					"texture": "#0"
				}
			}
		},
		{
			"from": [
				7.17555,
				6.09217,
				11.91836
			],
			"to": [
				8.82445,
				6.56949,
				16.43113
			],
			"rotation": {
				"angle": 0,
				"axis": "y",
				"origin": [
					8,
					6.39592,
					10.48643
				]
			},
			"faces": {
				"north": {
					"uv": [
						7.75,
						1.5,
						8.125,
						1.625
					],
					"texture": "#0"
				},
				"east": {
					"uv": [
						6.5,
						5.75,
						7.625,
						5.875
					],
					"texture": "#0"
				},
				"south": {
					"uv": [
						2,
						7.75,
						2.375,
						7.875
					],
					"texture": "#0"
				},
				"west": {
					"uv": [
						6.25,
						6.5,
						7.375,
						6.625
					],
					"texture": "#0"
				},
				"up": {
					"uv": [
						4.125,
						4.625,
						3.75,
						3.5
					],
					"texture": "#0"
				},
				"down": {
					"uv": [
						4.375,
						1,
						4,
						2.125
					],
					"texture": "#0"
				}
			}
		},
		{
			"from": [
				8.17357,
				6.09217,
				7.23203
			],
			"to": [
				8.78106,
				6.4827,
				11.91836
			],
			"rotation": {
				"angle": 0,
				"axis": "y",
				"origin": [
					8,
					6.39592,
					10.48643
				]
			},
			"faces": {
				"north": {
					"uv": [
						8.25,
						1.5,
						8.375,
						1.625
					],
					"texture": "#0"
				},
				"east": {
					"uv": [
						6.75,
						0,
						7.875,
						0.125
					],
					"texture": "#0"
				},
				"south": {
					"uv": [
						1.75,
						8.25,
						1.875,
						8.375
					],
					"texture": "#0"
				},
				"west": {
					"uv": [
						6.75,
						0.25,
						7.875,
						0.375
					],
					"texture": "#0"
				},
				"up": {
					"uv": [
						0.875,
						7.875,
						0.75,
						6.75
					],
					"texture": "#0"
				},
				"down": {
					"uv": [
						1.125,
						6.75,
						1,
						7.875
					],
					"texture": "#0"
				}
			}
		},
		{
			"from": [
				7.21894,
				6.09217,
				7.18864
			],
			"to": [
				7.82643,
				6.4827,
				11.91836
			],
			"rotation": {
				"angle": 0,
				"axis": "y",
				"origin": [
					8,
					6.39592,
					10.48643
				]
			},
			"faces": {
				"north": {
					"uv": [
						8.25,
						1.75,
						8.375,
						1.875
					],
					"texture": "#0"
				},
				"east": {
					"uv": [
						6.75,
						0.5,
						7.875,
						0.625
					],
					"texture": "#0"
				},
				"south": {
					"uv": [
						2,
						8.25,
						2.125,
						8.375
					],
					"texture": "#0"
				},
				"west": {
					"uv": [
						6.75,
						0.75,
						7.875,
						0.875
					],
					"texture": "#0"
				},
				"up": {
					"uv": [
						1.375,
						7.875,
						1.25,
						6.75
					],
					"texture": "#0"
				},
				"down": {
					"uv": [
						1.625,
						6.75,
						1.5,
						7.875
					],
					"texture": "#0"
				}
			}
		},
		{
			"from": [
				7.73965,
				1.86145,
				11.50614
			],
			"to": [
				8.26035,
				2.46894,
				13.15504
			],
			"rotation": {
				"angle": 0,
				"axis": "x",
				"origin": [
					8,
					2.94625,
					10.31286
				]
			},
			"faces": {
				"north": {
					"uv": [
						1.25,
						8.25,
						1.375,
						8.375
					],
					"texture": "#0"
				},
				"east": {
					"uv": [
						7.75,
						2.5,
						8.125,
						2.625
					],
					"texture": "#0"
				},
				"south": {
					"uv": [
						1.5,
						8.25,
						1.625,
						8.375
					],
					"texture": "#0"
				},
				"west": {
					"uv": [
						3.25,
						7.75,
						3.625,
						7.875
					],
					"texture": "#0"
				},
				"up": {
					"uv": [
						2.625,
						8.125,
						2.5,
						7.75
					],
					"texture": "#0"
				},
				"down": {
					"uv": [
						7.875,
						3.25,
						7.75,
						3.625
					],
					"texture": "#0"
				}
			}
		},
		{
			"from": [
				7.60947,
				1.92654,
				12.35228
			],
			"to": [
				8.39053,
				2.21718,
				14.37453
			],
			"rotation": {
				"angle": -22.5,
				"axis": "x",
				"origin": [
					8,
					2.10011,
					12.39568
				]
			},
			"faces": {
				"north": {
					"uv": [
						3.5,
						8,
						3.75,
						8.125
					],
					"texture": "#0"
				},
				"east": {
					"uv": [
						6,
						7.5,
						6.5,
						7.625
					],
					"texture": "#0"
				},
				"south": {
					"uv": [
						8,
						3.5,
						8.25,
						3.625
					],
					"texture": "#0"
				},
				"west": {
					"uv": [
						7.5,
						6,
						8,
						6.125
					],
					"texture": "#0"
				},
				"up": {
					"uv": [
						0.25,
						7.5,
						0,
						7
					],
					"texture": "#0"
				},
				"down": {
					"uv": [
						0.5,
						7,
						0.25,
						7.5
					],
					"texture": "#0"
				}
			}
		},
		{
			"from": [
				7.78304,
				1.57941,
				13.00316
			],
			"to": [
				8.21696,
				1.92654,
				14.26153
			],
			"rotation": {
				"angle": -22.5,
				"axis": "x",
				"origin": [
					8,
					2.10011,
					12.39568
				]
			},
			"faces": {
				"north": {
					"uv": [
						8.25,
						3.5,
						8.375,
						3.625
					],
					"texture": "#0"
				},
				"east": {
					"uv": [
						5,
						7.75,
						5.375,
						7.875
					],
					"texture": "#0"
				},
				"south": {
					"uv": [
						3.75,
						8.25,
						3.875,
						8.375
					],
					"texture": "#0"
				},
				"west": {
					"uv": [
						5.5,
						7.75,
						5.875,
						7.875
					],
					"texture": "#0"
				},
				"up": {
					"uv": [
						6.125,
						8.125,
						6,
						7.75
					],
					"texture": "#0"
				},
				"down": {
					"uv": [
						6.375,
						7.75,
						6.25,
						8.125
					],
					"texture": "#0"
				}
			}
		},
		{
			"from": [
				7.56608,
				1.94824,
				11.50614
			],
			"to": [
				8.43392,
				2.38216,
				12.46076
			],
			"rotation": {
				"angle": 0,
				"axis": "x",
				"origin": [
					8,
					2.94625,
					10.31286
				]
			},
			"faces": {
				"north": {
					"uv": [
						8,
						3.75,
						8.25,
						3.875
					],
					"texture": "#0"
				},
				"east": {
					"uv": [
						8,
						4,
						8.25,
						4.125
					],
					"texture": "#0"
				},
				"south": {
					"uv": [
						4.5,
						8,
						4.75,
						8.125
					],
					"texture": "#0"
				},
				"west": {
					"uv": [
						4.75,
						8,
						5,
						8.125
					],
					"texture": "#0"
				},
				"up": {
					"uv": [
						3.75,
						3.25,
						3.5,
						3
					],
					"texture": "#0"
				},
				"down": {
					"uv": [
						2.75,
						5.75,
						2.5,
						6
					],
					"texture": "#0"
				}
			}
		},
		{
			"from": [
				7.26234,
				2.44725,
				11.72305
			],
			"to": [
				8.73766,
				6.1022,
				12.30889
			],
			"rotation": {
				"angle": 0,
				"axis": "y",
				"origin": [
					8,
					7.69768,
					11.57123
				]
			},
			"faces": {
				"north": {
					"uv": [
						3.5,
						8.5,
						3.875,
						9.375
					],
					"texture": "#0"
				},
				"east": {
					"uv": [
						4,
						8.5,
						4.125,
						9.375
					],
					"texture": "#0"
				},
				"south": {
					"uv": [
						8.5,
						3.5,
						8.875,
						4.375
					],
					"texture": "#0"
				},
				"west": {
					"uv": [
						4.25,
						8.5,
						4.375,
						9.375
					],
					"texture": "#0"
				},
				"up": {
					"uv": [
						5.125,
						5.875,
						4.75,
						5.75
					],
					"texture": "#0"
				},
				"down": {
					"uv": [
						2.375,
						6,
						2,
						6.125
					],
					"texture": "#0"
				}
			}
		},
		{
			"from": [
				7.26234,
				1.96993,
				7.3622
			],
			"to": [
				8.73766,
				2.44725,
				12.56924
			],
			"rotation": {
				"angle": 0,
				"axis": "y",
				"origin": [
					8,
					7.69768,
					11.57123
				]
			},
			"faces": {
				"north": {
					"uv": [
						6.5,
						7.75,
						6.875,
						7.875
					],
					"texture": "#0"
				},
				"east": {
					"uv": [
						6.5,
						3.5,
						7.75,
						3.625
					],
					"texture": "#0"
				},
				"south": {
					"uv": [
						7,
						7.75,
						7.375,
						7.875
					],
					"texture": "#0"
				},
				"west": {
					"uv": [
						6.5,
						3.75,
						7.75,
						3.875
					],
					"texture": "#0"
				},
				"up": {
					"uv": [
						3.875,
						2.25,
						3.5,
						1
					],
					"texture": "#0"
				},
				"down": {
					"uv": [
						4.125,
						2.25,
						3.75,
						3.5
					],
					"texture": "#0"
				}
			}
		},
		{
			"from": [
				7.4359,
				1.83976,
				7.31881
			],
			"to": [
				8.5641,
				2.31707,
				12.39568
			],
			"rotation": {
				"angle": 0,
				"axis": "y",
				"origin": [
					8,
					7.69768,
					11.57123
				]
			},
			"faces": {
				"north": {
					"uv": [
						6.5,
						8,
						6.75,
						8.125
					],
					"texture": "#0"
				},
				"east": {
					"uv": [
						6.5,
						4,
						7.75,
						4.125
					],
					"texture": "#0"
				},
				"south": {
					"uv": [
						8,
						6.5,
						8.25,
						6.625
					],
					"texture": "#0"
				},
				"west": {
					"uv": [
						6.5,
						4.25,
						7.75,
						4.375
					],
					"texture": "#0"
				},
				"up": {
					"uv": [
						2,
						6.5,
						1.75,
						5.25
					],
					"texture": "#0"
				},
				"down": {
					"uv": [
						5.5,
						5,
						5.25,
						6.25
					],
					"texture": "#0"
				}
			}
		},
		{
			"from": [
				7.26234,
				2.44725,
				7.41738
			],
			"to": [
				8.73766,
				6.1272,
				8.15504
			],
			"rotation": {
				"angle": 0,
				"axis": "y",
				"origin": [
					8,
					7.69768,
					11.57123
				]
			},
			"faces": {
				"north": {
					"uv": [
						2.5,
						8.5,
						2.875,
						9.375
					],
					"texture": "#0"
				},
				"east": {
					"uv": [
						3,
						8.5,
						3.125,
						9.375
					],
					"texture": "#0"
				},
				"south": {
					"uv": [
						8.5,
						2.5,
						8.875,
						3.375
					],
					"texture": "#0"
				},
				"west": {
					"uv": [
						3.25,
						8.5,
						3.375,
						9.375
					],
					"texture": "#0"
				},
				"up": {
					"uv": [
						4.625,
						6.125,
						4.25,
						6
					],
					"texture": "#0"
				},
				"down": {
					"uv": [
						0.375,
						6.25,
						0,
						6.375
					],
					"texture": "#0"
				}
			}
		},
		{
			"from": [
				7.26234,
				6.35253,
				7.49238
			],
			"to": [
				8.73766,
				6.65627,
				8.23004
			],
			"rotation": {
				"angle": 0,
				"axis": "y",
				"origin": [
					8,
					7.69768,
					11.57123
				]
			},
			"faces": {
				"north": {
					"uv": [
						7.75,
						7.5,
						8.125,
						7.625
					],
					"texture": "#0"
				},
				"east": {
					"uv": [
						8.25,
						6.75,
						8.375,
						6.875
					],
					"texture": "#0"
				},
				"south": {
					"uv": [
						0.75,
						8,
						1.125,
						8.125
					],
					"texture": "#0"
				},
				"west": {
					"uv": [
						7,
						8.25,
						7.125,
						8.375
					],
					"texture": "#0"
				},
				"up": {
					"uv": [
						8.375,
						1.125,
						8,
						1
					],
					"texture": "#0"
				},
				"down": {
					"uv": [
						1.625,
						8,
						1.25,
						8.125
					],
					"texture": "#0"
				}
			}
		},
		{
			"from": [
				6.9152,
				3.31509,
				7.12685
			],
			"to": [
				9.0848,
				6.09217,
				8.20504
			],
			"rotation": {
				"angle": 0,
				"axis": "y",
				"origin": [
					8,
					7.69768,
					11.57123
				]
			},
			"faces": {
				"north": {
					"uv": [
						3,
						1.25,
						3.5,
						2
					],
					"texture": "#0"
				},
				"east": {
					"uv": [
						6.25,
						3,
						6.5,
						3.75
					],
					"texture": "#0"
				},
				"south": {
					"uv": [
						2,
						4.25,
						2.5,
						5
					],
					"texture": "#0"
				},
				"west": {
					"uv": [
						6.25,
						3.75,
						6.5,
						4.5
					],
					"texture": "#0"
				},
				"up": {
					"uv": [
						7.25,
						7.25,
						6.75,
						7
					],
					"texture": "#0"
				},
				"down": {
					"uv": [
						7.75,
						1.5,
						7.25,
						1.75
					],
					"texture": "#0"
				}
			}
		},
		{
			"from": [
				7.00198,
				4.53006,
				15.21616
			],
			"to": [
				8.99802,
				5.05077,
				17.47254
			],
			"rotation": {
				"angle": 0,
				"axis": "y",
				"origin": [
					8,
					1.57941,
					3.63049
				]
			},
			"faces": {
				"north": {
					"uv": [
						4,
						7.5,
						4.5,
						7.625
					],
					"texture": "#0"
				},
				"east": {
					"uv": [
						7.25,
						5.25,
						7.875,
						5.375
					],
					"texture": "#0"
				},
				"south": {
					"uv": [
						4.5,
						7.5,
						5,
						7.625
					],
					"texture": "#0"
				},
				"west": {
					"uv": [
						5.5,
						7.25,
						6.125,
						7.375
					],
					"texture": "#0"
				},
				"up": {
					"uv": [
						5.75,
						4.125,
						5.25,
						3.5
					],
					"texture": "#0"
				},
				"down": {
					"uv": [
						4.25,
						5.25,
						3.75,
						5.875
					],
					"texture": "#0"
				}
			}
		},
		{
			"from": [
				7.30573,
				4.05275,
				15.25955
			],
			"to": [
				8.69427,
				4.57345,
				17.34236
			],
			"rotation": {
				"angle": -22.5,
				"axis": "x",
				"origin": [
					2.79296,
					4.61685,
					16.21417
				]
			},
			"faces": {
				"north": {
					"uv": [
						7.75,
						2,
						8.125,
						2.125
					],
					"texture": "#0"
				},
				"east": {
					"uv": [
						5,
						7.5,
						5.5,
						7.625
					],
					"texture": "#0"
				},
				"south": {
					"uv": [
						7.75,
						2.25,
						8.125,
						2.375
					],
					"texture": "#0"
				},
				"west": {
					"uv": [
						5.5,
						7.5,
						6,
						7.625
					],
					"texture": "#0"
				},
				"up": {
					"uv": [
						6.375,
						6,
						6,
						5.5
					],
					"texture": "#0"
				},
				"down": {
					"uv": [
						6.625,
						0.5,
						6.25,
						1
					],
					"texture": "#0"
				}
			}
		},
		{
			"from": [
				6.74163,
				4.53006,
				11.9198
			],
			"to": [
				9.25837,
				5.44129,
				15.82364
			],
			"rotation": {
				"angle": 0,
				"axis": "y",
				"origin": [
					8,
					1.88315,
					4.23798
				]
			},
			"faces": {
				"north": {
					"uv": [
						6.25,
						6.25,
						6.875,
						6.5
					],
					"texture": "#0"
				},
				"east": {
					"uv": [
						5.75,
						1,
						6.75,
						1.25
					],
					"texture": "#0"
				},
				"south": {
					"uv": [
						6.5,
						1.5,
						7.125,
						1.75
					],
					"texture": "#0"
				},
				"west": {
					"uv": [
						5.75,
						1.25,
						6.75,
						1.5
					],
					"texture": "#0"
				},
				"up": {
					"uv": [
						2.125,
						4.25,
						1.5,
						3.25
					],
					"texture": "#0"
				},
				"down": {
					"uv": [
						2.875,
						3.25,
						2.25,
						4.25
					],
					"texture": "#0"
				}
			}
		},
		{
			"from": [
				6.82842,
				5.44129,
				11.9198
			],
			"to": [
				9.17158,
				6.13557,
				15.78025
			],
			"rotation": {
				"angle": 0,
				"axis": "y",
				"origin": [
					8,
					1.88315,
					4.23798
				]
			},
			"faces": {
				"north": {
					"uv": [
						7.25,
						7,
						7.875,
						7.125
					],
					"texture": "#0"
				},
				"east": {
					"uv": [
						1.75,
						7.25,
						2.75,
						7.375
					],
					"texture": "#0"
				},
				"south": {
					"uv": [
						2,
						7.5,
						2.625,
						7.625
					],
					"texture": "#0"
				},
				"west": {
					"uv": [
						7.25,
						1.75,
						8.25,
						1.875
					],
					"texture": "#0"
				},
				"up": {
					"uv": [
						3.625,
						4.25,
						3,
						3.25
					],
					"texture": "#0"
				},
				"down": {
					"uv": [
						4.125,
						0,
						3.5,
						1
					],
					"texture": "#0"
				}
			}
		},
		{
			"from": [
				7.08877,
				4.92059,
				14.78224
			],
			"to": [
				8.91123,
				6.43931,
				16.69148
			],
			"rotation": {
				"angle": 0,
				"axis": "y",
				"origin": [
					8,
					1.88315,
					3.63049
				]
			},
			"faces": {
				"north": {
					"uv": [
						0.75,
						6.25,
						1.25,
						6.625
					],
					"texture": "#0"
				},
				"east": {
					"uv": [
						1.25,
						6.25,
						1.75,
						6.625
					],
					"texture": "#0"
				},
				"south": {
					"uv": [
						6.25,
						2,
						6.75,
						2.375
					],
					"texture": "#0"
				},
				"west": {
					"uv": [
						6.25,
						2.5,
						6.75,
						2.875
					],
					"texture": "#0"
				},
				"up": {
					"uv": [
						6,
						6,
						5.5,
						5.5
					],
					"texture": "#0"
				},
				"down": {
					"uv": [
						6.25,
						0.5,
						5.75,
						1
					],
					"texture": "#0"
				}
			}
		},
		{
			"from": [
				7.65286,
				6.56949,
				15.12937
			],
			"to": [
				7.86982,
				6.78645,
				16.0406
			],
			"rotation": {
				"angle": 0,
				"axis": "y",
				"origin": [
					8,
					1.88315,
					3.63049
				]
			},
			"faces": {
				"north": {
					"uv": [
						8.25,
						5.5,
						8.375,
						5.625
					],
					"texture": "#0"
				},
				"east": {
					"uv": [
						7.25,
						8,
						7.5,
						8.125
					],
					"texture": "#0"
				},
				"south": {
					"uv": [
						5.75,
						8.25,
						5.875,
						8.375
					],
					"texture": "#0"
				},
				"west": {
					"uv": [
						7.5,
						8,
						7.75,
						8.125
					],
					"texture": "#0"
				},
				"up": {
					"uv": [
						7.875,
						8.25,
						7.75,
						8
					],
					"texture": "#0"
				},
				"down": {
					"uv": [
						8.125,
						7.75,
						8,
						8
					],
					"texture": "#0"
				}
			}
		},
		{
			"from": [
				8.13018,
				6.56949,
				15.12937
			],
			"to": [
				8.34714,
				6.78645,
				16.0406
			],
			"rotation": {
				"angle": 0,
				"axis": "y",
				"origin": [
					8,
					1.88315,
					3.63049
				]
			},
			"faces": {
				"north": {
					"uv": [
						8.25,
						5.75,
						8.375,
						5.875
					],
					"texture": "#0"
				},
				"east": {
					"uv": [
						8,
						8,
						8.25,
						8.125
					],
					"texture": "#0"
				},
				"south": {
					"uv": [
						6,
						8.25,
						6.125,
						8.375
					],
					"texture": "#0"
				},
				"west": {
					"uv": [
						0,
						8.25,
						0.25,
						8.375
					],
					"texture": "#0"
				},
				"up": {
					"uv": [
						8.375,
						0.25,
						8.25,
						0
					],
					"texture": "#0"
				},
				"down": {
					"uv": [
						0.375,
						8.25,
						0.25,
						8.5
					],
					"texture": "#0"
				}
			}
		},
		{
			"from": [
				6.82842,
				5.05077,
				15.78025
			],
			"to": [
				7.57269,
				6.26574,
				17.03862
			],
			"rotation": {
				"angle": 0,
				"axis": "y",
				"origin": [
					8,
					1.88315,
					3.63049
				]
			},
			"faces": {
				"north": {
					"uv": [
						5.25,
						8,
						5.375,
						8.25
					],
					"texture": "#0"
				},
				"east": {
					"uv": [
						7.25,
						2,
						7.625,
						2.25
					],
					"texture": "#0"
				},
				"south": {
					"uv": [
						8,
						5.25,
						8.125,
						5.5
					],
					"texture": "#0"
				},
				"west": {
					"uv": [
						7.25,
						2.25,
						7.625,
						2.5
					],
					"texture": "#0"
				},
				"up": {
					"uv": [
						3.875,
						8.125,
						3.75,
						7.75
					],
					"texture": "#0"
				},
				"down": {
					"uv": [
						7.875,
						3.75,
						7.75,
						4.125
					],
					"texture": "#0"
				}
			}
		},
		{
			"from": [
				8.42731,
				5.05077,
				15.78025
			],
			"to": [
				9.17158,
				6.26574,
				17.03862
			],
			"rotation": {
				"angle": 0,
				"axis": "y",
				"origin": [
					8,
					1.88315,
					3.63049
				]
			},
			"faces": {
				"north": {
					"uv": [
						5.5,
						8,
						5.625,
						8.25
					],
					"texture": "#0"
				},
				"east": {
					"uv": [
						7.25,
						2.5,
						7.625,
						2.75
					],
					"texture": "#0"
				},
				"south": {
					"uv": [
						8,
						5.5,
						8.125,
						5.75
					],
					"texture": "#0"
				},
				"west": {
					"uv": [
						2.75,
						7.25,
						3.125,
						7.5
					],
					"texture": "#0"
				},
				"up": {
					"uv": [
						4.125,
						8.125,
						4,
						7.75
					],
					"texture": "#0"
				},
				"down": {
					"uv": [
						4.375,
						7.75,
						4.25,
						8.125
					],
					"texture": "#0"
				}
			}
		},
		{
			"from": [
				7.80231,
				6.15077,
				16.50525
			],
			"to": [
				8.19658,
				6.66574,
				17.21362
			],
			"rotation": {
				"angle": 45,
				"axis": "x",
				"origin": [
					7.97445,
					5.65825,
					16.40944
				]
			},
			"faces": {
				"north": {
					"uv": [
						1.25,
						6,
						1.375,
						6.125
					],
					"texture": "#0"
				},
				"east": {
					"uv": [
						6,
						1.75,
						6.125,
						1.875
					],
					"texture": "#0"
				},
				"south": {
					"uv": [
						5.25,
						6.25,
						5.375,
						6.375
					],
					"texture": "#0"
				},
				"west": {
					"uv": [
						1.75,
						6.5,
						1.875,
						6.625
					],
					"texture": "#0"
				},
				"up": {
					"uv": [
						5.375,
						6.625,
						5.25,
						6.5
					],
					"texture": "#0"
				},
				"down": {
					"uv": [
						1.875,
						6.75,
						1.75,
						6.875
					],
					"texture": "#0"
				}
			}
		},
		{
			"from": [
				7.85231,
				5.22577,
				16.50525
			],
			"to": [
				8.14658,
				6.16574,
				17.16362
			],
			"rotation": {
				"angle": 45,
				"axis": "x",
				"origin": [
					7.97445,
					5.65825,
					16.40944
				]
			},
			"faces": {
				"north": {
					"uv": [
						5.25,
						6.75,
						5.375,
						6.875
					],
					"texture": "#0"
				},
				"east": {
					"uv": [
						1.75,
						7,
						1.875,
						7.125
					],
					"texture": "#0"
				},
				"south": {
					"uv": [
						7.25,
						2.75,
						7.375,
						2.875
					],
					"texture": "#0"
				},
				"west": {
					"uv": [
						7.25,
						3,
						7.375,
						3.125
					],
					"texture": "#0"
				},
				"up": {
					"uv": [
						3.375,
						7.375,
						3.25,
						7.25
					],
					"texture": "#0"
				},
				"down": {
					"uv": [
						3.375,
						7.5,
						3.25,
						7.625
					],
					"texture": "#0"
				}
			}
		},
		{
			"from": [
				7.77731,
				6.65077,
				16.43025
			],
			"to": [
				8.22158,
				6.84074,
				17.73862
			],
			"rotation": {
				"angle": 45,
				"axis": "x",
				"origin": [
					7.97445,
					5.65825,
					16.40944
				]
			},
			"faces": {
				"north": {
					"uv": [
						5.75,
						1.75,
						5.875,
						1.875
					],
					"texture": "#0"
				},
				"east": {
					"uv": [
						1,
						5.75,
						1.375,
						5.875
					],
					"texture": "#0"
				},
				"south": {
					"uv": [
						1,
						6,
						1.125,
						6.125
					],
					"texture": "#0"
				},
				"west": {
					"uv": [
						5.75,
						1.5,
						6.125,
						1.625
					],
					"texture": "#0"
				},
				"up": {
					"uv": [
						1.625,
						6.125,
						1.5,
						5.75
					],
					"texture": "#0"
				},
				"down": {
					"uv": [
						6.375,
						1.5,
						6.25,
						1.875
					],
					"texture": "#0"
				}
			}
		},
		{
			"from": [
				8.55088,
				5.55451,
				17.03862
			],
			"to": [
				9.09802,
				6.11861,
				17.21219
			],
			"rotation": {
				"angle": 0,
				"axis": "y",
				"origin": [
					8,
					1.88315,
					3.63049
				]
			},
			"faces": {
				"north": {
					"uv": [
						5.75,
						3.5,
						5.875,
						3.625
					],
					"texture": "#0"
				},
				"east": {
					"uv": [
						5.75,
						3.75,
						5.875,
						3.875
					],
					"texture": "#0"
				},
				"south": {
					"uv": [
						5.75,
						4,
						5.875,
						4.125
					],
					"texture": "#0"
				},
				"west": {
					"uv": [
						5.75,
						4.25,
						5.875,
						4.375
					],
					"texture": "#0"
				},
				"up": {
					"uv": [
						5.875,
						4.625,
						5.75,
						4.5
					],
					"texture": "#0"
				},
				"down": {
					"uv": [
						5.875,
						4.75,
						5.75,
						4.875
					],
					"texture": "#0"
				}
			}
		},
		{
			"from": [
				6.90198,
				5.55451,
				17.03862
			],
			"to": [
				7.44912,
				6.11861,
				17.21219
			],
			"rotation": {
				"angle": 0,
				"axis": "y",
				"origin": [
					8,
					1.88315,
					3.63049
				]
			},
			"faces": {
				"north": {
					"uv": [
						6,
						3.5,
						6.125,
						3.625
					],
					"texture": "#0"
				},
				"east": {
					"uv": [
						6,
						3.75,
						6.125,
						3.875
					],
					"texture": "#0"
				},
				"south": {
					"uv": [
						6,
						4,
						6.125,
						4.125
					],
					"texture": "#0"
				},
				"west": {
					"uv": [
						6,
						4.25,
						6.125,
						4.375
					],
					"texture": "#0"
				},
				"up": {
					"uv": [
						6.125,
						4.625,
						6,
						4.5
					],
					"texture": "#0"
				},
				"down": {
					"uv": [
						4.875,
						6,
						4.75,
						6.125
					],
					"texture": "#0"
				}
			}
		},
		{
			"from": [
				7.78304,
				3.00321,
				13.21809
			],
			"to": [
				8.21696,
				3.9619,
				13.73879
			],
			"rotation": {
				"angle": 0,
				"axis": "y",
				"origin": [
					8,
					3.87918,
					12.04854
				]
			},
			"faces": {
				"north": {
					"uv": [
						8,
						2.75,
						8.125,
						3
					],
					"texture": "#0"
				},
				"east": {
					"uv": [
						8,
						3,
						8.125,
						3.25
					],
					"texture": "#0"
				},
				"south": {
					"uv": [
						3.25,
						8,
						3.375,
						8.25
					],
					"texture": "#0"
				},
				"west": {
					"uv": [
						8,
						3.25,
						8.125,
						3.5
					],
					"texture": "#0"
				},
				"up": {
					"uv": [
						8.375,
						0.875,
						8.25,
						0.75
					],
					"texture": "#0"
				},
				"down": {
					"uv": [
						1.125,
						8.25,
						1,
						8.375
					],
					"texture": "#0"
				}
			}
		},
		{
			"from": [
				7.01934,
				3.91851,
				11.98676
			],
			"to": [
				8.98066,
				4.8772,
				14.26153
			],
			"rotation": {
				"angle": 0,
				"axis": "y",
				"origin": [
					8,
					6.74305,
					10.48643
				]
			},
			"faces": {
				"north": {
					"uv": [
						7,
						6,
						7.5,
						6.25
					],
					"texture": "#0"
				},
				"east": {
					"uv": [
						6.5,
						3,
						7.125,
						3.25
					],
					"texture": "#0"
				},
				"south": {
					"uv": [
						7,
						6.25,
						7.5,
						6.5
					],
					"texture": "#0"
				},
				"west": {
					"uv": [
						6.5,
						3.25,
						7.125,
						3.5
					],
					"texture": "#0"
				},
				"up": {
					"uv": [
						4.75,
						5.875,
						4.25,
						5.25
					],
					"texture": "#0"
				},
				"down": {
					"uv": [
						5.75,
						4.25,
						5.25,
						4.875
					],
					"texture": "#0"
				}
			}
		},
		{
			"from": [
				6.84577,
				4.22632,
				12.13532
			],
			"to": [
				9.15423,
				5.57147,
				16.50888
			],
			"rotation": {
				"angle": 0,
				"axis": "y",
				"origin": [
					8,
					6.74305,
					11.00713
				]
			},
			"faces": {
				"north": {
					"uv": [
						6,
						5,
						6.625,
						5.375
					],
					"texture": "#0"
				},
				"east": {
					"uv": [
						0,
						4.25,
						1.125,
						4.625
					],
					"texture": "#0"
				},
				"south": {
					"uv": [
						5.5,
						6,
						6.125,
						6.375
					],
					"texture": "#0"
				},
				"west": {
					"uv": [
						4.25,
						0,
						5.375,
						0.375
					],
					"texture": "#0"
				},
				"up": {
					"uv": [
						2.625,
						3.125,
						2,
						2
					],
					"texture": "#0"
				},
				"down": {
					"uv": [
						3.375,
						2,
						2.75,
						3.125
					],
					"texture": "#0"
				}
			}
		},
		{
			"from": [
				7.2363,
				4.47489,
				4.02102
			],
			"to": [
				8.71163,
				5.95021,
				5.71331
			],
			"rotation": {
				"angle": 0,
				"axis": "y",
				"origin": [
					8,
					6.39592,
					11.00713
				]
			},
			"faces": {
				"north": {
					"uv": [
						2,
						6.75,
						2.375,
						7.125
					],
					"texture": "#0"
				},
				"east": {
					"uv": [
						6.75,
						2,
						7.125,
						2.375
					],
					"texture": "#0"
				},
				"south": {
					"uv": [
						2.5,
						6.75,
						2.875,
						7.125
					],
					"texture": "#0"
				},
				"west": {
					"uv": [
						6.75,
						2.5,
						7.125,
						2.875
					],
					"texture": "#0"
				},
				"up": {
					"uv": [
						3.375,
						7.125,
						3,
						6.75
					],
					"texture": "#0"
				},
				"down": {
					"uv": [
						3.875,
						6.75,
						3.5,
						7.125
					],
					"texture": "#0"
				}
			}
		},
		{
			"from": [
				7.2363,
				4.47489,
				6.2774
			],
			"to": [
				8.71163,
				5.95021,
				7.10185
			],
			"rotation": {
				"angle": 0,
				"axis": "y",
				"origin": [
					8,
					6.39592,
					11.00713
				]
			},
			"faces": {
				"north": {
					"uv": [
						5.5,
						6.75,
						5.875,
						7.125
					],
					"texture": "#0"
				},
				"east": {
					"uv": [
						3.5,
						7.25,
						3.75,
						7.625
					],
					"texture": "#0"
				},
				"south": {
					"uv": [
						6,
						6.75,
						6.375,
						7.125
					],
					"texture": "#0"
				},
				"west": {
					"uv": [
						3.75,
						7.25,
						4,
						7.625
					],
					"texture": "#0"
				},
				"up": {
					"uv": [
						7.625,
						3.5,
						7.25,
						3.25
					],
					"texture": "#0"
				},
				"down": {
					"uv": [
						4.375,
						7.25,
						4,
						7.5
					],
					"texture": "#0"
				}
			}
		},
		{
			"from": [
				7.49665,
				3.69526,
				6.92828
			],
			"to": [
				8.45128,
				4.44989,
				7.10185
			],
			"rotation": {
				"angle": 0,
				"axis": "y",
				"origin": [
					8,
					6.39592,
					11.00713
				]
			},
			"faces": {
				"north": {
					"uv": [
						7.25,
						7.5,
						7.5,
						7.75
					],
					"texture": "#0"
				},
				"east": {
					"uv": [
						8.25,
						0.25,
						8.375,
						0.5
					],
					"texture": "#0"
				},
				"south": {
					"uv": [
						7.5,
						7.5,
						7.75,
						7.75
					],
					"texture": "#0"
				},
				"west": {
					"uv": [
						0.5,
						8.25,
						0.625,
						8.5
					],
					"texture": "#0"
				},
				"up": {
					"uv": [
						8.5,
						0.625,
						8.25,
						0.5
					],
					"texture": "#0"
				},
				"down": {
					"uv": [
						1,
						8.25,
						0.75,
						8.375
					],
					"texture": "#0"
				}
			}
		},
		{
			"from": [
				7.32308,
				4.56167,
				3.72971
			],
			"to": [
				8.62484,
				5.86343,
				6.2774
			],
			"rotation": {
				"angle": 0,
				"axis": "y",
				"origin": [
					8,
					6.39592,
					11.00713
				]
			},
			"faces": {
				"north": {
					"uv": [
						4,
						6.75,
						4.375,
						7.125
					],
					"texture": "#0"
				},
				"east": {
					"uv": [
						6,
						0,
						6.625,
						0.375
					],
					"texture": "#0"
				},
				"south": {
					"uv": [
						6.75,
						5,
						7.125,
						5.375
					],
					"texture": "#0"
				},
				"west": {
					"uv": [
						2.5,
						6,
						3.125,
						6.375
					],
					"texture": "#0"
				},
				"up": {
					"uv": [
						3.625,
						6.625,
						3.25,
						6
					],
					"texture": "#0"
				},
				"down": {
					"uv": [
						4.125,
						6,
						3.75,
						6.625
					],
					"texture": "#0"
				}
			}
		},
		{
			"from": [
				7.71361,
				3.95561,
				6.49436
			],
			"to": [
				8.23432,
				4.43293,
				7.10185
			],
			"rotation": {
				"angle": 0,
				"axis": "y",
				"origin": [
					8,
					6.39592,
					11.00713
				]
			},
			"faces": {
				"north": {
					"uv": [
						8.25,
						7,
						8.375,
						7.125
					],
					"texture": "#0"
				},
				"east": {
					"uv": [
						7.25,
						8.25,
						7.375,
						8.375
					],
					"texture": "#0"
				},
				"south": {
					"uv": [
						8.25,
						7.25,
						8.375,
						7.375
					],
					"texture": "#0"
				},
				"west": {
					"uv": [
						7.5,
						8.25,
						7.625,
						8.375
					],
					"texture": "#0"
				},
				"up": {
					"uv": [
						8.375,
						7.625,
						8.25,
						7.5
					],
					"texture": "#0"
				},
				"down": {
					"uv": [
						7.875,
						8.25,
						7.75,
						8.375
					],
					"texture": "#0"
				}
			}
		},
		{
			"from": [
				7.71361,
				3.95561,
				5.49635
			],
			"to": [
				8.23432,
				4.43293,
				5.80009
			],
			"rotation": {
				"angle": 0,
				"axis": "y",
				"origin": [
					8,
					6.39592,
					11.00713
				]
			},
			"faces": {
				"north": {
					"uv": [
						0.25,
						8.5,
						0.375,
						8.625
					],
					"texture": "#0"
				},
				"east": {
					"uv": [
						8.5,
						0.25,
						8.625,
						0.375
					],
					"texture": "#0"
				},
				"south": {
					"uv": [
						0.5,
						8.5,
						0.625,
						8.625
					],
					"texture": "#0"
				},
				"west": {
					"uv": [
						8.5,
						0.5,
						8.625,
						0.625
					],
					"texture": "#0"
				},
				"up": {
					"uv": [
						0.875,
						8.625,
						0.75,
						8.5
					],
					"texture": "#0"
				},
				"down": {
					"uv": [
						8.625,
						0.75,
						8.5,
						0.875
					],
					"texture": "#0"
				}
			}
		},
		{
			"from": [
				7.8004,
				3.99901,
				5.7567
			],
			"to": [
				8.14753,
				4.38953,
				6.49436
			],
			"rotation": {
				"angle": 0,
				"axis": "y",
				"origin": [
					8,
					6.39592,
					11.00713
				]
			},
			"faces": {
				"north": {
					"uv": [
						8.25,
						7.75,
						8.375,
						7.875
					],
					"texture": "#0"
				},
				"east": {
					"uv": [
						8,
						8.25,
						8.125,
						8.375
					],
					"texture": "#0"
				},
				"south": {
					"uv": [
						8.25,
						8,
						8.375,
						8.125
					],
					"texture": "#0"
				},
				"west": {
					"uv": [
						8.25,
						8.25,
						8.375,
						8.375
					],
					"texture": "#0"
				},
				"up": {
					"uv": [
						0.125,
						8.625,
						0,
						8.5
					],
					"texture": "#0"
				},
				"down": {
					"uv": [
						8.625,
						0,
						8.5,
						0.125
					],
					"texture": "#0"
				}
			}
		},
		{
			"from": [
				7.49665,
				5.99361,
				4.1078
			],
			"to": [
				8.45128,
				6.68788,
				5.88688
			],
			"rotation": {
				"angle": 0,
				"axis": "y",
				"origin": [
					8,
					6.39592,
					10.48643
				]
			},
			"faces": {
				"north": {
					"uv": [
						7,
						8,
						7.25,
						8.125
					],
					"texture": "#0"
				},
				"east": {
					"uv": [
						7.5,
						6.5,
						8,
						6.625
					],
					"texture": "#0"
				},
				"south": {
					"uv": [
						8,
						7,
						8.25,
						7.125
					],
					"texture": "#0"
				},
				"west": {
					"uv": [
						6.75,
						7.5,
						7.25,
						7.625
					],
					"texture": "#0"
				},
				"up": {
					"uv": [
						0.75,
						7.5,
						0.5,
						7
					],
					"texture": "#0"
				},
				"down": {
					"uv": [
						5.5,
						7,
						5.25,
						7.5
					],
					"texture": "#0"
				}
			}
		},
		{
			"from": [
				7.62683,
				5.70165,
				5.01904
			],
			"to": [
				8.3211,
				6.13557,
				5.40956
			],
			"rotation": {
				"angle": 0,
				"axis": "y",
				"origin": [
					8,
					6.39592,
					10.48643
				]
			},
			"faces": {
				"north": {
					"uv": [
						8.25,
						3.75,
						8.375,
						3.875
					],
					"texture": "#0"
				},
				"east": {
					"uv": [
						4,
						8.25,
						4.125,
						8.375
					],
					"texture": "#0"
				},
				"south": {
					"uv": [
						8.25,
						4,
						8.375,
						4.125
					],
					"texture": "#0"
				},
				"west": {
					"uv": [
						4.25,
						8.25,
						4.375,
						8.375
					],
					"texture": "#0"
				},
				"up": {
					"uv": [
						8.375,
						4.375,
						8.25,
						4.25
					],
					"texture": "#0"
				},
				"down": {
					"uv": [
						4.625,
						8.25,
						4.5,
						8.375
					],
					"texture": "#0"
				}
			}
		},
		{
			"from": [
				7.62683,
				5.70165,
				4.23798
			],
			"to": [
				8.3211,
				6.04878,
				4.62851
			],
			"rotation": {
				"angle": 0,
				"axis": "y",
				"origin": [
					8,
					6.39592,
					10.48643
				]
			},
			"faces": {
				"north": {
					"uv": [
						8.25,
						6,
						8.375,
						6.125
					],
					"texture": "#0"
				},
				"east": {
					"uv": [
						6.25,
						8.25,
						6.375,
						8.375
					],
					"texture": "#0"
				},
				"south": {
					"uv": [
						8.25,
						6.25,
						8.375,
						6.375
					],
					"texture": "#0"
				},
				"west": {
					"uv": [
						6.5,
						8.25,
						6.625,
						8.375
					],
					"texture": "#0"
				},
				"up": {
					"uv": [
						8.375,
						6.625,
						8.25,
						6.5
					],
					"texture": "#0"
				},
				"down": {
					"uv": [
						6.875,
						8.25,
						6.75,
						8.375
					],
					"texture": "#0"
				}
			}
		},
		{
			"from": [
				7.93057,
				6.40253,
				4.28137
			],
			"to": [
				8.01736,
				6.96662,
				4.84547
			],
			"rotation": {
				"angle": 0,
				"axis": "y",
				"origin": [
					8,
					6.39592,
					10.48643
				]
			},
			"faces": {
				"north": {
					"uv": [
						8.25,
						4.5,
						8.375,
						4.625
					],
					"texture": "#0"
				},
				"east": {
					"uv": [
						4.75,
						8.25,
						4.875,
						8.375
					],
					"texture": "#0"
				},
				"south": {
					"uv": [
						8.25,
						4.75,
						8.375,
						4.875
					],
					"texture": "#0"
				},
				"west": {
					"uv": [
						5,
						8.25,
						5.125,
						8.375
					],
					"texture": "#0"
				},
				"up": {
					"uv": [
						8.375,
						5.125,
						8.25,
						5
					],
					"texture": "#0"
				},
				"down": {
					"uv": [
						5.375,
						8.25,
						5.25,
						8.375
					],
					"texture": "#0"
				}
			}
		},
		{
			"from": [
				7.71361,
				6.40253,
				4.19459
			],
			"to": [
				8.23432,
				6.74966,
				5.45296
			],
			"rotation": {
				"angle": 0,
				"axis": "y",
				"origin": [
					8,
					6.39592,
					10.48643
				]
			},
			"faces": {
				"north": {
					"uv": [
						8.25,
						5.25,
						8.375,
						5.375
					],
					"texture": "#0"
				},
				"east": {
					"uv": [
						7.75,
						7.25,
						8.125,
						7.375
					],
					"texture": "#0"
				},
				"south": {
					"uv": [
						5.5,
						8.25,
						5.625,
						8.375
					],
					"texture": "#0"
				},
				"west": {
					"uv": [
						7.5,
						7.75,
						7.875,
						7.875
					],
					"texture": "#0"
				},
				"up": {
					"uv": [
						8.125,
						0.375,
						8,
						0
					],
					"texture": "#0"
				},
				"down": {
					"uv": [
						8.125,
						0.5,
						8,
						0.875
					],
					"texture": "#0"
				}
			}
		},
		{
			"from": [
				7.45326,
				5.962,
				5.66992
			],
			"to": [
				8.49467,
				6.56949,
				11.91836
			],
			"rotation": {
				"angle": 0,
				"axis": "y",
				"origin": [
					8,
					6.39592,
					10.48643
				]
			},
			"faces": {
				"north": {
					"uv": [
						6.75,
						8,
						7,
						8.125
					],
					"texture": "#0"
				},
				"east": {
					"uv": [
						6.25,
						4.5,
						7.75,
						4.625
					],
					"texture": "#0"
				},
				"south": {
					"uv": [
						8,
						6.75,
						8.25,
						6.875
					],
					"texture": "#0"
				},
				"west": {
					"uv": [
						6.25,
						4.75,
						7.75,
						4.875
					],
					"texture": "#0"
				},
				"up": {
					"uv": [
						4.5,
						3.75,
						4.25,
						2.25
					],
					"texture": "#0"
				},
				"down": {
					"uv": [
						2.75,
						4.25,
						2.5,
						5.75
					],
					"texture": "#0"
				}
			}
		},
		{
			"from": [
				6.21628,
				3.43348,
				8.31474
			],
			"to": [
				9.70604,
				4.92303,
				11.67731
			],
			"rotation": {
				"angle": 0,
				"axis": "y",
				"origin": [
					7.92667,
					4.28566,
					11.18116
				]
			},
			"faces": {
				"north": {
					"uv": [
						2.75,
						4.25,
						3.625,
						4.625
					],
					"texture": "#0"
				},
				"east": {
					"uv": [
						4.25,
						3.75,
						5.125,
						4.125
					],
					"texture": "#0"
				},
				"south": {
					"uv": [
						4.25,
						4.25,
						5.125,
						4.625
					],
					"texture": "#0"
				},
				"west": {
					"uv": [
						4.5,
						1,
						5.375,
						1.375
					],
					"texture": "#0"
				},
				"up": {
					"uv": [
						0.875,
						0.875,
						0,
						0
					],
					"texture": "#0"
				},
				"down": {
					"uv": [
						0.875,
						1,
						0,
						1.875
					],
					"texture": "#0"
				}
			}
		},
		{
			"from": [
				6.26009,
				3.56748,
				8.32505
			],
			"to": [
				9.78003,
				4.91588,
				11.6662
			],
			"rotation": {
				"angle": -45,
				"axis": "z",
				"origin": [
					7.92667,
					4.28566,
					11.18116
				]
			},
			"faces": {
				"north": {
					"uv": [
						4.5,
						1.5,
						5.375,
						1.875
					],
					"texture": "#0"
				},
				"east": {
					"uv": [
						4.5,
						2,
						5.375,
						2.375
					],
					"texture": "#0"
				},
				"south": {
					"uv": [
						4.5,
						2.5,
						5.375,
						2.875
					],
					"texture": "#0"
				},
				"west": {
					"uv": [
						4.5,
						3,
						5.375,
						3.375
					],
					"texture": "#0"
				},
				"up": {
					"uv": [
						1.875,
						0.875,
						1,
						0
					],
					"texture": "#0"
				},
				"down": {
					"uv": [
						1.875,
						1,
						1,
						1.875
					],
					"texture": "#0"
				}
			}
		},
		{
			"from": [
				6.13196,
				3.47836,
				8.31989
			],
			"to": [
				9.6407,
				4.88614,
				11.66104
			],
			"rotation": {
				"angle": 45,
				"axis": "z",
				"origin": [
					7.92667,
					4.28566,
					11.18116
				]
			},
			"faces": {
				"north": {
					"uv": [
						0,
						4.75,
						0.875,
						5.125
					],
					"texture": "#0"
				},
				"east": {
					"uv": [
						1,
						4.75,
						1.875,
						5.125
					],
					"texture": "#0"
				},
				"south": {
					"uv": [
						2.75,
						4.75,
						3.625,
						5.125
					],
					"texture": "#0"
				},
				"west": {
					"uv": [
						3.75,
						4.75,
						4.625,
						5.125
					],
					"texture": "#0"
				},
				"up": {
					"uv": [
						0.875,
						2.875,
						0,
						2
					],
					"texture": "#0"
				},
				"down": {
					"uv": [
						2.875,
						0,
						2,
						0.875
					],
					"texture": "#0"
				}
			}
		},
		{
			"from": [
				7.49509,
				3.82146,
				7.90272
			],
			"to": [
				8.43893,
				4.5473,
				12.18952
			],
			"rotation": {
				"angle": 0,
				"axis": "y",
				"origin": [
					7.92667,
					4.28566,
					11.15616
				]
			},
			"faces": {
				"north": {
					"uv": [
						5.75,
						8,
						6,
						8.125
					],
					"texture": "#0"
				},
				"east": {
					"uv": [
						6.75,
						1,
						7.875,
						1.125
					],
					"texture": "#0"
				},
				"south": {
					"uv": [
						8,
						6,
						8.25,
						6.125
					],
					"texture": "#0"
				},
				"west": {
					"uv": [
						6.75,
						1.25,
						7.875,
						1.375
					],
					"texture": "#0"
				},
				"up": {
					"uv": [
						5.75,
						2.125,
						5.5,
						1
					],
					"texture": "#0"
				},
				"down": {
					"uv": [
						5.75,
						2.25,
						5.5,
						3.375
					],
					"texture": "#0"
				}
			}
		},
		{
			"from": [
				7.18961,
				2.4468,
				8.30957
			],
			"to": [
				8.74441,
				5.92196,
				11.67993
			],
			"rotation": {
				"angle": 0,
				"axis": "y",
				"origin": [
					7.92667,
					4.28566,
					11.18116
				]
			},
			"faces": {
				"north": {
					"uv": [
						4.75,
						4.75,
						5.125,
						5.625
					],
					"texture": "#0"
				},
				"east": {
					"uv": [
						1,
						2,
						1.875,
						2.875
					],
					"texture": "#0"
				},
				"south": {
					"uv": [
						2,
						5,
						2.375,
						5.875
					],
					"texture": "#0"
				},
				"west": {
					"uv": [
						2,
						1,
						2.875,
						1.875
					],
					"texture": "#0"
				},
				"up": {
					"uv": [
						0.375,
						6.125,
						0,
						5.25
					],
					"texture": "#0"
				},
				"down": {
					"uv": [
						0.875,
						5.25,
						0.5,
						6.125
					],
					"texture": "#0"
				}
			}
		}
	],
	"display": {
		"thirdperson_righthand": {
			"translation": [
				0,
				4,
				-5.5
			]
		},
		"thirdperson_lefthand": {
			"translation": [
				0,
				4,
				-5.5
			],
			"scale": [
				-1,
				1,
				1
			]
		},
		"firstperson_righthand": {
			"translation": [
				-4.5,
				7.75,
				-1.5
			],
			"scale": [
				0.84,
				0.84,
				0.84
			]
		},
		"firstperson_lefthand": {
			"translation": [
				-4.5,
				7.75,
				-1.5
			],
			"scale": [
				-0.84,
				0.84,
				0.84
			]
		},
		"ground": {
			"translation": [
				0,
				6.75,
				-3.5
			]
		},
		"gui": {
			"rotation": [
				-165.76,
				-36,
				-175.36
			],
			"translation": [
				3,
				4,
				-1
			],
			"scale": [
				1.09,
				1.09,
				1.09
			]
		},
		"fixed": {
			"rotation": [
				0,
				89.25,
				0
			],
			"translation": [
				-5.75,
				7.25,
				-1
			],
			"scale": [
				1.51,
				1.51,
				1.51
			]
		}
	}
}