{
	"credit": "Made with Blockbench",
	"texture_size": [
		32,
		32
	],
	"textures": {
		"1": "scguns_laf:item/new_jury_rigged_texture",
		"particle": "scguns_laf:item/new_jury_rigged_texture"
	},
	"elements": [
		{
			"from": [
				7,
				2.5,
				4.75
			],
			"to": [
				9,
				4.5,
				9.25
			],
			"rotation": {
				"angle": 0,
				"axis": "y",
				"origin": [
					0,
					-0.05,
					-0.5
				]
			},
			"faces": {
				"east": {
					"uv": [
						6.5,
						3,
						8.75,
						4
					],
					"texture": "#1"
				},
				"west": {
					"uv": [
						6.5,
						4,
						8.75,
						5
					],
					"texture": "#1"
				},
				"up": {
					"uv": [
						4,
						8.75,
						3,
						6.5
					],
					"texture": "#1"
				},
				"down": {
					"uv": [
						5,
						6.5,
						4,
						8.75
					],
					"texture": "#1"
				}
			}
		},
		{
			"from": [
				7,
				1.45,
				7.75
			],
			"to": [
				9,
				2.7,
				13
			],
			"rotation": {
				"angle": 0,
				"axis": "y",
				"origin": [
					0,
					-0.3,
					4.5
				]
			},
			"faces": {
				"north": {
					"uv": [
						11.5,
						3,
						12.5,
						3.75
					],
					"texture": "#1"
				},
				"east": {
					"uv": [
						6.5,
						5,
						9.25,
						5.75
					],
					"texture": "#1"
				},
				"south": {
					"uv": [
						4.5,
						11.5,
						5.5,
						12.25
					],
					"texture": "#1"
				},
				"west": {
					"uv": [
						6.5,
						6,
						9.25,
						6.75
					],
					"texture": "#1"
				},
				"up": {
					"uv": [
						4,
						6.25,
						3,
						3.5
					],
					"texture": "#1"
				},
				"down": {
					"uv": [
						5,
						0,
						4,
						2.75
					],
					"texture": "#1"
				}
			}
		},
		{
			"from": [
				6.75,
				2.7,
				10.25
			],
			"to": [
				9.25,
				4.95,
				13.25
			],
			"rotation": {
				"angle": 0,
				"axis": "y",
				"origin": [
					0,
					-0.05,
					-0.5
				]
			},
			"faces": {
				"north": {
					"uv": [
						9.5,
						5,
						10.75,
						6.25
					],
					"texture": "#1"
				},
				"east": {
					"uv": [
						8.5,
						8,
						10,
						9.25
					],
					"texture": "#1"
				},
				"south": {
					"uv": [
						9.5,
						6.5,
						10.75,
						7.75
					],
					"texture": "#1",
					"cullface": "south"
				},
				"west": {
					"uv": [
						9,
						2,
						10.5,
						3.25
					],
					"texture": "#1"
				},
				"up": {
					"uv": [
						4.25,
						10.5,
						3,
						9
					],
					"texture": "#1"
				},
				"down": {
					"uv": [
						10.25,
						3.5,
						9,
						5
					],
					"texture": "#1"
				}
			}
		},
		{
			"from": [
				7.25,
				-4.2,
				5
			],
			"to": [
				8.75,
				2.8,
				8.25
			],
			"rotation": {
				"angle": 0,
				"axis": "y",
				"origin": [
					8,
					1.70625,
					6.25
				]
			},
			"faces": {
				"north": {
					"uv": [
						4,
						3,
						4.75,
						6.5
					],
					"texture": "#1"
				},
				"east": {
					"uv": [
						0,
						0,
						1.75,
						3.5
					],
					"texture": "#1"
				},
				"south": {
					"uv": [
						5,
						0,
						5.75,
						3.5
					],
					"texture": "#1",
					"cullface": "down"
				},
				"west": {
					"uv": [
						2,
						0,
						3.75,
						3.5
					],
					"texture": "#1"
				},
				"down": {
					"uv": [
						0.75,
						9.5,
						0,
						11.25
					],
					"texture": "#1",
					"cullface": "down"
				}
			}
		},
		{
			"from": [
				7.5,
				0.1,
				10.25
			],
			"to": [
				8.5,
				0.85,
				12.5
			],
			"rotation": {
				"angle": 0,
				"axis": "y",
				"origin": [
					8,
					1.70625,
					6.25
				]
			},
			"faces": {
				"north": {
					"uv": [
						6,
						3,
						6.5,
						3.5
					],
					"texture": "#1"
				},
				"east": {
					"uv": [
						11.5,
						6.5,
						12.75,
						7
					],
					"texture": "#1"
				},
				"south": {
					"uv": [
						4.5,
						9,
						5,
						9.5
					],
					"texture": "#1",
					"cullface": "down"
				},
				"west": {
					"uv": [
						11.5,
						7,
						12.75,
						7.5
					],
					"texture": "#1"
				},
				"up": {
					"uv": [
						6.5,
						8.75,
						6,
						7.5
					],
					"texture": "#1"
				},
				"down": {
					"uv": [
						3.5,
						11.5,
						3,
						12.75
					],
					"texture": "#1",
					"cullface": "down"
				}
			}
		},
		{
			"from": [
				7.5,
				0.85,
				10.25
			],
			"to": [
				8.5,
				1.6,
				10.5
			],
			"rotation": {
				"angle": 0,
				"axis": "y",
				"origin": [
					8,
					1.70625,
					6.25
				]
			},
			"faces": {
				"north": {
					"uv": [
						10,
						1.5,
						10.5,
						2
					],
					"texture": "#1"
				},
				"east": {
					"uv": [
						5,
						13,
						5.25,
						13.5
					],
					"texture": "#1"
				},
				"south": {
					"uv": [
						6,
						10.5,
						6.5,
						11
					],
					"texture": "#1",
					"cullface": "down"
				},
				"west": {
					"uv": [
						13,
						5.5,
						13.25,
						6
					],
					"texture": "#1"
				},
				"up": {
					"uv": [
						6.5,
						13.25,
						6,
						13
					],
					"texture": "#1"
				},
				"down": {
					"uv": [
						13.5,
						6,
						13,
						6.25
					],
					"texture": "#1",
					"cullface": "down"
				}
			}
		},
		{
			"from": [
				7.5,
				0.1,
				7.75
			],
			"to": [
				8.5,
				0.85,
				8.5
			],
			"rotation": {
				"angle": 0,
				"axis": "y",
				"origin": [
					8,
					1.70625,
					6.25
				]
			},
			"faces": {
				"north": {
					"uv": [
						9,
						12.5,
						9.5,
						13
					],
					"texture": "#1"
				},
				"east": {
					"uv": [
						12.5,
						9,
						13,
						9.5
					],
					"texture": "#1"
				},
				"south": {
					"uv": [
						12.5,
						9.5,
						13,
						10
					],
					"texture": "#1",
					"cullface": "down"
				},
				"west": {
					"uv": [
						12.5,
						10,
						13,
						10.5
					],
					"texture": "#1"
				},
				"up": {
					"uv": [
						13,
						11,
						12.5,
						10.5
					],
					"texture": "#1"
				},
				"down": {
					"uv": [
						11.5,
						12.5,
						11,
						13
					],
					"texture": "#1",
					"cullface": "down"
				}
			}
		},
		{
			"from": [
				7.75,
				0.35,
				8.5
			],
			"to": [
				8.25,
				0.85,
				12.25
			],
			"rotation": {
				"angle": 0,
				"axis": "y",
				"origin": [
					8,
					1.70625,
					6.25
				]
			},
			"faces": {
				"north": {
					"uv": [
						13.5,
						4,
						13.75,
						4.25
					],
					"texture": "#1"
				},
				"east": {
					"uv": [
						11.5,
						7.5,
						13.5,
						7.75
					],
					"texture": "#1"
				},
				"south": {
					"uv": [
						4.5,
						13.5,
						4.75,
						13.75
					],
					"texture": "#1",
					"cullface": "down"
				},
				"west": {
					"uv": [
						11.5,
						8,
						13.5,
						8.25
					],
					"texture": "#1"
				},
				"up": {
					"uv": [
						11.75,
						10.5,
						11.5,
						8.5
					],
					"texture": "#1"
				},
				"down": {
					"uv": [
						11.75,
						10.5,
						11.5,
						12.5
					],
					"texture": "#1",
					"cullface": "down"
				}
			}
		},
		{
			"from": [
				7,
				1.05,
				4.75
			],
			"to": [
				9,
				1.3,
				8.5
			],
			"rotation": {
				"angle": 0,
				"axis": "y",
				"origin": [
					8,
					1.70625,
					6.25
				]
			},
			"faces": {
				"north": {
					"uv": [
						11.5,
						12.5,
						12.5,
						12.75
					],
					"texture": "#1"
				},
				"east": {
					"uv": [
						12,
						1.5,
						14,
						1.75
					],
					"texture": "#1"
				},
				"south": {
					"uv": [
						12.5,
						12.5,
						13.5,
						12.75
					],
					"texture": "#1",
					"cullface": "down"
				},
				"west": {
					"uv": [
						12,
						2,
						14,
						2.25
					],
					"texture": "#1"
				},
				"up": {
					"uv": [
						7.5,
						9,
						6.5,
						7
					],
					"texture": "#1"
				},
				"down": {
					"uv": [
						1,
						7.5,
						0,
						9.5
					],
					"texture": "#1"
				}
			}
		},
		{
			"from": [
				7.75,
				1.31903,
				7.64567
			],
			"to": [
				8.25,
				1.81903,
				8.14567
			],
			"rotation": {
				"angle": 0,
				"axis": "y",
				"origin": [
					8,
					2.93452,
					9.74784
				]
			},
			"faces": {
				"north": {
					"uv": [
						13.5,
						4.5,
						13.75,
						4.75
					],
					"texture": "#1"
				},
				"east": {
					"uv": [
						5,
						13.5,
						5.25,
						13.75
					],
					"texture": "#1"
				},
				"west": {
					"uv": [
						13.5,
						5.5,
						13.75,
						5.75
					],
					"texture": "#1"
				},
				"up": {
					"uv": [
						6.25,
						13.75,
						6,
						13.5
					],
					"texture": "#1"
				},
				"down": {
					"uv": [
						13.75,
						6,
						13.5,
						6.25
					],
					"texture": "#1"
				}
			}
		},
		{
			"from": [
				6.5,
				1.3,
				4.75
			],
			"to": [
				9.5,
				3.8,
				8.5
			],
			"rotation": {
				"angle": 0,
				"axis": "y",
				"origin": [
					8,
					1.70625,
					6.25
				]
			},
			"faces": {
				"north": {
					"uv": [
						6,
						9,
						7.5,
						10.25
					],
					"texture": "#1"
				},
				"east": {
					"uv": [
						6,
						0,
						8,
						1.25
					],
					"texture": "#1"
				},
				"south": {
					"uv": [
						4.5,
						9.5,
						6,
						10.75
					],
					"texture": "#1"
				},
				"west": {
					"uv": [
						6,
						1.5,
						8,
						2.75
					],
					"texture": "#1"
				},
				"up": {
					"uv": [
						1.5,
						5.5,
						0,
						3.5
					],
					"texture": "#1"
				},
				"down": {
					"uv": [
						3,
						3.5,
						1.5,
						5.5
					],
					"texture": "#1"
				}
			}
		},
		{
			"from": [
				6.5,
				1.55,
				4
			],
			"to": [
				9.5,
				4.8,
				4.75
			],
			"rotation": {
				"angle": 0,
				"axis": "y",
				"origin": [
					8,
					1.70625,
					6.25
				]
			},
			"faces": {
				"north": {
					"uv": [
						5,
						3.5,
						6.5,
						5.25
					],
					"texture": "#1"
				},
				"east": {
					"uv": [
						9.5,
						11,
						10,
						12.75
					],
					"texture": "#1"
				},
				"south": {
					"uv": [
						0,
						5.5,
						1.5,
						7.25
					],
					"texture": "#1"
				},
				"west": {
					"uv": [
						11,
						9.5,
						11.5,
						11.25
					],
					"texture": "#1"
				},
				"up": {
					"uv": [
						13,
						6,
						11.5,
						5.5
					],
					"texture": "#1"
				},
				"down": {
					"uv": [
						13,
						6,
						11.5,
						6.5
					],
					"texture": "#1"
				}
			}
		},
		{
			"from": [
				7.25,
				-1.175,
				11.625
			],
			"to": [
				8.75,
				2.075,
				12.875
			],
			"rotation": {
				"angle": -22.5,
				"axis": "x",
				"origin": [
					8,
					1.2,
					13.125
				]
			},
			"faces": {
				"north": {
					"uv": [
						7.5,
						10,
						8.25,
						11.75
					],
					"texture": "#1"
				},
				"east": {
					"uv": [
						10,
						8,
						10.75,
						9.75
					],
					"texture": "#1"
				},
				"south": {
					"uv": [
						10,
						10,
						10.75,
						11.75
					],
					"texture": "#1",
					"cullface": "south"
				},
				"west": {
					"uv": [
						1,
						10.5,
						1.75,
						12.25
					],
					"texture": "#1"
				},
				"down": {
					"uv": [
						6.25,
						11.5,
						5.5,
						12.25
					],
					"texture": "#1",
					"cullface": "down"
				}
			}
		},
		{
			"from": [
				7.75,
				0.95,
				11
			],
			"to": [
				8.25,
				1.45,
				11.5
			],
			"rotation": {
				"angle": 0,
				"axis": "y",
				"origin": [
					0,
					-2.8,
					6.5
				]
			},
			"faces": {
				"north": {
					"uv": [
						6.5,
						13.5,
						6.75,
						13.75
					],
					"texture": "#1"
				},
				"east": {
					"uv": [
						13.5,
						6.5,
						13.75,
						6.75
					],
					"texture": "#1"
				},
				"west": {
					"uv": [
						7,
						13.5,
						7.25,
						13.75
					],
					"texture": "#1"
				},
				"down": {
					"uv": [
						13.75,
						7,
						13.5,
						7.25
					],
					"texture": "#1"
				}
			}
		},
		{
			"from": [
				6,
				2.45,
				8.25
			],
			"to": [
				10,
				3.45,
				10.25
			],
			"rotation": {
				"angle": -22.5,
				"axis": "z",
				"origin": [
					8,
					2.95,
					9.25
				]
			},
			"faces": {
				"north": {
					"uv": [
						10.5,
						4,
						12.5,
						4.5
					],
					"texture": "#1"
				},
				"east": {
					"uv": [
						3.5,
						12,
						4.5,
						12.5
					],
					"texture": "#1"
				},
				"south": {
					"uv": [
						10.5,
						4.5,
						12.5,
						5
					],
					"texture": "#1"
				},
				"west": {
					"uv": [
						7.5,
						12,
						8.5,
						12.5
					],
					"texture": "#1"
				},
				"up": {
					"uv": [
						3,
						8.5,
						1,
						7.5
					],
					"texture": "#1"
				},
				"down": {
					"uv": [
						9.5,
						7,
						7.5,
						8
					],
					"texture": "#1"
				}
			}
		},
		{
			"from": [
				6,
				2.45,
				8.25
			],
			"to": [
				10,
				3.45,
				10.25
			],
			"rotation": {
				"angle": 22.5,
				"axis": "z",
				"origin": [
					8,
					2.95,
					9.25
				]
			},
			"faces": {
				"north": {
					"uv": [
						4.5,
						11,
						6.5,
						11.5
					],
					"texture": "#1"
				},
				"east": {
					"uv": [
						8.5,
						12,
						9.5,
						12.5
					],
					"texture": "#1"
				},
				"south": {
					"uv": [
						11,
						5,
						13,
						5.5
					],
					"texture": "#1"
				},
				"west": {
					"uv": [
						12,
						8.5,
						13,
						9
					],
					"texture": "#1"
				},
				"up": {
					"uv": [
						10,
						1,
						8,
						0
					],
					"texture": "#1"
				},
				"down": {
					"uv": [
						10,
						1,
						8,
						2
					],
					"texture": "#1"
				}
			}
		},
		{
			"from": [
				7.5,
				0.95,
				8.25
			],
			"to": [
				8.5,
				4.95,
				10.25
			],
			"rotation": {
				"angle": -22.5,
				"axis": "z",
				"origin": [
					8,
					2.95,
					9.25
				]
			},
			"faces": {
				"north": {
					"uv": [
						6.5,
						10.5,
						7,
						12.5
					],
					"texture": "#1"
				},
				"east": {
					"uv": [
						5,
						7.5,
						6,
						9.5
					],
					"texture": "#1"
				},
				"south": {
					"uv": [
						7,
						10.5,
						7.5,
						12.5
					],
					"texture": "#1"
				},
				"west": {
					"uv": [
						7.5,
						8,
						8.5,
						10
					],
					"texture": "#1"
				},
				"up": {
					"uv": [
						11.5,
						12.5,
						11,
						11.5
					],
					"texture": "#1"
				},
				"down": {
					"uv": [
						12.5,
						9,
						12,
						10
					],
					"texture": "#1"
				}
			}
		},
		{
			"from": [
				7.5,
				0.95,
				8.25
			],
			"to": [
				8.5,
				4.95,
				10.25
			],
			"rotation": {
				"angle": 22.5,
				"axis": "z",
				"origin": [
					8,
					2.95,
					9.25
				]
			},
			"faces": {
				"north": {
					"uv": [
						11,
						5.5,
						11.5,
						7.5
					],
					"texture": "#1"
				},
				"east": {
					"uv": [
						1,
						8.5,
						2,
						10.5
					],
					"texture": "#1"
				},
				"south": {
					"uv": [
						11,
						7.5,
						11.5,
						9.5
					],
					"texture": "#1"
				},
				"west": {
					"uv": [
						2,
						8.5,
						3,
						10.5
					],
					"texture": "#1"
				},
				"up": {
					"uv": [
						10.5,
						13,
						10,
						12
					],
					"texture": "#1"
				},
				"down": {
					"uv": [
						12.5,
						10,
						12,
						11
					],
					"texture": "#1"
				}
			}
		},
		{
			"from": [
				6.75,
				1.95,
				3.5
			],
			"to": [
				9.25,
				4.45,
				4
			],
			"faces": {
				"north": {
					"uv": [
						8.5,
						9.5,
						9.75,
						10.75
					],
					"texture": "#1"
				},
				"east": {
					"uv": [
						10.5,
						12,
						10.75,
						13.25
					],
					"texture": "#1"
				},
				"south": {
					"uv": [
						10,
						0,
						11.25,
						1.25
					],
					"texture": "#1"
				},
				"west": {
					"uv": [
						5.5,
						12.5,
						5.75,
						13.75
					],
					"texture": "#1"
				},
				"up": {
					"uv": [
						7.25,
						12.75,
						6,
						12.5
					],
					"texture": "#1"
				},
				"down": {
					"uv": [
						8.75,
						12.5,
						7.5,
						12.75
					],
					"texture": "#1"
				}
			}
		},
		{
			"from": [
				7,
				2.2,
				1.25
			],
			"to": [
				9,
				4.2,
				3.75
			],
			"faces": {
				"north": {
					"uv": [
						8,
						2,
						9,
						3
					],
					"texture": "#1"
				},
				"east": {
					"uv": [
						10.5,
						1.5,
						11.75,
						2.5
					],
					"texture": "#1"
				},
				"south": {
					"uv": [
						8.5,
						11,
						9.5,
						12
					],
					"texture": "#1"
				},
				"west": {
					"uv": [
						2,
						10.5,
						3.25,
						11.5
					],
					"texture": "#1"
				},
				"up": {
					"uv": [
						11.5,
						3.75,
						10.5,
						2.5
					],
					"texture": "#1"
				},
				"down": {
					"uv": [
						4.5,
						10.5,
						3.5,
						11.75
					],
					"texture": "#1"
				}
			}
		},
		{
			"from": [
				6.5,
				4.5,
				4.75
			],
			"to": [
				9.5,
				5,
				8.25
			],
			"faces": {
				"north": {
					"uv": [
						12,
						12,
						13.5,
						12.25
					],
					"texture": "#1"
				},
				"east": {
					"uv": [
						12,
						11,
						13.75,
						11.25
					],
					"texture": "#1"
				},
				"south": {
					"uv": [
						12.5,
						3,
						14,
						3.25
					],
					"texture": "#1"
				},
				"west": {
					"uv": [
						12,
						11.5,
						13.75,
						11.75
					],
					"texture": "#1"
				},
				"up": {
					"uv": [
						3,
						7.25,
						1.5,
						5.5
					],
					"texture": "#1"
				},
				"down": {
					"uv": [
						6.5,
						5.5,
						5,
						7.25
					],
					"texture": "#1"
				}
			}
		},
		{
			"from": [
				7,
				5.2,
				5.25
			],
			"to": [
				7.5,
				5.95,
				5.75
			],
			"faces": {
				"north": {
					"uv": [
						6.5,
						13,
						6.75,
						13.5
					],
					"texture": "#1"
				},
				"east": {
					"uv": [
						13,
						6.5,
						13.25,
						7
					],
					"texture": "#1"
				},
				"south": {
					"uv": [
						7,
						13,
						7.25,
						13.5
					],
					"texture": "#1"
				},
				"west": {
					"uv": [
						13,
						7,
						13.25,
						7.5
					],
					"texture": "#1"
				},
				"up": {
					"uv": [
						7.75,
						13.75,
						7.5,
						13.5
					],
					"texture": "#1"
				},
				"down": {
					"uv": [
						13.75,
						7.5,
						13.5,
						7.75
					],
					"texture": "#1"
				}
			}
		},
		{
			"from": [
				8.5,
				5.2,
				5.25
			],
			"to": [
				9,
				5.95,
				5.75
			],
			"faces": {
				"north": {
					"uv": [
						7.5,
						13,
						7.75,
						13.5
					],
					"texture": "#1"
				},
				"east": {
					"uv": [
						8,
						13,
						8.25,
						13.5
					],
					"texture": "#1"
				},
				"south": {
					"uv": [
						8.5,
						13,
						8.75,
						13.5
					],
					"texture": "#1"
				},
				"west": {
					"uv": [
						13,
						8.5,
						13.25,
						9
					],
					"texture": "#1"
				},
				"up": {
					"uv": [
						8.25,
						13.75,
						8,
						13.5
					],
					"texture": "#1"
				},
				"down": {
					"uv": [
						13.75,
						8,
						13.5,
						8.25
					],
					"texture": "#1"
				}
			}
		},
		{
			"from": [
				8.75,
				4.95,
				11.75
			],
			"to": [
				9.25,
				5.95,
				13.25
			],
			"faces": {
				"north": {
					"uv": [
						9,
						13,
						9.25,
						13.5
					],
					"texture": "#1"
				},
				"east": {
					"uv": [
						1,
						12.5,
						1.75,
						13
					],
					"texture": "#1"
				},
				"south": {
					"uv": [
						13,
						9,
						13.25,
						9.5
					],
					"texture": "#1"
				},
				"west": {
					"uv": [
						3.5,
						12.5,
						4.25,
						13
					],
					"texture": "#1"
				},
				"up": {
					"uv": [
						1.25,
						13.75,
						1,
						13
					],
					"texture": "#1"
				},
				"down": {
					"uv": [
						1.75,
						13,
						1.5,
						13.75
					],
					"texture": "#1"
				}
			}
		},
		{
			"from": [
				6.75,
				4.95,
				11.75
			],
			"to": [
				7.25,
				5.95,
				13.25
			],
			"faces": {
				"north": {
					"uv": [
						9.5,
						13,
						9.75,
						13.5
					],
					"texture": "#1"
				},
				"east": {
					"uv": [
						12.5,
						3.5,
						13.25,
						4
					],
					"texture": "#1"
				},
				"south": {
					"uv": [
						13,
						9.5,
						13.25,
						10
					],
					"texture": "#1"
				},
				"west": {
					"uv": [
						12.5,
						4,
						13.25,
						4.5
					],
					"texture": "#1"
				},
				"up": {
					"uv": [
						3.25,
						13.75,
						3,
						13
					],
					"texture": "#1"
				},
				"down": {
					"uv": [
						3.75,
						13,
						3.5,
						13.75
					],
					"texture": "#1"
				}
			}
		},
		{
			"from": [
				6.75,
				4.95,
				5
			],
			"to": [
				7.25,
				5.2,
				11.25
			],
			"faces": {
				"north": {
					"uv": [
						8.5,
						13.5,
						8.75,
						13.75
					],
					"texture": "#1"
				},
				"east": {
					"uv": [
						11.5,
						0,
						14.75,
						0.25
					],
					"texture": "#1"
				},
				"south": {
					"uv": [
						13.5,
						8.5,
						13.75,
						8.75
					],
					"texture": "#1"
				},
				"west": {
					"uv": [
						11.5,
						0.5,
						14.75,
						0.75
					],
					"texture": "#1"
				},
				"up": {
					"uv": [
						0.25,
						14.75,
						0,
						11.5
					],
					"texture": "#1"
				},
				"down": {
					"uv": [
						0.75,
						11.5,
						0.5,
						14.75
					],
					"texture": "#1"
				}
			}
		},
		{
			"from": [
				7.25,
				4.95,
				5
			],
			"to": [
				8.75,
				5.2,
				5.75
			],
			"faces": {
				"north": {
					"uv": [
						4,
						13,
						4.75,
						13.25
					],
					"texture": "#1"
				},
				"east": {
					"uv": [
						10,
						13,
						10.5,
						13.25
					],
					"texture": "#1"
				},
				"south": {
					"uv": [
						13,
						5,
						13.75,
						5.25
					],
					"texture": "#1"
				},
				"west": {
					"uv": [
						13,
						10,
						13.5,
						10.25
					],
					"texture": "#1"
				},
				"up": {
					"uv": [
						5.25,
						13,
						4.5,
						12.5
					],
					"texture": "#1"
				},
				"down": {
					"uv": [
						13.25,
						4.5,
						12.5,
						5
					],
					"texture": "#1"
				}
			}
		},
		{
			"from": [
				6.75,
				4.95,
				11.25
			],
			"to": [
				7.25,
				5.95,
				11.75
			],
			"faces": {
				"north": {
					"uv": [
						13,
						10.5,
						13.25,
						11
					],
					"texture": "#1"
				},
				"east": {
					"uv": [
						11,
						13,
						11.25,
						13.5
					],
					"texture": "#1"
				},
				"south": {
					"uv": [
						11.5,
						13,
						11.75,
						13.5
					],
					"texture": "#1"
				},
				"west": {
					"uv": [
						12,
						13,
						12.25,
						13.5
					],
					"texture": "#1"
				},
				"up": {
					"uv": [
						9.25,
						13.75,
						9,
						13.5
					],
					"texture": "#1"
				},
				"down": {
					"uv": [
						13.75,
						9,
						13.5,
						9.25
					],
					"texture": "#1"
				}
			}
		},
		{
			"from": [
				8.75,
				4.95,
				5
			],
			"to": [
				9.25,
				5.2,
				11.25
			],
			"faces": {
				"north": {
					"uv": [
						9.5,
						13.5,
						9.75,
						13.75
					],
					"texture": "#1"
				},
				"east": {
					"uv": [
						11.5,
						1,
						14.75,
						1.25
					],
					"texture": "#1"
				},
				"south": {
					"uv": [
						13.5,
						9.5,
						13.75,
						9.75
					],
					"texture": "#1"
				},
				"west": {
					"uv": [
						11.5,
						2.5,
						14.75,
						2.75
					],
					"texture": "#1"
				},
				"up": {
					"uv": [
						2.25,
						14.75,
						2,
						11.5
					],
					"texture": "#1"
				},
				"down": {
					"uv": [
						2.75,
						11.5,
						2.5,
						14.75
					],
					"texture": "#1"
				}
			}
		},
		{
			"from": [
				8.75,
				4.95,
				11.25
			],
			"to": [
				9.25,
				5.95,
				11.75
			],
			"faces": {
				"north": {
					"uv": [
						12.5,
						13,
						12.75,
						13.5
					],
					"texture": "#1"
				},
				"east": {
					"uv": [
						13,
						13,
						13.25,
						13.5
					],
					"texture": "#1"
				},
				"south": {
					"uv": [
						13.5,
						3.5,
						13.75,
						4
					],
					"texture": "#1"
				},
				"west": {
					"uv": [
						4,
						13.5,
						4.25,
						14
					],
					"texture": "#1"
				},
				"up": {
					"uv": [
						10.25,
						13.75,
						10,
						13.5
					],
					"texture": "#1"
				},
				"down": {
					"uv": [
						13.75,
						10,
						13.5,
						10.25
					],
					"texture": "#1"
				}
			}
		}
	],
	"groups": [
		0,
		1,
		2,
		{
			"name": "group",
			"origin": [
				8,
				1.93452,
				13.74784
			],
			"color": 0,
			"children": [
				3,
				4,
				5,
				6,
				7,
				8,
				9,
				10,
				11
			]
		},
		12,
		13,
		{
			"name": "cog",
			"origin": [
				8,
				2.95,
				9.25
			],
			"color": 0,
			"children": [
				14,
				15,
				16,
				17
			]
		},
		18,
		19,
		{
			"name": "group",
			"origin": [
				0,
				0,
				0
			],
			"color": 0,
			"children": []
		},
		20,
		21,
		22,
		23,
		24,
		25,
		26,
		27,
		28,
		29
	],
	"display": {
		"thirdperson_righthand": {
			"translation": [
				0,
				7,
				-3.5
			]
		},
		"thirdperson_lefthand": {
			"translation": [
				0,
				7,
				-3.5
			],
			"scale": [
				-1,
				1,
				1
			]
		},
		"firstperson_righthand": {
			"translation": [
				-4.75,
				10.25,
				1.25
			],
			"scale": [
				1,
				1,
				0.88
			]
		},
		"firstperson_lefthand": {
			"translation": [
				-4.75,
				10.25,
				1.25
			],
			"scale": [
				-1,
				1,
				0.88
			]
		},
		"ground": {
			"translation": [
				0,
				10,
				0
			]
		},
		"gui": {
			"rotation": [
				20,
				-147,
				0
			],
			"translation": [
				-0.5,
				5.75,
				-1
			]
		},
		"fixed": {
			"rotation": [
				0,
				90,
				0
			],
			"translation": [
				-1.25,
				9.5,
				-2.75
			],
			"scale": [
				1.74,
				1.74,
				1.74
			]
		}
	}
}