{
	"credit": "Made with Blockbench",
	"texture_size": [
		32,
		32
	],
	"textures": {
		"0": "scguns_laf:item/kiln_gun_texture",
		"particle": "scguns_laf:item/kiln_gun_texture"
	},
	"elements": [
		{
			"from": [
				6,
				0.25,
				10
			],
			"to": [
				10,
				4.25,
				16
			],
			"faces": {
				"north": {
					"uv": [
						5,
						0,
						7,
						2
					],
					"texture": "#0"
				},
				"east": {
					"uv": [
						0,
						0,
						3,
						2
					],
					"texture": "#0"
				},
				"south": {
					"uv": [
						5,
						2,
						7,
						4
					],
					"texture": "#0"
				},
				"west": {
					"uv": [
						0,
						2,
						3,
						4
					],
					"texture": "#0"
				},
				"up": {
					"uv": [
						5,
						3,
						3,
						0
					],
					"texture": "#0"
				},
				"down": {
					"uv": [
						5,
						3,
						3,
						6
					],
					"texture": "#0"
				}
			}
		},
		{
			"from": [
				7.5,
				-0.5,
				10.75
			],
			"to": [
				8.5,
				0.25,
				13.75
			],
			"rotation": {
				"angle": 22.5,
				"axis": "x",
				"origin": [
					8,
					-0.125,
					13
				]
			},
			"faces": {
				"north": {
					"uv": [
						11,
						11.5,
						11.5,
						12
					],
					"texture": "#0"
				},
				"east": {
					"uv": [
						10,
						3,
						11.5,
						3.5
					],
					"texture": "#0"
				},
				"south": {
					"uv": [
						11.5,
						11.5,
						12,
						12
					],
					"texture": "#0"
				},
				"west": {
					"uv": [
						10,
						3.5,
						11.5,
						4
					],
					"texture": "#0"
				},
				"up": {
					"uv": [
						5,
						11.5,
						4.5,
						10
					],
					"texture": "#0"
				},
				"down": {
					"uv": [
						5.5,
						10,
						5,
						11.5
					],
					"texture": "#0"
				}
			}
		},
		{
			"from": [
				7.25,
				-0.75,
				13.25
			],
			"to": [
				8.75,
				0,
				14.25
			],
			"rotation": {
				"angle": 0,
				"axis": "x",
				"origin": [
					8,
					-0.125,
					13
				]
			},
			"faces": {
				"north": {
					"uv": [
						11.5,
						3.5,
						12.25,
						4
					],
					"texture": "#0"
				},
				"east": {
					"uv": [
						12,
						0,
						12.5,
						0.5
					],
					"texture": "#0"
				},
				"south": {
					"uv": [
						5,
						11.5,
						5.75,
						12
					],
					"texture": "#0"
				},
				"west": {
					"uv": [
						12,
						0.5,
						12.5,
						1
					],
					"texture": "#0"
				},
				"up": {
					"uv": [
						6.75,
						12,
						6,
						11.5
					],
					"texture": "#0"
				},
				"down": {
					"uv": [
						12.25,
						6.5,
						11.5,
						7
					],
					"texture": "#0"
				}
			}
		},
		{
			"from": [
				6.75,
				1.25,
				8.5
			],
			"to": [
				9.25,
				4,
				9.5
			],
			"faces": {
				"north": {
					"uv": [
						6,
						7,
						7.25,
						8.5
					],
					"texture": "#0"
				},
				"east": {
					"uv": [
						10,
						1.5,
						10.5,
						3
					],
					"texture": "#0"
				},
				"south": {
					"uv": [
						7.5,
						7,
						8.75,
						8.5
					],
					"texture": "#0"
				},
				"west": {
					"uv": [
						3,
						10,
						3.5,
						11.5
					],
					"texture": "#0"
				},
				"up": {
					"uv": [
						7.25,
						10.5,
						6,
						10
					],
					"texture": "#0"
				},
				"down": {
					"uv": [
						11.25,
						7,
						10,
						7.5
					],
					"texture": "#0"
				}
			}
		},
		{
			"from": [
				6.75,
				1.25,
				-0.25
			],
			"to": [
				9.25,
				4,
				0.75
			],
			"faces": {
				"north": {
					"uv": [
						6,
						8.5,
						7.25,
						10
					],
					"texture": "#0"
				},
				"east": {
					"uv": [
						5.5,
						10,
						6,
						11.5
					],
					"texture": "#0"
				},
				"south": {
					"uv": [
						7.5,
						8.5,
						8.75,
						10
					],
					"texture": "#0"
				},
				"west": {
					"uv": [
						10,
						5.5,
						10.5,
						7
					],
					"texture": "#0"
				},
				"up": {
					"uv": [
						8.75,
						10.5,
						7.5,
						10
					],
					"texture": "#0"
				},
				"down": {
					"uv": [
						11.25,
						7.5,
						10,
						8
					],
					"texture": "#0"
				}
			}
		},
		{
			"from": [
				7,
				2,
				-3.75
			],
			"to": [
				9,
				4,
				-2.75
			],
			"faces": {
				"north": {
					"uv": [
						2,
						8,
						3,
						9
					],
					"texture": "#0"
				},
				"east": {
					"uv": [
						10.5,
						5.5,
						11,
						6.5
					],
					"texture": "#0"
				},
				"south": {
					"uv": [
						0,
						9.5,
						1,
						10.5
					],
					"texture": "#0"
				},
				"west": {
					"uv": [
						6,
						10.5,
						6.5,
						11.5
					],
					"texture": "#0"
				},
				"up": {
					"uv": [
						11,
						9.5,
						10,
						9
					],
					"texture": "#0"
				},
				"down": {
					"uv": [
						11.5,
						2.5,
						10.5,
						3
					],
					"texture": "#0"
				}
			}
		},
		{
			"from": [
				7.5,
				2.5,
				-2.75
			],
			"to": [
				8.5,
				3.5,
				3.25
			],
			"faces": {
				"north": {
					"uv": [
						7,
						11.5,
						7.5,
						12
					],
					"texture": "#0"
				},
				"east": {
					"uv": [
						0,
						9,
						3,
						9.5
					],
					"texture": "#0"
				},
				"south": {
					"uv": [
						11.5,
						7,
						12,
						7.5
					],
					"texture": "#0"
				},
				"west": {
					"uv": [
						9,
						4,
						12,
						4.5
					],
					"texture": "#0"
				},
				"up": {
					"uv": [
						9.5,
						7.5,
						9,
						4.5
					],
					"texture": "#0"
				},
				"down": {
					"uv": [
						9.5,
						7.5,
						9,
						10.5
					],
					"texture": "#0"
				}
			}
		},
		{
			"from": [
				7,
				1.251,
				0.75
			],
			"to": [
				9,
				2.251,
				10
			],
			"faces": {
				"north": {
					"uv": [
						6.5,
						10.5,
						7.5,
						11
					],
					"texture": "#0"
				},
				"east": {
					"uv": [
						4,
						6,
						8.75,
						6.5
					],
					"texture": "#0"
				},
				"south": {
					"uv": [
						10.5,
						6.5,
						11.5,
						7
					],
					"texture": "#0"
				},
				"west": {
					"uv": [
						4,
						6.5,
						8.75,
						7
					],
					"texture": "#0"
				},
				"up": {
					"uv": [
						1,
						8.75,
						0,
						4
					],
					"texture": "#0"
				},
				"down": {
					"uv": [
						2,
						4,
						1,
						8.75
					],
					"texture": "#0"
				}
			}
		},
		{
			"from": [
				7,
				2.25,
				3.15
			],
			"to": [
				9,
				4,
				4.15
			],
			"faces": {
				"north": {
					"uv": [
						1,
						9.5,
						2,
						10.5
					],
					"texture": "#0"
				},
				"east": {
					"uv": [
						7.5,
						10.5,
						8,
						11.5
					],
					"texture": "#0"
				},
				"south": {
					"uv": [
						2,
						9.5,
						3,
						10.5
					],
					"texture": "#0"
				},
				"west": {
					"uv": [
						8,
						10.5,
						8.5,
						11.5
					],
					"texture": "#0"
				},
				"up": {
					"uv": [
						9.5,
						11,
						8.5,
						10.5
					],
					"texture": "#0"
				},
				"down": {
					"uv": [
						11.5,
						10,
						10.5,
						10.5
					],
					"texture": "#0"
				}
			}
		},
		{
			"from": [
				7.25,
				2.25,
				0.75
			],
			"to": [
				8.75,
				3.75,
				8.5
			],
			"faces": {
				"north": {
					"uv": [
						10.5,
						1.5,
						11.25,
						2.25
					],
					"texture": "#0"
				},
				"east": {
					"uv": [
						5,
						4,
						9,
						4.75
					],
					"texture": "#0"
				},
				"south": {
					"uv": [
						2,
						10.5,
						2.75,
						11.25
					],
					"texture": "#0"
				},
				"west": {
					"uv": [
						5,
						5,
						9,
						5.75
					],
					"texture": "#0"
				},
				"up": {
					"uv": [
						2.75,
						8,
						2,
						4
					],
					"texture": "#0"
				},
				"down": {
					"uv": [
						3.75,
						6,
						3,
						10
					],
					"texture": "#0"
				}
			}
		},
		{
			"from": [
				7.5,
				2.5,
				9.5
			],
			"to": [
				8.5,
				3.5,
				10
			],
			"faces": {
				"north": {
					"uv": [
						12,
						1,
						12.5,
						1.5
					],
					"texture": "#0"
				},
				"east": {
					"uv": [
						12,
						3,
						12.25,
						3.5
					],
					"texture": "#0"
				},
				"south": {
					"uv": [
						12,
						1.5,
						12.5,
						2
					],
					"texture": "#0"
				},
				"west": {
					"uv": [
						12,
						5,
						12.25,
						5.5
					],
					"texture": "#0"
				},
				"up": {
					"uv": [
						6,
						12.25,
						5.5,
						12
					],
					"texture": "#0"
				},
				"down": {
					"uv": [
						12.5,
						5.5,
						12,
						5.75
					],
					"texture": "#0"
				}
			}
		},
		{
			"from": [
				10,
				0.25,
				10
			],
			"to": [
				10.5,
				1.5,
				16
			],
			"rotation": {
				"angle": 0,
				"axis": "y",
				"origin": [
					-0.25,
					0,
					0
				]
			},
			"faces": {
				"north": {
					"uv": [
						5,
						7,
						5.25,
						7.75
					],
					"texture": "#0"
				},
				"east": {
					"uv": [
						7,
						0,
						10,
						0.75
					],
					"texture": "#0"
				},
				"south": {
					"uv": [
						5.5,
						7,
						5.75,
						7.75
					],
					"texture": "#0"
				},
				"west": {
					"uv": [
						7,
						1,
						10,
						1.75
					],
					"texture": "#0"
				},
				"up": {
					"uv": [
						4.25,
						10,
						4,
						7
					],
					"texture": "#0"
				},
				"down": {
					"uv": [
						4.75,
						7,
						4.5,
						10
					],
					"texture": "#0"
				}
			}
		},
		{
			"from": [
				5.5,
				0.25,
				10
			],
			"to": [
				6,
				1.5,
				16
			],
			"faces": {
				"north": {
					"uv": [
						12,
						4,
						12.25,
						4.75
					],
					"texture": "#0"
				},
				"east": {
					"uv": [
						7,
						2,
						10,
						2.75
					],
					"texture": "#0"
				},
				"south": {
					"uv": [
						5,
						12,
						5.25,
						12.75
					],
					"texture": "#0"
				},
				"west": {
					"uv": [
						7,
						3,
						10,
						3.75
					],
					"texture": "#0"
				},
				"up": {
					"uv": [
						3.75,
						13,
						3.5,
						10
					],
					"texture": "#0"
				},
				"down": {
					"uv": [
						4.25,
						10,
						4,
						13
					],
					"texture": "#0"
				}
			}
		},
		{
			"from": [
				5.5,
				0.25,
				9.5
			],
			"to": [
				10.5,
				1.5,
				10
			],
			"faces": {
				"north": {
					"uv": [
						6.5,
						12,
						9,
						12.75
					],
					"texture": "#0"
				},
				"east": {
					"uv": [
						5,
						8,
						5.25,
						8.75
					],
					"texture": "#0"
				},
				"south": {
					"uv": [
						12,
						7,
						14.5,
						7.75
					],
					"texture": "#0"
				},
				"west": {
					"uv": [
						5.5,
						8,
						5.75,
						8.75
					],
					"texture": "#0"
				},
				"up": {
					"uv": [
						14.5,
						8.25,
						12,
						8
					],
					"texture": "#0"
				},
				"down": {
					"uv": [
						14.5,
						8.5,
						12,
						8.75
					],
					"texture": "#0"
				}
			}
		},
		{
			"from": [
				7.5,
				4,
				9.15
			],
			"to": [
				8.5,
				4.5,
				15.15
			],
			"faces": {
				"north": {
					"uv": [
						9.5,
						10,
						10,
						10.25
					],
					"texture": "#0"
				},
				"east": {
					"uv": [
						9.5,
						12,
						12.5,
						12.25
					],
					"texture": "#0"
				},
				"south": {
					"uv": [
						10,
						10,
						10.5,
						10.25
					],
					"texture": "#0"
				},
				"west": {
					"uv": [
						12.5,
						0,
						15.5,
						0.25
					],
					"texture": "#0"
				},
				"up": {
					"uv": [
						9.5,
						15,
						9,
						12
					],
					"texture": "#0"
				},
				"down": {
					"uv": [
						12.5,
						9,
						12,
						12
					],
					"texture": "#0"
				}
			}
		},
		{
			"from": [
				7.51,
				3.73,
				8.5
			],
			"to": [
				8.51,
				4.23,
				9.25
			],
			"rotation": {
				"angle": -45,
				"axis": "x",
				"origin": [
					8,
					4.25,
					8.875
				]
			},
			"faces": {
				"north": {
					"uv": [
						5,
						9.5,
						5.5,
						9.75
					],
					"texture": "#0"
				},
				"east": {
					"uv": [
						5.5,
						9.5,
						6,
						9.75
					],
					"texture": "#0"
				},
				"south": {
					"uv": [
						10,
						8,
						10.5,
						8.25
					],
					"texture": "#0"
				},
				"west": {
					"uv": [
						10,
						8.5,
						10.5,
						8.75
					],
					"texture": "#0"
				},
				"up": {
					"uv": [
						5.5,
						9.5,
						5,
						9
					],
					"texture": "#0"
				},
				"down": {
					"uv": [
						6,
						9,
						5.5,
						9.5
					],
					"texture": "#0"
				}
			}
		},
		{
			"from": [
				5.5,
				0.25,
				16
			],
			"to": [
				10.5,
				1.5,
				16.5
			],
			"faces": {
				"north": {
					"uv": [
						6.5,
						12,
						9,
						12.75
					],
					"texture": "#0"
				},
				"east": {
					"uv": [
						5,
						8,
						5.25,
						8.75
					],
					"texture": "#0"
				},
				"south": {
					"uv": [
						12,
						7,
						14.5,
						7.75
					],
					"texture": "#0"
				},
				"west": {
					"uv": [
						5.5,
						8,
						5.75,
						8.75
					],
					"texture": "#0"
				},
				"up": {
					"uv": [
						14.5,
						8.25,
						12,
						8
					],
					"texture": "#0"
				},
				"down": {
					"uv": [
						14.5,
						8.5,
						12,
						8.75
					],
					"texture": "#0"
				}
			}
		},
		{
			"from": [
				8.75,
				1.5,
				10.5
			],
			"to": [
				10.75,
				2.5,
				11.5
			],
			"rotation": {
				"angle": 0,
				"axis": "y",
				"origin": [
					-0.75,
					0,
					0
				]
			},
			"faces": {
				"north": {
					"uv": [
						10.5,
						10.5,
						11.5,
						11
					],
					"texture": "#0"
				},
				"east": {
					"uv": [
						7.5,
						11.5,
						8,
						12
					],
					"texture": "#0"
				},
				"south": {
					"uv": [
						11,
						5.5,
						12,
						6
					],
					"texture": "#0"
				},
				"west": {
					"uv": [
						11.5,
						7.5,
						12,
						8
					],
					"texture": "#0"
				},
				"up": {
					"uv": [
						12,
						6.5,
						11,
						6
					],
					"texture": "#0"
				},
				"down": {
					"uv": [
						7.5,
						11,
						6.5,
						11.5
					],
					"texture": "#0"
				}
			}
		},
		{
			"from": [
				9.75,
				5.75,
				11.5
			],
			"to": [
				13.25,
				6.5,
				12.5
			],
			"rotation": {
				"angle": 22.5,
				"axis": "x",
				"origin": [
					10.75,
					5,
					11
				]
			},
			"faces": {
				"north": {
					"uv": [
						9.5,
						9.5,
						11.25,
						10
					],
					"texture": "#0"
				},
				"east": {
					"uv": [
						8,
						11.5,
						8.5,
						12
					],
					"texture": "#0"
				},
				"south": {
					"uv": [
						10,
						0,
						11.75,
						0.5
					],
					"texture": "#0"
				},
				"west": {
					"uv": [
						8.5,
						11.5,
						9,
						12
					],
					"texture": "#0"
				},
				"up": {
					"uv": [
						11.75,
						1,
						10,
						0.5
					],
					"texture": "#0"
				},
				"down": {
					"uv": [
						11.75,
						1,
						10,
						1.5
					],
					"texture": "#0"
				}
			}
		},
		{
			"from": [
				10,
				2.5,
				11.75
			],
			"to": [
				10.5,
				6.75,
				12.25
			],
			"rotation": {
				"angle": 22.5,
				"axis": "x",
				"origin": [
					10.75,
					5,
					11
				]
			},
			"faces": {
				"north": {
					"uv": [
						0,
						10.5,
						0.25,
						12.75
					],
					"texture": "#0"
				},
				"east": {
					"uv": [
						0.5,
						10.5,
						0.75,
						12.75
					],
					"texture": "#0"
				},
				"south": {
					"uv": [
						1,
						10.5,
						1.25,
						12.75
					],
					"texture": "#0"
				},
				"west": {
					"uv": [
						1.5,
						10.5,
						1.75,
						12.75
					],
					"texture": "#0"
				},
				"up": {
					"uv": [
						6.25,
						12.25,
						6,
						12
					],
					"texture": "#0"
				},
				"down": {
					"uv": [
						12.25,
						6,
						12,
						6.25
					],
					"texture": "#0"
				}
			}
		},
		{
			"from": [
				7.501,
				4.29289,
				13.99289
			],
			"to": [
				8.499,
				5,
				15.5
			],
			"rotation": {
				"angle": -45,
				"axis": "x",
				"origin": [
					8,
					5,
					15.5
				]
			},
			"faces": {
				"east": {
					"uv": [
						12,
						2,
						12.75,
						2.25
					],
					"texture": "#0"
				},
				"west": {
					"uv": [
						12,
						2.5,
						12.75,
						2.75
					],
					"texture": "#0"
				},
				"up": {
					"uv": [
						3,
						12.25,
						2.5,
						11.5
					],
					"texture": "#0"
				}
			}
		},
		{
			"from": [
				7.5,
				4,
				15.5
			],
			"to": [
				8.5,
				5,
				19.5
			],
			"rotation": {
				"angle": 0,
				"axis": "y",
				"origin": [
					8,
					-3,
					8
				]
			},
			"faces": {
				"north": {
					"uv": [
						11.5,
						8.5,
						12,
						9
					],
					"texture": "#0"
				},
				"east": {
					"uv": [
						9.5,
						4.5,
						11.5,
						5
					],
					"texture": "#0"
				},
				"south": {
					"uv": [
						9,
						11.5,
						9.5,
						12
					],
					"texture": "#0"
				},
				"west": {
					"uv": [
						9.5,
						5,
						11.5,
						5.5
					],
					"texture": "#0"
				},
				"up": {
					"uv": [
						10,
						7.5,
						9.5,
						5.5
					],
					"texture": "#0"
				},
				"down": {
					"uv": [
						10,
						7.5,
						9.5,
						9.5
					],
					"texture": "#0"
				}
			}
		},
		{
			"from": [
				7.501,
				3,
				18.5
			],
			"to": [
				8.499,
				4,
				19.5
			],
			"rotation": {
				"angle": 0,
				"axis": "y",
				"origin": [
					8,
					-3.1996,
					8.2
				]
			},
			"faces": {
				"north": {
					"uv": [
						11.5,
						2.5,
						12,
						3.25
					],
					"texture": "#0"
				},
				"east": {
					"uv": [
						3,
						11.5,
						3.5,
						12.25
					],
					"texture": "#0"
				},
				"south": {
					"uv": [
						4.5,
						11.5,
						5,
						12.25
					],
					"texture": "#0"
				},
				"west": {
					"uv": [
						11.5,
						4.5,
						12,
						5.25
					],
					"texture": "#0"
				},
				"up": {
					"uv": [
						12,
						9.5,
						11.5,
						9
					],
					"texture": "#0"
				},
				"down": {
					"uv": [
						12,
						9.5,
						11.5,
						10
					],
					"texture": "#0"
				}
			}
		},
		{
			"from": [
				7.5,
				1.62363,
				17.94843
			],
			"to": [
				8.5,
				2.62363,
				20.06976
			],
			"rotation": {
				"angle": -45,
				"axis": "x",
				"origin": [
					7.5,
					1.62406,
					18.12346
				]
			},
			"faces": {
				"north": {
					"uv": [
						10,
						11.5,
						10.5,
						12
					],
					"texture": "#0"
				},
				"east": {
					"uv": [
						11,
						8,
						12,
						8.5
					],
					"texture": "#0"
				},
				"south": {
					"uv": [
						11.5,
						10,
						12,
						10.5
					],
					"texture": "#0"
				},
				"west": {
					"uv": [
						8.5,
						11,
						9.5,
						11.5
					],
					"texture": "#0"
				},
				"up": {
					"uv": [
						11.5,
						9.5,
						11,
						8.5
					],
					"texture": "#0"
				},
				"down": {
					"uv": [
						10,
						11,
						9.5,
						12
					],
					"texture": "#0"
				}
			}
		},
		{
			"from": [
				7.501,
				1.5,
				16
			],
			"to": [
				8.499,
				2.5,
				18
			],
			"rotation": {
				"angle": 0,
				"axis": "y",
				"origin": [
					8,
					-5.5,
					8
				]
			},
			"faces": {
				"north": {
					"uv": [
						10.5,
						11.5,
						11,
						12
					],
					"texture": "#0"
				},
				"east": {
					"uv": [
						10,
						11,
						11,
						11.5
					],
					"texture": "#0"
				},
				"south": {
					"uv": [
						11.5,
						10.5,
						12,
						11
					],
					"texture": "#0"
				},
				"west": {
					"uv": [
						11,
						11,
						12,
						11.5
					],
					"texture": "#0"
				},
				"up": {
					"uv": [
						12,
						2.5,
						11.5,
						1.5
					],
					"texture": "#0"
				},
				"down": {
					"uv": [
						2.5,
						11.5,
						2,
						12.5
					],
					"texture": "#0"
				}
			}
		}
	],
	"display": {
		"thirdperson_righthand": {
			"rotation": [
				74,
				0,
				0
			],
			"translation": [
				0,
				10.75,
				2
			],
			"scale": [
				1.2,
				1.2,
				1.2
			]
		},
		"thirdperson_lefthand": {
			"rotation": [
				74,
				0,
				0
			],
			"translation": [
				0,
				10.75,
				2
			],
			"scale": [
				-1.2,
				1.2,
				1.2
			]
		},
		"firstperson_righthand": {
			"rotation": [
				5,
				0,
				0
			],
			"translation": [
				-4.25,
				7.5,
				-5.25
			]
		},
		"firstperson_lefthand": {
			"rotation": [
				5,
				0,
				0
			],
			"translation": [
				-4.25,
				7.5,
				-5.25
			],
			"scale": [
				-1,
				1,
				1
			]
		},
		"ground": {
			"translation": [
				0,
				6.5,
				-0.75
			]
		},
		"gui": {
			"rotation": [
				23,
				-147,
				0
			],
			"translation": [
				0,
				5,
				0
			],
			"scale": [
				1.07,
				1.07,
				1.07
			]
		},
		"fixed": {
			"rotation": [
				0,
				89,
				0
			],
			"translation": [
				0.5,
				6.5,
				-5
			],
			"scale": [
				1.37,
				1.37,
				1.37
			]
		}
	}
}