{
	"credit": "Made with Blockbench",
	"texture_size": [
		32,
		32
	],
	"textures": {
		"2": "scguns_laf:item/new_krauser_conversion_texture",
		"particle": "scguns_laf:item/new_krauser_conversion_texture"
	},
	"elements": [
		{
			"from": [
				7.75,
				4.8,
				15.25
			],
			"to": [
				8.25,
				5.3,
				15.75
			],
			"rotation": {
				"angle": 0,
				"axis": "y",
				"origin": [
					0,
					2,
					1.55
				]
			},
			"faces": {
				"north": {
					"uv": [
						9.5,
						12,
						9.75,
						12.25
					],
					"texture": "#2"
				},
				"east": {
					"uv": [
						12,
						9.5,
						12.25,
						9.75
					],
					"texture": "#2"
				},
				"south": {
					"uv": [
						10,
						12,
						10.25,
						12.25
					],
					"texture": "#2"
				},
				"west": {
					"uv": [
						12,
						10,
						12.25,
						10.25
					],
					"texture": "#2"
				},
				"up": {
					"uv": [
						10.75,
						12.25,
						10.5,
						12
					],
					"texture": "#2"
				},
				"down": {
					"uv": [
						12.25,
						10.5,
						12,
						10.75
					],
					"texture": "#2"
				}
			}
		},
		{
			"from": [
				7.75,
				4,
				14.5
			],
			"to": [
				8.25,
				4.5,
				15.25
			],
			"rotation": {
				"angle": 0,
				"axis": "y",
				"origin": [
					0,
					2,
					1.55
				]
			},
			"faces": {
				"north": {
					"uv": [
						11,
						12,
						11.25,
						12.25
					],
					"texture": "#2"
				},
				"east": {
					"uv": [
						11.5,
						5.5,
						12,
						5.75
					],
					"texture": "#2"
				},
				"south": {
					"uv": [
						12,
						11,
						12.25,
						11.25
					],
					"texture": "#2"
				},
				"west": {
					"uv": [
						6,
						11.5,
						6.5,
						11.75
					],
					"texture": "#2"
				},
				"up": {
					"uv": [
						11.75,
						6.5,
						11.5,
						6
					],
					"texture": "#2"
				},
				"down": {
					"uv": [
						6.75,
						11.5,
						6.5,
						12
					],
					"texture": "#2"
				}
			}
		},
		{
			"from": [
				7.75,
				-1.3,
				14.85
			],
			"to": [
				8.25,
				-0.8,
				16.35
			],
			"rotation": {
				"angle": -22.5,
				"axis": "x",
				"origin": [
					0,
					2,
					1.55
				]
			},
			"faces": {
				"north": {
					"uv": [
						11.5,
						12,
						11.75,
						12.25
					],
					"texture": "#2"
				},
				"east": {
					"uv": [
						7,
						11,
						7.75,
						11.25
					],
					"texture": "#2"
				},
				"south": {
					"uv": [
						12,
						11.5,
						12.25,
						11.75
					],
					"texture": "#2"
				},
				"west": {
					"uv": [
						9.5,
						11,
						10.25,
						11.25
					],
					"texture": "#2"
				},
				"up": {
					"uv": [
						8.75,
						11.75,
						8.5,
						11
					],
					"texture": "#2"
				},
				"down": {
					"uv": [
						10.75,
						11,
						10.5,
						11.75
					],
					"texture": "#2"
				}
			}
		},
		{
			"from": [
				7.35,
				1,
				16.75
			],
			"to": [
				8.65,
				4,
				18.25
			],
			"rotation": {
				"angle": -22.5,
				"axis": "x",
				"origin": [
					8,
					3.05,
					17.25
				]
			},
			"faces": {
				"north": {
					"uv": [
						6.5,
						3.5,
						7.25,
						5
					],
					"texture": "#2"
				},
				"east": {
					"uv": [
						6.5,
						5,
						7.25,
						6.5
					],
					"texture": "#2"
				},
				"south": {
					"uv": [
						6.5,
						6.5,
						7.25,
						8
					],
					"texture": "#2"
				},
				"west": {
					"uv": [
						7,
						0,
						7.75,
						1.5
					],
					"texture": "#2"
				},
				"up": {
					"uv": [
						10.25,
						2.25,
						9.5,
						1.5
					],
					"texture": "#2"
				},
				"down": {
					"uv": [
						10.25,
						3.5,
						9.5,
						4.25
					],
					"texture": "#2",
					"cullface": "down"
				}
			}
		},
		{
			"from": [
				7.35,
				4,
				17
			],
			"to": [
				8.65,
				5,
				18.25
			],
			"rotation": {
				"angle": -22.5,
				"axis": "x",
				"origin": [
					8,
					3.05,
					17.25
				]
			},
			"faces": {
				"north": {
					"uv": [
						10.5,
						1.5,
						11.25,
						2
					],
					"texture": "#2"
				},
				"east": {
					"uv": [
						10.5,
						2,
						11.25,
						2.5
					],
					"texture": "#2"
				},
				"south": {
					"uv": [
						3.5,
						10.5,
						4.25,
						11
					],
					"texture": "#2"
				},
				"west": {
					"uv": [
						10.5,
						3.5,
						11.25,
						4
					],
					"texture": "#2"
				},
				"up": {
					"uv": [
						4.75,
						10.25,
						4,
						9.5
					],
					"texture": "#2"
				},
				"down": {
					"uv": [
						10.25,
						4.5,
						9.5,
						5.25
					],
					"texture": "#2",
					"cullface": "down"
				}
			}
		},
		{
			"from": [
				7.35,
				1,
				18.25
			],
			"to": [
				8.65,
				4,
				18.5
			],
			"rotation": {
				"angle": -22.5,
				"axis": "x",
				"origin": [
					8,
					3.05,
					17.25
				]
			},
			"faces": {
				"north": {
					"uv": [
						2,
						7,
						2.75,
						8.5
					],
					"texture": "#2"
				},
				"east": {
					"uv": [
						10.5,
						4,
						10.75,
						5.5
					],
					"texture": "#2"
				},
				"south": {
					"uv": [
						4,
						7,
						4.75,
						8.5
					],
					"texture": "#2"
				},
				"west": {
					"uv": [
						4.5,
						10.5,
						4.75,
						12
					],
					"texture": "#2"
				},
				"up": {
					"uv": [
						11.75,
						11.25,
						11,
						11
					],
					"texture": "#2"
				},
				"down": {
					"uv": [
						0.75,
						11.5,
						0,
						11.75
					],
					"texture": "#2",
					"cullface": "down"
				}
			}
		},
		{
			"from": [
				7.35,
				0.75,
				17
			],
			"to": [
				8.65,
				1,
				18
			],
			"rotation": {
				"angle": -22.5,
				"axis": "x",
				"origin": [
					8,
					3.05,
					17.25
				]
			},
			"faces": {
				"north": {
					"uv": [
						11.5,
						0,
						12.25,
						0.25
					],
					"texture": "#2"
				},
				"east": {
					"uv": [
						11.5,
						6.5,
						12,
						6.75
					],
					"texture": "#2"
				},
				"south": {
					"uv": [
						11.5,
						0.5,
						12.25,
						0.75
					],
					"texture": "#2"
				},
				"west": {
					"uv": [
						7,
						11.5,
						7.5,
						11.75
					],
					"texture": "#2"
				},
				"up": {
					"uv": [
						5.75,
						11,
						5,
						10.5
					],
					"texture": "#2"
				},
				"down": {
					"uv": [
						6.75,
						10.5,
						6,
						11
					],
					"texture": "#2",
					"cullface": "down"
				}
			}
		},
		{
			"from": [
				7.35,
				5,
				7.95
			],
			"to": [
				8.65,
				7.4,
				9.15
			],
			"rotation": {
				"angle": -22.5,
				"axis": "x",
				"origin": [
					8,
					3.05,
					17.25
				]
			},
			"faces": {
				"north": {
					"uv": [
						7,
						8,
						7.75,
						9.25
					],
					"texture": "#2"
				},
				"east": {
					"uv": [
						3.5,
						9,
						4,
						10.25
					],
					"texture": "#2"
				},
				"south": {
					"uv": [
						8,
						8,
						8.75,
						9.25
					],
					"texture": "#2"
				},
				"west": {
					"uv": [
						6,
						9,
						6.5,
						10.25
					],
					"texture": "#2"
				},
				"up": {
					"uv": [
						7.75,
						11,
						7,
						10.5
					],
					"texture": "#2"
				},
				"down": {
					"uv": [
						11.25,
						7,
						10.5,
						7.5
					],
					"texture": "#2",
					"cullface": "down"
				}
			}
		},
		{
			"from": [
				7.45,
				5,
				8.45
			],
			"to": [
				8.55,
				8,
				9.95
			],
			"rotation": {
				"angle": -22.5,
				"axis": "x",
				"origin": [
					8,
					3.05,
					17.25
				]
			},
			"faces": {
				"north": {
					"uv": [
						2,
						8.5,
						2.5,
						10
					],
					"texture": "#2"
				},
				"east": {
					"uv": [
						5,
						7,
						5.75,
						8.5
					],
					"texture": "#2"
				},
				"south": {
					"uv": [
						2.5,
						8.5,
						3,
						10
					],
					"texture": "#2"
				},
				"west": {
					"uv": [
						7.5,
						3.5,
						8.25,
						5
					],
					"texture": "#2"
				},
				"up": {
					"uv": [
						6.5,
						7.75,
						6,
						7
					],
					"texture": "#2"
				},
				"down": {
					"uv": [
						8.5,
						10.5,
						8,
						11.25
					],
					"texture": "#2",
					"cullface": "down"
				}
			}
		},
		{
			"from": [
				7.35,
				8,
				8.1
			],
			"to": [
				8.65,
				9,
				10.15
			],
			"rotation": {
				"angle": -22.5,
				"axis": "x",
				"origin": [
					8,
					3.05,
					17.25
				]
			},
			"faces": {
				"north": {
					"uv": [
						10.5,
						7.5,
						11.25,
						8
					],
					"texture": "#2"
				},
				"east": {
					"uv": [
						4,
						5.5,
						5,
						6
					],
					"texture": "#2"
				},
				"south": {
					"uv": [
						10.5,
						8.5,
						11.25,
						9
					],
					"texture": "#2"
				},
				"west": {
					"uv": [
						10,
						1,
						11,
						1.5
					],
					"texture": "#2"
				},
				"up": {
					"uv": [
						9.25,
						4.5,
						8.5,
						3.5
					],
					"texture": "#2"
				},
				"down": {
					"uv": [
						4.75,
						8.5,
						4,
						9.5
					],
					"texture": "#2",
					"cullface": "down"
				}
			}
		},
		{
			"from": [
				7.65,
				4.47584,
				5.63285
			],
			"to": [
				8.35,
				5.47584,
				9.48285
			],
			"rotation": {
				"angle": 0,
				"axis": "y",
				"origin": [
					8,
					4.97584,
					7.65785
				]
			},
			"faces": {
				"north": {
					"uv": [
						11.5,
						7,
						11.75,
						7.5
					],
					"texture": "#2"
				},
				"east": {
					"uv": [
						7.5,
						1.5,
						9.5,
						2
					],
					"texture": "#2"
				},
				"south": {
					"uv": [
						7.5,
						11.5,
						7.75,
						12
					],
					"texture": "#2"
				},
				"west": {
					"uv": [
						8,
						0,
						10,
						0.5
					],
					"texture": "#2"
				},
				"up": {
					"uv": [
						9.25,
						12,
						9,
						10
					],
					"texture": "#2"
				},
				"down": {
					"uv": [
						3.25,
						10.5,
						3,
						12.5
					],
					"texture": "#2",
					"cullface": "down"
				}
			}
		},
		{
			"from": [
				7.35,
				4.55,
				7.7
			],
			"to": [
				8.65,
				5,
				9.7
			],
			"rotation": {
				"angle": -22.5,
				"axis": "x",
				"origin": [
					8,
					3.05,
					17.25
				]
			},
			"faces": {
				"north": {
					"uv": [
						1,
						11.5,
						1.75,
						11.75
					],
					"texture": "#2"
				},
				"east": {
					"uv": [
						10.5,
						10.5,
						11.5,
						10.75
					],
					"texture": "#2"
				},
				"south": {
					"uv": [
						11.5,
						1,
						12.25,
						1.25
					],
					"texture": "#2"
				},
				"west": {
					"uv": [
						0,
						11,
						1,
						11.25
					],
					"texture": "#2"
				},
				"up": {
					"uv": [
						9.25,
						5.5,
						8.5,
						4.5
					],
					"texture": "#2"
				},
				"down": {
					"uv": [
						5.75,
						8.5,
						5,
						9.5
					],
					"texture": "#2",
					"cullface": "down"
				}
			}
		},
		{
			"from": [
				7.25,
				6,
				12.75
			],
			"to": [
				8.75,
				7.5,
				17.25
			],
			"rotation": {
				"angle": 0,
				"axis": "y",
				"origin": [
					0,
					1.75,
					1.05
				]
			},
			"faces": {
				"north": {
					"uv": [
						5,
						9.5,
						5.75,
						10.25
					],
					"texture": "#2"
				},
				"east": {
					"uv": [
						4,
						6,
						6.25,
						6.75
					],
					"texture": "#2"
				},
				"south": {
					"uv": [
						7,
						9.5,
						7.75,
						10.25
					],
					"texture": "#2",
					"cullface": "south"
				},
				"west": {
					"uv": [
						6.5,
						2.5,
						8.75,
						3.25
					],
					"texture": "#2"
				},
				"up": {
					"uv": [
						0.75,
						8.25,
						0,
						6
					],
					"texture": "#2"
				},
				"down": {
					"uv": [
						1.75,
						6,
						1,
						8.25
					],
					"texture": "#2"
				}
			}
		},
		{
			"from": [
				7.25,
				7.5,
				12.5
			],
			"to": [
				8.75,
				7.75,
				17.5
			],
			"rotation": {
				"angle": 0,
				"axis": "y",
				"origin": [
					0,
					1.75,
					1.05
				]
			},
			"faces": {
				"north": {
					"uv": [
						11.5,
						1.5,
						12.25,
						1.75
					],
					"texture": "#2"
				},
				"east": {
					"uv": [
						9,
						6.5,
						11.5,
						6.75
					],
					"texture": "#2"
				},
				"south": {
					"uv": [
						2,
						11.5,
						2.75,
						11.75
					],
					"texture": "#2",
					"cullface": "south"
				},
				"west": {
					"uv": [
						9,
						8,
						11.5,
						8.25
					],
					"texture": "#2"
				},
				"up": {
					"uv": [
						3.75,
						5.5,
						3,
						3
					],
					"texture": "#2"
				},
				"down": {
					"uv": [
						4.75,
						3,
						4,
						5.5
					],
					"texture": "#2"
				}
			}
		},
		{
			"from": [
				7.25,
				3.75,
				11.75
			],
			"to": [
				8.75,
				6,
				14.5
			],
			"rotation": {
				"angle": 0,
				"axis": "y",
				"origin": [
					0,
					-0.25,
					1.05
				]
			},
			"faces": {
				"north": {
					"uv": [
						0,
						8.5,
						0.75,
						9.75
					],
					"texture": "#2"
				},
				"east": {
					"uv": [
						4,
						0,
						5.5,
						1.25
					],
					"texture": "#2"
				},
				"south": {
					"uv": [
						1,
						8.5,
						1.75,
						9.75
					],
					"texture": "#2"
				},
				"west": {
					"uv": [
						5,
						3,
						6.5,
						4.25
					],
					"texture": "#2"
				},
				"up": {
					"uv": [
						8.25,
						6.5,
						7.5,
						5
					],
					"texture": "#2"
				},
				"down": {
					"uv": [
						8.25,
						6.5,
						7.5,
						8
					],
					"texture": "#2",
					"cullface": "down"
				}
			}
		},
		{
			"from": [
				7.25,
				6,
				12
			],
			"to": [
				8.75,
				6.5,
				12.75
			],
			"rotation": {
				"angle": 0,
				"axis": "y",
				"origin": [
					0,
					-0.25,
					1.05
				]
			},
			"faces": {
				"north": {
					"uv": [
						11.5,
						2,
						12.25,
						2.25
					],
					"texture": "#2"
				},
				"east": {
					"uv": [
						11.5,
						7.5,
						12,
						7.75
					],
					"texture": "#2"
				},
				"south": {
					"uv": [
						11.5,
						2.5,
						12.25,
						2.75
					],
					"texture": "#2"
				},
				"west": {
					"uv": [
						8,
						11.5,
						8.5,
						11.75
					],
					"texture": "#2"
				},
				"up": {
					"uv": [
						11.25,
						9.5,
						10.5,
						9
					],
					"texture": "#2"
				},
				"down": {
					"uv": [
						10.25,
						10.5,
						9.5,
						11
					],
					"texture": "#2",
					"cullface": "down"
				}
			}
		},
		{
			"from": [
				7.75,
				5.5,
				14.5
			],
			"to": [
				8.25,
				6.25,
				15.75
			],
			"rotation": {
				"angle": 0,
				"axis": "y",
				"origin": [
					0,
					-0.25,
					1.05
				]
			},
			"faces": {
				"north": {
					"uv": [
						11.5,
						8,
						11.75,
						8.5
					],
					"texture": "#2"
				},
				"east": {
					"uv": [
						10.5,
						9.5,
						11.25,
						10
					],
					"texture": "#2"
				},
				"south": {
					"uv": [
						11.5,
						8.5,
						11.75,
						9
					],
					"texture": "#2"
				},
				"west": {
					"uv": [
						10.5,
						10,
						11.25,
						10.5
					],
					"texture": "#2"
				},
				"up": {
					"uv": [
						11.75,
						3.75,
						11.5,
						3
					],
					"texture": "#2"
				},
				"down": {
					"uv": [
						3.75,
						11.5,
						3.5,
						12.25
					],
					"texture": "#2",
					"cullface": "down"
				}
			}
		},
		{
			"from": [
				8.25,
				6.5,
				12
			],
			"to": [
				8.75,
				7.5,
				12.75
			],
			"rotation": {
				"angle": 0,
				"axis": "y",
				"origin": [
					0,
					-0.25,
					1.05
				]
			},
			"faces": {
				"north": {
					"uv": [
						11.5,
						9,
						11.75,
						9.5
					],
					"texture": "#2"
				},
				"east": {
					"uv": [
						6,
						2.5,
						6.5,
						3
					],
					"texture": "#2"
				},
				"south": {
					"uv": [
						9.5,
						11.5,
						9.75,
						12
					],
					"texture": "#2"
				},
				"west": {
					"uv": [
						8.5,
						10.5,
						9,
						11
					],
					"texture": "#2"
				},
				"up": {
					"uv": [
						11.75,
						10,
						11.5,
						9.5
					],
					"texture": "#2"
				},
				"down": {
					"uv": [
						10.25,
						11.5,
						10,
						12
					],
					"texture": "#2",
					"cullface": "down"
				}
			}
		},
		{
			"from": [
				8.25,
				7,
				11.25
			],
			"to": [
				8.5,
				7.5,
				12
			],
			"rotation": {
				"angle": 0,
				"axis": "y",
				"origin": [
					0,
					-0.25,
					1.05
				]
			},
			"faces": {
				"north": {
					"uv": [
						12,
						12,
						12.25,
						12.25
					],
					"texture": "#2"
				},
				"east": {
					"uv": [
						11.5,
						10,
						12,
						10.25
					],
					"texture": "#2"
				},
				"south": {
					"uv": [
						0,
						12.5,
						0.25,
						12.75
					],
					"texture": "#2"
				},
				"west": {
					"uv": [
						11.5,
						10.5,
						12,
						10.75
					],
					"texture": "#2"
				},
				"up": {
					"uv": [
						11.25,
						12,
						11,
						11.5
					],
					"texture": "#2"
				},
				"down": {
					"uv": [
						11.75,
						11.5,
						11.5,
						12
					],
					"texture": "#2",
					"cullface": "down"
				}
			}
		},
		{
			"from": [
				7.25,
				6.5,
				12
			],
			"to": [
				7.75,
				7.5,
				12.75
			],
			"rotation": {
				"angle": 0,
				"axis": "y",
				"origin": [
					0,
					-0.25,
					1.05
				]
			},
			"faces": {
				"north": {
					"uv": [
						0,
						12,
						0.25,
						12.5
					],
					"texture": "#2"
				},
				"east": {
					"uv": [
						11,
						0,
						11.5,
						0.5
					],
					"texture": "#2"
				},
				"south": {
					"uv": [
						0.5,
						12,
						0.75,
						12.5
					],
					"texture": "#2"
				},
				"west": {
					"uv": [
						11,
						0.5,
						11.5,
						1
					],
					"texture": "#2"
				},
				"up": {
					"uv": [
						1.25,
						12.5,
						1,
						12
					],
					"texture": "#2"
				},
				"down": {
					"uv": [
						1.75,
						12,
						1.5,
						12.5
					],
					"texture": "#2",
					"cullface": "down"
				}
			}
		},
		{
			"from": [
				7.5,
				6.5,
				11.25
			],
			"to": [
				7.75,
				7.5,
				12
			],
			"rotation": {
				"angle": 0,
				"axis": "y",
				"origin": [
					0,
					-0.25,
					1.05
				]
			},
			"faces": {
				"north": {
					"uv": [
						2,
						12,
						2.25,
						12.5
					],
					"texture": "#2"
				},
				"east": {
					"uv": [
						1,
						11,
						1.5,
						11.5
					],
					"texture": "#2"
				},
				"south": {
					"uv": [
						2.5,
						12,
						2.75,
						12.5
					],
					"texture": "#2"
				},
				"west": {
					"uv": [
						11,
						1,
						11.5,
						1.5
					],
					"texture": "#2"
				},
				"up": {
					"uv": [
						12.25,
						3.5,
						12,
						3
					],
					"texture": "#2"
				},
				"down": {
					"uv": [
						12.25,
						3.5,
						12,
						4
					],
					"texture": "#2",
					"cullface": "down"
				}
			}
		},
		{
			"from": [
				7.5,
				1,
				12
			],
			"to": [
				8.5,
				4.05,
				14.25
			],
			"rotation": {
				"angle": 0,
				"axis": "y",
				"origin": [
					0,
					-0.25,
					1.05
				]
			},
			"faces": {
				"north": {
					"uv": [
						8.5,
						5.5,
						9,
						7
					],
					"texture": "#2"
				},
				"east": {
					"uv": [
						5,
						4.5,
						6.25,
						6
					],
					"texture": "#2"
				},
				"south": {
					"uv": [
						3,
						9,
						3.5,
						10.5
					],
					"texture": "#2"
				},
				"west": {
					"uv": [
						5.5,
						0,
						6.75,
						1.5
					],
					"texture": "#2"
				},
				"up": {
					"uv": [
						7,
						10.25,
						6.5,
						9
					],
					"texture": "#2"
				},
				"down": {
					"uv": [
						9.5,
						8.5,
						9,
						9.75
					],
					"texture": "#2",
					"cullface": "down"
				}
			}
		},
		{
			"from": [
				7.2,
				4.7,
				11.6
			],
			"to": [
				8.8,
				6.55,
				13.35
			],
			"rotation": {
				"angle": 0,
				"axis": "y",
				"origin": [
					0,
					-0.25,
					1.05
				]
			},
			"faces": {
				"north": {
					"uv": [
						8.5,
						7,
						9.25,
						8
					],
					"texture": "#2"
				},
				"east": {
					"uv": [
						8,
						0.5,
						9,
						1.5
					],
					"texture": "#2"
				},
				"south": {
					"uv": [
						9,
						0.5,
						9.75,
						1.5
					],
					"texture": "#2"
				},
				"west": {
					"uv": [
						6,
						8,
						7,
						9
					],
					"texture": "#2"
				},
				"up": {
					"uv": [
						9.75,
						3.5,
						9,
						2.5
					],
					"texture": "#2"
				},
				"down": {
					"uv": [
						9.75,
						5.5,
						9,
						6.5
					],
					"texture": "#2",
					"cullface": "down"
				}
			}
		},
		{
			"from": [
				7.3,
				5.6,
				4.8
			],
			"to": [
				8.7,
				7.25,
				12.05
			],
			"rotation": {
				"angle": 0,
				"axis": "y",
				"origin": [
					0,
					-0.25,
					1.05
				]
			},
			"faces": {
				"north": {
					"uv": [
						9.5,
						7,
						10.25,
						7.75
					],
					"texture": "#2"
				},
				"east": {
					"uv": [
						0,
						0,
						3.75,
						0.75
					],
					"texture": "#2"
				},
				"south": {
					"uv": [
						8,
						9.5,
						8.75,
						10.25
					],
					"texture": "#2"
				},
				"west": {
					"uv": [
						0,
						1,
						3.75,
						1.75
					],
					"texture": "#2"
				},
				"up": {
					"uv": [
						0.75,
						5.75,
						0,
						2
					],
					"texture": "#2"
				},
				"down": {
					"uv": [
						1.75,
						2,
						1,
						5.75
					],
					"texture": "#2",
					"cullface": "down"
				}
			}
		},
		{
			"from": [
				7.5,
				4.9,
				5.1
			],
			"to": [
				8.5,
				5.65,
				12.05
			],
			"rotation": {
				"angle": 0,
				"axis": "y",
				"origin": [
					0,
					-0.25,
					1.05
				]
			},
			"faces": {
				"north": {
					"uv": [
						1.5,
						11,
						2,
						11.5
					],
					"texture": "#2"
				},
				"east": {
					"uv": [
						4,
						1.5,
						7.5,
						2
					],
					"texture": "#2"
				},
				"south": {
					"uv": [
						2,
						11,
						2.5,
						11.5
					],
					"texture": "#2"
				},
				"west": {
					"uv": [
						6,
						2,
						9.5,
						2.5
					],
					"texture": "#2"
				},
				"up": {
					"uv": [
						3.5,
						9,
						3,
						5.5
					],
					"texture": "#2"
				},
				"down": {
					"uv": [
						4,
						5.5,
						3.5,
						9
					],
					"texture": "#2",
					"cullface": "down"
				}
			}
		},
		{
			"from": [
				7.25,
				4.75,
				15.75
			],
			"to": [
				8.75,
				6,
				17.25
			],
			"rotation": {
				"angle": 0,
				"axis": "y",
				"origin": [
					0,
					-0.25,
					1.05
				]
			},
			"faces": {
				"north": {
					"uv": [
						9.5,
						8.5,
						10.25,
						9.25
					],
					"texture": "#2"
				},
				"east": {
					"uv": [
						9.5,
						9.5,
						10.25,
						10.25
					],
					"texture": "#2"
				},
				"south": {
					"uv": [
						0,
						10,
						0.75,
						10.75
					],
					"texture": "#2"
				},
				"west": {
					"uv": [
						10,
						0,
						10.75,
						0.75
					],
					"texture": "#2"
				},
				"up": {
					"uv": [
						1.75,
						10.75,
						1,
						10
					],
					"texture": "#2"
				},
				"down": {
					"uv": [
						2.75,
						10,
						2,
						10.75
					],
					"texture": "#2",
					"cullface": "down"
				}
			}
		},
		{
			"from": [
				7.66,
				6.6,
				5
			],
			"to": [
				8.41,
				7.35,
				12.75
			],
			"rotation": {
				"angle": 0,
				"axis": "y",
				"origin": [
					0,
					2.5,
					1.5
				]
			},
			"faces": {
				"north": {
					"uv": [
						2.5,
						11,
						3,
						11.5
					],
					"texture": "#2"
				},
				"east": {
					"uv": [
						2,
						2,
						6,
						2.5
					],
					"texture": "#2"
				},
				"south": {
					"uv": [
						11,
						2.5,
						11.5,
						3
					],
					"texture": "#2"
				},
				"west": {
					"uv": [
						2,
						2.5,
						6,
						3
					],
					"texture": "#2"
				},
				"up": {
					"uv": [
						2.5,
						7,
						2,
						3
					],
					"texture": "#2"
				},
				"down": {
					"uv": [
						3,
						3,
						2.5,
						7
					],
					"texture": "#2"
				}
			}
		},
		{
			"from": [
				7.41,
				6.35,
				4.5
			],
			"to": [
				8.66,
				7.6,
				5
			],
			"rotation": {
				"angle": 0,
				"axis": "y",
				"origin": [
					0,
					2.5,
					1.5
				]
			},
			"faces": {
				"north": {
					"uv": [
						10,
						2.5,
						10.75,
						3.25
					],
					"texture": "#2"
				},
				"east": {
					"uv": [
						4,
						11.5,
						4.25,
						12.25
					],
					"texture": "#2"
				},
				"south": {
					"uv": [
						10,
						5.5,
						10.75,
						6.25
					],
					"texture": "#2"
				},
				"west": {
					"uv": [
						11.5,
						4,
						11.75,
						4.75
					],
					"texture": "#2"
				},
				"up": {
					"uv": [
						5.75,
						11.75,
						5,
						11.5
					],
					"texture": "#2"
				},
				"down": {
					"uv": [
						12.25,
						5,
						11.5,
						5.25
					],
					"texture": "#2"
				}
			}
		},
		{
			"from": [
				7.5,
				6,
				17
			],
			"to": [
				8.5,
				6.75,
				17.75
			],
			"rotation": {
				"angle": 0,
				"axis": "y",
				"origin": [
					8,
					6.5,
					14.5
				]
			},
			"faces": {
				"north": {
					"uv": [
						11,
						3,
						11.5,
						3.5
					],
					"texture": "#2"
				},
				"east": {
					"uv": [
						3.5,
						11,
						4,
						11.5
					],
					"texture": "#2"
				},
				"south": {
					"uv": [
						4,
						11,
						4.5,
						11.5
					],
					"texture": "#2"
				},
				"west": {
					"uv": [
						11,
						4,
						11.5,
						4.5
					],
					"texture": "#2"
				},
				"up": {
					"uv": [
						11.5,
						5,
						11,
						4.5
					],
					"texture": "#2"
				},
				"down": {
					"uv": [
						5.5,
						11,
						5,
						11.5
					],
					"texture": "#2"
				}
			}
		},
		{
			"from": [
				7.5,
				5.75,
				17.25
			],
			"to": [
				8.5,
				6,
				18.25
			],
			"rotation": {
				"angle": 0,
				"axis": "y",
				"origin": [
					8,
					6.5,
					14.5
				]
			},
			"faces": {
				"north": {
					"uv": [
						12,
						4,
						12.5,
						4.25
					],
					"texture": "#2"
				},
				"east": {
					"uv": [
						4.5,
						12,
						5,
						12.25
					],
					"texture": "#2"
				},
				"south": {
					"uv": [
						12,
						4.5,
						12.5,
						4.75
					],
					"texture": "#2"
				},
				"west": {
					"uv": [
						5,
						12,
						5.5,
						12.25
					],
					"texture": "#2"
				},
				"up": {
					"uv": [
						11.5,
						5.5,
						11,
						5
					],
					"texture": "#2"
				},
				"down": {
					"uv": [
						6,
						11,
						5.5,
						11.5
					],
					"texture": "#2"
				}
			}
		},
		{
			"from": [
				7.5,
				4.75,
				17.25
			],
			"to": [
				8.5,
				5.75,
				17.75
			],
			"rotation": {
				"angle": 0,
				"axis": "y",
				"origin": [
					8,
					6.5,
					14.5
				]
			},
			"faces": {
				"north": {
					"uv": [
						11,
						5.5,
						11.5,
						6
					],
					"texture": "#2"
				},
				"east": {
					"uv": [
						5.5,
						12,
						5.75,
						12.5
					],
					"texture": "#2"
				},
				"south": {
					"uv": [
						6,
						11,
						6.5,
						11.5
					],
					"texture": "#2"
				},
				"west": {
					"uv": [
						12,
						5.5,
						12.25,
						6
					],
					"texture": "#2"
				},
				"up": {
					"uv": [
						6.5,
						12.25,
						6,
						12
					],
					"texture": "#2"
				},
				"down": {
					"uv": [
						12.5,
						6,
						12,
						6.25
					],
					"texture": "#2"
				}
			}
		},
		{
			"from": [
				7.75,
				7.5,
				17
			],
			"to": [
				8.25,
				8.5,
				17.75
			],
			"rotation": {
				"angle": 22.5,
				"axis": "x",
				"origin": [
					8,
					6.5,
					14.5
				]
			},
			"faces": {
				"north": {
					"uv": [
						6.5,
						12,
						6.75,
						12.5
					],
					"texture": "#2"
				},
				"east": {
					"uv": [
						11,
						6,
						11.5,
						6.5
					],
					"texture": "#2"
				},
				"south": {
					"uv": [
						12,
						6.5,
						12.25,
						7
					],
					"texture": "#2"
				},
				"west": {
					"uv": [
						6.5,
						11,
						7,
						11.5
					],
					"texture": "#2"
				},
				"up": {
					"uv": [
						7.25,
						12.5,
						7,
						12
					],
					"texture": "#2"
				},
				"down": {
					"uv": [
						12.25,
						7,
						12,
						7.5
					],
					"texture": "#2"
				}
			}
		},
		{
			"from": [
				8.135,
				7.35,
				16.5
			],
			"to": [
				8.385,
				8.1,
				17
			],
			"rotation": {
				"angle": 0,
				"axis": "y",
				"origin": [
					0,
					2.5,
					1.5
				]
			},
			"faces": {
				"north": {
					"uv": [
						7.5,
						12,
						7.75,
						12.5
					],
					"texture": "#2"
				},
				"east": {
					"uv": [
						12,
						7.5,
						12.25,
						8
					],
					"texture": "#2"
				},
				"south": {
					"uv": [
						8,
						12,
						8.25,
						12.5
					],
					"texture": "#2"
				},
				"west": {
					"uv": [
						12,
						8,
						12.25,
						8.5
					],
					"texture": "#2"
				},
				"up": {
					"uv": [
						12.75,
						0.25,
						12.5,
						0
					],
					"texture": "#2"
				},
				"down": {
					"uv": [
						0.75,
						12.5,
						0.5,
						12.75
					],
					"texture": "#2"
				}
			}
		},
		{
			"from": [
				7.635,
				7.35,
				16.5
			],
			"to": [
				7.885,
				8.1,
				17
			],
			"rotation": {
				"angle": 0,
				"axis": "y",
				"origin": [
					0,
					2.5,
					1.5
				]
			},
			"faces": {
				"north": {
					"uv": [
						8.5,
						12,
						8.75,
						12.5
					],
					"texture": "#2"
				},
				"east": {
					"uv": [
						12,
						8.5,
						12.25,
						9
					],
					"texture": "#2"
				},
				"south": {
					"uv": [
						9,
						12,
						9.25,
						12.5
					],
					"texture": "#2"
				},
				"west": {
					"uv": [
						12,
						9,
						12.25,
						9.5
					],
					"texture": "#2"
				},
				"up": {
					"uv": [
						12.75,
						0.75,
						12.5,
						0.5
					],
					"texture": "#2"
				},
				"down": {
					"uv": [
						1.25,
						12.5,
						1,
						12.75
					],
					"texture": "#2"
				}
			}
		},
		{
			"from": [
				7.885,
				7.35,
				16.5
			],
			"to": [
				8.135,
				7.875,
				17
			],
			"rotation": {
				"angle": 0,
				"axis": "y",
				"origin": [
					0,
					2.5,
					1.5
				]
			},
			"faces": {
				"north": {
					"uv": [
						12.5,
						1,
						12.75,
						1.25
					],
					"texture": "#2"
				},
				"east": {
					"uv": [
						1.5,
						12.5,
						1.75,
						12.75
					],
					"texture": "#2"
				},
				"south": {
					"uv": [
						12.5,
						1.5,
						12.75,
						1.75
					],
					"texture": "#2"
				},
				"west": {
					"uv": [
						2,
						12.5,
						2.25,
						12.75
					],
					"texture": "#2"
				},
				"up": {
					"uv": [
						12.75,
						2.25,
						12.5,
						2
					],
					"texture": "#2"
				},
				"down": {
					"uv": [
						2.75,
						12.5,
						2.5,
						12.75
					],
					"texture": "#2"
				}
			}
		},
		{
			"from": [
				7.96,
				7.35,
				5.25
			],
			"to": [
				8.11,
				7.975,
				5.75
			],
			"rotation": {
				"angle": 0,
				"axis": "y",
				"origin": [
					0,
					2.5,
					1.5
				]
			},
			"faces": {
				"north": {
					"uv": [
						12.5,
						2.5,
						12.75,
						2.75
					],
					"texture": "#2"
				},
				"east": {
					"uv": [
						3,
						12.5,
						3.25,
						12.75
					],
					"texture": "#2"
				},
				"south": {
					"uv": [
						12.5,
						3,
						12.75,
						3.25
					],
					"texture": "#2"
				},
				"west": {
					"uv": [
						3.5,
						12.5,
						3.75,
						12.75
					],
					"texture": "#2"
				},
				"up": {
					"uv": [
						12.75,
						3.75,
						12.5,
						3.5
					],
					"texture": "#2"
				},
				"down": {
					"uv": [
						4.25,
						12.5,
						4,
						12.75
					],
					"texture": "#2"
				}
			}
		}
	],
	"display": {
		"thirdperson_righthand": {
			"translation": [
				0,
				3,
				-7
			]
		},
		"thirdperson_lefthand": {
			"translation": [
				0,
				3,
				-7
			],
			"scale": [
				-1,
				1,
				1
			]
		},
		"firstperson_righthand": {
			"translation": [
				-2.75,
				6.75,
				-3.75
			]
		},
		"firstperson_lefthand": {
			"translation": [
				-2.75,
				6.75,
				-3.75
			],
			"scale": [
				-1,
				1,
				1
			]
		},
		"ground": {
			"translation": [
				0,
				3.75,
				-4.5
			]
		},
		"gui": {
			"rotation": [
				18,
				-143,
				2
			],
			"translation": [
				2.5,
				2.5,
				0.25
			],
			"scale": [
				1.09,
				1.09,
				1.09
			]
		},
		"fixed": {
			"rotation": [
				0,
				87,
				0
			],
			"translation": [
				-4,
				5.5,
				-1.25
			],
			"scale": [
				1.82,
				1.82,
				1.82
			]
		}
	}
}