{
	"credit": "Made with Blockbench",
	"texture_size": [
		64,
		64
	],
	"textures": {
		"0": "scguns_laf:item/lg8_grenade_launcher",
		"1": "scguns_laf:item/animated_lg8_texture",
		"particle": "scguns_laf:item/lg8_grenade_launcher"
	},
	"elements": [
		{
			"from": [
				5.5,
				-0.5,
				10
			],
			"to": [
				10.5,
				4.5,
				14
			],
			"rotation": {
				"angle": 0,
				"axis": "y",
				"origin": [
					0,
					0,
					-2
				]
			},
			"faces": {
				"north": {
					"uv": [
						1.5,
						2.5,
						2.75,
						3.75
					],
					"texture": "#1"
				},
				"east": {
					"uv": [
						3.25,
						1.25,
						4.25,
						2.5
					],
					"texture": "#1"
				},
				"south": {
					"uv": [
						2.75,
						2.5,
						4,
						3.75
					],
					"texture": "#1"
				},
				"west": {
					"uv": [
						1.25,
						3.75,
						2.25,
						5
					],
					"texture": "#1"
				},
				"up": {
					"uv": [
						3.5,
						4.75,
						2.25,
						3.75
					],
					"texture": "#1"
				},
				"down": {
					"uv": [
						4.75,
						3.75,
						3.5,
						4.75
					],
					"texture": "#1"
				}
			}
		},
		{
			"from": [
				5,
				-1,
				9.25
			],
			"to": [
				11,
				5,
				10
			],
			"faces": {
				"north": {
					"uv": [
						0,
						0,
						1.5,
						1.5
					],
					"texture": "#1"
				},
				"east": {
					"uv": [
						5.75,
						6.75,
						6,
						8.25
					],
					"texture": "#1"
				},
				"south": {
					"uv": [
						0,
						1.5,
						1.5,
						3
					],
					"texture": "#1"
				},
				"west": {
					"uv": [
						6,
						6.75,
						6.25,
						8.25
					],
					"texture": "#1"
				},
				"up": {
					"uv": [
						8.5,
						3.5,
						7,
						3.25
					],
					"texture": "#1"
				},
				"down": {
					"uv": [
						8.5,
						6.5,
						7,
						6.75
					],
					"texture": "#1"
				}
			}
		},
		{
			"from": [
				5.5,
				-0.5,
				7.25
			],
			"to": [
				10.5,
				4.5,
				9.25
			],
			"faces": {
				"north": {
					"uv": [
						0,
						3,
						1.25,
						4.25
					],
					"texture": "#1"
				},
				"east": {
					"uv": [
						0,
						6,
						0.5,
						7.25
					],
					"texture": "#1"
				},
				"south": {
					"uv": [
						3.25,
						0,
						4.5,
						1.25
					],
					"texture": "#1"
				},
				"west": {
					"uv": [
						0.5,
						6,
						1,
						7.25
					],
					"texture": "#1"
				},
				"up": {
					"uv": [
						5.75,
						1.25,
						4.5,
						0.75
					],
					"texture": "#1"
				},
				"down": {
					"uv": [
						7,
						0.75,
						5.75,
						1.25
					],
					"texture": "#1"
				}
			}
		},
		{
			"from": [
				5.5,
				-0.5,
				4.5
			],
			"to": [
				10.5,
				2.5,
				7.25
			],
			"faces": {
				"north": {
					"uv": [
						2.25,
						4.75,
						3.5,
						5.5
					],
					"texture": "#1"
				},
				"east": {
					"uv": [
						6.25,
						0,
						7,
						0.75
					],
					"texture": "#1"
				},
				"south": {
					"uv": [
						3.5,
						4.75,
						4.75,
						5.5
					],
					"texture": "#1"
				},
				"west": {
					"uv": [
						6.25,
						2.75,
						7,
						3.5
					],
					"texture": "#1"
				},
				"up": {
					"uv": [
						6,
						4.25,
						4.75,
						3.5
					],
					"texture": "#1"
				},
				"down": {
					"uv": [
						6,
						4.25,
						4.75,
						5
					],
					"texture": "#1"
				}
			}
		},
		{
			"from": [
				4.75,
				0.49,
				4.5
			],
			"to": [
				11.25,
				2.74,
				9.5
			],
			"faces": {
				"north": {
					"uv": [
						4.25,
						1.25,
						5.875,
						1.875
					],
					"texture": "#1"
				},
				"east": {
					"uv": [
						0,
						5.25,
						1.25,
						5.875
					],
					"texture": "#1"
				},
				"south": {
					"uv": [
						4.5,
						0,
						6.125,
						0.625
					],
					"texture": "#1"
				},
				"west": {
					"uv": [
						5.25,
						2,
						6.5,
						2.625
					],
					"texture": "#1"
				},
				"up": {
					"uv": [
						3.125,
						1.25,
						1.5,
						0
					],
					"texture": "#1"
				},
				"down": {
					"uv": [
						3.125,
						1.25,
						1.5,
						2.5
					],
					"texture": "#1"
				}
			}
		},
		{
			"from": [
				8,
				-1.01,
				1.75
			],
			"to": [
				11.5,
				1.24,
				4.5
			],
			"faces": {
				"north": {
					"uv": [
						3,
						6.25,
						3.875,
						6.875
					],
					"texture": "#1"
				},
				"east": {
					"uv": [
						6.5,
						5,
						7.25,
						5.625
					],
					"texture": "#1"
				},
				"south": {
					"uv": [
						6.25,
						5.75,
						7.125,
						6.375
					],
					"texture": "#1"
				},
				"west": {
					"uv": [
						6.25,
						6.5,
						7,
						7.125
					],
					"texture": "#1"
				},
				"up": {
					"uv": [
						6.125,
						3.5,
						5.25,
						2.75
					],
					"texture": "#1"
				},
				"down": {
					"uv": [
						2.875,
						5.5,
						2,
						6.25
					],
					"texture": "#1"
				}
			}
		},
		{
			"from": [
				4.5,
				-1.01,
				1.75
			],
			"to": [
				8,
				1.24,
				4.5
			],
			"faces": {
				"north": {
					"uv": [
						6.5,
						1.75,
						7.375,
						2.375
					],
					"texture": "#1"
				},
				"east": {
					"uv": [
						5,
						6.75,
						5.75,
						7.375
					],
					"texture": "#1"
				},
				"south": {
					"uv": [
						4,
						6.5,
						4.875,
						7.125
					],
					"texture": "#1"
				},
				"west": {
					"uv": [
						7,
						0,
						7.75,
						0.625
					],
					"texture": "#1"
				},
				"up": {
					"uv": [
						3.875,
						6.25,
						3,
						5.5
					],
					"texture": "#1"
				},
				"down": {
					"uv": [
						6.375,
						5,
						5.5,
						5.75
					],
					"texture": "#1"
				}
			}
		},
		{
			"from": [
				5.75,
				1.24,
				1.75
			],
			"to": [
				10.5,
				3.49,
				4.5
			],
			"faces": {
				"north": {
					"uv": [
						10.75,
						7.5,
						12,
						8.125
					],
					"texture": "#0"
				},
				"east": {
					"uv": [
						5.75,
						11.75,
						6.5,
						12.375
					],
					"texture": "#0"
				},
				"south": {
					"uv": [
						10.75,
						8.25,
						12,
						8.875
					],
					"texture": "#0"
				},
				"west": {
					"uv": [
						7.75,
						11.75,
						8.5,
						12.375
					],
					"texture": "#0"
				},
				"up": {
					"uv": [
						4,
						2.25,
						2.75,
						1.5
					],
					"texture": "#0"
				},
				"down": {
					"uv": [
						11.5,
						6.75,
						10.25,
						7.5
					],
					"texture": "#0"
				}
			}
		},
		{
			"from": [
				6.25,
				1.74,
				5
			],
			"to": [
				10,
				4.99,
				7.25
			],
			"faces": {
				"north": {
					"uv": [
						10.5,
						0,
						11.5,
						0.875
					],
					"texture": "#0"
				},
				"east": {
					"uv": [
						8.75,
						11.5,
						9.375,
						12.375
					],
					"texture": "#0"
				},
				"south": {
					"uv": [
						10.5,
						2.25,
						11.5,
						3.125
					],
					"texture": "#0"
				},
				"west": {
					"uv": [
						9.5,
						11.5,
						10.125,
						12.375
					],
					"texture": "#0"
				},
				"up": {
					"uv": [
						3.25,
						11.875,
						2.25,
						11.25
					],
					"texture": "#0"
				},
				"down": {
					"uv": [
						4.25,
						11.25,
						3.25,
						11.875
					],
					"texture": "#0"
				}
			}
		},
		{
			"from": [
				6.75,
				1.24,
				0.25
			],
			"to": [
				9.5,
				4.49,
				5
			],
			"faces": {
				"north": {
					"uv": [
						4,
						5.5,
						4.75,
						6.375
					],
					"texture": "#1"
				},
				"east": {
					"uv": [
						4,
						2.5,
						5.25,
						3.375
					],
					"texture": "#1"
				},
				"south": {
					"uv": [
						5.5,
						5.75,
						6.25,
						6.625
					],
					"texture": "#1"
				},
				"west": {
					"uv": [
						0,
						4.25,
						1.25,
						5.125
					],
					"texture": "#1"
				},
				"up": {
					"uv": [
						2,
						6.25,
						1.25,
						5
					],
					"texture": "#1"
				},
				"down": {
					"uv": [
						5.5,
						5,
						4.75,
						6.25
					],
					"texture": "#1"
				}
			}
		},
		{
			"from": [
				7,
				1.99,
				-4
			],
			"to": [
				9,
				3.99,
				1
			],
			"faces": {
				"north": {
					"uv": [
						5,
						6.25,
						5.5,
						6.75
					],
					"texture": "#1"
				},
				"east": {
					"uv": [
						6,
						1.25,
						7.25,
						1.75
					],
					"texture": "#1"
				},
				"south": {
					"uv": [
						0.5,
						7.25,
						1,
						7.75
					],
					"texture": "#1"
				},
				"west": {
					"uv": [
						6,
						3.5,
						7.25,
						4
					],
					"texture": "#1"
				},
				"up": {
					"uv": [
						1.5,
						7.5,
						1,
						6.25
					],
					"texture": "#1"
				},
				"down": {
					"uv": [
						2,
						6.25,
						1.5,
						7.5
					],
					"texture": "#1"
				}
			}
		},
		{
			"from": [
				7,
				1.99,
				-8.25
			],
			"to": [
				9,
				3.99,
				-4.75
			],
			"faces": {
				"north": {
					"uv": [
						1.5,
						4.25,
						2,
						4.75
					],
					"texture": "#0"
				},
				"east": {
					"uv": [
						1.5,
						3.75,
						2.375,
						4.25
					],
					"texture": "#0"
				},
				"south": {
					"uv": [
						2,
						4.25,
						2.5,
						4.75
					],
					"texture": "#0"
				},
				"west": {
					"uv": [
						3.5,
						3.75,
						4.375,
						4.25
					],
					"texture": "#0"
				},
				"up": {
					"uv": [
						4.5,
						0.875,
						4,
						0
					],
					"texture": "#0"
				},
				"down": {
					"uv": [
						4.5,
						1,
						4,
						1.875
					],
					"texture": "#0"
				}
			}
		},
		{
			"from": [
				7.25,
				1.49,
				-7.5
			],
			"to": [
				8.75,
				1.99,
				-6
			],
			"rotation": {
				"angle": 0,
				"axis": "y",
				"origin": [
					0,
					0,
					1.25
				]
			},
			"faces": {
				"north": {
					"uv": [
						5,
						0,
						5.375,
						0.125
					],
					"texture": "#0"
				},
				"east": {
					"uv": [
						5,
						0.25,
						5.375,
						0.375
					],
					"texture": "#0"
				},
				"south": {
					"uv": [
						0.5,
						5,
						0.875,
						5.125
					],
					"texture": "#0"
				},
				"west": {
					"uv": [
						5,
						0.5,
						5.375,
						0.625
					],
					"texture": "#0"
				},
				"up": {
					"uv": [
						4.875,
						2.875,
						4.5,
						2.5
					],
					"texture": "#0"
				},
				"down": {
					"uv": [
						4.875,
						3,
						4.5,
						3.375
					],
					"texture": "#0"
				}
			}
		},
		{
			"from": [
				7.25,
				0.99,
				-7.5
			],
			"to": [
				8.75,
				1.49,
				-6.25
			],
			"rotation": {
				"angle": 0,
				"axis": "y",
				"origin": [
					0,
					0,
					1.25
				]
			},
			"faces": {
				"north": {
					"uv": [
						5,
						0.75,
						5.375,
						0.875
					],
					"texture": "#0"
				},
				"east": {
					"uv": [
						5,
						1,
						5.375,
						1.125
					],
					"texture": "#0"
				},
				"south": {
					"uv": [
						5,
						1.25,
						5.375,
						1.375
					],
					"texture": "#0"
				},
				"west": {
					"uv": [
						1.5,
						5,
						1.875,
						5.125
					],
					"texture": "#0"
				},
				"up": {
					"uv": [
						3.875,
						4.875,
						3.5,
						4.5
					],
					"texture": "#0"
				},
				"down": {
					"uv": [
						4.875,
						3.5,
						4.5,
						3.875
					],
					"texture": "#0"
				}
			}
		},
		{
			"from": [
				8.75,
				0.74,
				-11.75
			],
			"to": [
				10,
				1.74,
				-6
			],
			"rotation": {
				"angle": -45,
				"axis": "x",
				"origin": [
					12,
					0.49,
					-6.75
				]
			},
			"faces": {
				"north": {
					"uv": [
						4.5,
						4.75,
						4.875,
						5
					],
					"texture": "#0"
				},
				"east": {
					"uv": [
						4.25,
						2.25,
						5.75,
						2.5
					],
					"texture": "#0"
				},
				"south": {
					"uv": [
						0,
						5,
						0.375,
						5.25
					],
					"texture": "#0"
				},
				"west": {
					"uv": [
						3.5,
						4.25,
						5,
						4.5
					],
					"texture": "#0"
				},
				"up": {
					"uv": [
						3.125,
						5,
						2.75,
						3.5
					],
					"texture": "#0"
				},
				"down": {
					"uv": [
						1.375,
						3.75,
						1,
						5.25
					],
					"texture": "#0"
				}
			}
		},
		{
			"from": [
				8.5,
				0.49,
				-12.5
			],
			"to": [
				10.25,
				1.99,
				-11.75
			],
			"rotation": {
				"angle": -45,
				"axis": "x",
				"origin": [
					12,
					0.49,
					-6.75
				]
			},
			"faces": {
				"north": {
					"uv": [
						4.5,
						0,
						5,
						0.375
					],
					"texture": "#0"
				},
				"east": {
					"uv": [
						1.25,
						1.25,
						1.5,
						1.625
					],
					"texture": "#0"
				},
				"south": {
					"uv": [
						4.5,
						0.5,
						5,
						0.875
					],
					"texture": "#0"
				},
				"west": {
					"uv": [
						1.25,
						1.75,
						1.5,
						2.125
					],
					"texture": "#0"
				},
				"up": {
					"uv": [
						4.5,
						4.75,
						4,
						4.5
					],
					"texture": "#0"
				},
				"down": {
					"uv": [
						5,
						4,
						4.5,
						4.25
					],
					"texture": "#0"
				}
			}
		},
		{
			"from": [
				5.75,
				0.49,
				-12.5
			],
			"to": [
				7.5,
				1.99,
				-11.75
			],
			"rotation": {
				"angle": -45,
				"axis": "x",
				"origin": [
					12,
					0.49,
					-6.75
				]
			},
			"faces": {
				"north": {
					"uv": [
						4.5,
						1,
						5,
						1.375
					],
					"texture": "#0"
				},
				"east": {
					"uv": [
						1.25,
						2.25,
						1.5,
						2.625
					],
					"texture": "#0"
				},
				"south": {
					"uv": [
						4.5,
						1.5,
						5,
						1.875
					],
					"texture": "#0"
				},
				"west": {
					"uv": [
						3.25,
						4.75,
						3.5,
						5.125
					],
					"texture": "#0"
				},
				"up": {
					"uv": [
						5,
						4.75,
						4.5,
						4.5
					],
					"texture": "#0"
				},
				"down": {
					"uv": [
						2,
						4.75,
						1.5,
						5
					],
					"texture": "#0"
				}
			}
		},
		{
			"from": [
				6,
				0.74,
				-11.75
			],
			"to": [
				7.25,
				1.74,
				-6
			],
			"rotation": {
				"angle": -45,
				"axis": "x",
				"origin": [
					12,
					0.49,
					-6.75
				]
			},
			"faces": {
				"north": {
					"uv": [
						2,
						4.75,
						2.375,
						5
					],
					"texture": "#0"
				},
				"east": {
					"uv": [
						2.75,
						2.25,
						4.25,
						2.5
					],
					"texture": "#0"
				},
				"south": {
					"uv": [
						4,
						4.75,
						4.375,
						5
					],
					"texture": "#0"
				},
				"west": {
					"uv": [
						4,
						2,
						5.5,
						2.25
					],
					"texture": "#0"
				},
				"up": {
					"uv": [
						0.375,
						5,
						0,
						3.5
					],
					"texture": "#0"
				},
				"down": {
					"uv": [
						0.875,
						3.5,
						0.5,
						5
					],
					"texture": "#0"
				}
			}
		},
		{
			"from": [
				7.25,
				2.24,
				-9.75
			],
			"to": [
				8.75,
				3.74,
				-3.5
			],
			"rotation": {
				"angle": 0,
				"axis": "y",
				"origin": [
					0,
					0,
					1.25
				]
			},
			"faces": {
				"north": {
					"uv": [
						7.25,
						6,
						7.625,
						6.375
					],
					"texture": "#1"
				},
				"east": {
					"uv": [
						6,
						4,
						7.625,
						4.375
					],
					"texture": "#1"
				},
				"south": {
					"uv": [
						6.25,
						7.25,
						6.625,
						7.625
					],
					"texture": "#1"
				},
				"west": {
					"uv": [
						6,
						4.5,
						7.625,
						4.875
					],
					"texture": "#1"
				},
				"up": {
					"uv": [
						2.375,
						7.875,
						2,
						6.25
					],
					"texture": "#1"
				},
				"down": {
					"uv": [
						2.875,
						6.25,
						2.5,
						7.875
					],
					"texture": "#1"
				}
			}
		},
		{
			"from": [
				6.75,
				1.74,
				-11
			],
			"to": [
				9.25,
				4.24,
				-9.75
			],
			"rotation": {
				"angle": 0,
				"axis": "y",
				"origin": [
					0,
					0,
					1.25
				]
			},
			"faces": {
				"north": {
					"uv": [
						7,
						2.5,
						7.625,
						3.125
					],
					"texture": "#1"
				},
				"east": {
					"uv": [
						3.75,
						7.25,
						4.125,
						7.875
					],
					"texture": "#1"
				},
				"south": {
					"uv": [
						3,
						7,
						3.625,
						7.625
					],
					"texture": "#1"
				},
				"west": {
					"uv": [
						4.25,
						7.25,
						4.625,
						7.875
					],
					"texture": "#1"
				},
				"up": {
					"uv": [
						7.875,
						1.625,
						7.25,
						1.25
					],
					"texture": "#1"
				},
				"down": {
					"uv": [
						7.875,
						3.5,
						7.25,
						3.875
					],
					"texture": "#1"
				}
			}
		},
		{
			"from": [
				2,
				-2.75,
				4.5
			],
			"to": [
				8.25,
				0.5,
				9.5
			],
			"faces": {
				"north": {
					"uv": [
						5.5,
						0,
						7.125,
						0.875
					],
					"texture": "#0"
				},
				"east": {
					"uv": [
						9,
						9.75,
						10.25,
						10.625
					],
					"texture": "#0"
				},
				"south": {
					"uv": [
						7.25,
						0,
						8.875,
						0.875
					],
					"texture": "#0"
				},
				"west": {
					"uv": [
						1.25,
						10,
						2.5,
						10.875
					],
					"texture": "#0"
				},
				"up": {
					"uv": [
						10.375,
						5.5,
						8.75,
						4.25
					],
					"texture": "#0"
				},
				"down": {
					"uv": [
						6.375,
						8.75,
						4.75,
						10
					],
					"texture": "#0"
				}
			}
		},
		{
			"from": [
				2,
				-2,
				4.75
			],
			"to": [
				6,
				-0.25,
				9.25
			],
			"rotation": {
				"angle": 22.5,
				"axis": "z",
				"origin": [
					0,
					0,
					0
				]
			},
			"faces": {
				"north": {
					"uv": [
						8.25,
						2.5,
						9.25,
						3
					],
					"texture": "#0"
				},
				"east": {
					"uv": [
						11.25,
						5.5,
						12.375,
						6
					],
					"texture": "#0"
				},
				"south": {
					"uv": [
						11.5,
						10.75,
						12.5,
						11.25
					],
					"texture": "#0"
				},
				"west": {
					"uv": [
						11.25,
						6,
						12.375,
						6.5
					],
					"texture": "#0"
				},
				"up": {
					"uv": [
						10.75,
						8.875,
						9.75,
						7.75
					],
					"texture": "#0"
				},
				"down": {
					"uv": [
						9,
						9.75,
						8,
						10.875
					],
					"texture": "#0"
				}
			}
		},
		{
			"from": [
				3.37604,
				-3.38363,
				4.75
			],
			"to": [
				6.87604,
				-1.63363,
				9.25
			],
			"rotation": {
				"angle": -22.5,
				"axis": "z",
				"origin": [
					4.12604,
					0.49137,
					7
				]
			},
			"faces": {
				"north": {
					"uv": [
						2.75,
						12,
						3.625,
						12.5
					],
					"texture": "#0"
				},
				"east": {
					"uv": [
						11.25,
						9.75,
						12.375,
						10.25
					],
					"texture": "#0"
				},
				"south": {
					"uv": [
						3.75,
						12,
						4.625,
						12.5
					],
					"texture": "#0"
				},
				"west": {
					"uv": [
						11.25,
						10.25,
						12.375,
						10.75
					],
					"texture": "#0"
				},
				"up": {
					"uv": [
						7.625,
						11.125,
						6.75,
						10
					],
					"texture": "#0"
				},
				"down": {
					"uv": [
						11.125,
						5.5,
						10.25,
						6.625
					],
					"texture": "#0"
				}
			}
		},
		{
			"from": [
				4.63284,
				-4.38362,
				4.75
			],
			"to": [
				7.88284,
				-2.63362,
				9.25
			],
			"rotation": {
				"angle": 22.5,
				"axis": "z",
				"origin": [
					4.13284,
					-2.75862,
					7
				]
			},
			"faces": {
				"north": {
					"uv": [
						4.75,
						12,
						5.625,
						12.5
					],
					"texture": "#0"
				},
				"east": {
					"uv": [
						11.5,
						0,
						12.625,
						0.5
					],
					"texture": "#0"
				},
				"south": {
					"uv": [
						12,
						4.75,
						12.875,
						5.25
					],
					"texture": "#0"
				},
				"west": {
					"uv": [
						11.5,
						0.5,
						12.625,
						1
					],
					"texture": "#0"
				},
				"up": {
					"uv": [
						11.125,
						10.875,
						10.25,
						9.75
					],
					"texture": "#0"
				},
				"down": {
					"uv": [
						0.875,
						10.5,
						0,
						11.625
					],
					"texture": "#0"
				}
			}
		},
		{
			"from": [
				10,
				0,
				11.5
			],
			"to": [
				11.5,
				2,
				14.5
			],
			"faces": {
				"north": {
					"uv": [
						7.25,
						5,
						7.625,
						5.5
					],
					"texture": "#1"
				},
				"east": {
					"uv": [
						4.25,
						2,
						5,
						2.5
					],
					"texture": "#1"
				},
				"south": {
					"uv": [
						7.25,
						5.5,
						7.625,
						6
					],
					"texture": "#1"
				},
				"west": {
					"uv": [
						7,
						0.75,
						7.75,
						1.25
					],
					"texture": "#1"
				},
				"up": {
					"uv": [
						7.375,
						7.5,
						7,
						6.75
					],
					"texture": "#1"
				},
				"down": {
					"uv": [
						0.375,
						7.25,
						0,
						8
					],
					"texture": "#1"
				}
			}
		},
		{
			"from": [
				11.25,
				3,
				7.5
			],
			"to": [
				12.75,
				4,
				11.5
			],
			"rotation": {
				"angle": 22.5,
				"axis": "x",
				"origin": [
					12,
					2.75,
					9.25
				]
			},
			"faces": {
				"north": {
					"uv": [
						1,
						5.25,
						1.375,
						5.5
					],
					"texture": "#0"
				},
				"east": {
					"uv": [
						5,
						4.5,
						6,
						4.75
					],
					"texture": "#0"
				},
				"south": {
					"uv": [
						1.5,
						5.25,
						1.875,
						5.5
					],
					"texture": "#0"
				},
				"west": {
					"uv": [
						5,
						4.75,
						6,
						5
					],
					"texture": "#0"
				},
				"up": {
					"uv": [
						5.375,
						3.5,
						5,
						2.5
					],
					"texture": "#0"
				},
				"down": {
					"uv": [
						3.125,
						5,
						2.75,
						6
					],
					"texture": "#0"
				}
			}
		},
		{
			"from": [
				11.25,
				1.5,
				7.5
			],
			"to": [
				12.75,
				2.75,
				11.5
			],
			"rotation": {
				"angle": 22.5,
				"axis": "x",
				"origin": [
					12,
					2.75,
					9.25
				]
			},
			"faces": {
				"north": {
					"uv": [
						0,
						5.25,
						0.375,
						5.625
					],
					"texture": "#0"
				},
				"east": {
					"uv": [
						5,
						1.5,
						6,
						1.875
					],
					"texture": "#0"
				},
				"south": {
					"uv": [
						0.5,
						5.25,
						0.875,
						5.625
					],
					"texture": "#0"
				},
				"west": {
					"uv": [
						3.5,
						5,
						4.5,
						5.375
					],
					"texture": "#0"
				},
				"up": {
					"uv": [
						5.375,
						4.5,
						5,
						3.5
					],
					"texture": "#0"
				},
				"down": {
					"uv": [
						4.875,
						5,
						4.5,
						6
					],
					"texture": "#0"
				}
			}
		},
		{
			"from": [
				11.25,
				1,
				7.5
			],
			"to": [
				12.75,
				1.5,
				9.75
			],
			"rotation": {
				"angle": 22.5,
				"axis": "x",
				"origin": [
					12,
					2.75,
					9.25
				]
			},
			"faces": {
				"north": {
					"uv": [
						3.5,
						5.5,
						3.875,
						5.625
					],
					"texture": "#0"
				},
				"east": {
					"uv": [
						1,
						5.5,
						1.625,
						5.625
					],
					"texture": "#0"
				},
				"south": {
					"uv": [
						5.5,
						3.5,
						5.875,
						3.625
					],
					"texture": "#0"
				},
				"west": {
					"uv": [
						5.5,
						1,
						6.125,
						1.125
					],
					"texture": "#0"
				},
				"up": {
					"uv": [
						2.375,
						5.625,
						2,
						5
					],
					"texture": "#0"
				},
				"down": {
					"uv": [
						5.375,
						5,
						5,
						5.625
					],
					"texture": "#0"
				}
			}
		},
		{
			"from": [
				10.75,
				2,
				11.75
			],
			"to": [
				11.25,
				3,
				12.25
			],
			"rotation": {
				"angle": 0,
				"axis": "y",
				"origin": [
					0.25,
					2,
					-3.5
				]
			},
			"faces": {
				"north": {
					"uv": [
						7.75,
						10.75,
						7.875,
						11
					],
					"texture": "#0"
				},
				"east": {
					"uv": [
						2.25,
						11,
						2.375,
						11.25
					],
					"texture": "#0"
				},
				"south": {
					"uv": [
						8.75,
						11,
						8.875,
						11.25
					],
					"texture": "#0"
				},
				"west": {
					"uv": [
						11.25,
						6.5,
						11.375,
						6.75
					],
					"texture": "#0"
				},
				"up": {
					"uv": [
						6.375,
						12.625,
						6.25,
						12.5
					],
					"texture": "#0"
				},
				"down": {
					"uv": [
						12.625,
						6.25,
						12.5,
						6.375
					],
					"texture": "#0"
				}
			}
		},
		{
			"from": [
				10,
				2.5,
				14
			],
			"to": [
				10.75,
				3,
				14.5
			],
			"rotation": {
				"angle": 0,
				"axis": "y",
				"origin": [
					-0.25,
					2,
					0
				]
			},
			"faces": {
				"north": {
					"uv": [
						10,
						6.25,
						10.25,
						6.375
					],
					"texture": "#0"
				},
				"east": {
					"uv": [
						2,
						11.75,
						2.125,
						11.875
					],
					"texture": "#0"
				},
				"south": {
					"uv": [
						1,
						10.5,
						1.25,
						10.625
					],
					"texture": "#0"
				},
				"west": {
					"uv": [
						11.75,
						4.75,
						11.875,
						4.875
					],
					"texture": "#0"
				},
				"up": {
					"uv": [
						10.75,
						1.125,
						10.5,
						1
					],
					"texture": "#0"
				},
				"down": {
					"uv": [
						1.25,
						10.75,
						1,
						10.875
					],
					"texture": "#0"
				}
			}
		},
		{
			"from": [
				10.75,
				2.5,
				12.25
			],
			"to": [
				11.25,
				3,
				14.5
			],
			"rotation": {
				"angle": 0,
				"axis": "y",
				"origin": [
					0.25,
					2,
					0
				]
			},
			"faces": {
				"north": {
					"uv": [
						6,
						12.5,
						6.125,
						12.625
					],
					"texture": "#0"
				},
				"east": {
					"uv": [
						10.5,
						3.25,
						11.125,
						3.375
					],
					"texture": "#0"
				},
				"south": {
					"uv": [
						12.5,
						6,
						12.625,
						6.125
					],
					"texture": "#0"
				},
				"west": {
					"uv": [
						12.5,
						5.5,
						13.125,
						5.625
					],
					"texture": "#0"
				},
				"up": {
					"uv": [
						7.875,
						10.625,
						7.75,
						10
					],
					"texture": "#0"
				},
				"down": {
					"uv": [
						5.875,
						12.5,
						5.75,
						13.125
					],
					"texture": "#0"
				}
			}
		},
		{
			"from": [
				11.75,
				2,
				11
			],
			"to": [
				12.25,
				2.5,
				12.75
			],
			"rotation": {
				"angle": 0,
				"axis": "y",
				"origin": [
					0.25,
					2,
					0
				]
			},
			"faces": {
				"north": {
					"uv": [
						5.5,
						5.25,
						5.625,
						5.375
					],
					"texture": "#0"
				},
				"east": {
					"uv": [
						5.5,
						1.25,
						6,
						1.375
					],
					"texture": "#0"
				},
				"south": {
					"uv": [
						5.5,
						5.5,
						5.625,
						5.625
					],
					"texture": "#0"
				},
				"west": {
					"uv": [
						5.5,
						2,
						6,
						2.125
					],
					"texture": "#0"
				},
				"up": {
					"uv": [
						3.375,
						5.75,
						3.25,
						5.25
					],
					"texture": "#0"
				},
				"down": {
					"uv": [
						1.875,
						5.5,
						1.75,
						6
					],
					"texture": "#0"
				}
			}
		},
		{
			"from": [
				10.5,
				2,
				12.25
			],
			"to": [
				11.75,
				2.5,
				12.75
			],
			"rotation": {
				"angle": 0,
				"axis": "y",
				"origin": [
					0.25,
					2,
					0
				]
			},
			"faces": {
				"north": {
					"uv": [
						5.5,
						2.5,
						5.875,
						2.625
					],
					"texture": "#0"
				},
				"east": {
					"uv": [
						5.5,
						4.25,
						5.625,
						4.375
					],
					"texture": "#0"
				},
				"south": {
					"uv": [
						5.5,
						2.75,
						5.875,
						2.875
					],
					"texture": "#0"
				},
				"west": {
					"uv": [
						5.5,
						5,
						5.625,
						5.125
					],
					"texture": "#0"
				},
				"up": {
					"uv": [
						5.875,
						3.125,
						5.5,
						3
					],
					"texture": "#0"
				},
				"down": {
					"uv": [
						5.875,
						3.25,
						5.5,
						3.375
					],
					"texture": "#0"
				}
			}
		},
		{
			"from": [
				11.75,
				1.75,
				10.25
			],
			"to": [
				12.25,
				2.75,
				11
			],
			"rotation": {
				"angle": 0,
				"axis": "y",
				"origin": [
					0.25,
					2,
					0
				]
			},
			"faces": {
				"north": {
					"uv": [
						5.5,
						3.75,
						5.625,
						4
					],
					"texture": "#0"
				},
				"east": {
					"uv": [
						1.25,
						2.75,
						1.5,
						3
					],
					"texture": "#0"
				},
				"south": {
					"uv": [
						4,
						5.5,
						4.125,
						5.75
					],
					"texture": "#0"
				},
				"west": {
					"uv": [
						1,
						3.5,
						1.25,
						3.75
					],
					"texture": "#0"
				},
				"up": {
					"uv": [
						5.625,
						4.25,
						5.5,
						4
					],
					"texture": "#0"
				},
				"down": {
					"uv": [
						4.375,
						5.5,
						4.25,
						5.75
					],
					"texture": "#0"
				}
			}
		},
		{
			"from": [
				6.5,
				2,
				8
			],
			"to": [
				11.5,
				3,
				9
			],
			"rotation": {
				"angle": 0,
				"axis": "y",
				"origin": [
					8,
					4.75,
					8.5
				]
			},
			"faces": {
				"north": {
					"uv": [
						1.5,
						2.75,
						2.75,
						3
					],
					"texture": "#0"
				},
				"east": {
					"uv": [
						0.5,
						9.25,
						0.75,
						9.5
					],
					"texture": "#0"
				},
				"south": {
					"uv": [
						2.75,
						2.5,
						4,
						2.75
					],
					"texture": "#0"
				},
				"west": {
					"uv": [
						1.25,
						9.25,
						1.5,
						9.5
					],
					"texture": "#0"
				},
				"up": {
					"uv": [
						13.25,
						12.25,
						12,
						12
					],
					"texture": "#0"
				},
				"down": {
					"uv": [
						2,
						12.25,
						0.75,
						12.5
					],
					"texture": "#0"
				}
			}
		},
		{
			"from": [
				5.25,
				6.25,
				8.75
			],
			"to": [
				11.5,
				7.25,
				9.75
			],
			"rotation": {
				"angle": 22.5,
				"axis": "x",
				"origin": [
					8,
					4.75,
					8.5
				]
			},
			"faces": {
				"north": {
					"uv": [
						11.5,
						3,
						13.125,
						3.25
					],
					"texture": "#0"
				},
				"east": {
					"uv": [
						9.25,
						1.75,
						9.5,
						2
					],
					"texture": "#0"
				},
				"south": {
					"uv": [
						11.5,
						7.25,
						13.125,
						7.5
					],
					"texture": "#0"
				},
				"west": {
					"uv": [
						10,
						6,
						10.25,
						6.25
					],
					"texture": "#0"
				},
				"up": {
					"uv": [
						13.125,
						11.5,
						11.5,
						11.25
					],
					"texture": "#0"
				},
				"down": {
					"uv": [
						13.625,
						5.25,
						12,
						5.5
					],
					"texture": "#0"
				}
			}
		},
		{
			"from": [
				10.75,
				2.25,
				9
			],
			"to": [
				11.25,
				7.5,
				9.5
			],
			"rotation": {
				"angle": 22.5,
				"axis": "x",
				"origin": [
					8,
					4.75,
					8.5
				]
			},
			"faces": {
				"north": {
					"uv": [
						6.5,
						11.75,
						6.625,
						13.125
					],
					"texture": "#0"
				},
				"east": {
					"uv": [
						8.5,
						11.75,
						8.625,
						13.125
					],
					"texture": "#0"
				},
				"south": {
					"uv": [
						1.75,
						12.5,
						1.875,
						13.875
					],
					"texture": "#0"
				},
				"west": {
					"uv": [
						4.5,
						12.5,
						4.625,
						13.875
					],
					"texture": "#0"
				},
				"up": {
					"uv": [
						8.875,
						11.375,
						8.75,
						11.25
					],
					"texture": "#0"
				},
				"down": {
					"uv": [
						11.375,
						10.75,
						11.25,
						10.875
					],
					"texture": "#0"
				}
			}
		},
		{
			"from": [
				7.501,
				4.29289,
				11.99289
			],
			"to": [
				8.499,
				5,
				13.5
			],
			"rotation": {
				"angle": -45,
				"axis": "x",
				"origin": [
					8,
					5,
					13.5
				]
			},
			"faces": {
				"east": {
					"uv": [
						10.25,
						7.5,
						10.625,
						7.625
					],
					"texture": "#0"
				},
				"west": {
					"uv": [
						12.5,
						5.75,
						12.875,
						5.875
					],
					"texture": "#0"
				},
				"up": {
					"uv": [
						9.25,
						0.375,
						9,
						0
					],
					"texture": "#0"
				}
			}
		},
		{
			"from": [
				7.5,
				4,
				13.5
			],
			"to": [
				8.5,
				5,
				17.5
			],
			"rotation": {
				"angle": 0,
				"axis": "y",
				"origin": [
					8,
					-3,
					6
				]
			},
			"faces": {
				"north": {
					"uv": [
						1.25,
						1,
						1.5,
						1.25
					],
					"texture": "#0"
				},
				"east": {
					"uv": [
						3,
						1.25,
						4,
						1.5
					],
					"texture": "#0"
				},
				"south": {
					"uv": [
						3.25,
						4.5,
						3.5,
						4.75
					],
					"texture": "#0"
				},
				"west": {
					"uv": [
						9.5,
						2.25,
						10.5,
						2.5
					],
					"texture": "#0"
				},
				"up": {
					"uv": [
						1.5,
						1,
						1.25,
						0
					],
					"texture": "#0"
				},
				"down": {
					"uv": [
						3.5,
						3.5,
						3.25,
						4.5
					],
					"texture": "#0"
				}
			}
		},
		{
			"from": [
				7.501,
				2.5,
				16.5
			],
			"to": [
				8.499,
				4,
				17.5
			],
			"rotation": {
				"angle": 0,
				"axis": "y",
				"origin": [
					8,
					-3.1996,
					6.2
				]
			},
			"faces": {
				"north": {
					"uv": [
						9,
						0.5,
						9.25,
						0.875
					],
					"texture": "#0"
				},
				"east": {
					"uv": [
						9.25,
						1.25,
						9.5,
						1.625
					],
					"texture": "#0"
				},
				"south": {
					"uv": [
						9.25,
						3.75,
						9.5,
						4.125
					],
					"texture": "#0"
				},
				"west": {
					"uv": [
						10,
						5.5,
						10.25,
						5.875
					],
					"texture": "#0"
				},
				"up": {
					"uv": [
						6.5,
						8.5,
						6.25,
						8.25
					],
					"texture": "#0"
				},
				"down": {
					"uv": [
						8,
						8.25,
						7.75,
						8.5
					],
					"texture": "#0"
				}
			}
		},
		{
			"from": [
				7.5,
				1.12363,
				15.94843
			],
			"to": [
				8.5,
				2.12363,
				18.06976
			],
			"rotation": {
				"angle": -45,
				"axis": "x",
				"origin": [
					7.5,
					1.12406,
					16.12346
				]
			},
			"faces": {
				"north": {
					"uv": [
						6,
						8.5,
						6.25,
						8.75
					],
					"texture": "#0"
				},
				"east": {
					"uv": [
						3.5,
						3.5,
						4,
						3.75
					],
					"texture": "#0"
				},
				"south": {
					"uv": [
						8.5,
						6,
						8.75,
						6.25
					],
					"texture": "#0"
				},
				"west": {
					"uv": [
						7.25,
						8.25,
						7.75,
						8.5
					],
					"texture": "#0"
				},
				"up": {
					"uv": [
						2.75,
						5.75,
						2.5,
						5.25
					],
					"texture": "#0"
				},
				"down": {
					"uv": [
						6.5,
						7.25,
						6.25,
						7.75
					],
					"texture": "#0"
				}
			}
		},
		{
			"from": [
				7.501,
				1,
				14
			],
			"to": [
				8.499,
				2,
				16
			],
			"rotation": {
				"angle": 0,
				"axis": "y",
				"origin": [
					8,
					-6,
					6
				]
			},
			"faces": {
				"north": {
					"uv": [
						8.5,
						8.25,
						8.75,
						8.5
					],
					"texture": "#0"
				},
				"east": {
					"uv": [
						8.25,
						7.75,
						8.75,
						8
					],
					"texture": "#0"
				},
				"south": {
					"uv": [
						4,
						9,
						4.25,
						9.25
					],
					"texture": "#0"
				},
				"west": {
					"uv": [
						4,
						8.75,
						4.5,
						9
					],
					"texture": "#0"
				},
				"up": {
					"uv": [
						1.5,
						9.25,
						1.25,
						8.75
					],
					"texture": "#0"
				},
				"down": {
					"uv": [
						3.5,
						8.75,
						3.25,
						9.25
					],
					"texture": "#0"
				}
			}
		}
	],
	"display": {
		"thirdperson_righthand": {
			"rotation": [
				64,
				0,
				0
			],
			"translation": [
				0,
				6.5,
				2.25
			],
			"scale": [
				1.12,
				1.12,
				1.12
			]
		},
		"thirdperson_lefthand": {
			"rotation": [
				64,
				0,
				0
			],
			"translation": [
				0,
				6.5,
				2.25
			],
			"scale": [
				-1.12,
				1.12,
				1.12
			]
		},
		"firstperson_righthand": {
			"translation": [
				-1.75,
				6,
				-5.75
			],
			"scale": [
				1.16,
				1.16,
				1.16
			]
		},
		"firstperson_lefthand": {
			"translation": [
				-1.75,
				6,
				-5.75
			],
			"scale": [
				-1.16,
				1.16,
				1.16
			]
		},
		"ground": {
			"translation": [
				0,
				6.5,
				5.25
			]
		},
		"gui": {
			"rotation": [
				23,
				-147,
				0
			],
			"translation": [
				-2.5,
				6,
				0
			],
			"scale": [
				0.78,
				0.78,
				0.78
			]
		},
		"fixed": {
			"rotation": [
				0,
				89,
				0
			],
			"translation": [
				3.75,
				6.5,
				-5
			]
		}
	}
}