{
	"credit": "Made with Blockbench",
	"texture_size": [
		32,
		32
	],
	"textures": {
		"1": "scguns_laf:item/new_lm_sekora_texture",
		"particle": "scguns_laf:item/new_lm_sekora_texture"
	},
	"elements": [
		{
			"from": [
				7.5,
				-0.65,
				13.75
			],
			"to": [
				8.5,
				4.55,
				15.65
			],
			"rotation": {
				"angle": -22.5,
				"axis": "x",
				"origin": [
					8,
					1,
					15
				]
			},
			"faces": {
				"north": {
					"uv": [
						2,
						7.5,
						2.5,
						10
					],
					"texture": "#1"
				},
				"east": {
					"uv": [
						2,
						5,
						3,
						7.5
					],
					"texture": "#1"
				},
				"south": {
					"uv": [
						2.5,
						7.5,
						3,
						10
					],
					"texture": "#1"
				},
				"west": {
					"uv": [
						5,
						2,
						6,
						4.5
					],
					"texture": "#1"
				},
				"up": {
					"uv": [
						5.5,
						11,
						5,
						10
					],
					"texture": "#1"
				},
				"down": {
					"uv": [
						6,
						10,
						5.5,
						11
					],
					"texture": "#1"
				}
			}
		},
		{
			"from": [
				7.15,
				-0.8,
				13.3
			],
			"to": [
				8.85,
				0.5,
				15.8
			],
			"rotation": {
				"angle": -22.5,
				"axis": "x",
				"origin": [
					8,
					1,
					15
				]
			},
			"faces": {
				"north": {
					"uv": [
						9.5,
						2.5,
						10.25,
						3.25
					],
					"texture": "#1"
				},
				"east": {
					"uv": [
						8,
						4.5,
						9.25,
						5.25
					],
					"texture": "#1"
				},
				"south": {
					"uv": [
						9.5,
						3.5,
						10.25,
						4.25
					],
					"texture": "#1"
				},
				"west": {
					"uv": [
						8,
						5.5,
						9.25,
						6.25
					],
					"texture": "#1"
				},
				"up": {
					"uv": [
						8.75,
						7.75,
						8,
						6.5
					],
					"texture": "#1"
				},
				"down": {
					"uv": [
						8.75,
						8,
						8,
						9.25
					],
					"texture": "#1"
				}
			}
		},
		{
			"from": [
				7.24,
				-0.4,
				13.6
			],
			"to": [
				8.76,
				4.1,
				15.3
			],
			"rotation": {
				"angle": -22.5,
				"axis": "x",
				"origin": [
					8,
					1,
					15
				]
			},
			"faces": {
				"north": {
					"uv": [
						6,
						4,
						6.75,
						6.25
					],
					"texture": "#1"
				},
				"east": {
					"uv": [
						5,
						6.5,
						5.75,
						8.75
					],
					"texture": "#1"
				},
				"south": {
					"uv": [
						6,
						6.5,
						6.75,
						8.75
					],
					"texture": "#1"
				},
				"west": {
					"uv": [
						7,
						0,
						7.75,
						2.25
					],
					"texture": "#1"
				},
				"up": {
					"uv": [
						4.75,
						10.25,
						4,
						9.5
					],
					"texture": "#1"
				},
				"down": {
					"uv": [
						10.25,
						4.5,
						9.5,
						5.25
					],
					"texture": "#1"
				}
			}
		},
		{
			"from": [
				7.25,
				2.84767,
				6.95233
			],
			"to": [
				8.75,
				5.74767,
				12.35233
			],
			"rotation": {
				"angle": 0,
				"axis": "y",
				"origin": [
					8,
					4.74767,
					11.25233
				]
			},
			"faces": {
				"north": {
					"uv": [
						8,
						1,
						8.75,
						2.5
					],
					"texture": "#1"
				},
				"east": {
					"uv": [
						2,
						2,
						4.75,
						3.5
					],
					"texture": "#1"
				},
				"south": {
					"uv": [
						4,
						8,
						4.75,
						9.5
					],
					"texture": "#1"
				},
				"west": {
					"uv": [
						2,
						3.5,
						4.75,
						5
					],
					"texture": "#1"
				},
				"up": {
					"uv": [
						3.75,
						7.75,
						3,
						5
					],
					"texture": "#1"
				},
				"down": {
					"uv": [
						4.75,
						5,
						4,
						7.75
					],
					"texture": "#1"
				}
			}
		},
		{
			"from": [
				7.26,
				2.84767,
				12.35233
			],
			"to": [
				8.74,
				5.54767,
				13.35233
			],
			"rotation": {
				"angle": 0,
				"axis": "y",
				"origin": [
					8,
					4.74767,
					11.25233
				]
			},
			"faces": {
				"north": {
					"uv": [
						0,
						8.5,
						0.75,
						9.75
					],
					"texture": "#1"
				},
				"east": {
					"uv": [
						9,
						6.5,
						9.5,
						7.75
					],
					"texture": "#1"
				},
				"south": {
					"uv": [
						1,
						8.5,
						1.75,
						9.75
					],
					"texture": "#1"
				},
				"west": {
					"uv": [
						9,
						8,
						9.5,
						9.25
					],
					"texture": "#1"
				},
				"up": {
					"uv": [
						7.75,
						10.5,
						7,
						10
					],
					"texture": "#1"
				},
				"down": {
					"uv": [
						10.75,
						9.5,
						10,
						10
					],
					"texture": "#1"
				}
			}
		},
		{
			"from": [
				7.75,
				1.44767,
				11.55233
			],
			"to": [
				8.25,
				1.94767,
				13.15233
			],
			"rotation": {
				"angle": 0,
				"axis": "y",
				"origin": [
					8,
					4.74767,
					11.25233
				]
			},
			"faces": {
				"north": {
					"uv": [
						1,
						11.5,
						1.25,
						11.75
					],
					"texture": "#1"
				},
				"east": {
					"uv": [
						0.5,
						11,
						1.25,
						11.25
					],
					"texture": "#1"
				},
				"south": {
					"uv": [
						11.5,
						1.5,
						11.75,
						1.75
					],
					"texture": "#1"
				},
				"west": {
					"uv": [
						11,
						1,
						11.75,
						1.25
					],
					"texture": "#1"
				},
				"up": {
					"uv": [
						1.75,
						11.75,
						1.5,
						11
					],
					"texture": "#1"
				},
				"down": {
					"uv": [
						11.25,
						1.5,
						11,
						2.25
					],
					"texture": "#1"
				}
			}
		},
		{
			"from": [
				7.75,
				1.94767,
				12.65233
			],
			"to": [
				8.25,
				3.14767,
				13.15233
			],
			"rotation": {
				"angle": 0,
				"axis": "y",
				"origin": [
					8,
					4.74767,
					11.25233
				]
			},
			"faces": {
				"north": {
					"uv": [
						9,
						11,
						9.25,
						11.5
					],
					"texture": "#1"
				},
				"east": {
					"uv": [
						9.5,
						11,
						9.75,
						11.5
					],
					"texture": "#1"
				},
				"south": {
					"uv": [
						11,
						9.5,
						11.25,
						10
					],
					"texture": "#1"
				},
				"west": {
					"uv": [
						10,
						11,
						10.25,
						11.5
					],
					"texture": "#1"
				},
				"up": {
					"uv": [
						11.75,
						2.25,
						11.5,
						2
					],
					"texture": "#1"
				},
				"down": {
					"uv": [
						11.75,
						3.5,
						11.5,
						3.75
					],
					"texture": "#1"
				}
			}
		},
		{
			"from": [
				7.65,
				1.44767,
				10.45233
			],
			"to": [
				8.35,
				2.84767,
				11.55233
			],
			"rotation": {
				"angle": 0,
				"axis": "y",
				"origin": [
					8,
					4.74767,
					11.25233
				]
			},
			"faces": {
				"north": {
					"uv": [
						2,
						11,
						2.25,
						11.75
					],
					"texture": "#1"
				},
				"east": {
					"uv": [
						10,
						10,
						10.5,
						10.75
					],
					"texture": "#1"
				},
				"south": {
					"uv": [
						2.5,
						11,
						2.75,
						11.75
					],
					"texture": "#1"
				},
				"west": {
					"uv": [
						10.5,
						2.5,
						11,
						3.25
					],
					"texture": "#1"
				},
				"up": {
					"uv": [
						11.25,
						10.5,
						11,
						10
					],
					"texture": "#1"
				},
				"down": {
					"uv": [
						10.75,
						11,
						10.5,
						11.5
					],
					"texture": "#1"
				}
			}
		},
		{
			"from": [
				7.65,
				2.04767,
				12.25233
			],
			"to": [
				8.35,
				3.14767,
				12.55233
			],
			"rotation": {
				"angle": 0,
				"axis": "y",
				"origin": [
					8,
					4.74767,
					11.25233
				]
			},
			"faces": {
				"north": {
					"uv": [
						11,
						10.5,
						11.25,
						11
					],
					"texture": "#1"
				},
				"east": {
					"uv": [
						11,
						11,
						11.25,
						11.5
					],
					"texture": "#1"
				},
				"south": {
					"uv": [
						0,
						11.5,
						0.25,
						12
					],
					"texture": "#1"
				},
				"west": {
					"uv": [
						0.5,
						11.5,
						0.75,
						12
					],
					"texture": "#1"
				},
				"up": {
					"uv": [
						11.75,
						4.25,
						11.5,
						4
					],
					"texture": "#1"
				},
				"down": {
					"uv": [
						4.75,
						11.5,
						4.5,
						11.75
					],
					"texture": "#1"
				}
			}
		},
		{
			"from": [
				7.45,
				2.24767,
				8.75233
			],
			"to": [
				8.55,
				3.44767,
				10.45233
			],
			"rotation": {
				"angle": 0,
				"axis": "y",
				"origin": [
					8,
					2.14767,
					7.65233
				]
			},
			"faces": {
				"north": {
					"uv": [
						8,
						10.5,
						8.5,
						11
					],
					"texture": "#1"
				},
				"east": {
					"uv": [
						10.5,
						3.5,
						11.25,
						4
					],
					"texture": "#1"
				},
				"south": {
					"uv": [
						10.5,
						8,
						11,
						8.5
					],
					"texture": "#1"
				},
				"west": {
					"uv": [
						4,
						10.5,
						4.75,
						11
					],
					"texture": "#1"
				},
				"up": {
					"uv": [
						11,
						4.75,
						10.5,
						4
					],
					"texture": "#1"
				},
				"down": {
					"uv": [
						11,
						5,
						10.5,
						5.75
					],
					"texture": "#1"
				}
			}
		},
		{
			"from": [
				7.36,
				4.14767,
				13.25233
			],
			"to": [
				8.64,
				5.14767,
				14.05233
			],
			"rotation": {
				"angle": 0,
				"axis": "y",
				"origin": [
					8,
					4.74767,
					11.25233
				]
			},
			"faces": {
				"north": {
					"uv": [
						6,
						10.5,
						6.75,
						11
					],
					"texture": "#1"
				},
				"east": {
					"uv": [
						8.5,
						10.5,
						9,
						11
					],
					"texture": "#1"
				},
				"south": {
					"uv": [
						10.5,
						6,
						11.25,
						6.5
					],
					"texture": "#1"
				},
				"west": {
					"uv": [
						10.5,
						8.5,
						11,
						9
					],
					"texture": "#1"
				},
				"up": {
					"uv": [
						11.25,
						7,
						10.5,
						6.5
					],
					"texture": "#1"
				},
				"down": {
					"uv": [
						7.75,
						10.5,
						7,
						11
					],
					"texture": "#1"
				}
			}
		},
		{
			"from": [
				7.15,
				2.14767,
				-0.44767
			],
			"to": [
				8.85,
				3.64767,
				3.05233
			],
			"rotation": {
				"angle": 0,
				"axis": "y",
				"origin": [
					8,
					2.14767,
					7.65233
				]
			},
			"faces": {
				"north": {
					"uv": [
						9.5,
						5.5,
						10.25,
						6.25
					],
					"texture": "#1"
				},
				"east": {
					"uv": [
						7,
						2.5,
						8.75,
						3.25
					],
					"texture": "#1"
				},
				"south": {
					"uv": [
						9.5,
						6.5,
						10.25,
						7.25
					],
					"texture": "#1"
				},
				"west": {
					"uv": [
						7,
						3.5,
						8.75,
						4.25
					],
					"texture": "#1"
				},
				"up": {
					"uv": [
						7.75,
						6.25,
						7,
						4.5
					],
					"texture": "#1"
				},
				"down": {
					"uv": [
						7.75,
						6.5,
						7,
						8.25
					],
					"texture": "#1"
				}
			}
		},
		{
			"from": [
				7.25,
				-1,
				13.4
			],
			"to": [
				8.75,
				-0.5,
				15.7
			],
			"rotation": {
				"angle": -22.5,
				"axis": "x",
				"origin": [
					8,
					1,
					15
				]
			},
			"faces": {
				"north": {
					"uv": [
						11,
						2.5,
						11.75,
						2.75
					],
					"texture": "#1"
				},
				"east": {
					"uv": [
						10.5,
						7,
						11.75,
						7.25
					],
					"texture": "#1"
				},
				"south": {
					"uv": [
						11,
						3,
						11.75,
						3.25
					],
					"texture": "#1"
				},
				"west": {
					"uv": [
						10.5,
						7.5,
						11.75,
						7.75
					],
					"texture": "#1"
				},
				"up": {
					"uv": [
						7.75,
						9.75,
						7,
						8.5
					],
					"texture": "#1"
				},
				"down": {
					"uv": [
						9.75,
						1,
						9,
						2.25
					],
					"texture": "#1"
				}
			}
		},
		{
			"from": [
				7.05,
				2.24767,
				6.05233
			],
			"to": [
				8.95,
				5.74767,
				6.95233
			],
			"rotation": {
				"angle": 0,
				"axis": "y",
				"origin": [
					8,
					4.74767,
					11.25233
				]
			},
			"faces": {
				"north": {
					"uv": [
						5,
						4.5,
						6,
						6.25
					],
					"texture": "#1"
				},
				"east": {
					"uv": [
						6.5,
						0,
						7,
						1.75
					],
					"texture": "#1"
				},
				"south": {
					"uv": [
						6,
						2,
						7,
						3.75
					],
					"texture": "#1"
				},
				"west": {
					"uv": [
						9,
						2.5,
						9.5,
						4.25
					],
					"texture": "#1"
				},
				"up": {
					"uv": [
						11,
						2.5,
						10,
						2
					],
					"texture": "#1"
				},
				"down": {
					"uv": [
						7,
						10,
						6,
						10.5
					],
					"texture": "#1"
				}
			}
		},
		{
			"from": [
				7.15,
				3.74767,
				-6.34767
			],
			"to": [
				8.85,
				5.54767,
				6.05233
			],
			"rotation": {
				"angle": 0,
				"axis": "y",
				"origin": [
					8,
					4.74767,
					11.25233
				]
			},
			"faces": {
				"north": {
					"uv": [
						5,
						9,
						5.75,
						10
					],
					"texture": "#1"
				},
				"east": {
					"uv": [
						0,
						0,
						6.25,
						1
					],
					"texture": "#1"
				},
				"south": {
					"uv": [
						6,
						9,
						6.75,
						10
					],
					"texture": "#1"
				},
				"west": {
					"uv": [
						0,
						1,
						6.25,
						2
					],
					"texture": "#1"
				},
				"up": {
					"uv": [
						0.75,
						8.25,
						0,
						2
					],
					"texture": "#1"
				},
				"down": {
					"uv": [
						1.75,
						2,
						1,
						8.25
					],
					"texture": "#1"
				}
			}
		},
		{
			"from": [
				7.35,
				3.94767,
				-6.94767
			],
			"to": [
				8.65,
				5.34767,
				-6.34767
			],
			"rotation": {
				"angle": 0,
				"axis": "y",
				"origin": [
					8,
					4.74767,
					11.25233
				]
			},
			"faces": {
				"north": {
					"uv": [
						9.5,
						7.5,
						10.25,
						8.25
					],
					"texture": "#1"
				},
				"east": {
					"uv": [
						4,
						11,
						4.25,
						11.75
					],
					"texture": "#1"
				},
				"south": {
					"uv": [
						8,
						9.5,
						8.75,
						10.25
					],
					"texture": "#1"
				},
				"west": {
					"uv": [
						11,
						4,
						11.25,
						4.75
					],
					"texture": "#1"
				},
				"up": {
					"uv": [
						5.25,
						11.25,
						4.5,
						11
					],
					"texture": "#1"
				},
				"down": {
					"uv": [
						11.75,
						5,
						11,
						5.25
					],
					"texture": "#1"
				}
			}
		},
		{
			"from": [
				7.65,
				2.74767,
				-3.94767
			],
			"to": [
				8.35,
				3.44767,
				6.05233
			],
			"rotation": {
				"angle": 0,
				"axis": "y",
				"origin": [
					8,
					4.74767,
					11.25233
				]
			},
			"faces": {
				"north": {
					"uv": [
						11.5,
						4.5,
						11.75,
						4.75
					],
					"texture": "#1"
				},
				"east": {
					"uv": [
						8,
						0,
						13,
						0.25
					],
					"texture": "#1"
				},
				"south": {
					"uv": [
						5,
						11.5,
						5.25,
						11.75
					],
					"texture": "#1"
				},
				"west": {
					"uv": [
						8,
						0.5,
						13,
						0.75
					],
					"texture": "#1"
				},
				"up": {
					"uv": [
						3.25,
						13,
						3,
						8
					],
					"texture": "#1"
				},
				"down": {
					"uv": [
						3.75,
						8,
						3.5,
						13
					],
					"texture": "#1"
				}
			}
		},
		{
			"from": [
				7.65,
				3.44767,
				4.75233
			],
			"to": [
				8.35,
				3.74767,
				6.05233
			],
			"rotation": {
				"angle": 0,
				"axis": "y",
				"origin": [
					8,
					4.74767,
					11.25233
				]
			},
			"faces": {
				"north": {
					"uv": [
						5.5,
						11.5,
						5.75,
						11.75
					],
					"texture": "#1"
				},
				"east": {
					"uv": [
						5.5,
						11,
						6.25,
						11.25
					],
					"texture": "#1"
				},
				"south": {
					"uv": [
						6,
						11.5,
						6.25,
						11.75
					],
					"texture": "#1"
				},
				"west": {
					"uv": [
						11,
						5.5,
						11.75,
						5.75
					],
					"texture": "#1"
				},
				"up": {
					"uv": [
						6.75,
						11.75,
						6.5,
						11
					],
					"texture": "#1"
				},
				"down": {
					"uv": [
						7.25,
						11,
						7,
						11.75
					],
					"texture": "#1"
				}
			}
		},
		{
			"from": [
				7.65,
				3.44767,
				-3.84767
			],
			"to": [
				8.35,
				3.74767,
				-2.54767
			],
			"rotation": {
				"angle": 0,
				"axis": "y",
				"origin": [
					8,
					4.74767,
					11.25233
				]
			},
			"faces": {
				"north": {
					"uv": [
						11.5,
						6,
						11.75,
						6.25
					],
					"texture": "#1"
				},
				"east": {
					"uv": [
						7.5,
						11,
						8.25,
						11.25
					],
					"texture": "#1"
				},
				"south": {
					"uv": [
						11.5,
						6.5,
						11.75,
						6.75
					],
					"texture": "#1"
				},
				"west": {
					"uv": [
						11,
						8,
						11.75,
						8.25
					],
					"texture": "#1"
				},
				"up": {
					"uv": [
						8.75,
						11.75,
						8.5,
						11
					],
					"texture": "#1"
				},
				"down": {
					"uv": [
						11.25,
						8.5,
						11,
						9.25
					],
					"texture": "#1"
				}
			}
		},
		{
			"from": [
				7.15,
				1.94767,
				3.05233
			],
			"to": [
				8.85,
				3.64767,
				4.75233
			],
			"rotation": {
				"angle": 0,
				"axis": "y",
				"origin": [
					8,
					2.14767,
					7.65233
				]
			},
			"faces": {
				"north": {
					"uv": [
						9.5,
						8.5,
						10.25,
						9.25
					],
					"texture": "#1"
				},
				"east": {
					"uv": [
						9,
						9.5,
						9.75,
						10.25
					],
					"texture": "#1"
				},
				"south": {
					"uv": [
						0,
						10,
						0.75,
						10.75
					],
					"texture": "#1"
				},
				"west": {
					"uv": [
						1,
						10,
						1.75,
						10.75
					],
					"texture": "#1"
				},
				"up": {
					"uv": [
						10.75,
						1.75,
						10,
						1
					],
					"texture": "#1"
				},
				"down": {
					"uv": [
						2.75,
						10,
						2,
						10.75
					],
					"texture": "#1"
				}
			}
		},
		{
			"from": [
				7.55,
				2.64767,
				-4.74767
			],
			"to": [
				8.45,
				3.54767,
				-3.94767
			],
			"rotation": {
				"angle": 0,
				"axis": "y",
				"origin": [
					8,
					4.74767,
					11.25233
				]
			},
			"faces": {
				"north": {
					"uv": [
						9,
						10.5,
						9.5,
						11
					],
					"texture": "#1"
				},
				"east": {
					"uv": [
						10.5,
						9,
						11,
						9.5
					],
					"texture": "#1"
				},
				"south": {
					"uv": [
						9.5,
						10.5,
						10,
						11
					],
					"texture": "#1"
				},
				"west": {
					"uv": [
						10.5,
						10,
						11,
						10.5
					],
					"texture": "#1"
				},
				"up": {
					"uv": [
						11,
						11,
						10.5,
						10.5
					],
					"texture": "#1"
				},
				"down": {
					"uv": [
						0.5,
						11,
						0,
						11.5
					],
					"texture": "#1"
				}
			}
		},
		{
			"from": [
				7.85,
				5.44767,
				-6.24767
			],
			"to": [
				8.15,
				6.04767,
				-5.84767
			],
			"rotation": {
				"angle": 0,
				"axis": "y",
				"origin": [
					8,
					4.74767,
					11.25233
				]
			},
			"faces": {
				"north": {
					"uv": [
						7.5,
						11.5,
						7.75,
						11.75
					],
					"texture": "#1"
				},
				"east": {
					"uv": [
						8,
						11.5,
						8.25,
						11.75
					],
					"texture": "#1"
				},
				"south": {
					"uv": [
						11.5,
						8.5,
						11.75,
						8.75
					],
					"texture": "#1"
				},
				"west": {
					"uv": [
						9,
						11.5,
						9.25,
						11.75
					],
					"texture": "#1"
				},
				"up": {
					"uv": [
						11.75,
						9.25,
						11.5,
						9
					],
					"texture": "#1"
				},
				"down": {
					"uv": [
						9.75,
						11.5,
						9.5,
						11.75
					],
					"texture": "#1"
				}
			}
		}
	],
	"display": {
		"thirdperson_righthand": {
			"translation": [
				0,
				5.25,
				-3.75
			]
		},
		"thirdperson_lefthand": {
			"translation": [
				0,
				5.25,
				-3
			],
			"scale": [
				-1,
				1,
				1
			]
		},
		"firstperson_righthand": {
			"translation": [
				-2.25,
				7.75,
				-1.5
			]
		},
		"firstperson_lefthand": {
			"translation": [
				-2.25,
				7.75,
				-1.5
			],
			"scale": [
				-1,
				1,
				1
			]
		},
		"ground": {
			"translation": [
				0,
				6.75,
				0
			]
		},
		"gui": {
			"rotation": [
				-168.51,
				-33.4,
				178.33
			],
			"translation": [
				-1.75,
				5.25,
				-1
			]
		},
		"fixed": {
			"rotation": [
				0,
				89.25,
				0
			],
			"translation": [
				3,
				5.25,
				-1
			]
		}
	}
}