{
	"credit": "Made with Blockbench",
	"texture_size": [
		64,
		64
	],
	"textures": {
		"2": "scguns_laf:item/new_lm_spear_ironport_texture",
		"particle": "scguns_laf:item/new_lm_spear_ironport_texture"
	},
	"elements": [
		{
			"from": [
				7.5,
				-0.05,
				14.75
			],
			"to": [
				8.5,
				4.45,
				16.65
			],
			"rotation": {
				"angle": -45,
				"axis": "x",
				"origin": [
					8,
					1,
					15
				]
			},
			"faces": {
				"north": {
					"uv": [
						1.5,
						6,
						1.75,
						7.125
					],
					"texture": "#2"
				},
				"east": {
					"uv": [
						2,
						3.25,
						2.5,
						4.375
					],
					"texture": "#2"
				},
				"south": {
					"uv": [
						1.75,
						6,
						2,
						7.125
					],
					"texture": "#2"
				},
				"west": {
					"uv": [
						1,
						4,
						1.5,
						5.125
					],
					"texture": "#2"
				},
				"up": {
					"uv": [
						4.5,
						7.75,
						4.25,
						7.25
					],
					"texture": "#2"
				},
				"down": {
					"uv": [
						4.75,
						7.25,
						4.5,
						7.75
					],
					"texture": "#2"
				}
			}
		},
		{
			"from": [
				7.45,
				0.8,
				15.5
			],
			"to": [
				8.55,
				3,
				20.7
			],
			"rotation": {
				"angle": 0,
				"axis": "y",
				"origin": [
					8,
					1.8,
					14.4
				]
			},
			"faces": {
				"north": {
					"uv": [
						7.25,
						4.5,
						7.5,
						5
					],
					"texture": "#2"
				},
				"east": {
					"uv": [
						3,
						3.25,
						4.25,
						3.75
					],
					"texture": "#2"
				},
				"south": {
					"uv": [
						7.25,
						5.25,
						7.5,
						5.75
					],
					"texture": "#2"
				},
				"west": {
					"uv": [
						3,
						3.75,
						4.25,
						4.25
					],
					"texture": "#2"
				},
				"up": {
					"uv": [
						1.25,
						7.25,
						1,
						6
					],
					"texture": "#2"
				},
				"down": {
					"uv": [
						1.5,
						6,
						1.25,
						7.25
					],
					"texture": "#2"
				}
			}
		},
		{
			"from": [
				7.55,
				0.2,
				18.8
			],
			"to": [
				8.45,
				0.9,
				22.6
			],
			"rotation": {
				"angle": 0,
				"axis": "y",
				"origin": [
					8,
					1.8,
					14.4
				]
			},
			"faces": {
				"north": {
					"uv": [
						8,
						6.75,
						8.25,
						6.875
					],
					"texture": "#2"
				},
				"east": {
					"uv": [
						7,
						1.5,
						8,
						1.625
					],
					"texture": "#2"
				},
				"south": {
					"uv": [
						8,
						7,
						8.25,
						7.125
					],
					"texture": "#2"
				},
				"west": {
					"uv": [
						7.25,
						5.75,
						8.25,
						5.875
					],
					"texture": "#2"
				},
				"up": {
					"uv": [
						3.75,
						7,
						3.5,
						6
					],
					"texture": "#2"
				},
				"down": {
					"uv": [
						4,
						6.25,
						3.75,
						7.25
					],
					"texture": "#2"
				}
			}
		},
		{
			"from": [
				7.55,
				1.65,
				15
			],
			"to": [
				8.45,
				3.3,
				22.6
			],
			"rotation": {
				"angle": 0,
				"axis": "y",
				"origin": [
					8,
					1.8,
					14.4
				]
			},
			"faces": {
				"north": {
					"uv": [
						3.25,
						7.5,
						3.5,
						7.875
					],
					"texture": "#2"
				},
				"east": {
					"uv": [
						1,
						1,
						2.875,
						1.375
					],
					"texture": "#2"
				},
				"south": {
					"uv": [
						7.5,
						4.5,
						7.75,
						4.875
					],
					"texture": "#2"
				},
				"west": {
					"uv": [
						1,
						1.5,
						2.875,
						1.875
					],
					"texture": "#2"
				},
				"up": {
					"uv": [
						1.75,
						5.875,
						1.5,
						4
					],
					"texture": "#2"
				},
				"down": {
					"uv": [
						2,
						4,
						1.75,
						5.875
					],
					"texture": "#2"
				}
			}
		},
		{
			"from": [
				7.75,
				-1.1,
				20.7
			],
			"to": [
				8.25,
				3.4,
				23.1
			],
			"rotation": {
				"angle": 0,
				"axis": "y",
				"origin": [
					8,
					1.8,
					14.4
				]
			},
			"faces": {
				"north": {
					"uv": [
						6.25,
						7,
						6.375,
						8.125
					],
					"texture": "#2"
				},
				"east": {
					"uv": [
						1,
						2,
						1.625,
						3.125
					],
					"texture": "#2"
				},
				"south": {
					"uv": [
						7,
						6.25,
						7.125,
						7.375
					],
					"texture": "#2"
				},
				"west": {
					"uv": [
						1.75,
						2,
						2.375,
						3.125
					],
					"texture": "#2"
				},
				"up": {
					"uv": [
						2.375,
						8.375,
						2.25,
						7.75
					],
					"texture": "#2"
				},
				"down": {
					"uv": [
						7.875,
						3,
						7.75,
						3.625
					],
					"texture": "#2"
				}
			}
		},
		{
			"from": [
				7.45,
				-0.7,
				20.7
			],
			"to": [
				8.55,
				3,
				22.8
			],
			"rotation": {
				"angle": 0,
				"axis": "y",
				"origin": [
					8,
					1.8,
					14.4
				]
			},
			"faces": {
				"north": {
					"uv": [
						4,
						6.25,
						4.25,
						7.125
					],
					"texture": "#2"
				},
				"east": {
					"uv": [
						4.25,
						2.5,
						4.75,
						3.375
					],
					"texture": "#2"
				},
				"south": {
					"uv": [
						6.5,
						4,
						6.75,
						4.875
					],
					"texture": "#2"
				},
				"west": {
					"uv": [
						3,
						4.25,
						3.5,
						5.125
					],
					"texture": "#2"
				},
				"up": {
					"uv": [
						5.75,
						7.75,
						5.5,
						7.25
					],
					"texture": "#2"
				},
				"down": {
					"uv": [
						6,
						7.25,
						5.75,
						7.75
					],
					"texture": "#2"
				}
			}
		},
		{
			"from": [
				7.65,
				-1,
				20.6
			],
			"to": [
				8.35,
				-0.7,
				22.8
			],
			"rotation": {
				"angle": 0,
				"axis": "y",
				"origin": [
					8,
					1.8,
					14.4
				]
			},
			"faces": {
				"north": {
					"uv": [
						1.75,
						8.25,
						1.875,
						8.375
					],
					"texture": "#2"
				},
				"east": {
					"uv": [
						4.25,
						7.75,
						4.75,
						7.875
					],
					"texture": "#2"
				},
				"south": {
					"uv": [
						2,
						8.25,
						2.125,
						8.375
					],
					"texture": "#2"
				},
				"west": {
					"uv": [
						7.75,
						4.5,
						8.25,
						4.625
					],
					"texture": "#2"
				},
				"up": {
					"uv": [
						5.625,
						8.25,
						5.5,
						7.75
					],
					"texture": "#2"
				},
				"down": {
					"uv": [
						5.875,
						7.75,
						5.75,
						8.25
					],
					"texture": "#2"
				}
			}
		},
		{
			"from": [
				7.44,
				0.1,
				14.4
			],
			"to": [
				8.56,
				1.6,
				21.3
			],
			"rotation": {
				"angle": 22.5,
				"axis": "x",
				"origin": [
					8,
					1.05,
					18.95
				]
			},
			"faces": {
				"north": {
					"uv": [
						4.75,
						7.5,
						5,
						7.875
					],
					"texture": "#2"
				},
				"east": {
					"uv": [
						3,
						1,
						4.75,
						1.375
					],
					"texture": "#2"
				},
				"south": {
					"uv": [
						5,
						7.5,
						5.25,
						7.875
					],
					"texture": "#2"
				},
				"west": {
					"uv": [
						3,
						1.5,
						4.75,
						1.875
					],
					"texture": "#2"
				},
				"up": {
					"uv": [
						3.75,
						6,
						3.5,
						4.25
					],
					"texture": "#2"
				},
				"down": {
					"uv": [
						4.5,
						3.5,
						4.25,
						5.25
					],
					"texture": "#2"
				}
			}
		},
		{
			"from": [
				7.66,
				-0.2,
				15.5
			],
			"to": [
				8.38,
				0.1,
				21.3
			],
			"rotation": {
				"angle": 22.5,
				"axis": "x",
				"origin": [
					8,
					1.05,
					18.95
				]
			},
			"faces": {
				"north": {
					"uv": [
						8.25,
						2,
						8.375,
						2.125
					],
					"texture": "#2"
				},
				"east": {
					"uv": [
						6,
						1.75,
						7.5,
						1.875
					],
					"texture": "#2"
				},
				"south": {
					"uv": [
						8.25,
						2.25,
						8.375,
						2.375
					],
					"texture": "#2"
				},
				"west": {
					"uv": [
						6.5,
						5,
						8,
						5.125
					],
					"texture": "#2"
				},
				"up": {
					"uv": [
						0.125,
						8.25,
						0,
						6.75
					],
					"texture": "#2"
				},
				"down": {
					"uv": [
						0.375,
						6.75,
						0.25,
						8.25
					],
					"texture": "#2"
				}
			}
		},
		{
			"from": [
				7.76,
				-0.3,
				15.5
			],
			"to": [
				8.26,
				0.1,
				21.4
			],
			"rotation": {
				"angle": 22.5,
				"axis": "x",
				"origin": [
					8,
					1.05,
					18.95
				]
			},
			"faces": {
				"north": {
					"uv": [
						8.25,
						2.5,
						8.375,
						2.625
					],
					"texture": "#2"
				},
				"east": {
					"uv": [
						6.75,
						2.5,
						8.25,
						2.625
					],
					"texture": "#2"
				},
				"south": {
					"uv": [
						8.25,
						2.75,
						8.375,
						2.875
					],
					"texture": "#2"
				},
				"west": {
					"uv": [
						6.75,
						2.75,
						8.25,
						2.875
					],
					"texture": "#2"
				},
				"up": {
					"uv": [
						0.625,
						8.25,
						0.5,
						6.75
					],
					"texture": "#2"
				},
				"down": {
					"uv": [
						0.875,
						6.75,
						0.75,
						8.25
					],
					"texture": "#2"
				}
			}
		},
		{
			"from": [
				7.24,
				1.5,
				15.2
			],
			"to": [
				8.76,
				4.2,
				15.7
			],
			"rotation": {
				"angle": -45,
				"axis": "x",
				"origin": [
					8,
					1,
					15
				]
			},
			"faces": {
				"north": {
					"uv": [
						6.25,
						6.25,
						6.625,
						6.875
					],
					"texture": "#2"
				},
				"east": {
					"uv": [
						3.5,
						7.75,
						3.625,
						8.375
					],
					"texture": "#2"
				},
				"south": {
					"uv": [
						6.5,
						1,
						6.875,
						1.625
					],
					"texture": "#2"
				},
				"west": {
					"uv": [
						3.75,
						7.75,
						3.875,
						8.375
					],
					"texture": "#2"
				},
				"up": {
					"uv": [
						8.375,
						1.125,
						8,
						1
					],
					"texture": "#2"
				},
				"down": {
					"uv": [
						1.625,
						8,
						1.25,
						8.125
					],
					"texture": "#2"
				}
			}
		},
		{
			"from": [
				7.34,
				0.2,
				14.6
			],
			"to": [
				8.66,
				4,
				16.3
			],
			"rotation": {
				"angle": -45,
				"axis": "x",
				"origin": [
					8,
					1,
					15
				]
			},
			"faces": {
				"north": {
					"uv": [
						4.75,
						1,
						5.125,
						2
					],
					"texture": "#2"
				},
				"east": {
					"uv": [
						4.75,
						2.5,
						5.125,
						3.5
					],
					"texture": "#2"
				},
				"south": {
					"uv": [
						5,
						3.5,
						5.375,
						4.5
					],
					"texture": "#2"
				},
				"west": {
					"uv": [
						5,
						4.5,
						5.375,
						5.5
					],
					"texture": "#2"
				},
				"up": {
					"uv": [
						6.875,
						7.375,
						6.5,
						7
					],
					"texture": "#2"
				},
				"down": {
					"uv": [
						1.375,
						7.25,
						1,
						7.625
					],
					"texture": "#2"
				}
			}
		},
		{
			"from": [
				7.25,
				2.84767,
				8.75233
			],
			"to": [
				8.75,
				5.64767,
				12.35233
			],
			"rotation": {
				"angle": 0,
				"axis": "y",
				"origin": [
					8,
					4.74767,
					11.25233
				]
			},
			"faces": {
				"north": {
					"uv": [
						4.25,
						6,
						4.625,
						6.75
					],
					"texture": "#2"
				},
				"east": {
					"uv": [
						3,
						2.5,
						3.875,
						3.25
					],
					"texture": "#2"
				},
				"south": {
					"uv": [
						4.75,
						6,
						5.125,
						6.75
					],
					"texture": "#2"
				},
				"west": {
					"uv": [
						1,
						3.25,
						1.875,
						4
					],
					"texture": "#2"
				},
				"up": {
					"uv": [
						3.375,
						6.125,
						3,
						5.25
					],
					"texture": "#2"
				},
				"down": {
					"uv": [
						4.125,
						5.25,
						3.75,
						6.125
					],
					"texture": "#2"
				}
			}
		},
		{
			"from": [
				5.65,
				4.34767,
				9.25233
			],
			"to": [
				7.15,
				6.34767,
				12.25233
			],
			"rotation": {
				"angle": 22.5,
				"axis": "z",
				"origin": [
					8,
					4.74767,
					11.25233
				]
			},
			"faces": {
				"north": {
					"uv": [
						6.75,
						4,
						7.125,
						4.5
					],
					"texture": "#2"
				},
				"east": {
					"uv": [
						5.25,
						1,
						6,
						1.5
					],
					"texture": "#2"
				},
				"south": {
					"uv": [
						4.25,
						6.75,
						4.625,
						7.25
					],
					"texture": "#2"
				},
				"west": {
					"uv": [
						5.25,
						1.5,
						6,
						2
					],
					"texture": "#2"
				},
				"up": {
					"uv": [
						5.625,
						6.75,
						5.25,
						6
					],
					"texture": "#2"
				},
				"down": {
					"uv": [
						6.125,
						6,
						5.75,
						6.75
					],
					"texture": "#2"
				}
			}
		},
		{
			"from": [
				5.95,
				3.64767,
				9.25233
			],
			"to": [
				7.15,
				4.34767,
				12.25233
			],
			"rotation": {
				"angle": 22.5,
				"axis": "z",
				"origin": [
					8,
					4.74767,
					11.25233
				]
			},
			"faces": {
				"north": {
					"uv": [
						8,
						7.25,
						8.25,
						7.375
					],
					"texture": "#2"
				},
				"east": {
					"uv": [
						7.5,
						5.25,
						8.25,
						5.375
					],
					"texture": "#2"
				},
				"south": {
					"uv": [
						8,
						7.5,
						8.25,
						7.625
					],
					"texture": "#2"
				},
				"west": {
					"uv": [
						7.5,
						5.5,
						8.25,
						5.625
					],
					"texture": "#2"
				},
				"up": {
					"uv": [
						4.25,
						3.25,
						4,
						2.5
					],
					"texture": "#2"
				},
				"down": {
					"uv": [
						5,
						6.75,
						4.75,
						7.5
					],
					"texture": "#2"
				}
			}
		},
		{
			"from": [
				6.05,
				4.14767,
				9.35233
			],
			"to": [
				7.25,
				5.44767,
				12.15233
			],
			"rotation": {
				"angle": 0,
				"axis": "y",
				"origin": [
					8,
					4.74767,
					11.25233
				]
			},
			"faces": {
				"north": {
					"uv": [
						5.25,
						7.5,
						5.5,
						7.875
					],
					"texture": "#2"
				},
				"east": {
					"uv": [
						6.25,
						0,
						7,
						0.375
					],
					"texture": "#2"
				},
				"south": {
					"uv": [
						6,
						7.5,
						6.25,
						7.875
					],
					"texture": "#2"
				},
				"west": {
					"uv": [
						6.25,
						0.5,
						7,
						0.875
					],
					"texture": "#2"
				},
				"up": {
					"uv": [
						5.25,
						7.5,
						5,
						6.75
					],
					"texture": "#2"
				},
				"down": {
					"uv": [
						5.5,
						6.75,
						5.25,
						7.5
					],
					"texture": "#2"
				}
			}
		},
		{
			"from": [
				5.55,
				6.34767,
				9.15233
			],
			"to": [
				7.15,
				6.64767,
				12.35233
			],
			"rotation": {
				"angle": 22.5,
				"axis": "z",
				"origin": [
					8,
					4.74767,
					11.25233
				]
			},
			"faces": {
				"north": {
					"uv": [
						8,
						1.5,
						8.375,
						1.625
					],
					"texture": "#2"
				},
				"east": {
					"uv": [
						7.5,
						6.25,
						8.25,
						6.375
					],
					"texture": "#2"
				},
				"south": {
					"uv": [
						1.75,
						8,
						2.125,
						8.125
					],
					"texture": "#2"
				},
				"west": {
					"uv": [
						6.5,
						7.5,
						7.25,
						7.625
					],
					"texture": "#2"
				},
				"up": {
					"uv": [
						6.625,
						3.25,
						6.25,
						2.5
					],
					"texture": "#2"
				},
				"down": {
					"uv": [
						3.375,
						6.25,
						3,
						7
					],
					"texture": "#2"
				}
			}
		},
		{
			"from": [
				8.75,
				3.74767,
				8.85233
			],
			"to": [
				9.05,
				5.14767,
				12.25233
			],
			"rotation": {
				"angle": 0,
				"axis": "y",
				"origin": [
					8,
					4.74767,
					11.25233
				]
			},
			"faces": {
				"north": {
					"uv": [
						8,
						2,
						8.125,
						2.375
					],
					"texture": "#2"
				},
				"east": {
					"uv": [
						5.5,
						3.25,
						6.375,
						3.625
					],
					"texture": "#2"
				},
				"south": {
					"uv": [
						2.5,
						8,
						2.625,
						8.375
					],
					"texture": "#2"
				},
				"west": {
					"uv": [
						5.5,
						3.75,
						6.375,
						4.125
					],
					"texture": "#2"
				},
				"up": {
					"uv": [
						7.625,
						1.125,
						7.5,
						0.25
					],
					"texture": "#2"
				},
				"down": {
					"uv": [
						3.125,
						7.5,
						3,
						8.375
					],
					"texture": "#2"
				}
			}
		},
		{
			"from": [
				9.05,
				4.14767,
				9.05233
			],
			"to": [
				9.35,
				4.74767,
				9.65233
			],
			"rotation": {
				"angle": 0,
				"axis": "y",
				"origin": [
					8,
					4.74767,
					11.25233
				]
			},
			"faces": {
				"north": {
					"uv": [
						4.25,
						8.25,
						4.375,
						8.375
					],
					"texture": "#2"
				},
				"east": {
					"uv": [
						4.5,
						8.25,
						4.625,
						8.375
					],
					"texture": "#2"
				},
				"south": {
					"uv": [
						8.25,
						4.5,
						8.375,
						4.625
					],
					"texture": "#2"
				},
				"west": {
					"uv": [
						4.75,
						8.25,
						4.875,
						8.375
					],
					"texture": "#2"
				},
				"up": {
					"uv": [
						8.375,
						4.875,
						8.25,
						4.75
					],
					"texture": "#2"
				},
				"down": {
					"uv": [
						5.125,
						8.25,
						5,
						8.375
					],
					"texture": "#2"
				}
			}
		},
		{
			"from": [
				10.65,
				4.14767,
				9.05233
			],
			"to": [
				10.95,
				4.74767,
				9.65233
			],
			"rotation": {
				"angle": 0,
				"axis": "y",
				"origin": [
					8,
					4.74767,
					11.25233
				]
			},
			"faces": {
				"north": {
					"uv": [
						8.25,
						5.25,
						8.375,
						5.375
					],
					"texture": "#2"
				},
				"east": {
					"uv": [
						5.5,
						8.25,
						5.625,
						8.375
					],
					"texture": "#2"
				},
				"south": {
					"uv": [
						8.25,
						5.5,
						8.375,
						5.625
					],
					"texture": "#2"
				},
				"west": {
					"uv": [
						5.75,
						8.25,
						5.875,
						8.375
					],
					"texture": "#2"
				},
				"up": {
					"uv": [
						8.375,
						5.875,
						8.25,
						5.75
					],
					"texture": "#2"
				},
				"down": {
					"uv": [
						8.375,
						6,
						8.25,
						6.125
					],
					"texture": "#2"
				}
			}
		},
		{
			"from": [
				9.35,
				4.24767,
				9.15233
			],
			"to": [
				10.65,
				4.64767,
				9.55233
			],
			"rotation": {
				"angle": 0,
				"axis": "y",
				"origin": [
					8,
					4.74767,
					11.25233
				]
			},
			"faces": {
				"north": {
					"uv": [
						8,
						3,
						8.375,
						3.125
					],
					"texture": "#2"
				},
				"east": {
					"uv": [
						6.25,
						8.25,
						6.375,
						8.375
					],
					"texture": "#2"
				},
				"south": {
					"uv": [
						8,
						3.25,
						8.375,
						3.375
					],
					"texture": "#2"
				},
				"west": {
					"uv": [
						8.25,
						6.25,
						8.375,
						6.375
					],
					"texture": "#2"
				},
				"up": {
					"uv": [
						8.375,
						3.625,
						8,
						3.5
					],
					"texture": "#2"
				},
				"down": {
					"uv": [
						8.375,
						3.75,
						8,
						3.875
					],
					"texture": "#2"
				}
			}
		},
		{
			"from": [
				7.26,
				2.84767,
				12.35233
			],
			"to": [
				8.74,
				5.44767,
				13.35233
			],
			"rotation": {
				"angle": 0,
				"axis": "y",
				"origin": [
					8,
					4.74767,
					11.25233
				]
			},
			"faces": {
				"north": {
					"uv": [
						2,
						6.5,
						2.375,
						7.125
					],
					"texture": "#2"
				},
				"east": {
					"uv": [
						7,
						3,
						7.25,
						3.625
					],
					"texture": "#2"
				},
				"south": {
					"uv": [
						6.5,
						3.25,
						6.875,
						3.875
					],
					"texture": "#2"
				},
				"west": {
					"uv": [
						3.5,
						7,
						3.75,
						7.625
					],
					"texture": "#2"
				},
				"up": {
					"uv": [
						7.875,
						6.75,
						7.5,
						6.5
					],
					"texture": "#2"
				},
				"down": {
					"uv": [
						7.875,
						6.75,
						7.5,
						7
					],
					"texture": "#2"
				}
			}
		},
		{
			"from": [
				7.75,
				1.44767,
				11.55233
			],
			"to": [
				8.25,
				1.94767,
				13.15233
			],
			"rotation": {
				"angle": 0,
				"axis": "y",
				"origin": [
					8,
					4.74767,
					11.25233
				]
			},
			"faces": {
				"north": {
					"uv": [
						6.5,
						8.25,
						6.625,
						8.375
					],
					"texture": "#2"
				},
				"east": {
					"uv": [
						8,
						4,
						8.375,
						4.125
					],
					"texture": "#2"
				},
				"south": {
					"uv": [
						6.75,
						8.25,
						6.875,
						8.375
					],
					"texture": "#2"
				},
				"west": {
					"uv": [
						4.25,
						8,
						4.625,
						8.125
					],
					"texture": "#2"
				},
				"up": {
					"uv": [
						2.875,
						8.375,
						2.75,
						8
					],
					"texture": "#2"
				},
				"down": {
					"uv": [
						3.375,
						8,
						3.25,
						8.375
					],
					"texture": "#2"
				}
			}
		},
		{
			"from": [
				7.75,
				1.94767,
				12.75233
			],
			"to": [
				8.25,
				3.14767,
				13.35233
			],
			"rotation": {
				"angle": 0,
				"axis": "y",
				"origin": [
					8,
					4.74767,
					11.25233
				]
			},
			"faces": {
				"north": {
					"uv": [
						7.75,
						8,
						7.875,
						8.25
					],
					"texture": "#2"
				},
				"east": {
					"uv": [
						8,
						7.75,
						8.125,
						8
					],
					"texture": "#2"
				},
				"south": {
					"uv": [
						8,
						8,
						8.125,
						8.25
					],
					"texture": "#2"
				},
				"west": {
					"uv": [
						0,
						8.25,
						0.125,
						8.5
					],
					"texture": "#2"
				},
				"up": {
					"uv": [
						8.375,
						6.875,
						8.25,
						6.75
					],
					"texture": "#2"
				},
				"down": {
					"uv": [
						7.125,
						8.25,
						7,
						8.375
					],
					"texture": "#2"
				}
			}
		},
		{
			"from": [
				7.74,
				2.22,
				9.12
			],
			"to": [
				8.26,
				4.12,
				9.62
			],
			"rotation": {
				"angle": -45,
				"axis": "x",
				"origin": [
					8,
					4.74767,
					11.25233
				]
			},
			"faces": {
				"north": {
					"uv": [
						6.5,
						7.75,
						6.625,
						8.25
					],
					"texture": "#2"
				},
				"east": {
					"uv": [
						6.75,
						7.75,
						6.875,
						8.25
					],
					"texture": "#2"
				},
				"south": {
					"uv": [
						7,
						7.75,
						7.125,
						8.25
					],
					"texture": "#2"
				},
				"west": {
					"uv": [
						7.25,
						7.75,
						7.375,
						8.25
					],
					"texture": "#2"
				},
				"up": {
					"uv": [
						8.375,
						7.125,
						8.25,
						7
					],
					"texture": "#2"
				},
				"down": {
					"uv": [
						7.375,
						8.25,
						7.25,
						8.375
					],
					"texture": "#2"
				}
			}
		},
		{
			"from": [
				7.74,
				2.29089,
				13.01713
			],
			"to": [
				8.26,
				2.79089,
				14.91713
			],
			"rotation": {
				"angle": -45,
				"axis": "x",
				"origin": [
					8,
					2.04089,
					14.06713
				]
			},
			"faces": {
				"north": {
					"uv": [
						8.25,
						7.25,
						8.375,
						7.375
					],
					"texture": "#2"
				},
				"east": {
					"uv": [
						7.75,
						4.75,
						8.25,
						4.875
					],
					"texture": "#2"
				},
				"south": {
					"uv": [
						7.5,
						8.25,
						7.625,
						8.375
					],
					"texture": "#2"
				},
				"west": {
					"uv": [
						7.75,
						6,
						8.25,
						6.125
					],
					"texture": "#2"
				},
				"up": {
					"uv": [
						7.875,
						7.75,
						7.75,
						7.25
					],
					"texture": "#2"
				},
				"down": {
					"uv": [
						7.625,
						7.75,
						7.5,
						8.25
					],
					"texture": "#2"
				}
			}
		},
		{
			"from": [
				7.65,
				2.14767,
				12.25233
			],
			"to": [
				8.35,
				3.14767,
				12.55233
			],
			"rotation": {
				"angle": 0,
				"axis": "y",
				"origin": [
					8,
					4.74767,
					11.25233
				]
			},
			"faces": {
				"north": {
					"uv": [
						0.25,
						8.25,
						0.375,
						8.5
					],
					"texture": "#2"
				},
				"east": {
					"uv": [
						8.25,
						0.25,
						8.375,
						0.5
					],
					"texture": "#2"
				},
				"south": {
					"uv": [
						0.5,
						8.25,
						0.625,
						8.5
					],
					"texture": "#2"
				},
				"west": {
					"uv": [
						8.25,
						0.5,
						8.375,
						0.75
					],
					"texture": "#2"
				},
				"up": {
					"uv": [
						8.375,
						7.625,
						8.25,
						7.5
					],
					"texture": "#2"
				},
				"down": {
					"uv": [
						7.875,
						8.25,
						7.75,
						8.375
					],
					"texture": "#2"
				}
			}
		},
		{
			"from": [
				7.45,
				2.44767,
				8.25233
			],
			"to": [
				8.55,
				3.44767,
				10.45233
			],
			"rotation": {
				"angle": 0,
				"axis": "y",
				"origin": [
					8,
					2.14767,
					7.65233
				]
			},
			"faces": {
				"north": {
					"uv": [
						5.25,
						3.25,
						5.5,
						3.5
					],
					"texture": "#2"
				},
				"east": {
					"uv": [
						5.5,
						5.25,
						6,
						5.5
					],
					"texture": "#2"
				},
				"south": {
					"uv": [
						4.25,
						5.25,
						4.5,
						5.5
					],
					"texture": "#2"
				},
				"west": {
					"uv": [
						7.25,
						6,
						7.75,
						6.25
					],
					"texture": "#2"
				},
				"up": {
					"uv": [
						7.5,
						6.75,
						7.25,
						6.25
					],
					"texture": "#2"
				},
				"down": {
					"uv": [
						7.5,
						6.75,
						7.25,
						7.25
					],
					"texture": "#2"
				}
			}
		},
		{
			"from": [
				7.36,
				4.14767,
				13.25233
			],
			"to": [
				8.64,
				5.14767,
				14.05233
			],
			"rotation": {
				"angle": 0,
				"axis": "y",
				"origin": [
					8,
					4.74767,
					11.25233
				]
			},
			"faces": {
				"north": {
					"uv": [
						7.5,
						7,
						7.875,
						7.25
					],
					"texture": "#2"
				},
				"east": {
					"uv": [
						6,
						5.25,
						6.25,
						5.5
					],
					"texture": "#2"
				},
				"south": {
					"uv": [
						7.25,
						7.5,
						7.625,
						7.75
					],
					"texture": "#2"
				},
				"west": {
					"uv": [
						6.75,
						3,
						7,
						3.25
					],
					"texture": "#2"
				},
				"up": {
					"uv": [
						8.125,
						0.5,
						7.75,
						0.25
					],
					"texture": "#2"
				},
				"down": {
					"uv": [
						8.125,
						0.5,
						7.75,
						0.75
					],
					"texture": "#2"
				}
			}
		},
		{
			"from": [
				7.05,
				3.24767,
				2.65233
			],
			"to": [
				8.95,
				4.84767,
				6.15233
			],
			"rotation": {
				"angle": 0,
				"axis": "y",
				"origin": [
					8,
					2.14767,
					7.65233
				]
			},
			"faces": {
				"north": {
					"uv": [
						6.75,
						4.5,
						7.25,
						4.875
					],
					"texture": "#2"
				},
				"east": {
					"uv": [
						4.25,
						5.5,
						5.125,
						5.875
					],
					"texture": "#2"
				},
				"south": {
					"uv": [
						6.75,
						5.25,
						7.25,
						5.625
					],
					"texture": "#2"
				},
				"west": {
					"uv": [
						5.5,
						4.25,
						6.375,
						4.625
					],
					"texture": "#2"
				},
				"up": {
					"uv": [
						4.25,
						5.125,
						3.75,
						4.25
					],
					"texture": "#2"
				},
				"down": {
					"uv": [
						2.5,
						4.5,
						2,
						5.375
					],
					"texture": "#2"
				}
			}
		},
		{
			"from": [
				7.05,
				3.44767,
				-1.34767
			],
			"to": [
				8.95,
				4.84767,
				2.15233
			],
			"rotation": {
				"angle": 0,
				"axis": "y",
				"origin": [
					8,
					2.14767,
					7.65233
				]
			},
			"faces": {
				"north": {
					"uv": [
						5.5,
						6.75,
						6,
						7.125
					],
					"texture": "#2"
				},
				"east": {
					"uv": [
						5.5,
						4.75,
						6.375,
						5.125
					],
					"texture": "#2"
				},
				"south": {
					"uv": [
						6.75,
						5.75,
						7.25,
						6.125
					],
					"texture": "#2"
				},
				"west": {
					"uv": [
						5.25,
						5.5,
						6.125,
						5.875
					],
					"texture": "#2"
				},
				"up": {
					"uv": [
						5,
						4.375,
						4.5,
						3.5
					],
					"texture": "#2"
				},
				"down": {
					"uv": [
						5,
						4.5,
						4.5,
						5.375
					],
					"texture": "#2"
				}
			}
		},
		{
			"from": [
				7.05,
				2.84767,
				7.85233
			],
			"to": [
				8.95,
				5.64767,
				8.75233
			],
			"rotation": {
				"angle": 0,
				"axis": "y",
				"origin": [
					8,
					4.74767,
					11.25233
				]
			},
			"faces": {
				"north": {
					"uv": [
						1,
						5.25,
						1.5,
						6
					],
					"texture": "#2"
				},
				"east": {
					"uv": [
						6,
						6.75,
						6.25,
						7.5
					],
					"texture": "#2"
				},
				"south": {
					"uv": [
						5.25,
						2.5,
						5.75,
						3.25
					],
					"texture": "#2"
				},
				"west": {
					"uv": [
						6.75,
						6.25,
						7,
						7
					],
					"texture": "#2"
				},
				"up": {
					"uv": [
						7.75,
						7.5,
						7.25,
						7.25
					],
					"texture": "#2"
				},
				"down": {
					"uv": [
						8,
						0,
						7.5,
						0.25
					],
					"texture": "#2"
				}
			}
		},
		{
			"from": [
				7.55,
				5.64767,
				11.10233
			],
			"to": [
				8.45,
				5.84767,
				12.00233
			],
			"rotation": {
				"angle": 0,
				"axis": "y",
				"origin": [
					8,
					4.74767,
					11.25233
				]
			},
			"faces": {
				"north": {
					"uv": [
						0.75,
						8.25,
						1,
						8.375
					],
					"texture": "#2"
				},
				"east": {
					"uv": [
						1,
						8.25,
						1.25,
						8.375
					],
					"texture": "#2"
				},
				"south": {
					"uv": [
						1.25,
						8.25,
						1.5,
						8.375
					],
					"texture": "#2"
				},
				"west": {
					"uv": [
						1.5,
						8.25,
						1.75,
						8.375
					],
					"texture": "#2"
				},
				"up": {
					"uv": [
						7.25,
						4,
						7,
						3.75
					],
					"texture": "#2"
				},
				"down": {
					"uv": [
						8,
						7.75,
						7.75,
						8
					],
					"texture": "#2"
				}
			}
		},
		{
			"from": [
				7.35,
				5.64767,
				8.75233
			],
			"to": [
				8.65,
				5.74767,
				12.25233
			],
			"rotation": {
				"angle": 0,
				"axis": "y",
				"origin": [
					8,
					4.74767,
					11.25233
				]
			},
			"faces": {
				"north": {
					"uv": [
						8,
						4.25,
						8.375,
						4.375
					],
					"texture": "#2"
				},
				"east": {
					"uv": [
						7.5,
						1.25,
						8.375,
						1.375
					],
					"texture": "#2"
				},
				"south": {
					"uv": [
						4.75,
						8,
						5.125,
						8.125
					],
					"texture": "#2"
				},
				"west": {
					"uv": [
						7.5,
						1.75,
						8.375,
						1.875
					],
					"texture": "#2"
				},
				"up": {
					"uv": [
						2.375,
						6.375,
						2,
						5.5
					],
					"texture": "#2"
				},
				"down": {
					"uv": [
						6.125,
						0,
						5.75,
						0.875
					],
					"texture": "#2"
				}
			}
		},
		{
			"from": [
				7.65,
				5.84767,
				11.50233
			],
			"to": [
				7.85,
				6.24767,
				12.00233
			],
			"rotation": {
				"angle": 0,
				"axis": "y",
				"origin": [
					8,
					4.74767,
					11.25233
				]
			},
			"faces": {
				"north": {
					"uv": [
						8.25,
						7.75,
						8.375,
						7.875
					],
					"texture": "#2"
				},
				"east": {
					"uv": [
						8,
						8.25,
						8.125,
						8.375
					],
					"texture": "#2"
				},
				"south": {
					"uv": [
						8.25,
						8,
						8.375,
						8.125
					],
					"texture": "#2"
				},
				"west": {
					"uv": [
						8.25,
						8.25,
						8.375,
						8.375
					],
					"texture": "#2"
				},
				"up": {
					"uv": [
						0.125,
						8.625,
						0,
						8.5
					],
					"texture": "#2"
				},
				"down": {
					"uv": [
						8.625,
						0,
						8.5,
						0.125
					],
					"texture": "#2"
				}
			}
		},
		{
			"from": [
				8.15,
				5.84767,
				11.50233
			],
			"to": [
				8.35,
				6.24767,
				12.00233
			],
			"rotation": {
				"angle": 0,
				"axis": "y",
				"origin": [
					8,
					4.74767,
					11.25233
				]
			},
			"faces": {
				"north": {
					"uv": [
						0.25,
						8.5,
						0.375,
						8.625
					],
					"texture": "#2"
				},
				"east": {
					"uv": [
						8.5,
						0.25,
						8.625,
						0.375
					],
					"texture": "#2"
				},
				"south": {
					"uv": [
						0.5,
						8.5,
						0.625,
						8.625
					],
					"texture": "#2"
				},
				"west": {
					"uv": [
						8.5,
						0.5,
						8.625,
						0.625
					],
					"texture": "#2"
				},
				"up": {
					"uv": [
						0.875,
						8.625,
						0.75,
						8.5
					],
					"texture": "#2"
				},
				"down": {
					"uv": [
						8.625,
						0.75,
						8.5,
						0.875
					],
					"texture": "#2"
				}
			}
		},
		{
			"from": [
				8.1,
				5.92267,
				11.65233
			],
			"to": [
				8.325,
				6.17267,
				11.85233
			],
			"rotation": {
				"angle": 0,
				"axis": "y",
				"origin": [
					8,
					4.74767,
					11.25233
				]
			},
			"faces": {
				"north": {
					"uv": [
						1,
						8.5,
						1.125,
						8.625
					],
					"texture": "#2"
				},
				"east": {
					"uv": [
						8.5,
						1,
						8.625,
						1.125
					],
					"texture": "#2"
				},
				"south": {
					"uv": [
						1.25,
						8.5,
						1.375,
						8.625
					],
					"texture": "#2"
				},
				"west": {
					"uv": [
						8.5,
						1.25,
						8.625,
						1.375
					],
					"texture": "#2"
				},
				"up": {
					"uv": [
						1.625,
						8.625,
						1.5,
						8.5
					],
					"texture": "#2"
				},
				"down": {
					"uv": [
						8.625,
						1.5,
						8.5,
						1.625
					],
					"texture": "#2"
				}
			}
		},
		{
			"from": [
				7.7,
				5.92267,
				11.65233
			],
			"to": [
				7.9,
				6.17267,
				11.85233
			],
			"rotation": {
				"angle": 0,
				"axis": "y",
				"origin": [
					8,
					4.74767,
					11.25233
				]
			},
			"faces": {
				"north": {
					"uv": [
						1.75,
						8.5,
						1.875,
						8.625
					],
					"texture": "#2"
				},
				"east": {
					"uv": [
						8.5,
						1.75,
						8.625,
						1.875
					],
					"texture": "#2"
				},
				"south": {
					"uv": [
						2,
						8.5,
						2.125,
						8.625
					],
					"texture": "#2"
				},
				"west": {
					"uv": [
						8.5,
						2,
						8.625,
						2.125
					],
					"texture": "#2"
				},
				"up": {
					"uv": [
						2.375,
						8.625,
						2.25,
						8.5
					],
					"texture": "#2"
				},
				"down": {
					"uv": [
						8.625,
						2.25,
						8.5,
						2.375
					],
					"texture": "#2"
				}
			}
		},
		{
			"from": [
				7.85,
				5.84767,
				11.30233
			],
			"to": [
				8.15,
				5.94767,
				12.00233
			],
			"rotation": {
				"angle": 0,
				"axis": "y",
				"origin": [
					8,
					4.74767,
					11.25233
				]
			},
			"faces": {
				"north": {
					"uv": [
						2.5,
						8.5,
						2.625,
						8.625
					],
					"texture": "#2"
				},
				"east": {
					"uv": [
						8.5,
						2.5,
						8.625,
						2.625
					],
					"texture": "#2"
				},
				"south": {
					"uv": [
						2.75,
						8.5,
						2.875,
						8.625
					],
					"texture": "#2"
				},
				"west": {
					"uv": [
						8.5,
						2.75,
						8.625,
						2.875
					],
					"texture": "#2"
				},
				"up": {
					"uv": [
						3.125,
						8.625,
						3,
						8.5
					],
					"texture": "#2"
				},
				"down": {
					"uv": [
						8.625,
						3,
						8.5,
						3.125
					],
					"texture": "#2"
				}
			}
		},
		{
			"from": [
				8.15,
				5.84767,
				11.30233
			],
			"to": [
				8.35,
				6.14767,
				11.50233
			],
			"rotation": {
				"angle": 0,
				"axis": "y",
				"origin": [
					8,
					4.74767,
					11.25233
				]
			},
			"faces": {
				"north": {
					"uv": [
						3.25,
						8.5,
						3.375,
						8.625
					],
					"texture": "#2"
				},
				"east": {
					"uv": [
						8.5,
						3.25,
						8.625,
						3.375
					],
					"texture": "#2"
				},
				"south": {
					"uv": [
						3.5,
						8.5,
						3.625,
						8.625
					],
					"texture": "#2"
				},
				"west": {
					"uv": [
						8.5,
						3.5,
						8.625,
						3.625
					],
					"texture": "#2"
				},
				"up": {
					"uv": [
						3.875,
						8.625,
						3.75,
						8.5
					],
					"texture": "#2"
				},
				"down": {
					"uv": [
						8.625,
						3.75,
						8.5,
						3.875
					],
					"texture": "#2"
				}
			}
		},
		{
			"from": [
				7.65,
				5.84767,
				11.30233
			],
			"to": [
				7.85,
				6.14767,
				11.50233
			],
			"rotation": {
				"angle": 0,
				"axis": "y",
				"origin": [
					8,
					4.74767,
					11.25233
				]
			},
			"faces": {
				"north": {
					"uv": [
						4,
						8.5,
						4.125,
						8.625
					],
					"texture": "#2"
				},
				"east": {
					"uv": [
						8.5,
						4,
						8.625,
						4.125
					],
					"texture": "#2"
				},
				"south": {
					"uv": [
						4.25,
						8.5,
						4.375,
						8.625
					],
					"texture": "#2"
				},
				"west": {
					"uv": [
						8.5,
						4.25,
						8.625,
						4.375
					],
					"texture": "#2"
				},
				"up": {
					"uv": [
						4.625,
						8.625,
						4.5,
						8.5
					],
					"texture": "#2"
				},
				"down": {
					"uv": [
						8.625,
						4.5,
						8.5,
						4.625
					],
					"texture": "#2"
				}
			}
		},
		{
			"from": [
				7.15,
				3.94767,
				6.95233
			],
			"to": [
				8.85,
				5.44767,
				7.85233
			],
			"rotation": {
				"angle": 0,
				"axis": "y",
				"origin": [
					8,
					4.74767,
					11.25233
				]
			},
			"faces": {
				"north": {
					"uv": [
						1.5,
						7.25,
						1.875,
						7.625
					],
					"texture": "#2"
				},
				"east": {
					"uv": [
						7.75,
						0.75,
						8,
						1.125
					],
					"texture": "#2"
				},
				"south": {
					"uv": [
						2,
						7.25,
						2.375,
						7.625
					],
					"texture": "#2"
				},
				"west": {
					"uv": [
						1,
						7.75,
						1.25,
						8.125
					],
					"texture": "#2"
				},
				"up": {
					"uv": [
						1.625,
						8,
						1.25,
						7.75
					],
					"texture": "#2"
				},
				"down": {
					"uv": [
						2.125,
						7.75,
						1.75,
						8
					],
					"texture": "#2"
				}
			}
		},
		{
			"from": [
				7.05,
				3.14767,
				2.15233
			],
			"to": [
				8.95,
				5.44767,
				2.65233
			],
			"rotation": {
				"angle": 0,
				"axis": "y",
				"origin": [
					8,
					4.74767,
					11.25233
				]
			},
			"faces": {
				"north": {
					"uv": [
						5.75,
						2.5,
						6.25,
						3.125
					],
					"texture": "#2"
				},
				"east": {
					"uv": [
						7.75,
						3.75,
						7.875,
						4.375
					],
					"texture": "#2"
				},
				"south": {
					"uv": [
						6,
						1,
						6.5,
						1.625
					],
					"texture": "#2"
				},
				"west": {
					"uv": [
						4,
						7.75,
						4.125,
						8.375
					],
					"texture": "#2"
				},
				"up": {
					"uv": [
						8.5,
						0.125,
						8,
						0
					],
					"texture": "#2"
				},
				"down": {
					"uv": [
						8.5,
						0.75,
						8,
						0.875
					],
					"texture": "#2"
				}
			}
		},
		{
			"from": [
				7.35,
				3.94767,
				-14.54767
			],
			"to": [
				8.65,
				5.34767,
				8.05233
			],
			"rotation": {
				"angle": 0,
				"axis": "y",
				"origin": [
					8,
					4.74767,
					11.25233
				]
			},
			"faces": {
				"north": {
					"uv": [
						7.25,
						3,
						7.625,
						3.375
					],
					"texture": "#2"
				},
				"east": {
					"uv": [
						0,
						0,
						5.625,
						0.375
					],
					"texture": "#2"
				},
				"south": {
					"uv": [
						7.25,
						3.5,
						7.625,
						3.875
					],
					"texture": "#2"
				},
				"west": {
					"uv": [
						0,
						0.5,
						5.625,
						0.875
					],
					"texture": "#2"
				},
				"up": {
					"uv": [
						0.375,
						6.625,
						0,
						1
					],
					"texture": "#2"
				},
				"down": {
					"uv": [
						0.875,
						1,
						0.5,
						6.625
					],
					"texture": "#2"
				}
			}
		},
		{
			"from": [
				7.65,
				3.64767,
				-13.84767
			],
			"to": [
				8.35,
				4.04767,
				8.05233
			],
			"rotation": {
				"angle": 0,
				"axis": "y",
				"origin": [
					8,
					4.74767,
					11.25233
				]
			},
			"faces": {
				"north": {
					"uv": [
						4.75,
						8.5,
						4.875,
						8.625
					],
					"texture": "#2"
				},
				"east": {
					"uv": [
						2.5,
						2,
						8,
						2.125
					],
					"texture": "#2"
				},
				"south": {
					"uv": [
						8.5,
						4.75,
						8.625,
						4.875
					],
					"texture": "#2"
				},
				"west": {
					"uv": [
						2.5,
						2.25,
						8,
						2.375
					],
					"texture": "#2"
				},
				"up": {
					"uv": [
						2.625,
						8,
						2.5,
						2.5
					],
					"texture": "#2"
				},
				"down": {
					"uv": [
						2.875,
						2.5,
						2.75,
						8
					],
					"texture": "#2"
				}
			}
		},
		{
			"from": [
				7.25,
				3.84767,
				-15.04767
			],
			"to": [
				8.75,
				5.44767,
				-14.54767
			],
			"rotation": {
				"angle": 0,
				"axis": "y",
				"origin": [
					8,
					4.74767,
					11.25233
				]
			},
			"faces": {
				"north": {
					"uv": [
						3.75,
						7.25,
						4.125,
						7.625
					],
					"texture": "#2"
				},
				"east": {
					"uv": [
						5.25,
						8,
						5.375,
						8.375
					],
					"texture": "#2"
				},
				"south": {
					"uv": [
						7.25,
						4,
						7.625,
						4.375
					],
					"texture": "#2"
				},
				"west": {
					"uv": [
						6,
						8,
						6.125,
						8.375
					],
					"texture": "#2"
				},
				"up": {
					"uv": [
						8.375,
						5.125,
						8,
						5
					],
					"texture": "#2"
				},
				"down": {
					"uv": [
						8.375,
						6.5,
						8,
						6.625
					],
					"texture": "#2"
				}
			}
		},
		{
			"from": [
				7.05,
				3.04767,
				6.15233
			],
			"to": [
				8.95,
				4.84767,
				7.85233
			],
			"rotation": {
				"angle": 0,
				"axis": "y",
				"origin": [
					8,
					2.14767,
					7.65233
				]
			},
			"faces": {
				"north": {
					"uv": [
						6.25,
						5.25,
						6.75,
						5.75
					],
					"texture": "#2"
				},
				"east": {
					"uv": [
						7,
						0,
						7.375,
						0.5
					],
					"texture": "#2"
				},
				"south": {
					"uv": [
						6.25,
						5.75,
						6.75,
						6.25
					],
					"texture": "#2"
				},
				"west": {
					"uv": [
						7,
						0.5,
						7.375,
						1
					],
					"texture": "#2"
				},
				"up": {
					"uv": [
						7.5,
						1.375,
						7,
						1
					],
					"texture": "#2"
				},
				"down": {
					"uv": [
						3.5,
						7,
						3,
						7.375
					],
					"texture": "#2"
				}
			}
		},
		{
			"from": [
				7.95,
				5.34767,
				-14.34767
			],
			"to": [
				8.05,
				6.04767,
				-13.94767
			],
			"rotation": {
				"angle": 0,
				"axis": "y",
				"origin": [
					8,
					4.74767,
					11.25233
				]
			},
			"faces": {
				"north": {
					"uv": [
						5,
						8.5,
						5.125,
						8.625
					],
					"texture": "#2"
				},
				"east": {
					"uv": [
						8.5,
						5,
						8.625,
						5.125
					],
					"texture": "#2"
				},
				"south": {
					"uv": [
						5.25,
						8.5,
						5.375,
						8.625
					],
					"texture": "#2"
				},
				"west": {
					"uv": [
						8.5,
						5.25,
						8.625,
						5.375
					],
					"texture": "#2"
				},
				"up": {
					"uv": [
						5.625,
						8.625,
						5.5,
						8.5
					],
					"texture": "#2"
				},
				"down": {
					"uv": [
						8.625,
						5.5,
						8.5,
						5.625
					],
					"texture": "#2"
				}
			}
		}
	],
	"display": {
		"thirdperson_righthand": {
			"translation": [
				0,
				5.25,
				-3.75
			]
		},
		"thirdperson_lefthand": {
			"translation": [
				0,
				5.25,
				-3
			],
			"scale": [
				-1,
				1,
				1
			]
		},
		"firstperson_righthand": {
			"translation": [
				-2.25,
				7.75,
				-1.5
			]
		},
		"firstperson_lefthand": {
			"translation": [
				-2.25,
				7.75,
				-1.5
			],
			"scale": [
				-1,
				1,
				1
			]
		},
		"ground": {
			"translation": [
				0,
				6.75,
				0
			]
		},
		"gui": {
			"rotation": [
				-168.51,
				-33.4,
				178.33
			],
			"translation": [
				-2,
				4,
				-1
			],
			"scale": [
				0.73,
				0.73,
				0.73
			]
		},
		"fixed": {
			"rotation": [
				0,
				89.25,
				0
			],
			"translation": [
				3,
				5.25,
				-1
			]
		}
	}
}