{
	"credit": "Made with Blockbench",
	"texture_size": [
		64,
		64
	],
	"textures": {
		"1": "scguns_laf:item/new_lm_spear_trough_texture",
		"particle": "scguns_laf:item/new_lm_spear_trough_texture"
	},
	"elements": [
		{
			"from": [
				7.5,
				-0.05,
				14.75
			],
			"to": [
				8.5,
				4.45,
				16.65
			],
			"rotation": {
				"angle": -45,
				"axis": "x",
				"origin": [
					8,
					1,
					15
				]
			},
			"faces": {
				"north": {
					"uv": [
						3.75,
						6.5,
						4,
						7.625
					],
					"texture": "#1"
				},
				"east": {
					"uv": [
						4.25,
						1,
						4.75,
						2.125
					],
					"texture": "#1"
				},
				"south": {
					"uv": [
						4,
						6.75,
						4.25,
						7.875
					],
					"texture": "#1"
				},
				"west": {
					"uv": [
						2.25,
						4.5,
						2.75,
						5.625
					],
					"texture": "#1"
				},
				"up": {
					"uv": [
						2.25,
						3,
						2,
						2.5
					],
					"texture": "#1"
				},
				"down": {
					"uv": [
						2.25,
						5.25,
						2,
						5.75
					],
					"texture": "#1"
				}
			}
		},
		{
			"from": [
				7.45,
				0.8,
				15.5
			],
			"to": [
				8.55,
				3,
				20.7
			],
			"rotation": {
				"angle": 0,
				"axis": "y",
				"origin": [
					8,
					1.8,
					14.4
				]
			},
			"faces": {
				"north": {
					"uv": [
						0.75,
						6,
						1,
						6.5
					],
					"texture": "#1"
				},
				"east": {
					"uv": [
						4,
						3.5,
						5.25,
						4
					],
					"texture": "#1"
				},
				"south": {
					"uv": [
						6.75,
						7.5,
						7,
						8
					],
					"texture": "#1"
				},
				"west": {
					"uv": [
						4,
						4,
						5.25,
						4.5
					],
					"texture": "#1"
				},
				"up": {
					"uv": [
						5.25,
						7.5,
						5,
						6.25
					],
					"texture": "#1"
				},
				"down": {
					"uv": [
						1.5,
						6.5,
						1.25,
						7.75
					],
					"texture": "#1"
				}
			}
		},
		{
			"from": [
				7.55,
				0.2,
				18.8
			],
			"to": [
				8.45,
				0.9,
				22.6
			],
			"rotation": {
				"angle": 0,
				"axis": "y",
				"origin": [
					8,
					1.8,
					14.4
				]
			},
			"faces": {
				"north": {
					"uv": [
						0.5,
						8.75,
						0.75,
						8.875
					],
					"texture": "#1"
				},
				"east": {
					"uv": [
						7.25,
						5,
						8.25,
						5.125
					],
					"texture": "#1"
				},
				"south": {
					"uv": [
						8.75,
						1.5,
						9,
						1.625
					],
					"texture": "#1"
				},
				"west": {
					"uv": [
						7.75,
						1,
						8.75,
						1.125
					],
					"texture": "#1"
				},
				"up": {
					"uv": [
						5,
						7.75,
						4.75,
						6.75
					],
					"texture": "#1"
				},
				"down": {
					"uv": [
						7,
						6.5,
						6.75,
						7.5
					],
					"texture": "#1"
				}
			}
		},
		{
			"from": [
				7.55,
				1.65,
				15
			],
			"to": [
				8.45,
				3.3,
				22.6
			],
			"rotation": {
				"angle": 0,
				"axis": "y",
				"origin": [
					8,
					1.8,
					14.4
				]
			},
			"faces": {
				"north": {
					"uv": [
						7.75,
						6.25,
						8,
						6.625
					],
					"texture": "#1"
				},
				"east": {
					"uv": [
						4,
						0,
						5.875,
						0.375
					],
					"texture": "#1"
				},
				"south": {
					"uv": [
						0,
						8,
						0.25,
						8.375
					],
					"texture": "#1"
				},
				"west": {
					"uv": [
						4,
						0.5,
						5.875,
						0.875
					],
					"texture": "#1"
				},
				"up": {
					"uv": [
						1,
						5.875,
						0.75,
						4
					],
					"texture": "#1"
				},
				"down": {
					"uv": [
						4,
						4.5,
						3.75,
						6.375
					],
					"texture": "#1"
				}
			}
		},
		{
			"from": [
				7.75,
				-1.1,
				20.7
			],
			"to": [
				8.25,
				3.4,
				23.1
			],
			"rotation": {
				"angle": 0,
				"axis": "y",
				"origin": [
					8,
					1.8,
					14.4
				]
			},
			"faces": {
				"north": {
					"uv": [
						5.5,
						7.5,
						5.625,
						8.625
					],
					"texture": "#1"
				},
				"east": {
					"uv": [
						0,
						4,
						0.625,
						5.125
					],
					"texture": "#1"
				},
				"south": {
					"uv": [
						7.5,
						5.5,
						7.625,
						6.625
					],
					"texture": "#1"
				},
				"west": {
					"uv": [
						1.5,
						4,
						2.125,
						5.125
					],
					"texture": "#1"
				},
				"up": {
					"uv": [
						5.125,
						8.625,
						5,
						8
					],
					"texture": "#1"
				},
				"down": {
					"uv": [
						5.375,
						8,
						5.25,
						8.625
					],
					"texture": "#1"
				}
			}
		},
		{
			"from": [
				7.45,
				-0.7,
				20.7
			],
			"to": [
				8.55,
				3,
				22.8
			],
			"rotation": {
				"angle": 0,
				"axis": "y",
				"origin": [
					8,
					1.8,
					14.4
				]
			},
			"faces": {
				"north": {
					"uv": [
						3.5,
						7,
						3.75,
						7.875
					],
					"texture": "#1"
				},
				"east": {
					"uv": [
						4.75,
						1,
						5.25,
						1.875
					],
					"texture": "#1"
				},
				"south": {
					"uv": [
						0.5,
						7.25,
						0.75,
						8.125
					],
					"texture": "#1"
				},
				"west": {
					"uv": [
						4.75,
						2,
						5.25,
						2.875
					],
					"texture": "#1"
				},
				"up": {
					"uv": [
						1.5,
						8.25,
						1.25,
						7.75
					],
					"texture": "#1"
				},
				"down": {
					"uv": [
						8,
						1.25,
						7.75,
						1.75
					],
					"texture": "#1"
				}
			}
		},
		{
			"from": [
				7.65,
				-1,
				20.6
			],
			"to": [
				8.35,
				-0.7,
				22.8
			],
			"rotation": {
				"angle": 0,
				"axis": "y",
				"origin": [
					8,
					1.8,
					14.4
				]
			},
			"faces": {
				"north": {
					"uv": [
						6.25,
						8.75,
						6.375,
						8.875
					],
					"texture": "#1"
				},
				"east": {
					"uv": [
						8,
						7,
						8.5,
						7.125
					],
					"texture": "#1"
				},
				"south": {
					"uv": [
						8.75,
						6.25,
						8.875,
						6.375
					],
					"texture": "#1"
				},
				"west": {
					"uv": [
						8,
						7.25,
						8.5,
						7.375
					],
					"texture": "#1"
				},
				"up": {
					"uv": [
						8.125,
						8,
						8,
						7.5
					],
					"texture": "#1"
				},
				"down": {
					"uv": [
						8.125,
						8,
						8,
						8.5
					],
					"texture": "#1"
				}
			}
		},
		{
			"from": [
				7.44,
				0.1,
				14.4
			],
			"to": [
				8.56,
				1.6,
				21.3
			],
			"rotation": {
				"angle": 22.5,
				"axis": "x",
				"origin": [
					8,
					1.05,
					18.95
				]
			},
			"faces": {
				"north": {
					"uv": [
						0.25,
						8,
						0.5,
						8.375
					],
					"texture": "#1"
				},
				"east": {
					"uv": [
						2.25,
						4,
						4,
						4.375
					],
					"texture": "#1"
				},
				"south": {
					"uv": [
						8,
						1.25,
						8.25,
						1.625
					],
					"texture": "#1"
				},
				"west": {
					"uv": [
						4,
						3,
						5.75,
						3.375
					],
					"texture": "#1"
				},
				"up": {
					"uv": [
						5.25,
						6.25,
						5,
						4.5
					],
					"texture": "#1"
				},
				"down": {
					"uv": [
						0.25,
						5.25,
						0,
						7
					],
					"texture": "#1"
				}
			}
		},
		{
			"from": [
				7.66,
				-0.2,
				15.5
			],
			"to": [
				8.38,
				0.1,
				21.3
			],
			"rotation": {
				"angle": 22.5,
				"axis": "x",
				"origin": [
					8,
					1.05,
					18.95
				]
			},
			"faces": {
				"north": {
					"uv": [
						6.5,
						8.75,
						6.625,
						8.875
					],
					"texture": "#1"
				},
				"east": {
					"uv": [
						7.25,
						2.5,
						8.75,
						2.625
					],
					"texture": "#1"
				},
				"south": {
					"uv": [
						8.75,
						6.5,
						8.875,
						6.625
					],
					"texture": "#1"
				},
				"west": {
					"uv": [
						7.25,
						2.75,
						8.75,
						2.875
					],
					"texture": "#1"
				},
				"up": {
					"uv": [
						7.625,
						1.5,
						7.5,
						0
					],
					"texture": "#1"
				},
				"down": {
					"uv": [
						0.875,
						7.5,
						0.75,
						9
					],
					"texture": "#1"
				}
			}
		},
		{
			"from": [
				7.76,
				-0.3,
				15.5
			],
			"to": [
				8.26,
				0.1,
				21.4
			],
			"rotation": {
				"angle": 22.5,
				"axis": "x",
				"origin": [
					8,
					1.05,
					18.95
				]
			},
			"faces": {
				"north": {
					"uv": [
						6.75,
						8.75,
						6.875,
						8.875
					],
					"texture": "#1"
				},
				"east": {
					"uv": [
						7.25,
						4.5,
						8.75,
						4.625
					],
					"texture": "#1"
				},
				"south": {
					"uv": [
						8.75,
						6.75,
						8.875,
						6.875
					],
					"texture": "#1"
				},
				"west": {
					"uv": [
						7.25,
						4.75,
						8.75,
						4.875
					],
					"texture": "#1"
				},
				"up": {
					"uv": [
						1.125,
						9,
						1,
						7.5
					],
					"texture": "#1"
				},
				"down": {
					"uv": [
						2.125,
						7.5,
						2,
						9
					],
					"texture": "#1"
				}
			}
		},
		{
			"from": [
				7.24,
				1.5,
				15.2
			],
			"to": [
				8.76,
				4.2,
				15.7
			],
			"rotation": {
				"angle": -45,
				"axis": "x",
				"origin": [
					8,
					1,
					15
				]
			},
			"faces": {
				"north": {
					"uv": [
						7,
						6.5,
						7.375,
						7.125
					],
					"texture": "#1"
				},
				"east": {
					"uv": [
						5.75,
						8,
						5.875,
						8.625
					],
					"texture": "#1"
				},
				"south": {
					"uv": [
						0,
						7.25,
						0.375,
						7.875
					],
					"texture": "#1"
				},
				"west": {
					"uv": [
						6,
						8,
						6.125,
						8.625
					],
					"texture": "#1"
				},
				"up": {
					"uv": [
						8.875,
						2.375,
						8.5,
						2.25
					],
					"texture": "#1"
				},
				"down": {
					"uv": [
						3.125,
						8.5,
						2.75,
						8.625
					],
					"texture": "#1"
				}
			}
		},
		{
			"from": [
				7.34,
				0.2,
				14.6
			],
			"to": [
				8.66,
				4,
				16.3
			],
			"rotation": {
				"angle": -45,
				"axis": "x",
				"origin": [
					8,
					1,
					15
				]
			},
			"faces": {
				"north": {
					"uv": [
						2.75,
						5.5,
						3.125,
						6.5
					],
					"texture": "#1"
				},
				"east": {
					"uv": [
						3.25,
						5.5,
						3.625,
						6.5
					],
					"texture": "#1"
				},
				"south": {
					"uv": [
						5.25,
						5.5,
						5.625,
						6.5
					],
					"texture": "#1"
				},
				"west": {
					"uv": [
						5.75,
						1,
						6.125,
						2
					],
					"texture": "#1"
				},
				"up": {
					"uv": [
						6.125,
						7.875,
						5.75,
						7.5
					],
					"texture": "#1"
				},
				"down": {
					"uv": [
						6.625,
						7.5,
						6.25,
						7.875
					],
					"texture": "#1"
				}
			}
		},
		{
			"from": [
				7.25,
				2.84767,
				7.35233
			],
			"to": [
				8.75,
				5.64767,
				12.35233
			],
			"rotation": {
				"angle": 0,
				"axis": "y",
				"origin": [
					8,
					4.74767,
					11.25233
				]
			},
			"faces": {
				"north": {
					"uv": [
						6.75,
						4,
						7.125,
						4.75
					],
					"texture": "#1"
				},
				"east": {
					"uv": [
						1,
						1,
						2.25,
						1.75
					],
					"texture": "#1"
				},
				"south": {
					"uv": [
						4.25,
						6.75,
						4.625,
						7.5
					],
					"texture": "#1"
				},
				"west": {
					"uv": [
						1,
						1.75,
						2.25,
						2.5
					],
					"texture": "#1"
				},
				"up": {
					"uv": [
						4.375,
						5.75,
						4,
						4.5
					],
					"texture": "#1"
				},
				"down": {
					"uv": [
						4.875,
						4.5,
						4.5,
						5.75
					],
					"texture": "#1"
				}
			}
		},
		{
			"from": [
				8.75,
				3.14767,
				9.65233
			],
			"to": [
				9.05,
				5.34767,
				12.25233
			],
			"rotation": {
				"angle": 0,
				"axis": "y",
				"origin": [
					8,
					4.74767,
					11.25233
				]
			},
			"faces": {
				"north": {
					"uv": [
						8.25,
						0,
						8.375,
						0.5
					],
					"texture": "#1"
				},
				"east": {
					"uv": [
						3,
						6.5,
						3.625,
						7
					],
					"texture": "#1"
				},
				"south": {
					"uv": [
						0.5,
						8.25,
						0.625,
						8.75
					],
					"texture": "#1"
				},
				"west": {
					"uv": [
						5.25,
						6.5,
						5.875,
						7
					],
					"texture": "#1"
				},
				"up": {
					"uv": [
						6.375,
						8.625,
						6.25,
						8
					],
					"texture": "#1"
				},
				"down": {
					"uv": [
						8.125,
						6.25,
						8,
						6.875
					],
					"texture": "#1"
				}
			}
		},
		{
			"from": [
				9.05,
				4.54767,
				11.45233
			],
			"to": [
				9.35,
				6.54767,
				12.05233
			],
			"rotation": {
				"angle": 22.5,
				"axis": "x",
				"origin": [
					8,
					4.74767,
					11.25233
				]
			},
			"faces": {
				"north": {
					"uv": [
						8.25,
						0.5,
						8.375,
						1
					],
					"texture": "#1"
				},
				"east": {
					"uv": [
						1.25,
						8.25,
						1.375,
						8.75
					],
					"texture": "#1"
				},
				"south": {
					"uv": [
						8.25,
						1.25,
						8.375,
						1.75
					],
					"texture": "#1"
				},
				"west": {
					"uv": [
						1.5,
						8.25,
						1.625,
						8.75
					],
					"texture": "#1"
				},
				"up": {
					"uv": [
						7.125,
						8.875,
						7,
						8.75
					],
					"texture": "#1"
				},
				"down": {
					"uv": [
						8.875,
						7,
						8.75,
						7.125
					],
					"texture": "#1"
				}
			}
		},
		{
			"from": [
				8.85,
				4.54767,
				11.55233
			],
			"to": [
				9.15,
				6.54767,
				11.95233
			],
			"rotation": {
				"angle": 22.5,
				"axis": "x",
				"origin": [
					8,
					4.74767,
					11.25233
				]
			},
			"faces": {
				"north": {
					"uv": [
						1.75,
						8.25,
						1.875,
						8.75
					],
					"texture": "#1"
				},
				"east": {
					"uv": [
						8.25,
						1.75,
						8.375,
						2.25
					],
					"texture": "#1"
				},
				"south": {
					"uv": [
						2.25,
						8.25,
						2.375,
						8.75
					],
					"texture": "#1"
				},
				"west": {
					"uv": [
						2.5,
						8.25,
						2.625,
						8.75
					],
					"texture": "#1"
				},
				"up": {
					"uv": [
						8.875,
						7.375,
						8.75,
						7.25
					],
					"texture": "#1"
				},
				"down": {
					"uv": [
						7.625,
						8.75,
						7.5,
						8.875
					],
					"texture": "#1"
				}
			}
		},
		{
			"from": [
				9.05,
				6.54767,
				11.35233
			],
			"to": [
				9.35,
				6.84767,
				12.55233
			],
			"rotation": {
				"angle": 22.5,
				"axis": "x",
				"origin": [
					8,
					4.74767,
					11.25233
				]
			},
			"faces": {
				"north": {
					"uv": [
						7.75,
						8.75,
						7.875,
						8.875
					],
					"texture": "#1"
				},
				"east": {
					"uv": [
						1.75,
						8.75,
						2,
						8.875
					],
					"texture": "#1"
				},
				"south": {
					"uv": [
						8.25,
						8.75,
						8.375,
						8.875
					],
					"texture": "#1"
				},
				"west": {
					"uv": [
						8.75,
						1.75,
						9,
						1.875
					],
					"texture": "#1"
				},
				"up": {
					"uv": [
						8.875,
						2.25,
						8.75,
						2
					],
					"texture": "#1"
				},
				"down": {
					"uv": [
						2.375,
						8.75,
						2.25,
						9
					],
					"texture": "#1"
				}
			}
		},
		{
			"from": [
				8.65,
				6.54767,
				11.35233
			],
			"to": [
				9.05,
				6.74767,
				12.55233
			],
			"rotation": {
				"angle": 22.5,
				"axis": "x",
				"origin": [
					8,
					4.74767,
					11.25233
				]
			},
			"faces": {
				"north": {
					"uv": [
						8.75,
						8.25,
						8.875,
						8.375
					],
					"texture": "#1"
				},
				"east": {
					"uv": [
						2.5,
						8.75,
						2.75,
						8.875
					],
					"texture": "#1"
				},
				"south": {
					"uv": [
						8.5,
						8.75,
						8.625,
						8.875
					],
					"texture": "#1"
				},
				"west": {
					"uv": [
						8.75,
						2.5,
						9,
						2.625
					],
					"texture": "#1"
				},
				"up": {
					"uv": [
						2.875,
						9,
						2.75,
						8.75
					],
					"texture": "#1"
				},
				"down": {
					"uv": [
						8.875,
						2.75,
						8.75,
						3
					],
					"texture": "#1"
				}
			}
		},
		{
			"from": [
				9.05,
				4.14767,
				11.25233
			],
			"to": [
				9.45,
				5.04767,
				12.15233
			],
			"rotation": {
				"angle": 0,
				"axis": "y",
				"origin": [
					8,
					4.74767,
					11.25233
				]
			},
			"faces": {
				"north": {
					"uv": [
						3,
						8.75,
						3.125,
						9
					],
					"texture": "#1"
				},
				"east": {
					"uv": [
						0,
						7,
						0.25,
						7.25
					],
					"texture": "#1"
				},
				"south": {
					"uv": [
						3.25,
						8.75,
						3.375,
						9
					],
					"texture": "#1"
				},
				"west": {
					"uv": [
						8.25,
						2.25,
						8.5,
						2.5
					],
					"texture": "#1"
				},
				"up": {
					"uv": [
						3.875,
						9,
						3.75,
						8.75
					],
					"texture": "#1"
				},
				"down": {
					"uv": [
						4.125,
						8.75,
						4,
						9
					],
					"texture": "#1"
				}
			}
		},
		{
			"from": [
				9.05,
				4.54767,
				9.85233
			],
			"to": [
				9.45,
				5.04767,
				11.25233
			],
			"rotation": {
				"angle": 0,
				"axis": "y",
				"origin": [
					8,
					4.74767,
					11.25233
				]
			},
			"faces": {
				"north": {
					"uv": [
						8.75,
						8.5,
						8.875,
						8.625
					],
					"texture": "#1"
				},
				"east": {
					"uv": [
						8.5,
						3.5,
						8.875,
						3.625
					],
					"texture": "#1"
				},
				"south": {
					"uv": [
						8.75,
						8.75,
						8.875,
						8.875
					],
					"texture": "#1"
				},
				"west": {
					"uv": [
						8.5,
						3.75,
						8.875,
						3.875
					],
					"texture": "#1"
				},
				"up": {
					"uv": [
						3.625,
						8.875,
						3.5,
						8.5
					],
					"texture": "#1"
				},
				"down": {
					"uv": [
						8.625,
						4,
						8.5,
						4.375
					],
					"texture": "#1"
				}
			}
		},
		{
			"from": [
				9.05,
				3.24767,
				11.25233
			],
			"to": [
				9.35,
				4.14767,
				12.05233
			],
			"rotation": {
				"angle": 0,
				"axis": "y",
				"origin": [
					8,
					4.74767,
					11.25233
				]
			},
			"faces": {
				"north": {
					"uv": [
						8.75,
						4,
						8.875,
						4.25
					],
					"texture": "#1"
				},
				"east": {
					"uv": [
						2.75,
						8.25,
						3,
						8.5
					],
					"texture": "#1"
				},
				"south": {
					"uv": [
						4.25,
						8.75,
						4.375,
						9
					],
					"texture": "#1"
				},
				"west": {
					"uv": [
						3,
						8.25,
						3.25,
						8.5
					],
					"texture": "#1"
				},
				"up": {
					"uv": [
						8.875,
						4.5,
						8.75,
						4.25
					],
					"texture": "#1"
				},
				"down": {
					"uv": [
						8.875,
						4.5,
						8.75,
						4.75
					],
					"texture": "#1"
				}
			}
		},
		{
			"from": [
				9.05,
				3.24767,
				9.95233
			],
			"to": [
				9.35,
				4.54767,
				11.25233
			],
			"rotation": {
				"angle": 0,
				"axis": "y",
				"origin": [
					8,
					4.74767,
					11.25233
				]
			},
			"faces": {
				"north": {
					"uv": [
						4.5,
						8.5,
						4.625,
						8.875
					],
					"texture": "#1"
				},
				"east": {
					"uv": [
						7.5,
						6.75,
						7.875,
						7.125
					],
					"texture": "#1"
				},
				"south": {
					"uv": [
						8.5,
						5.75,
						8.625,
						6.125
					],
					"texture": "#1"
				},
				"west": {
					"uv": [
						7.5,
						7.25,
						7.875,
						7.625
					],
					"texture": "#1"
				},
				"up": {
					"uv": [
						8.625,
						6.875,
						8.5,
						6.5
					],
					"texture": "#1"
				},
				"down": {
					"uv": [
						8.625,
						7,
						8.5,
						7.375
					],
					"texture": "#1"
				}
			}
		},
		{
			"from": [
				7.26,
				2.84767,
				12.35233
			],
			"to": [
				8.74,
				5.44767,
				13.35233
			],
			"rotation": {
				"angle": 0,
				"axis": "y",
				"origin": [
					8,
					4.74767,
					11.25233
				]
			},
			"faces": {
				"north": {
					"uv": [
						1.5,
						7.25,
						1.875,
						7.875
					],
					"texture": "#1"
				},
				"east": {
					"uv": [
						2.5,
						5.75,
						2.75,
						6.375
					],
					"texture": "#1"
				},
				"south": {
					"uv": [
						7.25,
						1.5,
						7.625,
						2.125
					],
					"texture": "#1"
				},
				"west": {
					"uv": [
						3.25,
						7.5,
						3.5,
						8.125
					],
					"texture": "#1"
				},
				"up": {
					"uv": [
						1.875,
						8.25,
						1.5,
						8
					],
					"texture": "#1"
				},
				"down": {
					"uv": [
						2.625,
						8,
						2.25,
						8.25
					],
					"texture": "#1"
				}
			}
		},
		{
			"from": [
				7.75,
				1.44767,
				11.55233
			],
			"to": [
				8.25,
				1.94767,
				13.15233
			],
			"rotation": {
				"angle": 0,
				"axis": "y",
				"origin": [
					8,
					4.74767,
					11.25233
				]
			},
			"faces": {
				"north": {
					"uv": [
						0,
						9,
						0.125,
						9.125
					],
					"texture": "#1"
				},
				"east": {
					"uv": [
						8.5,
						7.5,
						8.875,
						7.625
					],
					"texture": "#1"
				},
				"south": {
					"uv": [
						9,
						0,
						9.125,
						0.125
					],
					"texture": "#1"
				},
				"west": {
					"uv": [
						8.5,
						7.75,
						8.875,
						7.875
					],
					"texture": "#1"
				},
				"up": {
					"uv": [
						7.375,
						8.875,
						7.25,
						8.5
					],
					"texture": "#1"
				},
				"down": {
					"uv": [
						8.125,
						8.5,
						8,
						8.875
					],
					"texture": "#1"
				}
			}
		},
		{
			"from": [
				7.75,
				1.94767,
				12.75233
			],
			"to": [
				8.25,
				3.14767,
				13.35233
			],
			"rotation": {
				"angle": 0,
				"axis": "y",
				"origin": [
					8,
					4.74767,
					11.25233
				]
			},
			"faces": {
				"north": {
					"uv": [
						4.75,
						8.75,
						4.875,
						9
					],
					"texture": "#1"
				},
				"east": {
					"uv": [
						8.75,
						4.75,
						8.875,
						5
					],
					"texture": "#1"
				},
				"south": {
					"uv": [
						5,
						8.75,
						5.125,
						9
					],
					"texture": "#1"
				},
				"west": {
					"uv": [
						8.75,
						5,
						8.875,
						5.25
					],
					"texture": "#1"
				},
				"up": {
					"uv": [
						0.375,
						9.125,
						0.25,
						9
					],
					"texture": "#1"
				},
				"down": {
					"uv": [
						9.125,
						0.25,
						9,
						0.375
					],
					"texture": "#1"
				}
			}
		},
		{
			"from": [
				7.74,
				2.22,
				9.12
			],
			"to": [
				8.26,
				4.12,
				9.62
			],
			"rotation": {
				"angle": -45,
				"axis": "x",
				"origin": [
					8,
					4.74767,
					11.25233
				]
			},
			"faces": {
				"north": {
					"uv": [
						3.25,
						8.25,
						3.375,
						8.75
					],
					"texture": "#1"
				},
				"east": {
					"uv": [
						4,
						8.25,
						4.125,
						8.75
					],
					"texture": "#1"
				},
				"south": {
					"uv": [
						4.25,
						8.25,
						4.375,
						8.75
					],
					"texture": "#1"
				},
				"west": {
					"uv": [
						8.25,
						5.75,
						8.375,
						6.25
					],
					"texture": "#1"
				},
				"up": {
					"uv": [
						0.625,
						9.125,
						0.5,
						9
					],
					"texture": "#1"
				},
				"down": {
					"uv": [
						9.125,
						0.5,
						9,
						0.625
					],
					"texture": "#1"
				}
			}
		},
		{
			"from": [
				7.74,
				2.29089,
				13.01713
			],
			"to": [
				8.26,
				2.79089,
				14.91713
			],
			"rotation": {
				"angle": -45,
				"axis": "x",
				"origin": [
					8,
					2.04089,
					14.06713
				]
			},
			"faces": {
				"north": {
					"uv": [
						0.75,
						9,
						0.875,
						9.125
					],
					"texture": "#1"
				},
				"east": {
					"uv": [
						8.25,
						5,
						8.75,
						5.125
					],
					"texture": "#1"
				},
				"south": {
					"uv": [
						9,
						0.75,
						9.125,
						0.875
					],
					"texture": "#1"
				},
				"west": {
					"uv": [
						8.25,
						6.25,
						8.75,
						6.375
					],
					"texture": "#1"
				},
				"up": {
					"uv": [
						8.375,
						7,
						8.25,
						6.5
					],
					"texture": "#1"
				},
				"down": {
					"uv": [
						7.125,
						8.25,
						7,
						8.75
					],
					"texture": "#1"
				}
			}
		},
		{
			"from": [
				7.65,
				2.14767,
				12.25233
			],
			"to": [
				8.35,
				3.14767,
				12.55233
			],
			"rotation": {
				"angle": 0,
				"axis": "y",
				"origin": [
					8,
					4.74767,
					11.25233
				]
			},
			"faces": {
				"north": {
					"uv": [
						5.25,
						8.75,
						5.375,
						9
					],
					"texture": "#1"
				},
				"east": {
					"uv": [
						8.75,
						5.25,
						8.875,
						5.5
					],
					"texture": "#1"
				},
				"south": {
					"uv": [
						5.5,
						8.75,
						5.625,
						9
					],
					"texture": "#1"
				},
				"west": {
					"uv": [
						8.75,
						5.5,
						8.875,
						5.75
					],
					"texture": "#1"
				},
				"up": {
					"uv": [
						1.125,
						9.125,
						1,
						9
					],
					"texture": "#1"
				},
				"down": {
					"uv": [
						1.375,
						9,
						1.25,
						9.125
					],
					"texture": "#1"
				}
			}
		},
		{
			"from": [
				7.45,
				2.44767,
				6.75233
			],
			"to": [
				8.55,
				3.44767,
				10.15233
			],
			"rotation": {
				"angle": 0,
				"axis": "y",
				"origin": [
					8,
					2.14767,
					7.65233
				]
			},
			"faces": {
				"north": {
					"uv": [
						7.25,
						8.25,
						7.5,
						8.5
					],
					"texture": "#1"
				},
				"east": {
					"uv": [
						6.75,
						5.25,
						7.625,
						5.5
					],
					"texture": "#1"
				},
				"south": {
					"uv": [
						8.25,
						7.5,
						8.5,
						7.75
					],
					"texture": "#1"
				},
				"west": {
					"uv": [
						7.25,
						2.25,
						8.125,
						2.5
					],
					"texture": "#1"
				},
				"up": {
					"uv": [
						7.5,
						4.375,
						7.25,
						3.5
					],
					"texture": "#1"
				},
				"down": {
					"uv": [
						7.5,
						5.5,
						7.25,
						6.375
					],
					"texture": "#1"
				}
			}
		},
		{
			"from": [
				6,
				2.24767,
				6.503
			],
			"to": [
				10,
				3.94767,
				9.903
			],
			"rotation": {
				"angle": 0,
				"axis": "y",
				"origin": [
					8,
					3.09767,
					8.20233
				]
			},
			"faces": {
				"north": {
					"uv": [
						5.75,
						2,
						6.75,
						2.375
					],
					"texture": "#1"
				},
				"east": {
					"uv": [
						6.25,
						3.5,
						7.125,
						3.875
					],
					"texture": "#1"
				},
				"south": {
					"uv": [
						5.75,
						2.5,
						6.75,
						2.875
					],
					"texture": "#1"
				},
				"west": {
					"uv": [
						4,
						6.25,
						4.875,
						6.625
					],
					"texture": "#1"
				},
				"up": {
					"uv": [
						3.25,
						1.875,
						2.25,
						1
					],
					"texture": "#1"
				},
				"down": {
					"uv": [
						3.25,
						2,
						2.25,
						2.875
					],
					"texture": "#1"
				}
			}
		},
		{
			"from": [
				7.25,
				1.09767,
				6.497
			],
			"to": [
				8.75,
				5.09767,
				9.882
			],
			"rotation": {
				"angle": -45,
				"axis": "z",
				"origin": [
					8,
					3.09767,
					8.20233
				]
			},
			"faces": {
				"north": {
					"uv": [
						2,
						5.75,
						2.375,
						6.75
					],
					"texture": "#1"
				},
				"east": {
					"uv": [
						1,
						2.5,
						1.875,
						3.5
					],
					"texture": "#1"
				},
				"south": {
					"uv": [
						5.75,
						3,
						6.125,
						4
					],
					"texture": "#1"
				},
				"west": {
					"uv": [
						3,
						0,
						3.875,
						1
					],
					"texture": "#1"
				},
				"up": {
					"uv": [
						1.875,
						7.125,
						1.5,
						6.25
					],
					"texture": "#1"
				},
				"down": {
					"uv": [
						6.625,
						4.5,
						6.25,
						5.375
					],
					"texture": "#1"
				}
			}
		},
		{
			"from": [
				6,
				2.34767,
				6.50233
			],
			"to": [
				10,
				3.84767,
				9.91233
			],
			"rotation": {
				"angle": -45,
				"axis": "z",
				"origin": [
					8,
					3.09767,
					8.20233
				]
			},
			"faces": {
				"north": {
					"uv": [
						4,
						5.75,
						5,
						6.125
					],
					"texture": "#1"
				},
				"east": {
					"uv": [
						6.25,
						5.5,
						7.125,
						5.875
					],
					"texture": "#1"
				},
				"south": {
					"uv": [
						5.75,
						4,
						6.75,
						4.375
					],
					"texture": "#1"
				},
				"west": {
					"uv": [
						6.25,
						6,
						7.125,
						6.375
					],
					"texture": "#1"
				},
				"up": {
					"uv": [
						3,
						3.875,
						2,
						3
					],
					"texture": "#1"
				},
				"down": {
					"uv": [
						4,
						3,
						3,
						3.875
					],
					"texture": "#1"
				}
			}
		},
		{
			"from": [
				7.15,
				1.09767,
				6.5
			],
			"to": [
				8.85,
				5.09767,
				9.9
			],
			"rotation": {
				"angle": 0,
				"axis": "y",
				"origin": [
					8,
					3.09767,
					8.20233
				]
			},
			"faces": {
				"north": {
					"uv": [
						5.75,
						4.5,
						6.125,
						5.5
					],
					"texture": "#1"
				},
				"east": {
					"uv": [
						3.25,
						1,
						4.125,
						2
					],
					"texture": "#1"
				},
				"south": {
					"uv": [
						5.75,
						5.5,
						6.125,
						6.5
					],
					"texture": "#1"
				},
				"west": {
					"uv": [
						3.25,
						2,
						4.125,
						3
					],
					"texture": "#1"
				},
				"up": {
					"uv": [
						1.125,
						7.375,
						0.75,
						6.5
					],
					"texture": "#1"
				},
				"down": {
					"uv": [
						2.875,
						6.5,
						2.5,
						7.375
					],
					"texture": "#1"
				}
			}
		},
		{
			"from": [
				7.36,
				4.14767,
				13.25233
			],
			"to": [
				8.64,
				5.14767,
				14.05233
			],
			"rotation": {
				"angle": 0,
				"axis": "y",
				"origin": [
					8,
					4.74767,
					11.25233
				]
			},
			"faces": {
				"north": {
					"uv": [
						2.75,
						8,
						3.125,
						8.25
					],
					"texture": "#1"
				},
				"east": {
					"uv": [
						8.25,
						7.75,
						8.5,
						8
					],
					"texture": "#1"
				},
				"south": {
					"uv": [
						8,
						3.5,
						8.375,
						3.75
					],
					"texture": "#1"
				},
				"west": {
					"uv": [
						8.25,
						8,
						8.5,
						8.25
					],
					"texture": "#1"
				},
				"up": {
					"uv": [
						8.375,
						4,
						8,
						3.75
					],
					"texture": "#1"
				},
				"down": {
					"uv": [
						4.375,
						8,
						4,
						8.25
					],
					"texture": "#1"
				}
			}
		},
		{
			"from": [
				6.9075,
				3.23482,
				1.75018
			],
			"to": [
				9.0925,
				5.07482,
				4.47518
			],
			"rotation": {
				"angle": 0,
				"axis": "y",
				"origin": [
					8,
					2.46982,
					7.60018
				]
			},
			"faces": {
				"north": {
					"uv": [
						1.5,
						3.5,
						2,
						4
					],
					"texture": "#1"
				},
				"east": {
					"uv": [
						6,
						6.5,
						6.625,
						7
					],
					"texture": "#1"
				},
				"south": {
					"uv": [
						6.75,
						4.75,
						7.25,
						5.25
					],
					"texture": "#1"
				},
				"west": {
					"uv": [
						6.75,
						1,
						7.375,
						1.5
					],
					"texture": "#1"
				},
				"up": {
					"uv": [
						4.75,
						2.875,
						4.25,
						2.25
					],
					"texture": "#1"
				},
				"down": {
					"uv": [
						7.25,
						1.5,
						6.75,
						2.125
					],
					"texture": "#1"
				}
			}
		},
		{
			"from": [
				6.9075,
				3.46482,
				-2.84982
			],
			"to": [
				9.0925,
				5.07482,
				1.17518
			],
			"rotation": {
				"angle": 0,
				"axis": "y",
				"origin": [
					8,
					2.46982,
					7.60018
				]
			},
			"faces": {
				"north": {
					"uv": [
						2.25,
						7.5,
						2.75,
						7.875
					],
					"texture": "#1"
				},
				"east": {
					"uv": [
						6,
						0,
						7,
						0.375
					],
					"texture": "#1"
				},
				"south": {
					"uv": [
						2.75,
						7.5,
						3.25,
						7.875
					],
					"texture": "#1"
				},
				"west": {
					"uv": [
						6,
						0.5,
						7,
						0.875
					],
					"texture": "#1"
				},
				"up": {
					"uv": [
						3.25,
						5.5,
						2.75,
						4.5
					],
					"texture": "#1"
				},
				"down": {
					"uv": [
						3.75,
						4.5,
						3.25,
						5.5
					],
					"texture": "#1"
				}
			}
		},
		{
			"from": [
				7.05,
				2.14767,
				6.25233
			],
			"to": [
				8.95,
				5.84767,
				6.55233
			],
			"rotation": {
				"angle": 0,
				"axis": "y",
				"origin": [
					8,
					4.74767,
					11.25233
				]
			},
			"faces": {
				"north": {
					"uv": [
						0.25,
						5.25,
						0.75,
						6.125
					],
					"texture": "#1"
				},
				"east": {
					"uv": [
						3.75,
						7.75,
						3.875,
						8.625
					],
					"texture": "#1"
				},
				"south": {
					"uv": [
						5.25,
						1,
						5.75,
						1.875
					],
					"texture": "#1"
				},
				"west": {
					"uv": [
						4.75,
						7.75,
						4.875,
						8.625
					],
					"texture": "#1"
				},
				"up": {
					"uv": [
						8.75,
						8.375,
						8.25,
						8.25
					],
					"texture": "#1"
				},
				"down": {
					"uv": [
						0.5,
						8.5,
						0,
						8.625
					],
					"texture": "#1"
				}
			}
		},
		{
			"from": [
				7.05,
				2.14767,
				9.85233
			],
			"to": [
				8.95,
				5.84767,
				10.15233
			],
			"rotation": {
				"angle": 0,
				"axis": "y",
				"origin": [
					8,
					4.74767,
					11.25233
				]
			},
			"faces": {
				"north": {
					"uv": [
						1.5,
						5.25,
						2,
						6.125
					],
					"texture": "#1"
				},
				"east": {
					"uv": [
						7.5,
						7.75,
						7.625,
						8.625
					],
					"texture": "#1"
				},
				"south": {
					"uv": [
						5.25,
						2,
						5.75,
						2.875
					],
					"texture": "#1"
				},
				"west": {
					"uv": [
						7.75,
						7.75,
						7.875,
						8.625
					],
					"texture": "#1"
				},
				"up": {
					"uv": [
						9,
						0.125,
						8.5,
						0
					],
					"texture": "#1"
				},
				"down": {
					"uv": [
						9,
						0.25,
						8.5,
						0.375
					],
					"texture": "#1"
				}
			}
		},
		{
			"from": [
				7.05,
				2.14767,
				6.55233
			],
			"to": [
				8.95,
				5.74767,
				7.35233
			],
			"rotation": {
				"angle": 0,
				"axis": "y",
				"origin": [
					8,
					4.74767,
					11.25233
				]
			},
			"faces": {
				"north": {
					"uv": [
						5.25,
						3.5,
						5.75,
						4.375
					],
					"texture": "#1"
				},
				"east": {
					"uv": [
						7,
						7.25,
						7.25,
						8.125
					],
					"texture": "#1"
				},
				"south": {
					"uv": [
						5.25,
						4.5,
						5.75,
						5.375
					],
					"texture": "#1"
				},
				"west": {
					"uv": [
						7.25,
						7.25,
						7.5,
						8.125
					],
					"texture": "#1"
				},
				"up": {
					"uv": [
						8.25,
						2,
						7.75,
						1.75
					],
					"texture": "#1"
				},
				"down": {
					"uv": [
						8.25,
						2,
						7.75,
						2.25
					],
					"texture": "#1"
				}
			}
		},
		{
			"from": [
				7.15,
				5.64767,
				7.35233
			],
			"to": [
				8.85,
				5.84767,
				8.25233
			],
			"rotation": {
				"angle": 0,
				"axis": "y",
				"origin": [
					8,
					4.74767,
					11.25233
				]
			},
			"faces": {
				"north": {
					"uv": [
						8.5,
						8,
						8.875,
						8.125
					],
					"texture": "#1"
				},
				"east": {
					"uv": [
						5.75,
						8.75,
						6,
						8.875
					],
					"texture": "#1"
				},
				"south": {
					"uv": [
						8.25,
						8.5,
						8.625,
						8.625
					],
					"texture": "#1"
				},
				"west": {
					"uv": [
						8.75,
						5.75,
						9,
						5.875
					],
					"texture": "#1"
				},
				"up": {
					"uv": [
						8.375,
						4.25,
						8,
						4
					],
					"texture": "#1"
				},
				"down": {
					"uv": [
						8.375,
						4.25,
						8,
						4.5
					],
					"texture": "#1"
				}
			}
		},
		{
			"from": [
				7.35,
				5.64767,
				8.25233
			],
			"to": [
				8.65,
				5.74767,
				12.25233
			],
			"rotation": {
				"angle": 0,
				"axis": "y",
				"origin": [
					8,
					4.74767,
					11.25233
				]
			},
			"faces": {
				"north": {
					"uv": [
						0,
						8.75,
						0.375,
						8.875
					],
					"texture": "#1"
				},
				"east": {
					"uv": [
						7.75,
						5.25,
						8.75,
						5.375
					],
					"texture": "#1"
				},
				"south": {
					"uv": [
						8.75,
						1,
						9.125,
						1.125
					],
					"texture": "#1"
				},
				"west": {
					"uv": [
						7.75,
						5.5,
						8.75,
						5.625
					],
					"texture": "#1"
				},
				"up": {
					"uv": [
						0.625,
						7.25,
						0.25,
						6.25
					],
					"texture": "#1"
				},
				"down": {
					"uv": [
						6.625,
						1,
						6.25,
						2
					],
					"texture": "#1"
				}
			}
		},
		{
			"from": [
				7.65,
				5.84767,
				7.65233
			],
			"to": [
				7.85,
				6.34767,
				8.15233
			],
			"rotation": {
				"angle": 0,
				"axis": "y",
				"origin": [
					8,
					4.74767,
					11.25233
				]
			},
			"faces": {
				"north": {
					"uv": [
						1.5,
						9,
						1.625,
						9.125
					],
					"texture": "#1"
				},
				"east": {
					"uv": [
						9,
						1.5,
						9.125,
						1.625
					],
					"texture": "#1"
				},
				"south": {
					"uv": [
						1.75,
						9,
						1.875,
						9.125
					],
					"texture": "#1"
				},
				"west": {
					"uv": [
						9,
						1.75,
						9.125,
						1.875
					],
					"texture": "#1"
				},
				"up": {
					"uv": [
						2.125,
						9.125,
						2,
						9
					],
					"texture": "#1"
				},
				"down": {
					"uv": [
						9.125,
						2,
						9,
						2.125
					],
					"texture": "#1"
				}
			}
		},
		{
			"from": [
				8.15,
				5.84767,
				7.65233
			],
			"to": [
				8.35,
				6.34767,
				8.15233
			],
			"rotation": {
				"angle": 0,
				"axis": "y",
				"origin": [
					8,
					4.74767,
					11.25233
				]
			},
			"faces": {
				"north": {
					"uv": [
						2.25,
						9,
						2.375,
						9.125
					],
					"texture": "#1"
				},
				"east": {
					"uv": [
						9,
						2.25,
						9.125,
						2.375
					],
					"texture": "#1"
				},
				"south": {
					"uv": [
						2.5,
						9,
						2.625,
						9.125
					],
					"texture": "#1"
				},
				"west": {
					"uv": [
						9,
						2.5,
						9.125,
						2.625
					],
					"texture": "#1"
				},
				"up": {
					"uv": [
						2.875,
						9.125,
						2.75,
						9
					],
					"texture": "#1"
				},
				"down": {
					"uv": [
						9.125,
						2.75,
						9,
						2.875
					],
					"texture": "#1"
				}
			}
		},
		{
			"from": [
				7.85,
				5.84767,
				7.45233
			],
			"to": [
				8.15,
				5.94767,
				8.15233
			],
			"rotation": {
				"angle": 0,
				"axis": "y",
				"origin": [
					8,
					4.74767,
					11.25233
				]
			},
			"faces": {
				"north": {
					"uv": [
						3,
						9,
						3.125,
						9.125
					],
					"texture": "#1"
				},
				"east": {
					"uv": [
						3.25,
						9,
						3.375,
						9.125
					],
					"texture": "#1"
				},
				"south": {
					"uv": [
						3.5,
						9,
						3.625,
						9.125
					],
					"texture": "#1"
				},
				"west": {
					"uv": [
						9,
						3.5,
						9.125,
						3.625
					],
					"texture": "#1"
				},
				"up": {
					"uv": [
						3.875,
						9.125,
						3.75,
						9
					],
					"texture": "#1"
				},
				"down": {
					"uv": [
						9.125,
						3.75,
						9,
						3.875
					],
					"texture": "#1"
				}
			}
		},
		{
			"from": [
				8.15,
				5.84767,
				7.45233
			],
			"to": [
				8.35,
				6.14767,
				7.65233
			],
			"rotation": {
				"angle": 0,
				"axis": "y",
				"origin": [
					8,
					4.74767,
					11.25233
				]
			},
			"faces": {
				"north": {
					"uv": [
						4,
						9,
						4.125,
						9.125
					],
					"texture": "#1"
				},
				"east": {
					"uv": [
						9,
						4,
						9.125,
						4.125
					],
					"texture": "#1"
				},
				"south": {
					"uv": [
						4.25,
						9,
						4.375,
						9.125
					],
					"texture": "#1"
				},
				"west": {
					"uv": [
						9,
						4.25,
						9.125,
						4.375
					],
					"texture": "#1"
				},
				"up": {
					"uv": [
						4.625,
						9.125,
						4.5,
						9
					],
					"texture": "#1"
				},
				"down": {
					"uv": [
						9.125,
						4.5,
						9,
						4.625
					],
					"texture": "#1"
				}
			}
		},
		{
			"from": [
				7.65,
				5.84767,
				7.45233
			],
			"to": [
				7.85,
				6.14767,
				7.65233
			],
			"rotation": {
				"angle": 0,
				"axis": "y",
				"origin": [
					8,
					4.74767,
					11.25233
				]
			},
			"faces": {
				"north": {
					"uv": [
						4.75,
						9,
						4.875,
						9.125
					],
					"texture": "#1"
				},
				"east": {
					"uv": [
						9,
						4.75,
						9.125,
						4.875
					],
					"texture": "#1"
				},
				"south": {
					"uv": [
						5,
						9,
						5.125,
						9.125
					],
					"texture": "#1"
				},
				"west": {
					"uv": [
						9,
						5,
						9.125,
						5.125
					],
					"texture": "#1"
				},
				"up": {
					"uv": [
						5.375,
						9.125,
						5.25,
						9
					],
					"texture": "#1"
				},
				"down": {
					"uv": [
						9.125,
						5.25,
						9,
						5.375
					],
					"texture": "#1"
				}
			}
		},
		{
			"from": [
				7.0225,
				4.03982,
				5.29518
			],
			"to": [
				8.9775,
				5.76482,
				6.33018
			],
			"rotation": {
				"angle": 0,
				"axis": "y",
				"origin": [
					8,
					5.45982,
					11.74018
				]
			},
			"faces": {
				"north": {
					"uv": [
						7.5,
						3.5,
						8,
						3.875
					],
					"texture": "#1"
				},
				"east": {
					"uv": [
						3.5,
						8,
						3.75,
						8.375
					],
					"texture": "#1"
				},
				"south": {
					"uv": [
						7.5,
						4,
						8,
						4.375
					],
					"texture": "#1"
				},
				"west": {
					"uv": [
						4.5,
						8,
						4.75,
						8.375
					],
					"texture": "#1"
				},
				"up": {
					"uv": [
						8.25,
						6,
						7.75,
						5.75
					],
					"texture": "#1"
				},
				"down": {
					"uv": [
						8.25,
						6,
						7.75,
						6.25
					],
					"texture": "#1"
				}
			}
		},
		{
			"from": [
				6.9075,
				3.11982,
				1.17518
			],
			"to": [
				9.0925,
				5.76482,
				1.75018
			],
			"rotation": {
				"angle": 0,
				"axis": "y",
				"origin": [
					8,
					5.45982,
					11.74018
				]
			},
			"faces": {
				"north": {
					"uv": [
						2,
						6.75,
						2.5,
						7.375
					],
					"texture": "#1"
				},
				"east": {
					"uv": [
						6.5,
						8,
						6.625,
						8.625
					],
					"texture": "#1"
				},
				"south": {
					"uv": [
						6.75,
						2.25,
						7.25,
						2.875
					],
					"texture": "#1"
				},
				"west": {
					"uv": [
						6.75,
						8,
						6.875,
						8.625
					],
					"texture": "#1"
				},
				"up": {
					"uv": [
						9,
						0.625,
						8.5,
						0.5
					],
					"texture": "#1"
				},
				"down": {
					"uv": [
						9,
						0.75,
						8.5,
						0.875
					],
					"texture": "#1"
				}
			}
		},
		{
			"from": [
				7.2525,
				4.03982,
				-5.03482
			],
			"to": [
				8.7475,
				5.64982,
				6.36018
			],
			"rotation": {
				"angle": 0,
				"axis": "y",
				"origin": [
					8,
					5.45982,
					11.74018
				]
			},
			"faces": {
				"north": {
					"uv": [
						7.75,
						0,
						8.125,
						0.375
					],
					"texture": "#1"
				},
				"east": {
					"uv": [
						0,
						0,
						2.875,
						0.375
					],
					"texture": "#1"
				},
				"south": {
					"uv": [
						7.75,
						0.5,
						8.125,
						0.875
					],
					"texture": "#1"
				},
				"west": {
					"uv": [
						0,
						0.5,
						2.875,
						0.875
					],
					"texture": "#1"
				},
				"up": {
					"uv": [
						0.375,
						3.875,
						0,
						1
					],
					"texture": "#1"
				},
				"down": {
					"uv": [
						0.875,
						1,
						0.5,
						3.875
					],
					"texture": "#1"
				}
			}
		},
		{
			"from": [
				7.5975,
				3.69482,
				-4.22982
			],
			"to": [
				8.4025,
				4.15482,
				7.96018
			],
			"rotation": {
				"angle": 0,
				"axis": "y",
				"origin": [
					8,
					5.45982,
					11.74018
				]
			},
			"faces": {
				"north": {
					"uv": [
						6,
						8.75,
						6.25,
						8.875
					],
					"texture": "#1"
				},
				"east": {
					"uv": [
						6.25,
						3,
						9.25,
						3.125
					],
					"texture": "#1"
				},
				"south": {
					"uv": [
						8.75,
						6,
						9,
						6.125
					],
					"texture": "#1"
				},
				"west": {
					"uv": [
						6.25,
						3.25,
						9.25,
						3.375
					],
					"texture": "#1"
				},
				"up": {
					"uv": [
						1.25,
						6.5,
						1,
						3.5
					],
					"texture": "#1"
				},
				"down": {
					"uv": [
						1.5,
						3.5,
						1.25,
						6.5
					],
					"texture": "#1"
				}
			}
		},
		{
			"from": [
				7.1375,
				3.92482,
				-5.37982
			],
			"to": [
				8.8625,
				5.76482,
				-4.80482
			],
			"rotation": {
				"angle": 0,
				"axis": "y",
				"origin": [
					8,
					5.45982,
					11.74018
				]
			},
			"faces": {
				"north": {
					"uv": [
						4.25,
						7.5,
						4.625,
						8
					],
					"texture": "#1"
				},
				"east": {
					"uv": [
						8.5,
						1.25,
						8.625,
						1.75
					],
					"texture": "#1"
				},
				"south": {
					"uv": [
						5,
						7.5,
						5.375,
						8
					],
					"texture": "#1"
				},
				"west": {
					"uv": [
						8.5,
						1.75,
						8.625,
						2.25
					],
					"texture": "#1"
				},
				"up": {
					"uv": [
						1.625,
						8.875,
						1.25,
						8.75
					],
					"texture": "#1"
				},
				"down": {
					"uv": [
						9.125,
						1.25,
						8.75,
						1.375
					],
					"texture": "#1"
				}
			}
		},
		{
			"from": [
				6.9075,
				3.00482,
				4.47518
			],
			"to": [
				9.0925,
				5.07482,
				6.43018
			],
			"rotation": {
				"angle": 0,
				"axis": "y",
				"origin": [
					8,
					2.46982,
					7.60018
				]
			},
			"faces": {
				"north": {
					"uv": [
						7,
						0,
						7.5,
						0.5
					],
					"texture": "#1"
				},
				"east": {
					"uv": [
						7,
						0.5,
						7.5,
						1
					],
					"texture": "#1"
				},
				"south": {
					"uv": [
						3,
						7,
						3.5,
						7.5
					],
					"texture": "#1"
				},
				"west": {
					"uv": [
						5.25,
						7,
						5.75,
						7.5
					],
					"texture": "#1"
				},
				"up": {
					"uv": [
						6.25,
						7.5,
						5.75,
						7
					],
					"texture": "#1"
				},
				"down": {
					"uv": [
						6.75,
						7,
						6.25,
						7.5
					],
					"texture": "#1"
				}
			}
		},
		{
			"from": [
				7.9425,
				5.64982,
				-4.57482
			],
			"to": [
				8.0575,
				5.98482,
				-4.11482
			],
			"rotation": {
				"angle": 0,
				"axis": "y",
				"origin": [
					8,
					5.45982,
					11.74018
				]
			},
			"faces": {
				"north": {
					"uv": [
						5.5,
						9,
						5.625,
						9.125
					],
					"texture": "#1"
				},
				"east": {
					"uv": [
						9,
						5.5,
						9.125,
						5.625
					],
					"texture": "#1"
				},
				"south": {
					"uv": [
						5.75,
						9,
						5.875,
						9.125
					],
					"texture": "#1"
				},
				"west": {
					"uv": [
						9,
						5.75,
						9.125,
						5.875
					],
					"texture": "#1"
				},
				"up": {
					"uv": [
						6.125,
						9.125,
						6,
						9
					],
					"texture": "#1"
				},
				"down": {
					"uv": [
						9.125,
						6,
						9,
						6.125
					],
					"texture": "#1"
				}
			}
		}
	],
	"display": {
		"thirdperson_righthand": {
			"translation": [
				0,
				5.25,
				-3.75
			]
		},
		"thirdperson_lefthand": {
			"translation": [
				0,
				5.25,
				-3
			],
			"scale": [
				-1,
				1,
				1
			]
		},
		"firstperson_righthand": {
			"translation": [
				-2.25,
				8.75,
				-0.25
			]
		},
		"firstperson_lefthand": {
			"translation": [
				-2.25,
				7.75,
				-1.5
			],
			"scale": [
				-1,
				1,
				1
			]
		},
		"ground": {
			"translation": [
				0,
				6.75,
				0
			]
		},
		"gui": {
			"rotation": [
				-168.51,
				-33.4,
				178.33
			],
			"translation": [
				0,
				3.5,
				-1
			],
			"scale": [
				0.82,
				0.82,
				0.82
			]
		},
		"fixed": {
			"rotation": [
				0,
				89.25,
				0
			],
			"translation": [
				3,
				5.25,
				-1
			]
		}
	}
}