{
	"credit": "Made with Blockbench",
	"texture_size": [
		32,
		32
	],
	"textures": {
		"1": "scguns_laf:item/new_lm_scoont_texture",
		"particle": "scguns_laf:item/new_lm_scoont_texture"
	},
	"elements": [
		{
			"from": [
				7.5,
				-0.25,
				13.85
			],
			"to": [
				8.5,
				4.95,
				15.75
			],
			"rotation": {
				"angle": -45,
				"axis": "x",
				"origin": [
					8,
					1,
					14
				]
			},
			"faces": {
				"north": {
					"uv": [
						5.5,
						5.5,
						6,
						8
					],
					"texture": "#1"
				},
				"east": {
					"uv": [
						0,
						3,
						1,
						5.5
					],
					"texture": "#1"
				},
				"south": {
					"uv": [
						6,
						2.5,
						6.5,
						5
					],
					"texture": "#1"
				},
				"west": {
					"uv": [
						1,
						3,
						2,
						5.5
					],
					"texture": "#1"
				},
				"up": {
					"uv": [
						2.5,
						4,
						2,
						3
					],
					"texture": "#1"
				},
				"down": {
					"uv": [
						10,
						7.5,
						9.5,
						8.5
					],
					"texture": "#1"
				}
			}
		},
		{
			"from": [
				7.15,
				-0.4,
				13.4
			],
			"to": [
				8.85,
				0.9,
				15.9
			],
			"rotation": {
				"angle": -45,
				"axis": "x",
				"origin": [
					8,
					1,
					14
				]
			},
			"faces": {
				"north": {
					"uv": [
						2,
						9.5,
						2.75,
						10.25
					],
					"texture": "#1"
				},
				"east": {
					"uv": [
						7,
						5.5,
						8.25,
						6.25
					],
					"texture": "#1"
				},
				"south": {
					"uv": [
						3.5,
						9.5,
						4.25,
						10.25
					],
					"texture": "#1"
				},
				"west": {
					"uv": [
						7,
						6.5,
						8.25,
						7.25
					],
					"texture": "#1"
				},
				"up": {
					"uv": [
						8.25,
						1.25,
						7.5,
						0
					],
					"texture": "#1"
				},
				"down": {
					"uv": [
						8.25,
						1.5,
						7.5,
						2.75
					],
					"texture": "#1"
				}
			}
		},
		{
			"from": [
				7.25,
				-0.9,
				13.5
			],
			"to": [
				8.75,
				-0.4,
				15.8
			],
			"rotation": {
				"angle": -45,
				"axis": "x",
				"origin": [
					8,
					1,
					14
				]
			},
			"faces": {
				"north": {
					"uv": [
						11.5,
						4,
						12.25,
						4.25
					],
					"texture": "#1"
				},
				"east": {
					"uv": [
						10.5,
						6.5,
						11.75,
						6.75
					],
					"texture": "#1"
				},
				"south": {
					"uv": [
						4.5,
						11.5,
						5.25,
						11.75
					],
					"texture": "#1"
				},
				"west": {
					"uv": [
						10.5,
						7,
						11.75,
						7.25
					],
					"texture": "#1"
				},
				"up": {
					"uv": [
						8.25,
						4.25,
						7.5,
						3
					],
					"texture": "#1"
				},
				"down": {
					"uv": [
						7.75,
						7.5,
						7,
						8.75
					],
					"texture": "#1"
				}
			}
		},
		{
			"from": [
				7.24,
				0,
				13.7
			],
			"to": [
				8.76,
				4.5,
				15.4
			],
			"rotation": {
				"angle": -45,
				"axis": "x",
				"origin": [
					8,
					1,
					14
				]
			},
			"faces": {
				"north": {
					"uv": [
						0,
						5.5,
						0.75,
						7.75
					],
					"texture": "#1"
				},
				"east": {
					"uv": [
						5.5,
						0,
						6.25,
						2.25
					],
					"texture": "#1"
				},
				"south": {
					"uv": [
						1,
						5.5,
						1.75,
						7.75
					],
					"texture": "#1"
				},
				"west": {
					"uv": [
						2,
						5.5,
						2.75,
						7.75
					],
					"texture": "#1"
				},
				"up": {
					"uv": [
						5.25,
						10.25,
						4.5,
						9.5
					],
					"texture": "#1"
				},
				"down": {
					"uv": [
						6.25,
						9.5,
						5.5,
						10.25
					],
					"texture": "#1"
				}
			}
		},
		{
			"from": [
				7.25,
				2.84767,
				8.35233
			],
			"to": [
				8.75,
				5.74767,
				11.35233
			],
			"rotation": {
				"angle": 0,
				"axis": "y",
				"origin": [
					8,
					4.74767,
					10.25233
				]
			},
			"faces": {
				"north": {
					"uv": [
						6,
						5,
						6.75,
						6.5
					],
					"texture": "#1"
				},
				"east": {
					"uv": [
						4,
						0,
						5.5,
						1.5
					],
					"texture": "#1"
				},
				"south": {
					"uv": [
						6.5,
						0,
						7.25,
						1.5
					],
					"texture": "#1"
				},
				"west": {
					"uv": [
						4,
						1.5,
						5.5,
						3
					],
					"texture": "#1"
				},
				"up": {
					"uv": [
						7.25,
						3,
						6.5,
						1.5
					],
					"texture": "#1"
				},
				"down": {
					"uv": [
						7.25,
						3,
						6.5,
						4.5
					],
					"texture": "#1"
				}
			}
		},
		{
			"from": [
				7.95,
				4.34767,
				9.15233
			],
			"to": [
				8.65,
				5.04767,
				12.15233
			],
			"rotation": {
				"angle": 22.5,
				"axis": "y",
				"origin": [
					8,
					4.74767,
					10.25233
				]
			},
			"faces": {
				"north": {
					"uv": [
						12.5,
						10.5,
						12.75,
						10.75
					],
					"texture": "#1"
				},
				"east": {
					"uv": [
						10,
						4.5,
						11.5,
						4.75
					],
					"texture": "#1"
				},
				"south": {
					"uv": [
						11,
						12.5,
						11.25,
						12.75
					],
					"texture": "#1"
				},
				"west": {
					"uv": [
						10,
						5,
						11.5,
						5.25
					],
					"texture": "#1"
				},
				"up": {
					"uv": [
						1.25,
						11.5,
						1,
						10
					],
					"texture": "#1"
				},
				"down": {
					"uv": [
						6.75,
						10,
						6.5,
						11.5
					],
					"texture": "#1"
				}
			}
		},
		{
			"from": [
				7.75,
				1.44767,
				9.85233
			],
			"to": [
				8.25,
				1.94767,
				11.45233
			],
			"rotation": {
				"angle": 0,
				"axis": "y",
				"origin": [
					8,
					4.74767,
					10.25233
				]
			},
			"faces": {
				"north": {
					"uv": [
						12.5,
						11,
						12.75,
						11.25
					],
					"texture": "#1"
				},
				"east": {
					"uv": [
						11.5,
						4.5,
						12.25,
						4.75
					],
					"texture": "#1"
				},
				"south": {
					"uv": [
						11.5,
						12.5,
						11.75,
						12.75
					],
					"texture": "#1"
				},
				"west": {
					"uv": [
						11.5,
						5,
						12.25,
						5.25
					],
					"texture": "#1"
				},
				"up": {
					"uv": [
						11.75,
						6.25,
						11.5,
						5.5
					],
					"texture": "#1"
				},
				"down": {
					"uv": [
						6.75,
						11.5,
						6.5,
						12.25
					],
					"texture": "#1"
				}
			}
		},
		{
			"from": [
				7.65,
				1.44767,
				8.75233
			],
			"to": [
				8.35,
				2.84767,
				9.85233
			],
			"rotation": {
				"angle": 0,
				"axis": "y",
				"origin": [
					8,
					4.74767,
					10.25233
				]
			},
			"faces": {
				"north": {
					"uv": [
						11.5,
						7.5,
						11.75,
						8.25
					],
					"texture": "#1"
				},
				"east": {
					"uv": [
						10,
						7.5,
						10.5,
						8.25
					],
					"texture": "#1"
				},
				"south": {
					"uv": [
						10,
						11.5,
						10.25,
						12.25
					],
					"texture": "#1"
				},
				"west": {
					"uv": [
						10,
						8.5,
						10.5,
						9.25
					],
					"texture": "#1"
				},
				"up": {
					"uv": [
						6.25,
						12.5,
						6,
						12
					],
					"texture": "#1"
				},
				"down": {
					"uv": [
						12.25,
						6,
						12,
						6.5
					],
					"texture": "#1"
				}
			}
		},
		{
			"from": [
				7.45,
				1.94767,
				5.35233
			],
			"to": [
				8.55,
				3.14767,
				8.75233
			],
			"rotation": {
				"angle": 0,
				"axis": "y",
				"origin": [
					8,
					2.14767,
					6.65233
				]
			},
			"faces": {
				"north": {
					"uv": [
						3.5,
						4,
						4,
						4.5
					],
					"texture": "#1"
				},
				"east": {
					"uv": [
						8,
						4.5,
						9.75,
						5
					],
					"texture": "#1"
				},
				"south": {
					"uv": [
						6.5,
						4.5,
						7,
						5
					],
					"texture": "#1"
				},
				"west": {
					"uv": [
						8,
						5,
						9.75,
						5.5
					],
					"texture": "#1"
				},
				"up": {
					"uv": [
						7,
						9.75,
						6.5,
						8
					],
					"texture": "#1"
				},
				"down": {
					"uv": [
						9,
						0,
						8.5,
						1.75
					],
					"texture": "#1"
				}
			}
		},
		{
			"from": [
				7.65,
				-1.45233,
				5.85233
			],
			"to": [
				8.35,
				1.94767,
				8.75233
			],
			"rotation": {
				"angle": 0,
				"axis": "y",
				"origin": [
					8,
					2.14767,
					6.65233
				]
			},
			"faces": {
				"north": {
					"uv": [
						0,
						10,
						0.25,
						11.75
					],
					"texture": "#1"
				},
				"east": {
					"uv": [
						2.5,
						0,
						4,
						1.75
					],
					"texture": "#1"
				},
				"south": {
					"uv": [
						0.5,
						10,
						0.75,
						11.75
					],
					"texture": "#1"
				},
				"west": {
					"uv": [
						2.5,
						2,
						4,
						3.75
					],
					"texture": "#1"
				},
				"up": {
					"uv": [
						10.25,
						11,
						10,
						9.5
					],
					"texture": "#1"
				},
				"down": {
					"uv": [
						2.25,
						10.5,
						2,
						12
					],
					"texture": "#1"
				}
			}
		},
		{
			"from": [
				7.66,
				-1.9,
				6.05233
			],
			"to": [
				8.34,
				-0.8,
				8.75233
			],
			"rotation": {
				"angle": 22.5,
				"axis": "x",
				"origin": [
					8,
					-1.15233,
					7.10233
				]
			},
			"faces": {
				"north": {
					"uv": [
						12,
						6.5,
						12.25,
						7
					],
					"texture": "#1"
				},
				"east": {
					"uv": [
						9,
						3.5,
						10.25,
						4
					],
					"texture": "#1"
				},
				"south": {
					"uv": [
						7,
						12,
						7.25,
						12.5
					],
					"texture": "#1"
				},
				"west": {
					"uv": [
						0,
						9.5,
						1.25,
						10
					],
					"texture": "#1"
				},
				"up": {
					"uv": [
						10.75,
						8.75,
						10.5,
						7.5
					],
					"texture": "#1"
				},
				"down": {
					"uv": [
						8.75,
						10.5,
						8.5,
						11.75
					],
					"texture": "#1"
				}
			}
		},
		{
			"from": [
				7.35,
				3.14767,
				5.25233
			],
			"to": [
				8.65,
				5.54767,
				8.45233
			],
			"rotation": {
				"angle": 0,
				"axis": "y",
				"origin": [
					8,
					2.14767,
					6.65233
				]
			},
			"faces": {
				"north": {
					"uv": [
						0,
						8,
						0.75,
						9.25
					],
					"texture": "#1"
				},
				"east": {
					"uv": [
						2,
						4,
						3.5,
						5.25
					],
					"texture": "#1"
				},
				"south": {
					"uv": [
						1,
						8,
						1.75,
						9.25
					],
					"texture": "#1"
				},
				"west": {
					"uv": [
						4,
						3,
						5.5,
						4.25
					],
					"texture": "#1"
				},
				"up": {
					"uv": [
						6.75,
						8,
						6,
						6.5
					],
					"texture": "#1"
				},
				"down": {
					"uv": [
						4.25,
						7,
						3.5,
						8.5
					],
					"texture": "#1"
				}
			}
		},
		{
			"from": [
				7.15,
				3.14767,
				-0.24767
			],
			"to": [
				8.85,
				5.44767,
				4.85233
			],
			"rotation": {
				"angle": 0,
				"axis": "y",
				"origin": [
					8,
					2.14767,
					6.65233
				]
			},
			"faces": {
				"north": {
					"uv": [
						2,
						8,
						2.75,
						9.25
					],
					"texture": "#1"
				},
				"east": {
					"uv": [
						0,
						0,
						2.5,
						1.25
					],
					"texture": "#1"
				},
				"south": {
					"uv": [
						4.5,
						8,
						5.25,
						9.25
					],
					"texture": "#1"
				},
				"west": {
					"uv": [
						0,
						1.5,
						2.5,
						2.75
					],
					"texture": "#1"
				},
				"up": {
					"uv": [
						4.25,
						7,
						3.5,
						4.5
					],
					"texture": "#1"
				},
				"down": {
					"uv": [
						5.25,
						4.5,
						4.5,
						7
					],
					"texture": "#1"
				}
			}
		},
		{
			"from": [
				7.65,
				2.64767,
				2.05233
			],
			"to": [
				8.35,
				3.14767,
				4.75233
			],
			"rotation": {
				"angle": 0,
				"axis": "y",
				"origin": [
					8,
					2.14767,
					6.65233
				]
			},
			"faces": {
				"north": {
					"uv": [
						12.5,
						11.5,
						12.75,
						11.75
					],
					"texture": "#1"
				},
				"east": {
					"uv": [
						10.5,
						9,
						11.75,
						9.25
					],
					"texture": "#1"
				},
				"south": {
					"uv": [
						12,
						12.5,
						12.25,
						12.75
					],
					"texture": "#1"
				},
				"west": {
					"uv": [
						10.5,
						9.5,
						11.75,
						9.75
					],
					"texture": "#1"
				},
				"up": {
					"uv": [
						9.25,
						11.75,
						9,
						10.5
					],
					"texture": "#1"
				},
				"down": {
					"uv": [
						9.75,
						10.5,
						9.5,
						11.75
					],
					"texture": "#1"
				}
			}
		},
		{
			"from": [
				7.65,
				2.74767,
				-0.04767
			],
			"to": [
				8.35,
				3.14767,
				2.05233
			],
			"rotation": {
				"angle": 0,
				"axis": "y",
				"origin": [
					8,
					2.14767,
					6.65233
				]
			},
			"faces": {
				"north": {
					"uv": [
						12.5,
						12,
						12.75,
						12.25
					],
					"texture": "#1"
				},
				"east": {
					"uv": [
						10.5,
						10,
						11.5,
						10.25
					],
					"texture": "#1"
				},
				"south": {
					"uv": [
						12.5,
						12.5,
						12.75,
						12.75
					],
					"texture": "#1"
				},
				"west": {
					"uv": [
						10.5,
						10.5,
						11.5,
						10.75
					],
					"texture": "#1"
				},
				"up": {
					"uv": [
						1.75,
						12,
						1.5,
						11
					],
					"texture": "#1"
				},
				"down": {
					"uv": [
						5.75,
						11,
						5.5,
						12
					],
					"texture": "#1"
				}
			}
		},
		{
			"from": [
				7.55,
				3.44767,
				4.85233
			],
			"to": [
				8.45,
				5.24767,
				5.25233
			],
			"rotation": {
				"angle": 0,
				"axis": "y",
				"origin": [
					8,
					2.14767,
					6.65233
				]
			},
			"faces": {
				"north": {
					"uv": [
						9.5,
						8.5,
						10,
						9.5
					],
					"texture": "#1"
				},
				"east": {
					"uv": [
						6,
						11,
						6.25,
						12
					],
					"texture": "#1"
				},
				"south": {
					"uv": [
						9.5,
						9.5,
						10,
						10.5
					],
					"texture": "#1"
				},
				"west": {
					"uv": [
						11,
						7.5,
						11.25,
						8.5
					],
					"texture": "#1"
				},
				"up": {
					"uv": [
						12.5,
						7.25,
						12,
						7
					],
					"texture": "#1"
				},
				"down": {
					"uv": [
						8,
						12,
						7.5,
						12.25
					],
					"texture": "#1"
				}
			}
		},
		{
			"from": [
				7.05,
				3.44767,
				-1.84767
			],
			"to": [
				8.95,
				5.24767,
				-0.24767
			],
			"rotation": {
				"angle": 0,
				"axis": "y",
				"origin": [
					8,
					2.14767,
					6.65233
				]
			},
			"faces": {
				"north": {
					"uv": [
						4.5,
						7,
						5.5,
						8
					],
					"texture": "#1"
				},
				"east": {
					"uv": [
						3.5,
						8.5,
						4.25,
						9.5
					],
					"texture": "#1"
				},
				"south": {
					"uv": [
						7,
						4.5,
						8,
						5.5
					],
					"texture": "#1"
				},
				"west": {
					"uv": [
						8.5,
						5.5,
						9.25,
						6.5
					],
					"texture": "#1"
				},
				"up": {
					"uv": [
						9.5,
						7.25,
						8.5,
						6.5
					],
					"texture": "#1"
				},
				"down": {
					"uv": [
						10,
						0,
						9,
						0.75
					],
					"texture": "#1"
				}
			}
		},
		{
			"from": [
				7.25,
				3.64767,
				-2.24767
			],
			"to": [
				8.75,
				5.04767,
				-1.84767
			],
			"rotation": {
				"angle": 0,
				"axis": "y",
				"origin": [
					8,
					2.14767,
					6.65233
				]
			},
			"faces": {
				"north": {
					"uv": [
						9.5,
						5.5,
						10.25,
						6.25
					],
					"texture": "#1"
				},
				"east": {
					"uv": [
						11.5,
						10,
						11.75,
						10.75
					],
					"texture": "#1"
				},
				"south": {
					"uv": [
						9.5,
						6.5,
						10.25,
						7.25
					],
					"texture": "#1"
				},
				"west": {
					"uv": [
						10.5,
						11.5,
						10.75,
						12.25
					],
					"texture": "#1"
				},
				"up": {
					"uv": [
						12.25,
						8.75,
						11.5,
						8.5
					],
					"texture": "#1"
				},
				"down": {
					"uv": [
						11.75,
						11.5,
						11,
						11.75
					],
					"texture": "#1"
				}
			}
		},
		{
			"from": [
				7.65,
				5.44767,
				5.75233
			],
			"to": [
				8.35,
				6.34767,
				6.55233
			],
			"rotation": {
				"angle": 0,
				"axis": "y",
				"origin": [
					8,
					1.84767,
					6.65233
				]
			},
			"faces": {
				"north": {
					"uv": [
						12,
						7.5,
						12.25,
						8
					],
					"texture": "#1"
				},
				"east": {
					"uv": [
						11,
						8.5,
						11.5,
						9
					],
					"texture": "#1"
				},
				"south": {
					"uv": [
						8,
						12,
						8.25,
						12.5
					],
					"texture": "#1"
				},
				"west": {
					"uv": [
						10,
						11,
						10.5,
						11.5
					],
					"texture": "#1"
				},
				"up": {
					"uv": [
						12.25,
						8.5,
						12,
						8
					],
					"texture": "#1"
				},
				"down": {
					"uv": [
						8.75,
						12,
						8.5,
						12.5
					],
					"texture": "#1"
				}
			}
		},
		{
			"from": [
				8.175,
				6.64767,
				5.75233
			],
			"to": [
				8.375,
				6.84767,
				11.35233
			],
			"rotation": {
				"angle": 0,
				"axis": "y",
				"origin": [
					8,
					1.84767,
					6.65233
				]
			},
			"faces": {
				"north": {
					"uv": [
						0,
						13,
						0.25,
						13.25
					],
					"texture": "#1"
				},
				"east": {
					"uv": [
						9,
						1.5,
						11.75,
						1.75
					],
					"texture": "#1"
				},
				"south": {
					"uv": [
						13,
						0,
						13.25,
						0.25
					],
					"texture": "#1"
				},
				"west": {
					"uv": [
						9,
						2,
						11.75,
						2.25
					],
					"texture": "#1"
				},
				"up": {
					"uv": [
						7.25,
						11.75,
						7,
						9
					],
					"texture": "#1"
				},
				"down": {
					"uv": [
						7.75,
						9,
						7.5,
						11.75
					],
					"texture": "#1"
				}
			}
		},
		{
			"from": [
				7.625,
				6.64767,
				5.75233
			],
			"to": [
				7.825,
				6.84767,
				11.35233
			],
			"rotation": {
				"angle": 0,
				"axis": "y",
				"origin": [
					8,
					1.84767,
					6.65233
				]
			},
			"faces": {
				"north": {
					"uv": [
						0.5,
						13,
						0.75,
						13.25
					],
					"texture": "#1"
				},
				"east": {
					"uv": [
						9,
						2.5,
						11.75,
						2.75
					],
					"texture": "#1"
				},
				"south": {
					"uv": [
						13,
						0.5,
						13.25,
						0.75
					],
					"texture": "#1"
				},
				"west": {
					"uv": [
						9,
						3,
						11.75,
						3.25
					],
					"texture": "#1"
				},
				"up": {
					"uv": [
						9.25,
						10.25,
						9,
						7.5
					],
					"texture": "#1"
				},
				"down": {
					"uv": [
						8.25,
						9,
						8,
						11.75
					],
					"texture": "#1"
				}
			}
		},
		{
			"from": [
				8.15,
				6.54767,
				-0.04767
			],
			"to": [
				8.35,
				6.84767,
				0.75233
			],
			"rotation": {
				"angle": 0,
				"axis": "y",
				"origin": [
					8,
					1.84767,
					6.65233
				]
			},
			"faces": {
				"north": {
					"uv": [
						1,
						13,
						1.25,
						13.25
					],
					"texture": "#1"
				},
				"east": {
					"uv": [
						9,
						12,
						9.5,
						12.25
					],
					"texture": "#1"
				},
				"south": {
					"uv": [
						13,
						1,
						13.25,
						1.25
					],
					"texture": "#1"
				},
				"west": {
					"uv": [
						12,
						9,
						12.5,
						9.25
					],
					"texture": "#1"
				},
				"up": {
					"uv": [
						9.75,
						12.5,
						9.5,
						12
					],
					"texture": "#1"
				},
				"down": {
					"uv": [
						12.25,
						9.5,
						12,
						10
					],
					"texture": "#1"
				}
			}
		},
		{
			"from": [
				7.65,
				6.54767,
				-0.04767
			],
			"to": [
				7.85,
				6.84767,
				0.75233
			],
			"rotation": {
				"angle": 0,
				"axis": "y",
				"origin": [
					8,
					1.84767,
					6.65233
				]
			},
			"faces": {
				"north": {
					"uv": [
						1.5,
						13,
						1.75,
						13.25
					],
					"texture": "#1"
				},
				"east": {
					"uv": [
						12,
						10,
						12.5,
						10.25
					],
					"texture": "#1"
				},
				"south": {
					"uv": [
						13,
						1.5,
						13.25,
						1.75
					],
					"texture": "#1"
				},
				"west": {
					"uv": [
						12,
						10.5,
						12.5,
						10.75
					],
					"texture": "#1"
				},
				"up": {
					"uv": [
						11.25,
						12.5,
						11,
						12
					],
					"texture": "#1"
				},
				"down": {
					"uv": [
						11.75,
						12,
						11.5,
						12.5
					],
					"texture": "#1"
				}
			}
		},
		{
			"from": [
				7.975,
				6.54767,
				0.25233
			],
			"to": [
				8.025,
				6.69767,
				0.45233
			],
			"rotation": {
				"angle": 0,
				"axis": "y",
				"origin": [
					8,
					1.84767,
					6.65233
				]
			},
			"faces": {
				"north": {
					"uv": [
						2,
						13,
						2.25,
						13.25
					],
					"texture": "#1"
				},
				"east": {
					"uv": [
						13,
						2,
						13.25,
						2.25
					],
					"texture": "#1"
				},
				"south": {
					"uv": [
						2.5,
						13,
						2.75,
						13.25
					],
					"texture": "#1"
				},
				"west": {
					"uv": [
						13,
						2.5,
						13.25,
						2.75
					],
					"texture": "#1"
				},
				"up": {
					"uv": [
						3.25,
						13.25,
						3,
						13
					],
					"texture": "#1"
				},
				"down": {
					"uv": [
						13.25,
						3,
						13,
						3.25
					],
					"texture": "#1"
				}
			}
		},
		{
			"from": [
				7.55,
				5.54767,
				5.65233
			],
			"to": [
				8.45,
				5.84767,
				6.65233
			],
			"rotation": {
				"angle": 0,
				"axis": "y",
				"origin": [
					8,
					2.14767,
					6.65233
				]
			},
			"faces": {
				"north": {
					"uv": [
						12,
						11.5,
						12.5,
						11.75
					],
					"texture": "#1"
				},
				"east": {
					"uv": [
						12,
						12,
						12.5,
						12.25
					],
					"texture": "#1"
				},
				"south": {
					"uv": [
						0,
						12.5,
						0.5,
						12.75
					],
					"texture": "#1"
				},
				"west": {
					"uv": [
						12.5,
						0,
						13,
						0.25
					],
					"texture": "#1"
				},
				"up": {
					"uv": [
						11,
						11.5,
						10.5,
						11
					],
					"texture": "#1"
				},
				"down": {
					"uv": [
						11.5,
						11,
						11,
						11.5
					],
					"texture": "#1"
				}
			}
		},
		{
			"from": [
				7.55,
				5.44767,
				-0.14767
			],
			"to": [
				8.45,
				5.74767,
				1.25233
			],
			"rotation": {
				"angle": 0,
				"axis": "y",
				"origin": [
					8,
					2.14767,
					6.65233
				]
			},
			"faces": {
				"north": {
					"uv": [
						0.5,
						12.5,
						1,
						12.75
					],
					"texture": "#1"
				},
				"east": {
					"uv": [
						11.5,
						11,
						12.25,
						11.25
					],
					"texture": "#1"
				},
				"south": {
					"uv": [
						12.5,
						0.5,
						13,
						0.75
					],
					"texture": "#1"
				},
				"west": {
					"uv": [
						0,
						12,
						0.75,
						12.25
					],
					"texture": "#1"
				},
				"up": {
					"uv": [
						3,
						11.25,
						2.5,
						10.5
					],
					"texture": "#1"
				},
				"down": {
					"uv": [
						3.5,
						10.5,
						3,
						11.25
					],
					"texture": "#1"
				}
			}
		},
		{
			"from": [
				7.55,
				5.44767,
				1.25233
			],
			"to": [
				8.45,
				5.64767,
				4.65233
			],
			"rotation": {
				"angle": 0,
				"axis": "y",
				"origin": [
					8,
					2.14767,
					6.65233
				]
			},
			"faces": {
				"north": {
					"uv": [
						1.5,
						12.5,
						2,
						12.75
					],
					"texture": "#1"
				},
				"east": {
					"uv": [
						10,
						0,
						11.75,
						0.25
					],
					"texture": "#1"
				},
				"south": {
					"uv": [
						2,
						12.5,
						2.5,
						12.75
					],
					"texture": "#1"
				},
				"west": {
					"uv": [
						10,
						0.5,
						11.75,
						0.75
					],
					"texture": "#1"
				},
				"up": {
					"uv": [
						9,
						3.75,
						8.5,
						2
					],
					"texture": "#1"
				},
				"down": {
					"uv": [
						3.5,
						8.5,
						3,
						10.25
					],
					"texture": "#1"
				}
			}
		},
		{
			"from": [
				7.65,
				5.44767,
				-0.04767
			],
			"to": [
				8.35,
				6.54767,
				0.75233
			],
			"rotation": {
				"angle": 0,
				"axis": "y",
				"origin": [
					8,
					1.84767,
					6.65233
				]
			},
			"faces": {
				"north": {
					"uv": [
						12.5,
						2.5,
						12.75,
						3
					],
					"texture": "#1"
				},
				"east": {
					"uv": [
						1,
						11.5,
						1.5,
						12
					],
					"texture": "#1"
				},
				"south": {
					"uv": [
						12.5,
						3,
						12.75,
						3.5
					],
					"texture": "#1"
				},
				"west": {
					"uv": [
						2.5,
						11.5,
						3,
						12
					],
					"texture": "#1"
				},
				"up": {
					"uv": [
						4.25,
						13,
						4,
						12.5
					],
					"texture": "#1"
				},
				"down": {
					"uv": [
						12.75,
						4,
						12.5,
						4.5
					],
					"texture": "#1"
				}
			}
		},
		{
			"from": [
				7.66,
				5.24767,
				0.15233
			],
			"to": [
				8.34,
				6.34767,
				0.95233
			],
			"rotation": {
				"angle": -22.5,
				"axis": "x",
				"origin": [
					8,
					5.99767,
					0.35233
				]
			},
			"faces": {
				"north": {
					"uv": [
						4.5,
						12.5,
						4.75,
						13
					],
					"texture": "#1"
				},
				"east": {
					"uv": [
						3,
						11.5,
						3.5,
						12
					],
					"texture": "#1"
				},
				"south": {
					"uv": [
						12.5,
						4.5,
						12.75,
						5
					],
					"texture": "#1"
				},
				"west": {
					"uv": [
						3.5,
						11.5,
						4,
						12
					],
					"texture": "#1"
				},
				"up": {
					"uv": [
						5.25,
						13,
						5,
						12.5
					],
					"texture": "#1"
				},
				"down": {
					"uv": [
						12.75,
						5,
						12.5,
						5.5
					],
					"texture": "#1"
				}
			}
		},
		{
			"from": [
				7.6,
				6.34767,
				5.65233
			],
			"to": [
				8.4,
				6.64767,
				11.55233
			],
			"rotation": {
				"angle": 0,
				"axis": "y",
				"origin": [
					8,
					1.84767,
					6.65233
				]
			},
			"faces": {
				"north": {
					"uv": [
						5.5,
						12.5,
						6,
						12.75
					],
					"texture": "#1"
				},
				"east": {
					"uv": [
						8.5,
						4,
						11.5,
						4.25
					],
					"texture": "#1"
				},
				"south": {
					"uv": [
						6,
						12.5,
						6.5,
						12.75
					],
					"texture": "#1"
				},
				"west": {
					"uv": [
						9,
						1,
						12,
						1.25
					],
					"texture": "#1"
				},
				"up": {
					"uv": [
						6,
						5.5,
						5.5,
						2.5
					],
					"texture": "#1"
				},
				"down": {
					"uv": [
						3.5,
						5.5,
						3,
						8.5
					],
					"texture": "#1"
				}
			}
		},
		{
			"from": [
				7.55,
				3.24767,
				11.65233
			],
			"to": [
				8.45,
				4.64767,
				12.25233
			],
			"rotation": {
				"angle": -22.5,
				"axis": "x",
				"origin": [
					8,
					1.84767,
					6.65233
				]
			},
			"faces": {
				"north": {
					"uv": [
						3.5,
						10.5,
						4,
						11.25
					],
					"texture": "#1"
				},
				"east": {
					"uv": [
						12,
						0,
						12.25,
						0.75
					],
					"texture": "#1"
				},
				"south": {
					"uv": [
						4,
						10.5,
						4.5,
						11.25
					],
					"texture": "#1"
				},
				"west": {
					"uv": [
						1,
						12,
						1.25,
						12.75
					],
					"texture": "#1"
				},
				"up": {
					"uv": [
						13,
						6.25,
						12.5,
						6
					],
					"texture": "#1"
				},
				"down": {
					"uv": [
						7,
						12.5,
						6.5,
						12.75
					],
					"texture": "#1"
				}
			}
		},
		{
			"from": [
				7.15,
				6.01436,
				10.84505
			],
			"to": [
				8.85,
				6.51436,
				11.44505
			],
			"rotation": {
				"angle": 0,
				"axis": "y",
				"origin": [
					8,
					5.71436,
					11.54505
				]
			},
			"faces": {
				"north": {
					"uv": [
						12,
						1,
						12.75,
						1.25
					],
					"texture": "#1"
				},
				"east": {
					"uv": [
						3.5,
						13,
						3.75,
						13.25
					],
					"texture": "#1"
				},
				"south": {
					"uv": [
						1.5,
						12,
						2.25,
						12.25
					],
					"texture": "#1"
				},
				"west": {
					"uv": [
						13,
						3.5,
						13.25,
						3.75
					],
					"texture": "#1"
				},
				"up": {
					"uv": [
						12.75,
						1.75,
						12,
						1.5
					],
					"texture": "#1"
				},
				"down": {
					"uv": [
						12.75,
						2,
						12,
						2.25
					],
					"texture": "#1"
				}
			}
		},
		{
			"from": [
				7.45,
				5.91436,
				10.74505
			],
			"to": [
				8.55,
				6.61436,
				11.54505
			],
			"rotation": {
				"angle": 0,
				"axis": "y",
				"origin": [
					8,
					5.71436,
					11.54505
				]
			},
			"faces": {
				"north": {
					"uv": [
						12.5,
						6.5,
						13,
						6.75
					],
					"texture": "#1"
				},
				"east": {
					"uv": [
						7,
						12.5,
						7.5,
						12.75
					],
					"texture": "#1"
				},
				"south": {
					"uv": [
						12.5,
						7,
						13,
						7.25
					],
					"texture": "#1"
				},
				"west": {
					"uv": [
						7.5,
						12.5,
						8,
						12.75
					],
					"texture": "#1"
				},
				"up": {
					"uv": [
						12,
						4,
						11.5,
						3.5
					],
					"texture": "#1"
				},
				"down": {
					"uv": [
						4.5,
						11.5,
						4,
						12
					],
					"texture": "#1"
				}
			}
		},
		{
			"from": [
				7.65,
				2.74767,
				12.25233
			],
			"to": [
				8.35,
				4.34767,
				13.05233
			],
			"rotation": {
				"angle": -22.5,
				"axis": "x",
				"origin": [
					8,
					1.84767,
					6.65233
				]
			},
			"faces": {
				"north": {
					"uv": [
						2.5,
						12,
						2.75,
						12.75
					],
					"texture": "#1"
				},
				"east": {
					"uv": [
						4.5,
						10.5,
						5,
						11.25
					],
					"texture": "#1"
				},
				"south": {
					"uv": [
						12,
						2.5,
						12.25,
						3.25
					],
					"texture": "#1"
				},
				"west": {
					"uv": [
						5,
						10.5,
						5.5,
						11.25
					],
					"texture": "#1"
				},
				"up": {
					"uv": [
						12.75,
						8,
						12.5,
						7.5
					],
					"texture": "#1"
				},
				"down": {
					"uv": [
						8.25,
						12.5,
						8,
						13
					],
					"texture": "#1"
				}
			}
		},
		{
			"from": [
				7.75,
				1.94767,
				10.95233
			],
			"to": [
				8.25,
				3.14767,
				11.45233
			],
			"rotation": {
				"angle": 0,
				"axis": "y",
				"origin": [
					8,
					4.74767,
					10.25233
				]
			},
			"faces": {
				"north": {
					"uv": [
						12.5,
						8,
						12.75,
						8.5
					],
					"texture": "#1"
				},
				"east": {
					"uv": [
						8.5,
						12.5,
						8.75,
						13
					],
					"texture": "#1"
				},
				"south": {
					"uv": [
						12.5,
						8.5,
						12.75,
						9
					],
					"texture": "#1"
				},
				"west": {
					"uv": [
						9,
						12.5,
						9.25,
						13
					],
					"texture": "#1"
				},
				"up": {
					"uv": [
						4.25,
						13.25,
						4,
						13
					],
					"texture": "#1"
				},
				"down": {
					"uv": [
						13.25,
						4,
						13,
						4.25
					],
					"texture": "#1"
				}
			}
		},
		{
			"from": [
				7.75,
				2.34767,
				11.45233
			],
			"to": [
				8.25,
				3.14767,
				12.75233
			],
			"rotation": {
				"angle": 0,
				"axis": "y",
				"origin": [
					8,
					4.74767,
					10.25233
				]
			},
			"faces": {
				"north": {
					"uv": [
						12.5,
						9,
						12.75,
						9.5
					],
					"texture": "#1"
				},
				"east": {
					"uv": [
						10.5,
						3.5,
						11.25,
						4
					],
					"texture": "#1"
				},
				"south": {
					"uv": [
						9.5,
						12.5,
						9.75,
						13
					],
					"texture": "#1"
				},
				"west": {
					"uv": [
						5.5,
						10.5,
						6.25,
						11
					],
					"texture": "#1"
				},
				"up": {
					"uv": [
						3.25,
						12.75,
						3,
						12
					],
					"texture": "#1"
				},
				"down": {
					"uv": [
						3.75,
						12,
						3.5,
						12.75
					],
					"texture": "#1"
				}
			}
		},
		{
			"from": [
				7.65,
				2.04767,
				10.55233
			],
			"to": [
				8.35,
				3.14767,
				10.85233
			],
			"rotation": {
				"angle": 0,
				"axis": "y",
				"origin": [
					8,
					4.74767,
					10.25233
				]
			},
			"faces": {
				"north": {
					"uv": [
						12.5,
						9.5,
						12.75,
						10
					],
					"texture": "#1"
				},
				"east": {
					"uv": [
						10,
						12.5,
						10.25,
						13
					],
					"texture": "#1"
				},
				"south": {
					"uv": [
						12.5,
						10,
						12.75,
						10.5
					],
					"texture": "#1"
				},
				"west": {
					"uv": [
						10.5,
						12.5,
						10.75,
						13
					],
					"texture": "#1"
				},
				"up": {
					"uv": [
						4.75,
						13.25,
						4.5,
						13
					],
					"texture": "#1"
				},
				"down": {
					"uv": [
						13.25,
						4.5,
						13,
						4.75
					],
					"texture": "#1"
				}
			}
		},
		{
			"from": [
				7.26,
				2.84767,
				11.35233
			],
			"to": [
				8.74,
				5.54767,
				12.35233
			],
			"rotation": {
				"angle": 0,
				"axis": "y",
				"origin": [
					8,
					4.74767,
					10.25233
				]
			},
			"faces": {
				"north": {
					"uv": [
						5.5,
						8,
						6.25,
						9.25
					],
					"texture": "#1"
				},
				"east": {
					"uv": [
						8.5,
						9,
						9,
						10.25
					],
					"texture": "#1"
				},
				"south": {
					"uv": [
						8,
						7.5,
						8.75,
						8.75
					],
					"texture": "#1"
				},
				"west": {
					"uv": [
						1.5,
						9.5,
						2,
						10.75
					],
					"texture": "#1"
				},
				"up": {
					"uv": [
						11.25,
						6,
						10.5,
						5.5
					],
					"texture": "#1"
				},
				"down": {
					"uv": [
						11.25,
						6,
						10.5,
						6.5
					],
					"texture": "#1"
				}
			}
		},
		{
			"from": [
				7.16,
				5.04767,
				12.25233
			],
			"to": [
				8.84,
				5.44767,
				12.75233
			],
			"rotation": {
				"angle": 0,
				"axis": "y",
				"origin": [
					8,
					4.74767,
					10.25233
				]
			},
			"faces": {
				"north": {
					"uv": [
						12,
						3.5,
						12.75,
						3.75
					],
					"texture": "#1"
				},
				"east": {
					"uv": [
						5,
						13,
						5.25,
						13.25
					],
					"texture": "#1"
				},
				"south": {
					"uv": [
						4,
						12,
						4.75,
						12.25
					],
					"texture": "#1"
				},
				"west": {
					"uv": [
						13,
						5,
						13.25,
						5.25
					],
					"texture": "#1"
				},
				"up": {
					"uv": [
						5.75,
						12.25,
						5,
						12
					],
					"texture": "#1"
				},
				"down": {
					"uv": [
						12.75,
						5.5,
						12,
						5.75
					],
					"texture": "#1"
				}
			}
		}
	],
	"display": {
		"thirdperson_righthand": {
			"translation": [
				0,
				4.75,
				-3.75
			]
		},
		"thirdperson_lefthand": {
			"translation": [
				0,
				5.25,
				-3
			],
			"scale": [
				-1,
				1,
				1
			]
		},
		"firstperson_righthand": {
			"translation": [
				-2.25,
				9.25,
				0.75
			]
		},
		"firstperson_lefthand": {
			"translation": [
				-2.25,
				9.25,
				0.75
			],
			"scale": [
				-1,
				1,
				1
			]
		},
		"ground": {
			"translation": [
				0,
				6.75,
				0
			]
		},
		"gui": {
			"rotation": [
				-168.51,
				-33.4,
				178.33
			],
			"translation": [
				0,
				5.25,
				-1
			]
		},
		"fixed": {
			"rotation": [
				0,
				89.25,
				0
			],
			"translation": [
				0,
				5.25,
				-1
			]
		}
	}
}