{
	"credit": "Made with Blockbench",
	"texture_size": [
		32,
		32
	],
	"textures": {
		"0": "scguns_laf:item/m12_waltz"
	},
	"elements": [
		{
			"from": [
				7.49,
				0.05,
				14.25
			],
			"to": [
				8.51,
				3.25,
				15.5
			],
			"rotation": {
				"angle": -22.5,
				"axis": "x",
				"origin": [
					8.5,
					0.3,
					15.5
				]
			},
			"faces": {
				"north": {
					"uv": [
						3,
						4,
						3.5,
						5.5
					],
					"texture": "#0"
				},
				"east": {
					"uv": [
						2,
						0,
						2.75,
						1.5
					],
					"texture": "#0"
				},
				"south": {
					"uv": [
						3.5,
						4,
						4,
						5.5
					],
					"texture": "#0"
				},
				"west": {
					"uv": [
						2,
						1.5,
						2.75,
						3
					],
					"texture": "#0"
				},
				"up": {
					"uv": [
						2.5,
						5.75,
						2,
						5
					],
					"texture": "#0"
				},
				"down": {
					"uv": [
						5.5,
						2,
						5,
						2.75
					],
					"texture": "#0"
				}
			}
		},
		{
			"from": [
				7.54,
				-0.1,
				14.4
			],
			"to": [
				8.46,
				0.05,
				15.35
			],
			"rotation": {
				"angle": -22.5,
				"axis": "x",
				"origin": [
					8.5,
					0.3,
					15.5
				]
			},
			"faces": {
				"north": {
					"uv": [
						6,
						6,
						6.5,
						6.25
					],
					"texture": "#0"
				},
				"east": {
					"uv": [
						0,
						6.5,
						0.5,
						6.75
					],
					"texture": "#0"
				},
				"south": {
					"uv": [
						0.5,
						6.5,
						1,
						6.75
					],
					"texture": "#0"
				},
				"west": {
					"uv": [
						1,
						6.5,
						1.5,
						6.75
					],
					"texture": "#0"
				},
				"up": {
					"uv": [
						4,
						6,
						3.5,
						5.5
					],
					"texture": "#0"
				},
				"down": {
					"uv": [
						4.5,
						5.5,
						4,
						6
					],
					"texture": "#0"
				}
			}
		},
		{
			"from": [
				7.75,
				1.4,
				12.4
			],
			"to": [
				8.27,
				1.65,
				13.7
			],
			"rotation": {
				"angle": 0,
				"axis": "y",
				"origin": [
					8,
					0.35,
					16
				]
			},
			"faces": {
				"north": {
					"uv": [
						2,
						7,
						2.25,
						7.25
					],
					"texture": "#0"
				},
				"east": {
					"uv": [
						6,
						0.5,
						6.75,
						0.75
					],
					"texture": "#0"
				},
				"south": {
					"uv": [
						7,
						2,
						7.25,
						2.25
					],
					"texture": "#0"
				},
				"west": {
					"uv": [
						6,
						1,
						6.75,
						1.25
					],
					"texture": "#0"
				},
				"up": {
					"uv": [
						1.75,
						6.75,
						1.5,
						6
					],
					"texture": "#0"
				},
				"down": {
					"uv": [
						2.25,
						6,
						2,
						6.75
					],
					"texture": "#0"
				}
			}
		},
		{
			"from": [
				7.85,
				1.3,
				12.4
			],
			"to": [
				8.17,
				1.55,
				13.7
			],
			"rotation": {
				"angle": 0,
				"axis": "y",
				"origin": [
					8,
					0.35,
					16
				]
			},
			"faces": {
				"north": {
					"uv": [
						7.5,
						1.5,
						7.75,
						1.75
					],
					"texture": "#0"
				},
				"east": {
					"uv": [
						6,
						1.5,
						6.75,
						1.75
					],
					"texture": "#0"
				},
				"south": {
					"uv": [
						2,
						7.5,
						2.25,
						7.75
					],
					"texture": "#0"
				},
				"west": {
					"uv": [
						4.5,
						6,
						5.25,
						6.25
					],
					"texture": "#0"
				},
				"up": {
					"uv": [
						6.25,
						5.75,
						6,
						5
					],
					"texture": "#0"
				},
				"down": {
					"uv": [
						5.75,
						6,
						5.5,
						6.75
					],
					"texture": "#0"
				}
			}
		},
		{
			"from": [
				7.75,
				1.3,
				12.1
			],
			"to": [
				8.27,
				2.25,
				12.4
			],
			"rotation": {
				"angle": 0,
				"axis": "y",
				"origin": [
					8,
					0.35,
					16
				]
			},
			"faces": {
				"north": {
					"uv": [
						6.5,
						6,
						6.75,
						6.5
					],
					"texture": "#0"
				},
				"east": {
					"uv": [
						6.5,
						6.5,
						6.75,
						7
					],
					"texture": "#0"
				},
				"south": {
					"uv": [
						0,
						7,
						0.25,
						7.5
					],
					"texture": "#0"
				},
				"west": {
					"uv": [
						7,
						0,
						7.25,
						0.5
					],
					"texture": "#0"
				},
				"up": {
					"uv": [
						7.75,
						1.25,
						7.5,
						1
					],
					"texture": "#0"
				},
				"down": {
					"uv": [
						1.75,
						7.5,
						1.5,
						7.75
					],
					"texture": "#0"
				}
			}
		},
		{
			"from": [
				7.74,
				1.75,
				12.95
			],
			"to": [
				8.26,
				2.25,
				13.2
			],
			"rotation": {
				"angle": 0,
				"axis": "y",
				"origin": [
					8.5,
					0.55,
					15.5
				]
			},
			"faces": {
				"north": {
					"uv": [
						2.5,
						7,
						2.75,
						7.25
					],
					"texture": "#0"
				},
				"east": {
					"uv": [
						7,
						2.5,
						7.25,
						2.75
					],
					"texture": "#0"
				},
				"south": {
					"uv": [
						3,
						7,
						3.25,
						7.25
					],
					"texture": "#0"
				},
				"west": {
					"uv": [
						7,
						3,
						7.25,
						3.25
					],
					"texture": "#0"
				},
				"up": {
					"uv": [
						3.75,
						7.25,
						3.5,
						7
					],
					"texture": "#0"
				},
				"down": {
					"uv": [
						7.25,
						3.5,
						7,
						3.75
					],
					"texture": "#0"
				}
			}
		},
		{
			"from": [
				7.84,
				1.85,
				13.15
			],
			"to": [
				8.16,
				2.25,
				13.5
			],
			"rotation": {
				"angle": 0,
				"axis": "y",
				"origin": [
					8.5,
					0.55,
					15.5
				]
			},
			"faces": {
				"north": {
					"uv": [
						7.5,
						5,
						7.75,
						5.25
					],
					"texture": "#0"
				},
				"east": {
					"uv": [
						5.5,
						7.5,
						5.75,
						7.75
					],
					"texture": "#0"
				},
				"south": {
					"uv": [
						7.5,
						5.5,
						7.75,
						5.75
					],
					"texture": "#0"
				},
				"west": {
					"uv": [
						6,
						7.5,
						6.25,
						7.75
					],
					"texture": "#0"
				},
				"up": {
					"uv": [
						7.75,
						6.25,
						7.5,
						6
					],
					"texture": "#0"
				},
				"down": {
					"uv": [
						6.75,
						7.5,
						6.5,
						7.75
					],
					"texture": "#0"
				}
			}
		},
		{
			"from": [
				7.74,
				0.15,
				14.2
			],
			"to": [
				8.26,
				3.3,
				15.6
			],
			"rotation": {
				"angle": -22.5,
				"axis": "x",
				"origin": [
					8.5,
					0.3,
					15.5
				]
			},
			"faces": {
				"north": {
					"uv": [
						2.5,
						5,
						2.75,
						6.5
					],
					"texture": "#0"
				},
				"east": {
					"uv": [
						0,
						2.5,
						0.75,
						4
					],
					"texture": "#0"
				},
				"south": {
					"uv": [
						5,
						3,
						5.25,
						4.5
					],
					"texture": "#0"
				},
				"west": {
					"uv": [
						1,
						2.5,
						1.75,
						4
					],
					"texture": "#0"
				},
				"up": {
					"uv": [
						6.25,
						3.75,
						6,
						3
					],
					"texture": "#0"
				},
				"down": {
					"uv": [
						3.75,
						6,
						3.5,
						6.75
					],
					"texture": "#0"
				}
			}
		},
		{
			"from": [
				7.64,
				3.02136,
				14.42824
			],
			"to": [
				8.36,
				3.27136,
				14.92824
			],
			"rotation": {
				"angle": 0,
				"axis": "y",
				"origin": [
					8,
					3.34636,
					14.67824
				]
			},
			"faces": {
				"north": {
					"uv": [
						4,
						7,
						4.25,
						7.25
					],
					"texture": "#0"
				},
				"east": {
					"uv": [
						7,
						4,
						7.25,
						4.25
					],
					"texture": "#0"
				},
				"south": {
					"uv": [
						4.5,
						7,
						4.75,
						7.25
					],
					"texture": "#0"
				},
				"west": {
					"uv": [
						7,
						4.5,
						7.25,
						4.75
					],
					"texture": "#0"
				},
				"up": {
					"uv": [
						5.25,
						7.25,
						5,
						7
					],
					"texture": "#0"
				},
				"down": {
					"uv": [
						7.25,
						5,
						7,
						5.25
					],
					"texture": "#0"
				}
			}
		},
		{
			"from": [
				7.74,
				3.22136,
				14.42824
			],
			"to": [
				8.26,
				3.57136,
				14.82824
			],
			"rotation": {
				"angle": 0,
				"axis": "y",
				"origin": [
					8,
					3.34636,
					14.67824
				]
			},
			"faces": {
				"north": {
					"uv": [
						7,
						7,
						7.25,
						7.25
					],
					"texture": "#0"
				},
				"east": {
					"uv": [
						0,
						7.5,
						0.25,
						7.75
					],
					"texture": "#0"
				},
				"south": {
					"uv": [
						7.5,
						0,
						7.75,
						0.25
					],
					"texture": "#0"
				},
				"west": {
					"uv": [
						0.5,
						7.5,
						0.75,
						7.75
					],
					"texture": "#0"
				},
				"up": {
					"uv": [
						7.75,
						0.75,
						7.5,
						0.5
					],
					"texture": "#0"
				},
				"down": {
					"uv": [
						1.25,
						7.5,
						1,
						7.75
					],
					"texture": "#0"
				}
			}
		},
		{
			"from": [
				7.35,
				3.18,
				9.9
			],
			"to": [
				8.65,
				4.03,
				14.2
			],
			"rotation": {
				"angle": 0,
				"axis": "y",
				"origin": [
					0.5,
					-0.75,
					-0.45
				]
			},
			"faces": {
				"north": {
					"uv": [
						5,
						4.5,
						5.75,
						5
					],
					"texture": "#0"
				},
				"east": {
					"uv": [
						3,
						0,
						5.25,
						0.5
					],
					"texture": "#0"
				},
				"south": {
					"uv": [
						5,
						5,
						5.75,
						5.5
					],
					"texture": "#0"
				},
				"west": {
					"uv": [
						3,
						0.5,
						5.25,
						1
					],
					"texture": "#0"
				},
				"up": {
					"uv": [
						0.75,
						2.25,
						0,
						0
					],
					"texture": "#0"
				},
				"down": {
					"uv": [
						1.75,
						0,
						1,
						2.25
					],
					"texture": "#0"
				}
			}
		},
		{
			"from": [
				7.5,
				2.25,
				12
			],
			"to": [
				8.5,
				4.05,
				14.1
			],
			"rotation": {
				"angle": 0,
				"axis": "y",
				"origin": [
					0.5,
					-0.75,
					-0.45
				]
			},
			"faces": {
				"north": {
					"uv": [
						4,
						2,
						4.5,
						3
					],
					"texture": "#0"
				},
				"east": {
					"uv": [
						3,
						2,
						4,
						3
					],
					"texture": "#0"
				},
				"south": {
					"uv": [
						0,
						5,
						0.5,
						6
					],
					"texture": "#0"
				},
				"west": {
					"uv": [
						3.5,
						3,
						4.5,
						4
					],
					"texture": "#0"
				},
				"up": {
					"uv": [
						1,
						6,
						0.5,
						5
					],
					"texture": "#0"
				},
				"down": {
					"uv": [
						1.5,
						5,
						1,
						6
					],
					"texture": "#0"
				}
			}
		},
		{
			"from": [
				7.6,
				2.95,
				14.1
			],
			"to": [
				8.4,
				3.95,
				14.6
			],
			"rotation": {
				"angle": 0,
				"axis": "y",
				"origin": [
					0.5,
					-0.75,
					-0.45
				]
			},
			"faces": {
				"north": {
					"uv": [
						5.5,
						5.5,
						6,
						6
					],
					"texture": "#0"
				},
				"east": {
					"uv": [
						5,
						6.5,
						5.25,
						7
					],
					"texture": "#0"
				},
				"south": {
					"uv": [
						0,
						6,
						0.5,
						6.5
					],
					"texture": "#0"
				},
				"west": {
					"uv": [
						6.5,
						5,
						6.75,
						5.5
					],
					"texture": "#0"
				},
				"up": {
					"uv": [
						7,
						5.75,
						6.5,
						5.5
					],
					"texture": "#0"
				},
				"down": {
					"uv": [
						6.5,
						6.5,
						6,
						6.75
					],
					"texture": "#0"
				}
			}
		},
		{
			"from": [
				7.6,
				3.95,
				12.2
			],
			"to": [
				8.4,
				4.15,
				14
			],
			"rotation": {
				"angle": 0,
				"axis": "y",
				"origin": [
					0.5,
					-0.75,
					-0.45
				]
			},
			"faces": {
				"north": {
					"uv": [
						1.5,
						7,
						2,
						7.25
					],
					"texture": "#0"
				},
				"east": {
					"uv": [
						6,
						0,
						7,
						0.25
					],
					"texture": "#0"
				},
				"south": {
					"uv": [
						7,
						1.5,
						7.5,
						1.75
					],
					"texture": "#0"
				},
				"west": {
					"uv": [
						0.5,
						6,
						1.5,
						6.25
					],
					"texture": "#0"
				},
				"up": {
					"uv": [
						5.5,
						2,
						5,
						1
					],
					"texture": "#0"
				},
				"down": {
					"uv": [
						2,
						5,
						1.5,
						6
					],
					"texture": "#0"
				}
			}
		},
		{
			"from": [
				7.7,
				4.15,
				13.5
			],
			"to": [
				7.9,
				4.25,
				14
			],
			"rotation": {
				"angle": 0,
				"axis": "y",
				"origin": [
					0.5,
					-0.75,
					-0.45
				]
			},
			"faces": {
				"north": {
					"uv": [
						7.5,
						2,
						7.75,
						2.25
					],
					"texture": "#0"
				},
				"east": {
					"uv": [
						2.5,
						7.5,
						2.75,
						7.75
					],
					"texture": "#0"
				},
				"south": {
					"uv": [
						7.5,
						2.5,
						7.75,
						2.75
					],
					"texture": "#0"
				},
				"west": {
					"uv": [
						3,
						7.5,
						3.25,
						7.75
					],
					"texture": "#0"
				},
				"up": {
					"uv": [
						7.75,
						3.25,
						7.5,
						3
					],
					"texture": "#0"
				},
				"down": {
					"uv": [
						3.75,
						7.5,
						3.5,
						7.75
					],
					"texture": "#0"
				}
			}
		},
		{
			"from": [
				8.1,
				4.15,
				13.5
			],
			"to": [
				8.3,
				4.25,
				14
			],
			"rotation": {
				"angle": 0,
				"axis": "y",
				"origin": [
					0.5,
					-0.75,
					-0.45
				]
			},
			"faces": {
				"north": {
					"uv": [
						7.5,
						3.5,
						7.75,
						3.75
					],
					"texture": "#0"
				},
				"east": {
					"uv": [
						4,
						7.5,
						4.25,
						7.75
					],
					"texture": "#0"
				},
				"south": {
					"uv": [
						7.5,
						4,
						7.75,
						4.25
					],
					"texture": "#0"
				},
				"west": {
					"uv": [
						4.5,
						7.5,
						4.75,
						7.75
					],
					"texture": "#0"
				},
				"up": {
					"uv": [
						7.75,
						4.75,
						7.5,
						4.5
					],
					"texture": "#0"
				},
				"down": {
					"uv": [
						5.25,
						7.5,
						5,
						7.75
					],
					"texture": "#0"
				}
			}
		},
		{
			"from": [
				7.65,
				1.65,
				9.8
			],
			"to": [
				8.35,
				2.25,
				11.9
			],
			"rotation": {
				"angle": 0,
				"axis": "y",
				"origin": [
					0.5,
					-0.75,
					-0.45
				]
			},
			"faces": {
				"north": {
					"uv": [
						8,
						3.5,
						8.25,
						3.75
					],
					"texture": "#0"
				},
				"east": {
					"uv": [
						4.5,
						5.5,
						5.5,
						5.75
					],
					"texture": "#0"
				},
				"south": {
					"uv": [
						4,
						8,
						4.25,
						8.25
					],
					"texture": "#0"
				},
				"west": {
					"uv": [
						8,
						1.5,
						9,
						1.75
					],
					"texture": "#0"
				},
				"up": {
					"uv": [
						6.75,
						4,
						6.5,
						3
					],
					"texture": "#0"
				},
				"down": {
					"uv": [
						8.25,
						2,
						8,
						3
					],
					"texture": "#0"
				}
			}
		},
		{
			"from": [
				7.65,
				1.55,
				11.9
			],
			"to": [
				8.35,
				2.25,
				12.1
			],
			"rotation": {
				"angle": 0,
				"axis": "y",
				"origin": [
					0.5,
					-0.75,
					-0.45
				]
			},
			"faces": {
				"north": {
					"uv": [
						8,
						4,
						8.25,
						4.25
					],
					"texture": "#0"
				},
				"east": {
					"uv": [
						4.5,
						8,
						4.75,
						8.25
					],
					"texture": "#0"
				},
				"south": {
					"uv": [
						8,
						4.5,
						8.25,
						4.75
					],
					"texture": "#0"
				},
				"west": {
					"uv": [
						5,
						8,
						5.25,
						8.25
					],
					"texture": "#0"
				},
				"up": {
					"uv": [
						8.25,
						5.25,
						8,
						5
					],
					"texture": "#0"
				},
				"down": {
					"uv": [
						5.75,
						8,
						5.5,
						8.25
					],
					"texture": "#0"
				}
			}
		},
		{
			"from": [
				7.65,
				1.55,
				9.6
			],
			"to": [
				8.35,
				2.25,
				9.8
			],
			"rotation": {
				"angle": 0,
				"axis": "y",
				"origin": [
					0.5,
					-0.75,
					-0.45
				]
			},
			"faces": {
				"north": {
					"uv": [
						2.5,
						6.5,
						2.75,
						6.75
					],
					"texture": "#0"
				},
				"east": {
					"uv": [
						6.5,
						4,
						6.75,
						4.25
					],
					"texture": "#0"
				},
				"south": {
					"uv": [
						2.5,
						8,
						2.75,
						8.25
					],
					"texture": "#0"
				},
				"west": {
					"uv": [
						3,
						8,
						3.25,
						8.25
					],
					"texture": "#0"
				},
				"up": {
					"uv": [
						8.25,
						3.25,
						8,
						3
					],
					"texture": "#0"
				},
				"down": {
					"uv": [
						3.75,
						8,
						3.5,
						8.25
					],
					"texture": "#0"
				}
			}
		},
		{
			"from": [
				7.75,
				1.85,
				9.5
			],
			"to": [
				8.25,
				3.25,
				12.1
			],
			"rotation": {
				"angle": 0,
				"axis": "y",
				"origin": [
					0.5,
					-0.75,
					-0.45
				]
			},
			"faces": {
				"north": {
					"uv": [
						4,
						6,
						4.25,
						6.75
					],
					"texture": "#0"
				},
				"east": {
					"uv": [
						0,
						4,
						1.25,
						4.75
					],
					"texture": "#0"
				},
				"south": {
					"uv": [
						6,
						4,
						6.25,
						4.75
					],
					"texture": "#0"
				},
				"west": {
					"uv": [
						1.5,
						4,
						2.75,
						4.75
					],
					"texture": "#0"
				},
				"up": {
					"uv": [
						3.25,
						6.75,
						3,
						5.5
					],
					"texture": "#0"
				},
				"down": {
					"uv": [
						5.75,
						3,
						5.5,
						4.25
					],
					"texture": "#0"
				}
			}
		},
		{
			"from": [
				7.45,
				2.95,
				8.55
			],
			"to": [
				8.5,
				4,
				8.95
			],
			"rotation": {
				"angle": 0,
				"axis": "y",
				"origin": [
					0.5,
					-0.75,
					-0.45
				]
			},
			"faces": {
				"north": {
					"uv": [
						7.5,
						7,
						8.25,
						7.75
					],
					"texture": "#0"
				},
				"east": {
					"uv": [
						8,
						0,
						8.25,
						0.75
					],
					"texture": "#0"
				},
				"south": {
					"uv": [
						0,
						8,
						0.75,
						8.75
					],
					"texture": "#0"
				},
				"west": {
					"uv": [
						1,
						8,
						1.25,
						8.75
					],
					"texture": "#0"
				},
				"up": {
					"uv": [
						8.75,
						1.25,
						8,
						1
					],
					"texture": "#0"
				},
				"down": {
					"uv": [
						2.25,
						8,
						1.5,
						8.25
					],
					"texture": "#0"
				}
			}
		},
		{
			"from": [
				7.65,
				3.05,
				8.85
			],
			"to": [
				8.3,
				3.9,
				9.35
			],
			"rotation": {
				"angle": 0,
				"axis": "y",
				"origin": [
					0.5,
					-0.75,
					-0.45
				]
			},
			"faces": {
				"north": {
					"uv": [
						0.5,
						7,
						0.75,
						7.5
					],
					"texture": "#0"
				},
				"east": {
					"uv": [
						7,
						0.5,
						7.25,
						1
					],
					"texture": "#0"
				},
				"south": {
					"uv": [
						1,
						7,
						1.25,
						7.5
					],
					"texture": "#0"
				},
				"west": {
					"uv": [
						7,
						1,
						7.25,
						1.5
					],
					"texture": "#0"
				},
				"up": {
					"uv": [
						7.75,
						6.75,
						7.5,
						6.5
					],
					"texture": "#0"
				},
				"down": {
					"uv": [
						7.25,
						7.5,
						7,
						7.75
					],
					"texture": "#0"
				}
			}
		},
		{
			"from": [
				7.5,
				2.45,
				9
			],
			"to": [
				8.5,
				3.9,
				12
			],
			"rotation": {
				"angle": 0,
				"axis": "y",
				"origin": [
					0.5,
					-0.75,
					-0.45
				]
			},
			"faces": {
				"north": {
					"uv": [
						5.5,
						0,
						6,
						0.75
					],
					"texture": "#0"
				},
				"east": {
					"uv": [
						3,
						1,
						4.5,
						1.75
					],
					"texture": "#0"
				},
				"south": {
					"uv": [
						5.5,
						1,
						6,
						1.75
					],
					"texture": "#0"
				},
				"west": {
					"uv": [
						2,
						3,
						3.5,
						3.75
					],
					"texture": "#0"
				},
				"up": {
					"uv": [
						4.5,
						5.5,
						4,
						4
					],
					"texture": "#0"
				},
				"down": {
					"uv": [
						5,
						1,
						4.5,
						2.5
					],
					"texture": "#0"
				}
			}
		},
		{
			"from": [
				7.55,
				3.85,
				9.05
			],
			"to": [
				8.45,
				4.05,
				12
			],
			"rotation": {
				"angle": 0,
				"axis": "y",
				"origin": [
					0.5,
					-0.75,
					-0.45
				]
			},
			"faces": {
				"north": {
					"uv": [
						4.5,
						6.5,
						5,
						6.75
					],
					"texture": "#0"
				},
				"east": {
					"uv": [
						5.5,
						2,
						7,
						2.25
					],
					"texture": "#0"
				},
				"south": {
					"uv": [
						6.5,
						4.5,
						7,
						4.75
					],
					"texture": "#0"
				},
				"west": {
					"uv": [
						5.5,
						2.5,
						7,
						2.75
					],
					"texture": "#0"
				},
				"up": {
					"uv": [
						5,
						4,
						4.5,
						2.5
					],
					"texture": "#0"
				},
				"down": {
					"uv": [
						5,
						4,
						4.5,
						5.5
					],
					"texture": "#0"
				}
			}
		},
		{
			"from": [
				7.95,
				3.95,
				8.65
			],
			"to": [
				8,
				4.175,
				8.85
			],
			"rotation": {
				"angle": 0,
				"axis": "y",
				"origin": [
					0.5,
					-0.75,
					-0.45
				]
			},
			"faces": {
				"north": {
					"uv": [
						5.5,
						7,
						5.75,
						7.25
					],
					"texture": "#0"
				},
				"east": {
					"uv": [
						7,
						5.5,
						7.25,
						5.75
					],
					"texture": "#0"
				},
				"south": {
					"uv": [
						6,
						7,
						6.25,
						7.25
					],
					"texture": "#0"
				},
				"west": {
					"uv": [
						7,
						6,
						7.25,
						6.25
					],
					"texture": "#0"
				},
				"up": {
					"uv": [
						6.75,
						7.25,
						6.5,
						7
					],
					"texture": "#0"
				},
				"down": {
					"uv": [
						7.25,
						6.5,
						7,
						6.75
					],
					"texture": "#0"
				}
			}
		}
	],
	"display": {
		"thirdperson_righthand": {
			"translation": [
				0,
				8.25,
				-7.5
			],
			"scale": [
				1.47,
				1.47,
				1.47
			]
		},
		"thirdperson_lefthand": {
			"translation": [
				0,
				8.25,
				-7.5
			],
			"scale": [
				-1.47,
				1.47,
				1.47
			]
		},
		"firstperson_righthand": {
			"translation": [
				-5.5,
				10.5,
				1.5
			],
			"scale": [
				0.89,
				0.89,
				0.89
			]
		},
		"firstperson_lefthand": {
			"translation": [
				-5.5,
				10.5,
				1.5
			],
			"scale": [
				-0.89,
				0.89,
				0.89
			]
		},
		"ground": {
			"translation": [
				0.75,
				8.25,
				-6.25
			],
			"scale": [
				1.39,
				1.39,
				1.39
			]
		},
		"gui": {
			"rotation": [
				18,
				-144,
				0
			],
			"translation": [
				4.75,
				9,
				0
			],
			"scale": [
				2,
				2,
				2
			]
		},
		"fixed": {
			"rotation": [
				0,
				90,
				0
			],
			"translation": [
				-6.75,
				9.5,
				-1.25
			],
			"scale": [
				1.77,
				1.77,
				1.77
			]
		}
	}
}