{
	"credit": "Made with Blockbench",
	"texture_size": [
		64,
		64
	],
	"textures": {
		"1": "scguns_laf:item/new_noqq_gun_texture",
		"particle": "scguns_laf:item/new_noqq_gun_texture"
	},
	"elements": [
		{
			"from": [
				7.2,
				-0.7975,
				16.2225
			],
			"to": [
				8.8,
				2.6125,
				17.8725
			],
			"rotation": {
				"angle": -45,
				"axis": "x",
				"origin": [
					8,
					0.825,
					16.525
				]
			},
			"faces": {
				"north": {
					"uv": [
						6.5,
						0,
						6.875,
						0.875
					],
					"texture": "#1"
				},
				"east": {
					"uv": [
						0.5,
						6.5,
						0.875,
						7.375
					],
					"texture": "#1"
				},
				"south": {
					"uv": [
						2.25,
						6.5,
						2.625,
						7.375
					],
					"texture": "#1"
				},
				"west": {
					"uv": [
						2.75,
						6.5,
						3.125,
						7.375
					],
					"texture": "#1"
				},
				"up": {
					"uv": [
						1.375,
						8.125,
						1,
						7.75
					],
					"texture": "#1"
				},
				"down": {
					"uv": [
						8.125,
						1.75,
						7.75,
						2.125
					],
					"texture": "#1"
				}
			}
		},
		{
			"from": [
				7.1,
				0.5725,
				15.5625
			],
			"to": [
				8.9,
				3.2975,
				15.9725
			],
			"rotation": {
				"angle": 22.5,
				"axis": "x",
				"origin": [
					8,
					0.825,
					16.525
				]
			},
			"faces": {
				"north": {
					"uv": [
						4.5,
						6.5,
						5,
						7.125
					],
					"texture": "#1"
				},
				"east": {
					"uv": [
						9,
						3,
						9.125,
						3.625
					],
					"texture": "#1"
				},
				"south": {
					"uv": [
						6.5,
						5.25,
						7,
						5.875
					],
					"texture": "#1"
				},
				"west": {
					"uv": [
						4.5,
						9,
						4.625,
						9.625
					],
					"texture": "#1"
				},
				"up": {
					"uv": [
						8.25,
						2.375,
						7.75,
						2.25
					],
					"texture": "#1"
				},
				"down": {
					"uv": [
						6,
						9,
						5.5,
						9.125
					],
					"texture": "#1"
				}
			}
		},
		{
			"from": [
				6.95,
				0.9975,
				8.6625
			],
			"to": [
				9.05,
				2.8975,
				9.0725
			],
			"rotation": {
				"angle": 0,
				"axis": "x",
				"origin": [
					8,
					0.825,
					16.525
				]
			},
			"faces": {
				"north": {
					"uv": [
						6,
						0.5,
						6.5,
						1
					],
					"texture": "#1"
				},
				"east": {
					"uv": [
						9,
						5.75,
						9.125,
						6.25
					],
					"texture": "#1"
				},
				"south": {
					"uv": [
						6,
						2.25,
						6.5,
						2.75
					],
					"texture": "#1"
				},
				"west": {
					"uv": [
						6,
						9,
						6.125,
						9.5
					],
					"texture": "#1"
				},
				"up": {
					"uv": [
						9.5,
						6.375,
						9,
						6.25
					],
					"texture": "#1"
				},
				"down": {
					"uv": [
						9.5,
						6.5,
						9,
						6.625
					],
					"texture": "#1"
				}
			}
		},
		{
			"from": [
				6.925,
				1.1225,
				8.2625
			],
			"to": [
				9.075,
				3.3725,
				8.6725
			],
			"rotation": {
				"angle": -22.5,
				"axis": "x",
				"origin": [
					8,
					1.9475,
					8.8675
				]
			},
			"faces": {
				"north": {
					"uv": [
						5.5,
						6.5,
						6,
						7.125
					],
					"texture": "#1"
				},
				"east": {
					"uv": [
						4.75,
						9,
						4.875,
						9.625
					],
					"texture": "#1"
				},
				"south": {
					"uv": [
						6.5,
						6,
						7,
						6.625
					],
					"texture": "#1"
				},
				"west": {
					"uv": [
						5,
						9,
						5.125,
						9.625
					],
					"texture": "#1"
				},
				"up": {
					"uv": [
						9.5,
						6.875,
						9,
						6.75
					],
					"texture": "#1"
				},
				"down": {
					"uv": [
						7.5,
						9,
						7,
						9.125
					],
					"texture": "#1"
				}
			}
		},
		{
			"from": [
				7.175,
				0.4225,
				15.3625
			],
			"to": [
				8.825,
				3.1975,
				15.7725
			],
			"rotation": {
				"angle": 45,
				"axis": "x",
				"origin": [
					8,
					0.825,
					16.525
				]
			},
			"faces": {
				"north": {
					"uv": [
						6.75,
						2.25,
						7.125,
						3
					],
					"texture": "#1"
				},
				"east": {
					"uv": [
						8.75,
						3.5,
						8.875,
						4.25
					],
					"texture": "#1"
				},
				"south": {
					"uv": [
						6.5,
						6.75,
						6.875,
						7.5
					],
					"texture": "#1"
				},
				"west": {
					"uv": [
						3.75,
						8.75,
						3.875,
						9.5
					],
					"texture": "#1"
				},
				"up": {
					"uv": [
						9.625,
						5.375,
						9.25,
						5.25
					],
					"texture": "#1"
				},
				"down": {
					"uv": [
						5.875,
						9.25,
						5.5,
						9.375
					],
					"texture": "#1"
				}
			}
		},
		{
			"from": [
				7.395,
				-1.1275,
				16.58
			],
			"to": [
				8.605,
				-0.5775,
				17.7625
			],
			"rotation": {
				"angle": -45,
				"axis": "x",
				"origin": [
					8,
					0.825,
					16.525
				]
			},
			"faces": {
				"north": {
					"uv": [
						9.25,
						10,
						9.5,
						10.125
					],
					"texture": "#1"
				},
				"east": {
					"uv": [
						9.5,
						10,
						9.75,
						10.125
					],
					"texture": "#1"
				},
				"south": {
					"uv": [
						10,
						9.5,
						10.25,
						9.625
					],
					"texture": "#1"
				},
				"west": {
					"uv": [
						9.75,
						10,
						10,
						10.125
					],
					"texture": "#1"
				},
				"up": {
					"uv": [
						7,
						3.25,
						6.75,
						3
					],
					"texture": "#1"
				},
				"down": {
					"uv": [
						7.25,
						0.75,
						7,
						1
					],
					"texture": "#1"
				}
			}
		},
		{
			"from": [
				7.025,
				2.05,
				11.68
			],
			"to": [
				8.975,
				4.16,
				14.93
			],
			"rotation": {
				"angle": 0,
				"axis": "y",
				"origin": [
					8,
					0.605,
					16.525
				]
			},
			"faces": {
				"north": {
					"uv": [
						7,
						3.75,
						7.5,
						4.25
					],
					"texture": "#1"
				},
				"east": {
					"uv": [
						5.5,
						0,
						6.375,
						0.5
					],
					"texture": "#1"
				},
				"south": {
					"uv": [
						7,
						4.25,
						7.5,
						4.75
					],
					"texture": "#1"
				},
				"west": {
					"uv": [
						5.5,
						5,
						6.375,
						5.5
					],
					"texture": "#1"
				},
				"up": {
					"uv": [
						5,
						6.375,
						4.5,
						5.5
					],
					"texture": "#1"
				},
				"down": {
					"uv": [
						6,
						5.5,
						5.5,
						6.375
					],
					"texture": "#1"
				}
			}
		},
		{
			"from": [
				7.835,
				1.205,
				14.265
			],
			"to": [
				8.165,
				2.415,
				14.705
			],
			"rotation": {
				"angle": 0,
				"axis": "y",
				"origin": [
					8,
					1.48,
					14.595
				]
			},
			"faces": {
				"north": {
					"uv": [
						10,
						9.75,
						10.125,
						10
					],
					"texture": "#1"
				},
				"east": {
					"uv": [
						10,
						10,
						10.125,
						10.25
					],
					"texture": "#1"
				},
				"south": {
					"uv": [
						0,
						10.25,
						0.125,
						10.5
					],
					"texture": "#1"
				},
				"west": {
					"uv": [
						0.25,
						10.25,
						0.375,
						10.5
					],
					"texture": "#1"
				},
				"up": {
					"uv": [
						5.125,
						10.375,
						5,
						10.25
					],
					"texture": "#1"
				},
				"down": {
					"uv": [
						10.375,
						5,
						10.25,
						5.125
					],
					"texture": "#1"
				}
			}
		},
		{
			"from": [
				7.725,
				1.425,
				13.385
			],
			"to": [
				8.275,
				2.8,
				13.825
			],
			"rotation": {
				"angle": -22.5,
				"axis": "x",
				"origin": [
					8,
					1.7,
					14.815
				]
			},
			"faces": {
				"north": {
					"uv": [
						9.25,
						5.5,
						9.375,
						5.875
					],
					"texture": "#1"
				},
				"east": {
					"uv": [
						7,
						9.25,
						7.125,
						9.625
					],
					"texture": "#1"
				},
				"south": {
					"uv": [
						7.25,
						9.25,
						7.375,
						9.625
					],
					"texture": "#1"
				},
				"west": {
					"uv": [
						9.25,
						7.5,
						9.375,
						7.875
					],
					"texture": "#1"
				},
				"up": {
					"uv": [
						5.375,
						10.375,
						5.25,
						10.25
					],
					"texture": "#1"
				},
				"down": {
					"uv": [
						10.375,
						5.25,
						10.25,
						5.375
					],
					"texture": "#1"
				}
			}
		},
		{
			"from": [
				7.835,
				1.7275,
				11.46
			],
			"to": [
				8.165,
				2.105,
				13.44
			],
			"rotation": {
				"angle": 0,
				"axis": "y",
				"origin": [
					8,
					1.7,
					14.815
				]
			},
			"faces": {
				"north": {
					"uv": [
						5.5,
						10.25,
						5.625,
						10.375
					],
					"texture": "#1"
				},
				"east": {
					"uv": [
						9,
						7,
						9.5,
						7.125
					],
					"texture": "#1"
				},
				"south": {
					"uv": [
						5.75,
						10.25,
						5.875,
						10.375
					],
					"texture": "#1"
				},
				"west": {
					"uv": [
						9,
						7.25,
						9.5,
						7.375
					],
					"texture": "#1"
				},
				"up": {
					"uv": [
						6.375,
						9.5,
						6.25,
						9
					],
					"texture": "#1"
				},
				"down": {
					"uv": [
						7.625,
						9,
						7.5,
						9.5
					],
					"texture": "#1"
				}
			}
		},
		{
			"from": [
				7.725,
				0.7925,
				14.0175
			],
			"to": [
				8.275,
				1.1775,
				15.5575
			],
			"rotation": {
				"angle": -22.5,
				"axis": "x",
				"origin": [
					8,
					1.7,
					14.815
				]
			},
			"faces": {
				"north": {
					"uv": [
						10.25,
						5.75,
						10.375,
						5.875
					],
					"texture": "#1"
				},
				"east": {
					"uv": [
						9.25,
						6,
						9.625,
						6.125
					],
					"texture": "#1"
				},
				"south": {
					"uv": [
						10.25,
						6,
						10.375,
						6.125
					],
					"texture": "#1"
				},
				"west": {
					"uv": [
						9.25,
						8,
						9.625,
						8.125
					],
					"texture": "#1"
				},
				"up": {
					"uv": [
						7.875,
						9.625,
						7.75,
						9.25
					],
					"texture": "#1"
				},
				"down": {
					"uv": [
						8.625,
						9.25,
						8.5,
						9.625
					],
					"texture": "#1"
				}
			}
		},
		{
			"from": [
				7.736,
				0.98346,
				13.85873
			],
			"to": [
				8.264,
				1.34096,
				14.79373
			],
			"rotation": {
				"angle": 22.5,
				"axis": "x",
				"origin": [
					8,
					1.64346,
					13.52873
				]
			},
			"faces": {
				"north": {
					"uv": [
						6.25,
						10.25,
						6.375,
						10.375
					],
					"texture": "#1"
				},
				"east": {
					"uv": [
						10.25,
						0.25,
						10.5,
						0.375
					],
					"texture": "#1"
				},
				"south": {
					"uv": [
						6.5,
						10.25,
						6.625,
						10.375
					],
					"texture": "#1"
				},
				"west": {
					"uv": [
						10.25,
						0.5,
						10.5,
						0.625
					],
					"texture": "#1"
				},
				"up": {
					"uv": [
						1.125,
						10.5,
						1,
						10.25
					],
					"texture": "#1"
				},
				"down": {
					"uv": [
						1.625,
						10.25,
						1.5,
						10.5
					],
					"texture": "#1"
				}
			}
		},
		{
			"from": [
				7.945,
				1.645,
				14.375
			],
			"to": [
				8.055,
				1.975,
				15.475
			],
			"rotation": {
				"angle": 0,
				"axis": "y",
				"origin": [
					8,
					1.48,
					14.595
				]
			},
			"faces": {
				"north": {
					"uv": [
						10.25,
						6.5,
						10.375,
						6.625
					],
					"texture": "#1"
				},
				"east": {
					"uv": [
						1.75,
						10.25,
						2,
						10.375
					],
					"texture": "#1"
				},
				"south": {
					"uv": [
						6.75,
						10.25,
						6.875,
						10.375
					],
					"texture": "#1"
				},
				"west": {
					"uv": [
						10.25,
						1.75,
						10.5,
						1.875
					],
					"texture": "#1"
				},
				"up": {
					"uv": [
						10.375,
						2.25,
						10.25,
						2
					],
					"texture": "#1"
				},
				"down": {
					"uv": [
						2.375,
						10.25,
						2.25,
						10.5
					],
					"texture": "#1"
				}
			}
		},
		{
			"from": [
				6.985,
				1.12,
				5.31
			],
			"to": [
				9.015,
				2.86,
				11.98
			],
			"rotation": {
				"angle": 0,
				"axis": "y",
				"origin": [
					8,
					0.605,
					16.525
				]
			},
			"faces": {
				"north": {
					"uv": [
						0,
						7.5,
						0.5,
						7.875
					],
					"texture": "#1"
				},
				"east": {
					"uv": [
						3.25,
						3.25,
						4.875,
						3.625
					],
					"texture": "#1"
				},
				"south": {
					"uv": [
						0.5,
						7.5,
						1,
						7.875
					],
					"texture": "#1"
				},
				"west": {
					"uv": [
						3.75,
						0,
						5.375,
						0.375
					],
					"texture": "#1"
				},
				"up": {
					"uv": [
						1.5,
						3.625,
						1,
						2
					],
					"texture": "#1"
				},
				"down": {
					"uv": [
						2,
						2,
						1.5,
						3.625
					],
					"texture": "#1"
				}
			}
		},
		{
			"from": [
				7.185,
				1.32,
				11.91
			],
			"to": [
				8.815,
				2.86,
				12.48
			],
			"rotation": {
				"angle": 0,
				"axis": "y",
				"origin": [
					8,
					0.605,
					16.525
				]
			},
			"faces": {
				"north": {
					"uv": [
						7.75,
						3.5,
						8.125,
						3.875
					],
					"texture": "#1"
				},
				"east": {
					"uv": [
						9.25,
						8.75,
						9.375,
						9.125
					],
					"texture": "#1"
				},
				"south": {
					"uv": [
						7.75,
						4,
						8.125,
						4.375
					],
					"texture": "#1"
				},
				"west": {
					"uv": [
						9,
						9.25,
						9.125,
						9.625
					],
					"texture": "#1"
				},
				"up": {
					"uv": [
						9.625,
						9.375,
						9.25,
						9.25
					],
					"texture": "#1"
				},
				"down": {
					"uv": [
						9.875,
						0,
						9.5,
						0.125
					],
					"texture": "#1"
				}
			}
		},
		{
			"from": [
				7.04,
				1.45,
				3.605
			],
			"to": [
				8.96,
				2.86,
				5.635
			],
			"rotation": {
				"angle": 0,
				"axis": "y",
				"origin": [
					8,
					0.605,
					16.525
				]
			},
			"faces": {
				"north": {
					"uv": [
						7.5,
						0.5,
						8,
						0.875
					],
					"texture": "#1"
				},
				"east": {
					"uv": [
						7.5,
						1,
						8,
						1.375
					],
					"texture": "#1"
				},
				"south": {
					"uv": [
						1.5,
						7.5,
						2,
						7.875
					],
					"texture": "#1"
				},
				"west": {
					"uv": [
						2.25,
						7.5,
						2.75,
						7.875
					],
					"texture": "#1"
				},
				"up": {
					"uv": [
						7.5,
						5.25,
						7,
						4.75
					],
					"texture": "#1"
				},
				"down": {
					"uv": [
						5.5,
						7,
						5,
						7.5
					],
					"texture": "#1"
				}
			}
		},
		{
			"from": [
				7.175,
				3.185,
				11.3
			],
			"to": [
				8.825,
				4.285,
				11.63
			],
			"rotation": {
				"angle": 0,
				"axis": "y",
				"origin": [
					8,
					0.605,
					16.525
				]
			},
			"faces": {
				"north": {
					"uv": [
						5.5,
						3.75,
						5.875,
						4
					],
					"texture": "#1"
				},
				"east": {
					"uv": [
						10.25,
						2.25,
						10.375,
						2.5
					],
					"texture": "#1"
				},
				"south": {
					"uv": [
						6,
						4.75,
						6.375,
						5
					],
					"texture": "#1"
				},
				"west": {
					"uv": [
						2.5,
						10.25,
						2.625,
						10.5
					],
					"texture": "#1"
				},
				"up": {
					"uv": [
						9.875,
						0.375,
						9.5,
						0.25
					],
					"texture": "#1"
				},
				"down": {
					"uv": [
						9.875,
						0.5,
						9.5,
						0.625
					],
					"texture": "#1"
				}
			}
		},
		{
			"from": [
				7.285,
				5.81,
				11.04
			],
			"to": [
				8.715,
				6.275,
				14.25
			],
			"rotation": {
				"angle": 0,
				"axis": "y",
				"origin": [
					8,
					0.605,
					16.525
				]
			},
			"faces": {
				"north": {
					"uv": [
						0.75,
						9.5,
						1.125,
						9.625
					],
					"texture": "#1"
				},
				"east": {
					"uv": [
						8.75,
						4.25,
						9.5,
						4.375
					],
					"texture": "#1"
				},
				"south": {
					"uv": [
						9.5,
						0.75,
						9.875,
						0.875
					],
					"texture": "#1"
				},
				"west": {
					"uv": [
						8.75,
						4.5,
						9.5,
						4.625
					],
					"texture": "#1"
				},
				"up": {
					"uv": [
						7.375,
						0.75,
						7,
						0
					],
					"texture": "#1"
				},
				"down": {
					"uv": [
						7.375,
						3,
						7,
						3.75
					],
					"texture": "#1"
				}
			}
		},
		{
			"from": [
				7.685,
				6.11,
				11.04
			],
			"to": [
				8.315,
				6.775,
				13.45
			],
			"rotation": {
				"angle": 0,
				"axis": "y",
				"origin": [
					8,
					0.605,
					16.525
				]
			},
			"faces": {
				"north": {
					"uv": [
						10.25,
						6.75,
						10.375,
						6.875
					],
					"texture": "#1"
				},
				"east": {
					"uv": [
						9,
						3.75,
						9.625,
						3.875
					],
					"texture": "#1"
				},
				"south": {
					"uv": [
						7,
						10.25,
						7.125,
						10.375
					],
					"texture": "#1"
				},
				"west": {
					"uv": [
						9,
						4,
						9.625,
						4.125
					],
					"texture": "#1"
				},
				"up": {
					"uv": [
						9.125,
						5.625,
						9,
						5
					],
					"texture": "#1"
				},
				"down": {
					"uv": [
						5.375,
						9,
						5.25,
						9.625
					],
					"texture": "#1"
				}
			}
		},
		{
			"from": [
				7.175,
				3.41,
				12.35
			],
			"to": [
				8.825,
				5.935,
				14.53
			],
			"rotation": {
				"angle": 0,
				"axis": "y",
				"origin": [
					8,
					0.605,
					16.525
				]
			},
			"faces": {
				"north": {
					"uv": [
						7.25,
						1.75,
						7.625,
						2.375
					],
					"texture": "#1"
				},
				"east": {
					"uv": [
						1.5,
						6.75,
						2,
						7.375
					],
					"texture": "#1"
				},
				"south": {
					"uv": [
						4.5,
						7.25,
						4.875,
						7.875
					],
					"texture": "#1"
				},
				"west": {
					"uv": [
						6.75,
						1.5,
						7.25,
						2.125
					],
					"texture": "#1"
				},
				"up": {
					"uv": [
						3.125,
						8,
						2.75,
						7.5
					],
					"texture": "#1"
				},
				"down": {
					"uv": [
						7.875,
						3,
						7.5,
						3.5
					],
					"texture": "#1"
				}
			}
		},
		{
			"from": [
				6.725,
				3.41,
				12.35
			],
			"to": [
				9.275,
				5.96,
				13.13
			],
			"rotation": {
				"angle": 0,
				"axis": "y",
				"origin": [
					8,
					0.605,
					16.525
				]
			},
			"faces": {
				"north": {
					"uv": [
						1.5,
						6,
						2.125,
						6.625
					],
					"texture": "#1"
				},
				"east": {
					"uv": [
						6.5,
						7.5,
						6.75,
						8.125
					],
					"texture": "#1"
				},
				"south": {
					"uv": [
						6,
						1.5,
						6.625,
						2.125
					],
					"texture": "#1"
				},
				"west": {
					"uv": [
						7.5,
						6.5,
						7.75,
						7.125
					],
					"texture": "#1"
				},
				"up": {
					"uv": [
						5.875,
						2.75,
						5.25,
						2.5
					],
					"texture": "#1"
				},
				"down": {
					"uv": [
						8.125,
						1.5,
						7.5,
						1.75
					],
					"texture": "#1"
				}
			}
		},
		{
			"from": [
				7.395,
				2.455,
				2.5
			],
			"to": [
				8.605,
				3.665,
				11.3
			],
			"rotation": {
				"angle": 0,
				"axis": "y",
				"origin": [
					8,
					0.605,
					16.525
				]
			},
			"faces": {
				"north": {
					"uv": [
						3,
						8,
						3.25,
						8.25
					],
					"texture": "#1"
				},
				"east": {
					"uv": [
						3,
						2.5,
						5.25,
						2.75
					],
					"texture": "#1"
				},
				"south": {
					"uv": [
						3.5,
						8,
						3.75,
						8.25
					],
					"texture": "#1"
				},
				"west": {
					"uv": [
						3.75,
						0.5,
						6,
						0.75
					],
					"texture": "#1"
				},
				"up": {
					"uv": [
						1.25,
						6,
						1,
						3.75
					],
					"texture": "#1"
				},
				"down": {
					"uv": [
						1.5,
						3.75,
						1.25,
						6
					],
					"texture": "#1"
				}
			}
		},
		{
			"from": [
				7.375,
				2.435,
				1.975
			],
			"to": [
				8.625,
				3.685,
				2.525
			],
			"rotation": {
				"angle": 0,
				"axis": "y",
				"origin": [
					8,
					0.605,
					16.525
				]
			},
			"faces": {
				"north": {
					"uv": [
						7.75,
						4.5,
						8.125,
						4.875
					],
					"texture": "#1"
				},
				"east": {
					"uv": [
						1.25,
						9.5,
						1.375,
						9.875
					],
					"texture": "#1"
				},
				"south": {
					"uv": [
						7.75,
						6.5,
						8.125,
						6.875
					],
					"texture": "#1"
				},
				"west": {
					"uv": [
						1.5,
						9.5,
						1.625,
						9.875
					],
					"texture": "#1"
				},
				"up": {
					"uv": [
						9.875,
						1.125,
						9.5,
						1
					],
					"texture": "#1"
				},
				"down": {
					"uv": [
						2.125,
						9.5,
						1.75,
						9.625
					],
					"texture": "#1"
				}
			}
		},
		{
			"from": [
				7.395,
				5.755,
				2.5
			],
			"to": [
				8.605,
				6.965,
				11.3
			],
			"rotation": {
				"angle": 0,
				"axis": "y",
				"origin": [
					8,
					0.605,
					16.525
				]
			},
			"faces": {
				"north": {
					"uv": [
						9,
						7.5,
						9.25,
						7.75
					],
					"texture": "#1"
				},
				"east": {
					"uv": [
						3.75,
						0.75,
						6,
						1
					],
					"texture": "#1"
				},
				"south": {
					"uv": [
						7.75,
						9,
						8,
						9.25
					],
					"texture": "#1"
				},
				"west": {
					"uv": [
						3.75,
						1.5,
						6,
						1.75
					],
					"texture": "#1"
				},
				"up": {
					"uv": [
						1.75,
						6,
						1.5,
						3.75
					],
					"texture": "#1"
				},
				"down": {
					"uv": [
						2,
						3.75,
						1.75,
						6
					],
					"texture": "#1"
				}
			}
		},
		{
			"from": [
				7.375,
				5.735,
				1.975
			],
			"to": [
				8.625,
				6.985,
				2.525
			],
			"rotation": {
				"angle": 0,
				"axis": "y",
				"origin": [
					8,
					0.605,
					16.525
				]
			},
			"faces": {
				"north": {
					"uv": [
						7.75,
						7,
						8.125,
						7.375
					],
					"texture": "#1"
				},
				"east": {
					"uv": [
						2.25,
						9.5,
						2.375,
						9.875
					],
					"texture": "#1"
				},
				"south": {
					"uv": [
						7.75,
						7.5,
						8.125,
						7.875
					],
					"texture": "#1"
				},
				"west": {
					"uv": [
						2.5,
						9.5,
						2.625,
						9.875
					],
					"texture": "#1"
				},
				"up": {
					"uv": [
						9.875,
						2.625,
						9.5,
						2.5
					],
					"texture": "#1"
				},
				"down": {
					"uv": [
						3.125,
						9.5,
						2.75,
						9.625
					],
					"texture": "#1"
				}
			}
		},
		{
			"from": [
				7.275,
				3.985,
				1.625
			],
			"to": [
				8.725,
				5.435,
				2.225
			],
			"rotation": {
				"angle": 0,
				"axis": "y",
				"origin": [
					8,
					0.605,
					16.525
				]
			},
			"faces": {
				"north": {
					"uv": [
						0,
						8,
						0.375,
						8.375
					],
					"texture": "#1"
				},
				"east": {
					"uv": [
						9.5,
						2.75,
						9.625,
						3.125
					],
					"texture": "#1"
				},
				"south": {
					"uv": [
						0.5,
						8,
						0.875,
						8.375
					],
					"texture": "#1"
				},
				"west": {
					"uv": [
						9.5,
						3.25,
						9.625,
						3.625
					],
					"texture": "#1"
				},
				"up": {
					"uv": [
						4.125,
						9.625,
						3.75,
						9.5
					],
					"texture": "#1"
				},
				"down": {
					"uv": [
						9.875,
						4.25,
						9.5,
						4.375
					],
					"texture": "#1"
				}
			}
		},
		{
			"from": [
				7.295,
				4.005,
				2.175
			],
			"to": [
				8.705,
				5.415,
				10.975
			],
			"rotation": {
				"angle": 0,
				"axis": "y",
				"origin": [
					8,
					0.605,
					16.525
				]
			},
			"faces": {
				"north": {
					"uv": [
						8,
						0.5,
						8.375,
						0.875
					],
					"texture": "#1"
				},
				"east": {
					"uv": [
						0,
						1,
						2.25,
						1.375
					],
					"texture": "#1"
				},
				"south": {
					"uv": [
						8,
						1,
						8.375,
						1.375
					],
					"texture": "#1"
				},
				"west": {
					"uv": [
						0,
						1.5,
						2.25,
						1.875
					],
					"texture": "#1"
				},
				"up": {
					"uv": [
						0.375,
						4.25,
						0,
						2
					],
					"texture": "#1"
				},
				"down": {
					"uv": [
						0.875,
						2,
						0.5,
						4.25
					],
					"texture": "#1"
				}
			}
		},
		{
			"from": [
				7.795,
				3.605,
				3.375
			],
			"to": [
				8.205,
				5.815,
				9.775
			],
			"rotation": {
				"angle": 0,
				"axis": "y",
				"origin": [
					8,
					0.605,
					16.525
				]
			},
			"faces": {
				"north": {
					"uv": [
						9,
						7.75,
						9.125,
						8.25
					],
					"texture": "#1"
				},
				"east": {
					"uv": [
						2,
						0,
						3.625,
						0.5
					],
					"texture": "#1"
				},
				"south": {
					"uv": [
						8.25,
						9,
						8.375,
						9.5
					],
					"texture": "#1"
				},
				"west": {
					"uv": [
						2,
						0.5,
						3.625,
						1
					],
					"texture": "#1"
				},
				"up": {
					"uv": [
						7.125,
						8.875,
						7,
						7.25
					],
					"texture": "#1"
				},
				"down": {
					"uv": [
						7.375,
						7.25,
						7.25,
						8.875
					],
					"texture": "#1"
				}
			}
		},
		{
			"from": [
				6.895,
				4.505,
				3.375
			],
			"to": [
				9.105,
				4.915,
				9.775
			],
			"rotation": {
				"angle": 0,
				"axis": "y",
				"origin": [
					8,
					0.605,
					16.525
				]
			},
			"faces": {
				"north": {
					"uv": [
						9,
						8.25,
						9.5,
						8.375
					],
					"texture": "#1"
				},
				"east": {
					"uv": [
						7.25,
						2.5,
						8.875,
						2.625
					],
					"texture": "#1"
				},
				"south": {
					"uv": [
						9,
						8.5,
						9.5,
						8.625
					],
					"texture": "#1"
				},
				"west": {
					"uv": [
						7.25,
						2.75,
						8.875,
						2.875
					],
					"texture": "#1"
				},
				"up": {
					"uv": [
						2.5,
						3.625,
						2,
						2
					],
					"texture": "#1"
				},
				"down": {
					"uv": [
						3,
						1,
						2.5,
						2.625
					],
					"texture": "#1"
				}
			}
		},
		{
			"from": [
				5.85,
				4.06,
				1.975
			],
			"to": [
				7.1,
				5.335,
				2.525
			],
			"rotation": {
				"angle": 0,
				"axis": "y",
				"origin": [
					8,
					0.605,
					16.525
				]
			},
			"faces": {
				"north": {
					"uv": [
						1.5,
						8,
						1.875,
						8.375
					],
					"texture": "#1"
				},
				"east": {
					"uv": [
						4.25,
						9.5,
						4.375,
						9.875
					],
					"texture": "#1"
				},
				"south": {
					"uv": [
						2,
						8,
						2.375,
						8.375
					],
					"texture": "#1"
				},
				"west": {
					"uv": [
						9.5,
						4.5,
						9.625,
						4.875
					],
					"texture": "#1"
				},
				"up": {
					"uv": [
						9.875,
						5.125,
						9.5,
						5
					],
					"texture": "#1"
				},
				"down": {
					"uv": [
						5.875,
						9.5,
						5.5,
						9.625
					],
					"texture": "#1"
				}
			}
		},
		{
			"from": [
				5.87,
				4.105,
				2.5
			],
			"to": [
				7.08,
				5.315,
				11.3
			],
			"rotation": {
				"angle": 0,
				"axis": "y",
				"origin": [
					8,
					0.605,
					16.525
				]
			},
			"faces": {
				"north": {
					"uv": [
						9,
						8.75,
						9.25,
						9
					],
					"texture": "#1"
				},
				"east": {
					"uv": [
						3.75,
						1.75,
						6,
						2
					],
					"texture": "#1"
				},
				"south": {
					"uv": [
						9,
						9,
						9.25,
						9.25
					],
					"texture": "#1"
				},
				"west": {
					"uv": [
						3.75,
						2,
						6,
						2.25
					],
					"texture": "#1"
				},
				"up": {
					"uv": [
						2.25,
						6,
						2,
						3.75
					],
					"texture": "#1"
				},
				"down": {
					"uv": [
						2.5,
						3.75,
						2.25,
						6
					],
					"texture": "#1"
				}
			}
		},
		{
			"from": [
				6.145,
				5.355,
				2.5
			],
			"to": [
				7.355,
				6.565,
				11.3
			],
			"rotation": {
				"angle": 0,
				"axis": "y",
				"origin": [
					8,
					0.605,
					16.525
				]
			},
			"faces": {
				"north": {
					"uv": [
						9.25,
						0,
						9.5,
						0.25
					],
					"texture": "#1"
				},
				"east": {
					"uv": [
						3.75,
						2.25,
						6,
						2.5
					],
					"texture": "#1"
				},
				"south": {
					"uv": [
						9.25,
						0.25,
						9.5,
						0.5
					],
					"texture": "#1"
				},
				"west": {
					"uv": [
						3.25,
						3.75,
						5.5,
						4
					],
					"texture": "#1"
				},
				"up": {
					"uv": [
						3.5,
						6.25,
						3.25,
						4
					],
					"texture": "#1"
				},
				"down": {
					"uv": [
						3.75,
						4,
						3.5,
						6.25
					],
					"texture": "#1"
				}
			}
		},
		{
			"from": [
				6.125,
				5.335,
				1.975
			],
			"to": [
				7.375,
				6.635,
				2.525
			],
			"rotation": {
				"angle": 0,
				"axis": "y",
				"origin": [
					8,
					0.605,
					16.525
				]
			},
			"faces": {
				"north": {
					"uv": [
						2.5,
						8,
						2.875,
						8.375
					],
					"texture": "#1"
				},
				"east": {
					"uv": [
						9.5,
						5.5,
						9.625,
						5.875
					],
					"texture": "#1"
				},
				"south": {
					"uv": [
						8,
						3,
						8.375,
						3.375
					],
					"texture": "#1"
				},
				"west": {
					"uv": [
						6,
						9.5,
						6.125,
						9.875
					],
					"texture": "#1"
				},
				"up": {
					"uv": [
						6.625,
						9.625,
						6.25,
						9.5
					],
					"texture": "#1"
				},
				"down": {
					"uv": [
						9.875,
						6.25,
						9.5,
						6.375
					],
					"texture": "#1"
				}
			}
		},
		{
			"from": [
				8.945,
				4.105,
				2.5
			],
			"to": [
				10.155,
				5.315,
				11.3
			],
			"rotation": {
				"angle": 0,
				"axis": "y",
				"origin": [
					8,
					0.605,
					16.525
				]
			},
			"faces": {
				"north": {
					"uv": [
						9.25,
						0.5,
						9.5,
						0.75
					],
					"texture": "#1"
				},
				"east": {
					"uv": [
						3.75,
						4,
						6,
						4.25
					],
					"texture": "#1"
				},
				"south": {
					"uv": [
						9.25,
						0.75,
						9.5,
						1
					],
					"texture": "#1"
				},
				"west": {
					"uv": [
						3.75,
						4.25,
						6,
						4.5
					],
					"texture": "#1"
				},
				"up": {
					"uv": [
						0.25,
						6.5,
						0,
						4.25
					],
					"texture": "#1"
				},
				"down": {
					"uv": [
						0.5,
						4.25,
						0.25,
						6.5
					],
					"texture": "#1"
				}
			}
		},
		{
			"from": [
				8.925,
				4.06,
				1.975
			],
			"to": [
				10.175,
				5.335,
				2.525
			],
			"rotation": {
				"angle": 0,
				"axis": "y",
				"origin": [
					8,
					0.605,
					16.525
				]
			},
			"faces": {
				"north": {
					"uv": [
						4.5,
						8,
						4.875,
						8.375
					],
					"texture": "#1"
				},
				"east": {
					"uv": [
						9.5,
						6.5,
						9.625,
						6.875
					],
					"texture": "#1"
				},
				"south": {
					"uv": [
						5,
						8,
						5.375,
						8.375
					],
					"texture": "#1"
				},
				"west": {
					"uv": [
						6.75,
						9.5,
						6.875,
						9.875
					],
					"texture": "#1"
				},
				"up": {
					"uv": [
						9.875,
						7.125,
						9.5,
						7
					],
					"texture": "#1"
				},
				"down": {
					"uv": [
						9.875,
						7.25,
						9.5,
						7.375
					],
					"texture": "#1"
				}
			}
		},
		{
			"from": [
				8.625,
				5.335,
				1.975
			],
			"to": [
				9.875,
				6.635,
				2.525
			],
			"rotation": {
				"angle": 0,
				"axis": "y",
				"origin": [
					8,
					0.605,
					16.525
				]
			},
			"faces": {
				"north": {
					"uv": [
						8,
						5,
						8.375,
						5.375
					],
					"texture": "#1"
				},
				"east": {
					"uv": [
						7.5,
						9.5,
						7.625,
						9.875
					],
					"texture": "#1"
				},
				"south": {
					"uv": [
						5.5,
						8,
						5.875,
						8.375
					],
					"texture": "#1"
				},
				"west": {
					"uv": [
						9.5,
						7.5,
						9.625,
						7.875
					],
					"texture": "#1"
				},
				"up": {
					"uv": [
						9.875,
						8.375,
						9.5,
						8.25
					],
					"texture": "#1"
				},
				"down": {
					"uv": [
						9.875,
						8.5,
						9.5,
						8.625
					],
					"texture": "#1"
				}
			}
		},
		{
			"from": [
				8.625,
				2.76,
				1.975
			],
			"to": [
				9.875,
				4.06,
				2.525
			],
			"rotation": {
				"angle": 0,
				"axis": "y",
				"origin": [
					8,
					0.605,
					16.525
				]
			},
			"faces": {
				"north": {
					"uv": [
						8,
						5.5,
						8.375,
						5.875
					],
					"texture": "#1"
				},
				"east": {
					"uv": [
						8.25,
						9.5,
						8.375,
						9.875
					],
					"texture": "#1"
				},
				"south": {
					"uv": [
						6,
						8,
						6.375,
						8.375
					],
					"texture": "#1"
				},
				"west": {
					"uv": [
						8.75,
						9.5,
						8.875,
						9.875
					],
					"texture": "#1"
				},
				"up": {
					"uv": [
						9.875,
						8.875,
						9.5,
						8.75
					],
					"texture": "#1"
				},
				"down": {
					"uv": [
						9.875,
						9,
						9.5,
						9.125
					],
					"texture": "#1"
				}
			}
		},
		{
			"from": [
				8.645,
				5.355,
				2.5
			],
			"to": [
				9.855,
				6.565,
				11.3
			],
			"rotation": {
				"angle": 0,
				"axis": "y",
				"origin": [
					8,
					0.605,
					16.525
				]
			},
			"faces": {
				"north": {
					"uv": [
						1,
						9.25,
						1.25,
						9.5
					],
					"texture": "#1"
				},
				"east": {
					"uv": [
						4.5,
						2.75,
						6.75,
						3
					],
					"texture": "#1"
				},
				"south": {
					"uv": [
						9.25,
						1,
						9.5,
						1.25
					],
					"texture": "#1"
				},
				"west": {
					"uv": [
						4.5,
						3,
						6.75,
						3.25
					],
					"texture": "#1"
				},
				"up": {
					"uv": [
						0.75,
						6.5,
						0.5,
						4.25
					],
					"texture": "#1"
				},
				"down": {
					"uv": [
						1,
						4.25,
						0.75,
						6.5
					],
					"texture": "#1"
				}
			}
		},
		{
			"from": [
				6.125,
				2.76,
				1.975
			],
			"to": [
				7.375,
				4.06,
				2.525
			],
			"rotation": {
				"angle": 0,
				"axis": "y",
				"origin": [
					8,
					0.605,
					16.525
				]
			},
			"faces": {
				"north": {
					"uv": [
						8,
						6,
						8.375,
						6.375
					],
					"texture": "#1"
				},
				"east": {
					"uv": [
						9.25,
						9.5,
						9.375,
						9.875
					],
					"texture": "#1"
				},
				"south": {
					"uv": [
						7.5,
						8,
						7.875,
						8.375
					],
					"texture": "#1"
				},
				"west": {
					"uv": [
						9.5,
						9.5,
						9.625,
						9.875
					],
					"texture": "#1"
				},
				"up": {
					"uv": [
						0.375,
						9.875,
						0,
						9.75
					],
					"texture": "#1"
				},
				"down": {
					"uv": [
						0.875,
						9.75,
						0.5,
						9.875
					],
					"texture": "#1"
				}
			}
		},
		{
			"from": [
				8.525,
				5.435,
				5.875
			],
			"to": [
				9.975,
				6.685,
				6.425
			],
			"rotation": {
				"angle": 0,
				"axis": "y",
				"origin": [
					8,
					0.605,
					16.525
				]
			},
			"faces": {
				"north": {
					"uv": [
						8,
						8,
						8.375,
						8.375
					],
					"texture": "#1"
				},
				"east": {
					"uv": [
						1,
						9.75,
						1.125,
						10.125
					],
					"texture": "#1"
				},
				"south": {
					"uv": [
						1,
						8.25,
						1.375,
						8.625
					],
					"texture": "#1"
				},
				"west": {
					"uv": [
						9.75,
						1.25,
						9.875,
						1.625
					],
					"texture": "#1"
				},
				"up": {
					"uv": [
						2.125,
						9.875,
						1.75,
						9.75
					],
					"texture": "#1"
				},
				"down": {
					"uv": [
						10.125,
						1.75,
						9.75,
						1.875
					],
					"texture": "#1"
				}
			}
		},
		{
			"from": [
				8.825,
				3.985,
				5.875
			],
			"to": [
				10.275,
				5.435,
				6.425
			],
			"rotation": {
				"angle": 0,
				"axis": "y",
				"origin": [
					8,
					0.605,
					16.525
				]
			},
			"faces": {
				"north": {
					"uv": [
						8.25,
						1.5,
						8.625,
						1.875
					],
					"texture": "#1"
				},
				"east": {
					"uv": [
						9.75,
						2,
						9.875,
						2.375
					],
					"texture": "#1"
				},
				"south": {
					"uv": [
						8.25,
						2,
						8.625,
						2.375
					],
					"texture": "#1"
				},
				"west": {
					"uv": [
						2.75,
						9.75,
						2.875,
						10.125
					],
					"texture": "#1"
				},
				"up": {
					"uv": [
						10.125,
						2.875,
						9.75,
						2.75
					],
					"texture": "#1"
				},
				"down": {
					"uv": [
						3.375,
						9.75,
						3,
						9.875
					],
					"texture": "#1"
				}
			}
		},
		{
			"from": [
				8.525,
				2.735,
				5.875
			],
			"to": [
				9.975,
				3.985,
				6.425
			],
			"rotation": {
				"angle": 0,
				"axis": "y",
				"origin": [
					8,
					0.605,
					16.525
				]
			},
			"faces": {
				"north": {
					"uv": [
						3,
						8.25,
						3.375,
						8.625
					],
					"texture": "#1"
				},
				"east": {
					"uv": [
						9.75,
						3,
						9.875,
						3.375
					],
					"texture": "#1"
				},
				"south": {
					"uv": [
						3.5,
						8.25,
						3.875,
						8.625
					],
					"texture": "#1"
				},
				"west": {
					"uv": [
						3.5,
						9.75,
						3.625,
						10.125
					],
					"texture": "#1"
				},
				"up": {
					"uv": [
						10.125,
						3.625,
						9.75,
						3.5
					],
					"texture": "#1"
				},
				"down": {
					"uv": [
						4.125,
						9.75,
						3.75,
						9.875
					],
					"texture": "#1"
				}
			}
		},
		{
			"from": [
				7.275,
				2.335,
				5.8
			],
			"to": [
				8.725,
				3.785,
				6.35
			],
			"rotation": {
				"angle": 0,
				"axis": "y",
				"origin": [
					8,
					0.605,
					16.525
				]
			},
			"faces": {
				"north": {
					"uv": [
						8.25,
						3.5,
						8.625,
						3.875
					],
					"texture": "#1"
				},
				"east": {
					"uv": [
						9.75,
						3.75,
						9.875,
						4.125
					],
					"texture": "#1"
				},
				"south": {
					"uv": [
						4,
						8.25,
						4.375,
						8.625
					],
					"texture": "#1"
				},
				"west": {
					"uv": [
						4.5,
						9.75,
						4.625,
						10.125
					],
					"texture": "#1"
				},
				"up": {
					"uv": [
						10.125,
						4.625,
						9.75,
						4.5
					],
					"texture": "#1"
				},
				"down": {
					"uv": [
						5.125,
						9.75,
						4.75,
						9.875
					],
					"texture": "#1"
				}
			}
		},
		{
			"from": [
				6.025,
				2.735,
				5.875
			],
			"to": [
				7.475,
				3.985,
				6.425
			],
			"rotation": {
				"angle": 0,
				"axis": "y",
				"origin": [
					8,
					0.605,
					16.525
				]
			},
			"faces": {
				"north": {
					"uv": [
						8.25,
						4,
						8.625,
						4.375
					],
					"texture": "#1"
				},
				"east": {
					"uv": [
						5.25,
						9.75,
						5.375,
						10.125
					],
					"texture": "#1"
				},
				"south": {
					"uv": [
						8.25,
						4.5,
						8.625,
						4.875
					],
					"texture": "#1"
				},
				"west": {
					"uv": [
						9.75,
						5.25,
						9.875,
						5.625
					],
					"texture": "#1"
				},
				"up": {
					"uv": [
						10.125,
						4.875,
						9.75,
						4.75
					],
					"texture": "#1"
				},
				"down": {
					"uv": [
						5.875,
						9.75,
						5.5,
						9.875
					],
					"texture": "#1"
				}
			}
		},
		{
			"from": [
				6.025,
				5.435,
				5.875
			],
			"to": [
				7.475,
				6.685,
				6.425
			],
			"rotation": {
				"angle": 0,
				"axis": "y",
				"origin": [
					8,
					0.605,
					16.525
				]
			},
			"faces": {
				"north": {
					"uv": [
						6.5,
						8.25,
						6.875,
						8.625
					],
					"texture": "#1"
				},
				"east": {
					"uv": [
						9.75,
						5.75,
						9.875,
						6.125
					],
					"texture": "#1"
				},
				"south": {
					"uv": [
						8.25,
						6.5,
						8.625,
						6.875
					],
					"texture": "#1"
				},
				"west": {
					"uv": [
						6.25,
						9.75,
						6.375,
						10.125
					],
					"texture": "#1"
				},
				"up": {
					"uv": [
						10.125,
						6.625,
						9.75,
						6.5
					],
					"texture": "#1"
				},
				"down": {
					"uv": [
						10.125,
						6.75,
						9.75,
						6.875
					],
					"texture": "#1"
				}
			}
		},
		{
			"from": [
				7.275,
				6.685,
				5.875
			],
			"to": [
				8.725,
				7.085,
				6.425
			],
			"rotation": {
				"angle": 0,
				"axis": "y",
				"origin": [
					8,
					0.605,
					16.525
				]
			},
			"faces": {
				"north": {
					"uv": [
						7,
						9.75,
						7.375,
						9.875
					],
					"texture": "#1"
				},
				"east": {
					"uv": [
						10.25,
						7,
						10.375,
						7.125
					],
					"texture": "#1"
				},
				"south": {
					"uv": [
						9.75,
						7.5,
						10.125,
						7.625
					],
					"texture": "#1"
				},
				"west": {
					"uv": [
						10.25,
						7.25,
						10.375,
						7.375
					],
					"texture": "#1"
				},
				"up": {
					"uv": [
						8.125,
						9.875,
						7.75,
						9.75
					],
					"texture": "#1"
				},
				"down": {
					"uv": [
						10.125,
						7.75,
						9.75,
						7.875
					],
					"texture": "#1"
				}
			}
		},
		{
			"from": [
				5.75,
				3.985,
				5.875
			],
			"to": [
				7.2,
				5.435,
				6.425
			],
			"rotation": {
				"angle": 0,
				"axis": "y",
				"origin": [
					8,
					0.605,
					16.525
				]
			},
			"faces": {
				"north": {
					"uv": [
						8.25,
						7,
						8.625,
						7.375
					],
					"texture": "#1"
				},
				"east": {
					"uv": [
						6.5,
						9.75,
						6.625,
						10.125
					],
					"texture": "#1"
				},
				"south": {
					"uv": [
						8.25,
						7.5,
						8.625,
						7.875
					],
					"texture": "#1"
				},
				"west": {
					"uv": [
						8.5,
						9.75,
						8.625,
						10.125
					],
					"texture": "#1"
				},
				"up": {
					"uv": [
						10.125,
						8.125,
						9.75,
						8
					],
					"texture": "#1"
				},
				"down": {
					"uv": [
						10.125,
						9.25,
						9.75,
						9.375
					],
					"texture": "#1"
				}
			}
		},
		{
			"from": [
				8.525,
				5.435,
				11
			],
			"to": [
				9.975,
				6.685,
				11.725
			],
			"rotation": {
				"angle": 0,
				"axis": "y",
				"origin": [
					8,
					0.605,
					16.525
				]
			},
			"faces": {
				"north": {
					"uv": [
						0,
						8.5,
						0.375,
						8.875
					],
					"texture": "#1"
				},
				"east": {
					"uv": [
						9,
						9.75,
						9.125,
						10.125
					],
					"texture": "#1"
				},
				"south": {
					"uv": [
						0.5,
						8.5,
						0.875,
						8.875
					],
					"texture": "#1"
				},
				"west": {
					"uv": [
						9.75,
						9.5,
						9.875,
						9.875
					],
					"texture": "#1"
				},
				"up": {
					"uv": [
						0.375,
						10.125,
						0,
						10
					],
					"texture": "#1"
				},
				"down": {
					"uv": [
						10.375,
						0,
						10,
						0.125
					],
					"texture": "#1"
				}
			}
		},
		{
			"from": [
				8.825,
				3.985,
				11
			],
			"to": [
				10.275,
				5.435,
				11.725
			],
			"rotation": {
				"angle": 0,
				"axis": "y",
				"origin": [
					8,
					0.605,
					16.525
				]
			},
			"faces": {
				"north": {
					"uv": [
						8.5,
						0.5,
						8.875,
						0.875
					],
					"texture": "#1"
				},
				"east": {
					"uv": [
						10,
						0.25,
						10.125,
						0.625
					],
					"texture": "#1"
				},
				"south": {
					"uv": [
						8.5,
						1,
						8.875,
						1.375
					],
					"texture": "#1"
				},
				"west": {
					"uv": [
						0.5,
						10,
						0.625,
						10.375
					],
					"texture": "#1"
				},
				"up": {
					"uv": [
						10.375,
						0.875,
						10,
						0.75
					],
					"texture": "#1"
				},
				"down": {
					"uv": [
						10.375,
						1,
						10,
						1.125
					],
					"texture": "#1"
				}
			}
		},
		{
			"from": [
				8.525,
				2.735,
				11
			],
			"to": [
				9.975,
				3.985,
				11.725
			],
			"rotation": {
				"angle": 0,
				"axis": "y",
				"origin": [
					8,
					0.605,
					16.525
				]
			},
			"faces": {
				"north": {
					"uv": [
						1.5,
						8.5,
						1.875,
						8.875
					],
					"texture": "#1"
				},
				"east": {
					"uv": [
						0.75,
						10,
						0.875,
						10.375
					],
					"texture": "#1"
				},
				"south": {
					"uv": [
						2,
						8.5,
						2.375,
						8.875
					],
					"texture": "#1"
				},
				"west": {
					"uv": [
						1.25,
						10,
						1.375,
						10.375
					],
					"texture": "#1"
				},
				"up": {
					"uv": [
						10.375,
						1.375,
						10,
						1.25
					],
					"texture": "#1"
				},
				"down": {
					"uv": [
						1.875,
						10,
						1.5,
						10.125
					],
					"texture": "#1"
				}
			}
		},
		{
			"from": [
				7.275,
				2.335,
				11
			],
			"to": [
				8.725,
				3.785,
				11.725
			],
			"rotation": {
				"angle": 0,
				"axis": "y",
				"origin": [
					8,
					0.605,
					16.525
				]
			},
			"faces": {
				"north": {
					"uv": [
						2.5,
						8.5,
						2.875,
						8.875
					],
					"texture": "#1"
				},
				"east": {
					"uv": [
						2,
						10,
						2.125,
						10.375
					],
					"texture": "#1"
				},
				"south": {
					"uv": [
						8.5,
						3,
						8.875,
						3.375
					],
					"texture": "#1"
				},
				"west": {
					"uv": [
						10,
						2,
						10.125,
						2.375
					],
					"texture": "#1"
				},
				"up": {
					"uv": [
						10.375,
						1.625,
						10,
						1.5
					],
					"texture": "#1"
				},
				"down": {
					"uv": [
						2.625,
						10,
						2.25,
						10.125
					],
					"texture": "#1"
				}
			}
		},
		{
			"from": [
				6.9,
				1.035,
				11
			],
			"to": [
				9.1,
				3.785,
				11.725
			],
			"rotation": {
				"angle": 0,
				"axis": "y",
				"origin": [
					8,
					0.605,
					16.525
				]
			},
			"faces": {
				"north": {
					"uv": [
						6,
						3.25,
						6.5,
						4
					],
					"texture": "#1"
				},
				"east": {
					"uv": [
						4,
						8.75,
						4.125,
						9.5
					],
					"texture": "#1"
				},
				"south": {
					"uv": [
						6,
						4,
						6.5,
						4.75
					],
					"texture": "#1"
				},
				"west": {
					"uv": [
						4.25,
						8.75,
						4.375,
						9.5
					],
					"texture": "#1"
				},
				"up": {
					"uv": [
						9.75,
						1.625,
						9.25,
						1.5
					],
					"texture": "#1"
				},
				"down": {
					"uv": [
						9.75,
						1.75,
						9.25,
						1.875
					],
					"texture": "#1"
				}
			}
		},
		{
			"from": [
				6.9,
				1.035,
				5.775
			],
			"to": [
				9.1,
				3.785,
				6.5
			],
			"rotation": {
				"angle": 0,
				"axis": "y",
				"origin": [
					8,
					0.605,
					16.525
				]
			},
			"faces": {
				"north": {
					"uv": [
						6,
						5.5,
						6.5,
						6.25
					],
					"texture": "#1"
				},
				"east": {
					"uv": [
						6.5,
						8.75,
						6.625,
						9.5
					],
					"texture": "#1"
				},
				"south": {
					"uv": [
						3.25,
						6.25,
						3.75,
						7
					],
					"texture": "#1"
				},
				"west": {
					"uv": [
						8.75,
						6.5,
						8.875,
						7.25
					],
					"texture": "#1"
				},
				"up": {
					"uv": [
						9.75,
						2.125,
						9.25,
						2
					],
					"texture": "#1"
				},
				"down": {
					"uv": [
						9.75,
						2.25,
						9.25,
						2.375
					],
					"texture": "#1"
				}
			}
		},
		{
			"from": [
				6.025,
				2.735,
				11
			],
			"to": [
				7.475,
				3.985,
				11.725
			],
			"rotation": {
				"angle": 0,
				"axis": "y",
				"origin": [
					8,
					0.605,
					16.525
				]
			},
			"faces": {
				"north": {
					"uv": [
						4.5,
						8.5,
						4.875,
						8.875
					],
					"texture": "#1"
				},
				"east": {
					"uv": [
						3,
						10,
						3.125,
						10.375
					],
					"texture": "#1"
				},
				"south": {
					"uv": [
						5,
						8.5,
						5.375,
						8.875
					],
					"texture": "#1"
				},
				"west": {
					"uv": [
						10,
						3,
						10.125,
						3.375
					],
					"texture": "#1"
				},
				"up": {
					"uv": [
						10.375,
						2.625,
						10,
						2.5
					],
					"texture": "#1"
				},
				"down": {
					"uv": [
						4.125,
						10,
						3.75,
						10.125
					],
					"texture": "#1"
				}
			}
		},
		{
			"from": [
				5.75,
				3.985,
				11
			],
			"to": [
				7.2,
				5.435,
				11.725
			],
			"rotation": {
				"angle": 0,
				"axis": "y",
				"origin": [
					8,
					0.605,
					16.525
				]
			},
			"faces": {
				"north": {
					"uv": [
						8.5,
						5,
						8.875,
						5.375
					],
					"texture": "#1"
				},
				"east": {
					"uv": [
						3.25,
						10,
						3.375,
						10.375
					],
					"texture": "#1"
				},
				"south": {
					"uv": [
						5.5,
						8.5,
						5.875,
						8.875
					],
					"texture": "#1"
				},
				"west": {
					"uv": [
						10,
						3.75,
						10.125,
						4.125
					],
					"texture": "#1"
				},
				"up": {
					"uv": [
						10.375,
						4.375,
						10,
						4.25
					],
					"texture": "#1"
				},
				"down": {
					"uv": [
						5.125,
						10,
						4.75,
						10.125
					],
					"texture": "#1"
				}
			}
		},
		{
			"from": [
				6.25,
				3.185,
				11.7
			],
			"to": [
				6.65,
				6.235,
				12.275
			],
			"rotation": {
				"angle": 0,
				"axis": "y",
				"origin": [
					8,
					0.605,
					16.525
				]
			},
			"faces": {
				"north": {
					"uv": [
						6.75,
						8.75,
						6.875,
						9.5
					],
					"texture": "#1"
				},
				"east": {
					"uv": [
						8.75,
						7.25,
						8.875,
						8
					],
					"texture": "#1"
				},
				"south": {
					"uv": [
						8.75,
						8,
						8.875,
						8.75
					],
					"texture": "#1"
				},
				"west": {
					"uv": [
						8.75,
						8.75,
						8.875,
						9.5
					],
					"texture": "#1"
				},
				"up": {
					"uv": [
						10.375,
						7.625,
						10.25,
						7.5
					],
					"texture": "#1"
				},
				"down": {
					"uv": [
						10.375,
						7.75,
						10.25,
						7.875
					],
					"texture": "#1"
				}
			}
		},
		{
			"from": [
				9.325,
				3.185,
				11.7
			],
			"to": [
				9.725,
				6.235,
				12.275
			],
			"rotation": {
				"angle": 0,
				"axis": "y",
				"origin": [
					8,
					0.605,
					16.525
				]
			},
			"faces": {
				"north": {
					"uv": [
						0,
						9,
						0.125,
						9.75
					],
					"texture": "#1"
				},
				"east": {
					"uv": [
						0.25,
						9,
						0.375,
						9.75
					],
					"texture": "#1"
				},
				"south": {
					"uv": [
						0.5,
						9,
						0.625,
						9.75
					],
					"texture": "#1"
				},
				"west": {
					"uv": [
						9,
						0.5,
						9.125,
						1.25
					],
					"texture": "#1"
				},
				"up": {
					"uv": [
						10.375,
						8.125,
						10.25,
						8
					],
					"texture": "#1"
				},
				"down": {
					"uv": [
						10.375,
						8.25,
						10.25,
						8.375
					],
					"texture": "#1"
				}
			}
		},
		{
			"from": [
				6.025,
				5.435,
				11
			],
			"to": [
				7.475,
				6.685,
				11.725
			],
			"rotation": {
				"angle": 0,
				"axis": "y",
				"origin": [
					8,
					0.605,
					16.525
				]
			},
			"faces": {
				"north": {
					"uv": [
						8.5,
						5.5,
						8.875,
						5.875
					],
					"texture": "#1"
				},
				"east": {
					"uv": [
						4.25,
						10,
						4.375,
						10.375
					],
					"texture": "#1"
				},
				"south": {
					"uv": [
						6,
						8.5,
						6.375,
						8.875
					],
					"texture": "#1"
				},
				"west": {
					"uv": [
						10,
						5,
						10.125,
						5.375
					],
					"texture": "#1"
				},
				"up": {
					"uv": [
						5.875,
						10.125,
						5.5,
						10
					],
					"texture": "#1"
				},
				"down": {
					"uv": [
						10.375,
						5.5,
						10,
						5.625
					],
					"texture": "#1"
				}
			}
		},
		{
			"from": [
				7.275,
				5.635,
				11
			],
			"to": [
				8.725,
				7.085,
				11.725
			],
			"rotation": {
				"angle": 0,
				"axis": "y",
				"origin": [
					8,
					0.605,
					16.525
				]
			},
			"faces": {
				"north": {
					"uv": [
						8.5,
						6,
						8.875,
						6.375
					],
					"texture": "#1"
				},
				"east": {
					"uv": [
						10,
						5.75,
						10.125,
						6.125
					],
					"texture": "#1"
				},
				"south": {
					"uv": [
						7.5,
						8.5,
						7.875,
						8.875
					],
					"texture": "#1"
				},
				"west": {
					"uv": [
						6,
						10,
						6.125,
						10.375
					],
					"texture": "#1"
				},
				"up": {
					"uv": [
						10.375,
						6.375,
						10,
						6.25
					],
					"texture": "#1"
				},
				"down": {
					"uv": [
						7.125,
						10,
						6.75,
						10.125
					],
					"texture": "#1"
				}
			}
		},
		{
			"from": [
				7.525,
				6.96,
				11.025
			],
			"to": [
				7.875,
				7.21,
				11.7
			],
			"rotation": {
				"angle": 0,
				"axis": "y",
				"origin": [
					8,
					0.605,
					16.525
				]
			},
			"faces": {
				"north": {
					"uv": [
						8.5,
						10.25,
						8.625,
						10.375
					],
					"texture": "#1"
				},
				"east": {
					"uv": [
						10.25,
						8.5,
						10.375,
						8.625
					],
					"texture": "#1"
				},
				"south": {
					"uv": [
						9,
						10.25,
						9.125,
						10.375
					],
					"texture": "#1"
				},
				"west": {
					"uv": [
						9.25,
						10.25,
						9.375,
						10.375
					],
					"texture": "#1"
				},
				"up": {
					"uv": [
						10.375,
						9.375,
						10.25,
						9.25
					],
					"texture": "#1"
				},
				"down": {
					"uv": [
						9.625,
						10.25,
						9.5,
						10.375
					],
					"texture": "#1"
				}
			}
		},
		{
			"from": [
				8.125,
				6.96,
				11.025
			],
			"to": [
				8.475,
				7.21,
				11.7
			],
			"rotation": {
				"angle": 0,
				"axis": "y",
				"origin": [
					8,
					0.605,
					16.525
				]
			},
			"faces": {
				"north": {
					"uv": [
						10.25,
						9.5,
						10.375,
						9.625
					],
					"texture": "#1"
				},
				"east": {
					"uv": [
						9.75,
						10.25,
						9.875,
						10.375
					],
					"texture": "#1"
				},
				"south": {
					"uv": [
						10.25,
						9.75,
						10.375,
						9.875
					],
					"texture": "#1"
				},
				"west": {
					"uv": [
						10,
						10.25,
						10.125,
						10.375
					],
					"texture": "#1"
				},
				"up": {
					"uv": [
						10.375,
						10.125,
						10.25,
						10
					],
					"texture": "#1"
				},
				"down": {
					"uv": [
						10.375,
						10.25,
						10.25,
						10.375
					],
					"texture": "#1"
				}
			}
		},
		{
			"from": [
				6.575,
				2.96,
				11.7
			],
			"to": [
				9.425,
				6.66,
				12.425
			],
			"rotation": {
				"angle": 0,
				"axis": "y",
				"origin": [
					8,
					0.605,
					16.525
				]
			},
			"faces": {
				"north": {
					"uv": [
						3,
						1.5,
						3.75,
						2.375
					],
					"texture": "#1"
				},
				"east": {
					"uv": [
						3.25,
						8.75,
						3.375,
						9.625
					],
					"texture": "#1"
				},
				"south": {
					"uv": [
						2.5,
						3.25,
						3.25,
						4.125
					],
					"texture": "#1"
				},
				"west": {
					"uv": [
						3.5,
						8.75,
						3.625,
						9.625
					],
					"texture": "#1"
				},
				"up": {
					"uv": [
						9.5,
						4.875,
						8.75,
						4.75
					],
					"texture": "#1"
				},
				"down": {
					"uv": [
						9.75,
						1.25,
						9,
						1.375
					],
					"texture": "#1"
				}
			}
		},
		{
			"from": [
				6.145,
				2.855,
				2.5
			],
			"to": [
				7.355,
				4.065,
				11.3
			],
			"rotation": {
				"angle": 0,
				"axis": "y",
				"origin": [
					8,
					0.605,
					16.525
				]
			},
			"faces": {
				"north": {
					"uv": [
						1.25,
						9.25,
						1.5,
						9.5
					],
					"texture": "#1"
				},
				"east": {
					"uv": [
						3.75,
						4.5,
						6,
						4.75
					],
					"texture": "#1"
				},
				"south": {
					"uv": [
						9.25,
						2.5,
						9.5,
						2.75
					],
					"texture": "#1"
				},
				"west": {
					"uv": [
						3.75,
						4.75,
						6,
						5
					],
					"texture": "#1"
				},
				"up": {
					"uv": [
						2.75,
						6.5,
						2.5,
						4.25
					],
					"texture": "#1"
				},
				"down": {
					"uv": [
						3,
						4.25,
						2.75,
						6.5
					],
					"texture": "#1"
				}
			}
		},
		{
			"from": [
				8.645,
				2.855,
				2.5
			],
			"to": [
				9.855,
				4.065,
				11.3
			],
			"rotation": {
				"angle": 0,
				"axis": "y",
				"origin": [
					8,
					0.605,
					16.525
				]
			},
			"faces": {
				"north": {
					"uv": [
						9.25,
						2.75,
						9.5,
						3
					],
					"texture": "#1"
				},
				"east": {
					"uv": [
						5,
						1,
						7.25,
						1.25
					],
					"texture": "#1"
				},
				"south": {
					"uv": [
						3,
						9.25,
						3.25,
						9.5
					],
					"texture": "#1"
				},
				"west": {
					"uv": [
						5,
						1.25,
						7.25,
						1.5
					],
					"texture": "#1"
				},
				"up": {
					"uv": [
						3.25,
						6.5,
						3,
						4.25
					],
					"texture": "#1"
				},
				"down": {
					"uv": [
						4,
						5,
						3.75,
						7.25
					],
					"texture": "#1"
				}
			}
		},
		{
			"from": [
				7.395,
				3.08,
				14.435
			],
			"to": [
				8.605,
				5.19,
				15.37
			],
			"rotation": {
				"angle": 0,
				"axis": "y",
				"origin": [
					8,
					0.605,
					16.525
				]
			},
			"faces": {
				"north": {
					"uv": [
						2.25,
						6,
						2.5,
						6.5
					],
					"texture": "#1"
				},
				"east": {
					"uv": [
						6.5,
						2.25,
						6.75,
						2.75
					],
					"texture": "#1"
				},
				"south": {
					"uv": [
						8.25,
						8.5,
						8.5,
						9
					],
					"texture": "#1"
				},
				"west": {
					"uv": [
						1,
						8.75,
						1.25,
						9.25
					],
					"texture": "#1"
				},
				"up": {
					"uv": [
						9.5,
						3.25,
						9.25,
						3
					],
					"texture": "#1"
				},
				"down": {
					"uv": [
						9.5,
						3.25,
						9.25,
						3.5
					],
					"texture": "#1"
				}
			}
		},
		{
			"from": [
				7.52,
				5.03,
				14.435
			],
			"to": [
				8.48,
				5.74,
				14.895
			],
			"rotation": {
				"angle": 0,
				"axis": "y",
				"origin": [
					8,
					0.605,
					16.525
				]
			},
			"faces": {
				"north": {
					"uv": [
						2.75,
						10.25,
						3,
						10.375
					],
					"texture": "#1"
				},
				"east": {
					"uv": [
						0,
						10.5,
						0.125,
						10.625
					],
					"texture": "#1"
				},
				"south": {
					"uv": [
						10.25,
						2.75,
						10.5,
						2.875
					],
					"texture": "#1"
				},
				"west": {
					"uv": [
						10.5,
						0,
						10.625,
						0.125
					],
					"texture": "#1"
				},
				"up": {
					"uv": [
						10.5,
						3.125,
						10.25,
						3
					],
					"texture": "#1"
				},
				"down": {
					"uv": [
						10.5,
						3.25,
						10.25,
						3.375
					],
					"texture": "#1"
				}
			}
		},
		{
			"from": [
				7.615,
				2.1575,
				14.765
			],
			"to": [
				8.385,
				5.1525,
				15.955
			],
			"rotation": {
				"angle": -22.5,
				"axis": "x",
				"origin": [
					8,
					3.575,
					15.7
				]
			},
			"faces": {
				"north": {
					"uv": [
						7.5,
						3.5,
						7.75,
						4.25
					],
					"texture": "#1"
				},
				"east": {
					"uv": [
						4,
						7.5,
						4.25,
						8.25
					],
					"texture": "#1"
				},
				"south": {
					"uv": [
						4.25,
						7.5,
						4.5,
						8.25
					],
					"texture": "#1"
				},
				"west": {
					"uv": [
						7.5,
						4.25,
						7.75,
						5
					],
					"texture": "#1"
				},
				"up": {
					"uv": [
						9.5,
						3.75,
						9.25,
						3.5
					],
					"texture": "#1"
				},
				"down": {
					"uv": [
						9.5,
						5,
						9.25,
						5.25
					],
					"texture": "#1"
				}
			}
		},
		{
			"from": [
				7.186,
				1.93787,
				14.78191
			],
			"to": [
				8.814,
				3.95287,
				16.58691
			],
			"rotation": {
				"angle": 22.5,
				"axis": "x",
				"origin": [
					8,
					3.90787,
					15.15691
				]
			},
			"faces": {
				"north": {
					"uv": [
						5,
						7.5,
						5.375,
						8
					],
					"texture": "#1"
				},
				"east": {
					"uv": [
						7,
						5.25,
						7.5,
						5.75
					],
					"texture": "#1"
				},
				"south": {
					"uv": [
						7.5,
						5,
						7.875,
						5.5
					],
					"texture": "#1"
				},
				"west": {
					"uv": [
						7,
						5.75,
						7.5,
						6.25
					],
					"texture": "#1"
				},
				"up": {
					"uv": [
						7.875,
						6,
						7.5,
						5.5
					],
					"texture": "#1"
				},
				"down": {
					"uv": [
						7.875,
						6,
						7.5,
						6.5
					],
					"texture": "#1"
				}
			}
		},
		{
			"from": [
				7.395,
				-0.44,
				16.2225
			],
			"to": [
				8.605,
				2.9425,
				17.6525
			],
			"rotation": {
				"angle": -45,
				"axis": "x",
				"origin": [
					8,
					1.265,
					16.525
				]
			},
			"faces": {
				"north": {
					"uv": [
						3.75,
						7.25,
						4,
						8.125
					],
					"texture": "#1"
				},
				"east": {
					"uv": [
						6.5,
						3.25,
						6.875,
						4.125
					],
					"texture": "#1"
				},
				"south": {
					"uv": [
						7.25,
						6.25,
						7.5,
						7.125
					],
					"texture": "#1"
				},
				"west": {
					"uv": [
						6.5,
						4.25,
						6.875,
						5.125
					],
					"texture": "#1"
				},
				"up": {
					"uv": [
						1,
						9.375,
						0.75,
						9
					],
					"texture": "#1"
				},
				"down": {
					"uv": [
						1.75,
						9,
						1.5,
						9.375
					],
					"texture": "#1"
				}
			}
		},
		{
			"from": [
				7.406,
				2.09287,
				15.15691
			],
			"to": [
				8.594,
				4.36537,
				16.47691
			],
			"rotation": {
				"angle": 22.5,
				"axis": "x",
				"origin": [
					8,
					4.34787,
					15.15691
				]
			},
			"faces": {
				"north": {
					"uv": [
						6.75,
						7.5,
						7,
						8.125
					],
					"texture": "#1"
				},
				"east": {
					"uv": [
						5.5,
						7.25,
						5.875,
						7.875
					],
					"texture": "#1"
				},
				"south": {
					"uv": [
						7.5,
						7.25,
						7.75,
						7.875
					],
					"texture": "#1"
				},
				"west": {
					"uv": [
						6,
						7.25,
						6.375,
						7.875
					],
					"texture": "#1"
				},
				"up": {
					"uv": [
						9.25,
						1.875,
						9,
						1.5
					],
					"texture": "#1"
				},
				"down": {
					"uv": [
						2,
						9,
						1.75,
						9.375
					],
					"texture": "#1"
				}
			}
		},
		{
			"from": [
				7.945,
				6.31,
				2.505
			],
			"to": [
				8.055,
				7.26,
				2.835
			],
			"rotation": {
				"angle": 0,
				"axis": "y",
				"origin": [
					-0.8,
					-0.825,
					-1.295
				]
			},
			"faces": {
				"north": {
					"uv": [
						3.5,
						10.25,
						3.625,
						10.5
					],
					"texture": "#1"
				},
				"east": {
					"uv": [
						10.25,
						3.5,
						10.375,
						3.75
					],
					"texture": "#1"
				},
				"south": {
					"uv": [
						3.75,
						10.25,
						3.875,
						10.5
					],
					"texture": "#1"
				},
				"west": {
					"uv": [
						10.25,
						3.75,
						10.375,
						4
					],
					"texture": "#1"
				},
				"up": {
					"uv": [
						0.375,
						10.625,
						0.25,
						10.5
					],
					"texture": "#1"
				},
				"down": {
					"uv": [
						10.625,
						0.25,
						10.5,
						0.375
					],
					"texture": "#1"
				}
			}
		},
		{
			"from": [
				8.165,
				3.135,
				13.775
			],
			"to": [
				8.385,
				4.675,
				14.105
			],
			"rotation": {
				"angle": 0,
				"axis": "y",
				"origin": [
					-0.8,
					-0.825,
					-1.295
				]
			},
			"faces": {
				"north": {
					"uv": [
						10,
						7,
						10.125,
						7.375
					],
					"texture": "#1"
				},
				"east": {
					"uv": [
						7.25,
						10,
						7.375,
						10.375
					],
					"texture": "#1"
				},
				"south": {
					"uv": [
						7.5,
						10,
						7.625,
						10.375
					],
					"texture": "#1"
				},
				"west": {
					"uv": [
						7.75,
						10,
						7.875,
						10.375
					],
					"texture": "#1"
				},
				"up": {
					"uv": [
						0.625,
						10.625,
						0.5,
						10.5
					],
					"texture": "#1"
				},
				"down": {
					"uv": [
						10.625,
						0.5,
						10.5,
						0.625
					],
					"texture": "#1"
				}
			}
		},
		{
			"from": [
				7.615,
				3.135,
				13.775
			],
			"to": [
				7.835,
				4.675,
				14.105
			],
			"rotation": {
				"angle": 0,
				"axis": "y",
				"origin": [
					-0.8,
					-0.825,
					-1.295
				]
			},
			"faces": {
				"north": {
					"uv": [
						8,
						10,
						8.125,
						10.375
					],
					"texture": "#1"
				},
				"east": {
					"uv": [
						8.25,
						10,
						8.375,
						10.375
					],
					"texture": "#1"
				},
				"south": {
					"uv": [
						10,
						8.25,
						10.125,
						8.625
					],
					"texture": "#1"
				},
				"west": {
					"uv": [
						8.75,
						10,
						8.875,
						10.375
					],
					"texture": "#1"
				},
				"up": {
					"uv": [
						0.875,
						10.625,
						0.75,
						10.5
					],
					"texture": "#1"
				},
				"down": {
					"uv": [
						10.625,
						0.75,
						10.5,
						0.875
					],
					"texture": "#1"
				}
			}
		},
		{
			"from": [
				7.395,
				0.57,
				18.59
			],
			"to": [
				8.605,
				2.77,
				22.44
			],
			"rotation": {
				"angle": 0,
				"axis": "y",
				"origin": [
					8,
					1.67,
					15.51
				]
			},
			"faces": {
				"north": {
					"uv": [
						1.25,
						8.75,
						1.5,
						9.25
					],
					"texture": "#1"
				},
				"east": {
					"uv": [
						5,
						3.25,
						6,
						3.75
					],
					"texture": "#1"
				},
				"south": {
					"uv": [
						8.75,
						1.5,
						9,
						2
					],
					"texture": "#1"
				},
				"west": {
					"uv": [
						4,
						5,
						5,
						5.5
					],
					"texture": "#1"
				},
				"up": {
					"uv": [
						2.5,
						2,
						2.25,
						1
					],
					"texture": "#1"
				},
				"down": {
					"uv": [
						3.75,
						7,
						3.5,
						8
					],
					"texture": "#1"
				}
			}
		},
		{
			"from": [
				7.505,
				1.505,
				16.17
			],
			"to": [
				8.495,
				3.1,
				23.73
			],
			"rotation": {
				"angle": 0,
				"axis": "y",
				"origin": [
					8,
					1.67,
					15.51
				]
			},
			"faces": {
				"north": {
					"uv": [
						2,
						9,
						2.25,
						9.375
					],
					"texture": "#1"
				},
				"east": {
					"uv": [
						2.5,
						2.75,
						4.375,
						3.125
					],
					"texture": "#1"
				},
				"south": {
					"uv": [
						9,
						2,
						9.25,
						2.375
					],
					"texture": "#1"
				},
				"west": {
					"uv": [
						3,
						1,
						4.875,
						1.375
					],
					"texture": "#1"
				},
				"up": {
					"uv": [
						5.25,
						6.875,
						5,
						5
					],
					"texture": "#1"
				},
				"down": {
					"uv": [
						5.5,
						5,
						5.25,
						6.875
					],
					"texture": "#1"
				}
			}
		},
		{
			"from": [
				7.395,
				-1.08,
				22.44
			],
			"to": [
				8.605,
				2.77,
				23.85
			],
			"rotation": {
				"angle": 0,
				"axis": "y",
				"origin": [
					8,
					1.67,
					15.51
				]
			},
			"faces": {
				"north": {
					"uv": [
						7,
						6.25,
						7.25,
						7.25
					],
					"texture": "#1"
				},
				"east": {
					"uv": [
						6,
						6.25,
						6.375,
						7.25
					],
					"texture": "#1"
				},
				"south": {
					"uv": [
						7.25,
						0.75,
						7.5,
						1.75
					],
					"texture": "#1"
				},
				"west": {
					"uv": [
						0,
						6.5,
						0.375,
						7.5
					],
					"texture": "#1"
				},
				"up": {
					"uv": [
						2.5,
						9.375,
						2.25,
						9
					],
					"texture": "#1"
				},
				"down": {
					"uv": [
						2.75,
						9,
						2.5,
						9.375
					],
					"texture": "#1"
				}
			}
		},
		{
			"from": [
				7.495,
				-1.38,
				23.74
			],
			"to": [
				8.505,
				3.07,
				24.175
			],
			"rotation": {
				"angle": 0,
				"axis": "y",
				"origin": [
					8,
					1.67,
					15.51
				]
			},
			"faces": {
				"north": {
					"uv": [
						2,
						6.75,
						2.25,
						7.875
					],
					"texture": "#1"
				},
				"east": {
					"uv": [
						8,
						8.5,
						8.125,
						9.625
					],
					"texture": "#1"
				},
				"south": {
					"uv": [
						3.25,
						7,
						3.5,
						8.125
					],
					"texture": "#1"
				},
				"west": {
					"uv": [
						8.5,
						8,
						8.625,
						9.125
					],
					"texture": "#1"
				},
				"up": {
					"uv": [
						4.25,
						10.375,
						4,
						10.25
					],
					"texture": "#1"
				},
				"down": {
					"uv": [
						10.5,
						4,
						10.25,
						4.125
					],
					"texture": "#1"
				}
			}
		},
		{
			"from": [
				7.615,
				-1.41,
				22.33
			],
			"to": [
				8.385,
				-1.08,
				23.95
			],
			"rotation": {
				"angle": 0,
				"axis": "y",
				"origin": [
					8,
					1.67,
					15.51
				]
			},
			"faces": {
				"north": {
					"uv": [
						4.5,
						10.25,
						4.75,
						10.375
					],
					"texture": "#1"
				},
				"east": {
					"uv": [
						10,
						8.75,
						10.375,
						8.875
					],
					"texture": "#1"
				},
				"south": {
					"uv": [
						10.25,
						4.5,
						10.5,
						4.625
					],
					"texture": "#1"
				},
				"west": {
					"uv": [
						10,
						9,
						10.375,
						9.125
					],
					"texture": "#1"
				},
				"up": {
					"uv": [
						9.25,
						2.875,
						9,
						2.5
					],
					"texture": "#1"
				},
				"down": {
					"uv": [
						3,
						9,
						2.75,
						9.375
					],
					"texture": "#1"
				}
			}
		},
		{
			"from": [
				7.384,
				-0.2,
				15.51
			],
			"to": [
				8.616,
				1.75,
				23.1
			],
			"rotation": {
				"angle": 22.5,
				"axis": "x",
				"origin": [
					8,
					0.845,
					20.515
				]
			},
			"faces": {
				"north": {
					"uv": [
						8.75,
						2,
						9,
						2.5
					],
					"texture": "#1"
				},
				"east": {
					"uv": [
						0,
						0,
						1.875,
						0.5
					],
					"texture": "#1"
				},
				"south": {
					"uv": [
						3,
						8.75,
						3.25,
						9.25
					],
					"texture": "#1"
				},
				"west": {
					"uv": [
						0,
						0.5,
						1.875,
						1
					],
					"texture": "#1"
				},
				"up": {
					"uv": [
						4.25,
						7.375,
						4,
						5.5
					],
					"texture": "#1"
				},
				"down": {
					"uv": [
						4.5,
						5.5,
						4.25,
						7.375
					],
					"texture": "#1"
				}
			}
		},
		{
			"from": [
				7.626,
				-0.53,
				16.72
			],
			"to": [
				8.418,
				-0.2,
				23.0725
			],
			"rotation": {
				"angle": 22.5,
				"axis": "x",
				"origin": [
					8,
					0.845,
					20.515
				]
			},
			"faces": {
				"north": {
					"uv": [
						4.75,
						10.25,
						5,
						10.375
					],
					"texture": "#1"
				},
				"east": {
					"uv": [
						7.5,
						0,
						9.125,
						0.125
					],
					"texture": "#1"
				},
				"south": {
					"uv": [
						10.25,
						4.75,
						10.5,
						4.875
					],
					"texture": "#1"
				},
				"west": {
					"uv": [
						7.5,
						0.25,
						9.125,
						0.375
					],
					"texture": "#1"
				},
				"up": {
					"uv": [
						1.25,
						7.625,
						1,
						6
					],
					"texture": "#1"
				},
				"down": {
					"uv": [
						1.5,
						6,
						1.25,
						7.625
					],
					"texture": "#1"
				}
			}
		}
	],
	"display": {
		"thirdperson_righthand": {
			"translation": [
				0,
				5.75,
				-6.5
			]
		},
		"thirdperson_lefthand": {
			"translation": [
				0,
				5.75,
				-6.5
			],
			"scale": [
				-1,
				1,
				1
			]
		},
		"firstperson_righthand": {
			"translation": [
				-2,
				9,
				-3
			]
		},
		"firstperson_lefthand": {
			"translation": [
				-2,
				9,
				-3
			],
			"scale": [
				-1,
				1,
				1
			]
		},
		"ground": {
			"translation": [
				0,
				5.75,
				-5.5
			]
		},
		"gui": {
			"rotation": [
				-166.04,
				-29.83,
				-178.93
			],
			"translation": [
				2,
				4,
				7
			],
			"scale": [
				1.11,
				1.11,
				1.11
			]
		},
		"fixed": {
			"rotation": [
				0,
				90,
				0
			],
			"translation": [
				-7,
				9.5,
				-1.75
			],
			"scale": [
				1.85,
				1.85,
				1.85
			]
		}
	}
}