{
	"credit": "Made with Blockbench",
	"texture_size": [
		32,
		32
	],
	"textures": {
		"1": "scguns_laf:item/officers_special",
		"2": "scguns_laf:item/animated_officer_texture",
		"particle": "scguns_laf:item/officers_special"
	},
	"elements": [
		{
			"from": [
				7.75,
				5,
				15.55
			],
			"to": [
				8.25,
				5.5,
				16.05
			],
			"rotation": {
				"angle": 0,
				"axis": "y",
				"origin": [
					0,
					2.2,
					1.85
				]
			},
			"faces": {
				"north": {
					"uv": [
						0.75,
						8,
						0.875,
						8.125
					],
					"texture": "#1"
				},
				"east": {
					"uv": [
						1,
						8,
						1.125,
						8.125
					],
					"texture": "#1"
				},
				"south": {
					"uv": [
						8,
						1,
						8.125,
						1.125
					],
					"texture": "#1"
				},
				"west": {
					"uv": [
						1.25,
						8,
						1.375,
						8.125
					],
					"texture": "#1"
				},
				"up": {
					"uv": [
						8.125,
						1.375,
						8,
						1.25
					],
					"texture": "#1"
				},
				"down": {
					"uv": [
						1.625,
						8,
						1.5,
						8.125
					],
					"texture": "#1"
				}
			}
		},
		{
			"from": [
				7.75,
				4.2,
				14.8
			],
			"to": [
				8.25,
				4.7,
				15.55
			],
			"rotation": {
				"angle": 0,
				"axis": "y",
				"origin": [
					0,
					2.2,
					1.85
				]
			},
			"faces": {
				"north": {
					"uv": [
						8,
						1.5,
						8.125,
						1.625
					],
					"texture": "#1"
				},
				"east": {
					"uv": [
						7.75,
						1,
						8,
						1.125
					],
					"texture": "#1"
				},
				"south": {
					"uv": [
						1.75,
						8,
						1.875,
						8.125
					],
					"texture": "#1"
				},
				"west": {
					"uv": [
						1.25,
						7.75,
						1.5,
						7.875
					],
					"texture": "#1"
				},
				"up": {
					"uv": [
						7.875,
						1.5,
						7.75,
						1.25
					],
					"texture": "#1"
				},
				"down": {
					"uv": [
						1.625,
						7.75,
						1.5,
						8
					],
					"texture": "#1"
				}
			}
		},
		{
			"from": [
				7.751,
				-1.1,
				15.15
			],
			"to": [
				8.251,
				-0.6,
				16.65
			],
			"rotation": {
				"angle": -22.5,
				"axis": "x",
				"origin": [
					0,
					2.2,
					1.85
				]
			},
			"faces": {
				"north": {
					"uv": [
						8,
						1.75,
						8.125,
						1.875
					],
					"texture": "#1"
				},
				"east": {
					"uv": [
						7.5,
						3,
						7.875,
						3.125
					],
					"texture": "#1"
				},
				"south": {
					"uv": [
						2,
						8,
						2.125,
						8.125
					],
					"texture": "#1"
				},
				"west": {
					"uv": [
						7.5,
						3.25,
						7.875,
						3.375
					],
					"texture": "#1"
				},
				"up": {
					"uv": [
						2.875,
						7.875,
						2.75,
						7.5
					],
					"texture": "#1"
				},
				"down": {
					"uv": [
						7.625,
						4.25,
						7.5,
						4.625
					],
					"texture": "#1"
				}
			}
		},
		{
			"from": [
				7.32,
				1.2,
				17.05
			],
			"to": [
				8.62,
				4.2,
				18.55
			],
			"rotation": {
				"angle": -22.5,
				"axis": "x",
				"origin": [
					8,
					3.25,
					17.55
				]
			},
			"faces": {
				"north": {
					"uv": [
						6.25,
						5.5,
						6.625,
						6.25
					],
					"texture": "#1"
				},
				"east": {
					"uv": [
						5.75,
						6.25,
						6.125,
						7
					],
					"texture": "#1"
				},
				"south": {
					"uv": [
						6.25,
						6.25,
						6.625,
						7
					],
					"texture": "#1"
				},
				"west": {
					"uv": [
						6.5,
						0,
						6.875,
						0.75
					],
					"texture": "#1"
				},
				"up": {
					"uv": [
						7.125,
						6.875,
						6.75,
						6.5
					],
					"texture": "#1"
				},
				"down": {
					"uv": [
						0.375,
						7,
						0,
						7.375
					],
					"texture": "#1",
					"cullface": "down"
				}
			}
		},
		{
			"from": [
				7.35,
				4.2,
				17.3
			],
			"to": [
				8.65,
				5.2,
				18.55
			],
			"rotation": {
				"angle": -22.5,
				"axis": "x",
				"origin": [
					8,
					3.25,
					17.55
				]
			},
			"faces": {
				"north": {
					"uv": [
						0,
						4.25,
						0.375,
						4.5
					],
					"texture": "#1"
				},
				"east": {
					"uv": [
						0.5,
						4.25,
						0.875,
						4.5
					],
					"texture": "#1"
				},
				"south": {
					"uv": [
						4.25,
						4.5,
						4.625,
						4.75
					],
					"texture": "#1"
				},
				"west": {
					"uv": [
						4.5,
						4.25,
						4.875,
						4.5
					],
					"texture": "#1"
				},
				"up": {
					"uv": [
						7.375,
						0.375,
						7,
						0
					],
					"texture": "#1"
				},
				"down": {
					"uv": [
						0.875,
						7,
						0.5,
						7.375
					],
					"texture": "#1",
					"cullface": "down"
				}
			}
		},
		{
			"from": [
				7.34,
				1.2,
				18.55
			],
			"to": [
				8.64,
				4.2,
				18.8
			],
			"rotation": {
				"angle": -22.5,
				"axis": "x",
				"origin": [
					8,
					3.25,
					17.55
				]
			},
			"faces": {
				"north": {
					"uv": [
						1.5,
						6.5,
						1.875,
						7.25
					],
					"texture": "#1"
				},
				"east": {
					"uv": [
						4.25,
						7.25,
						4.375,
						8
					],
					"texture": "#1"
				},
				"south": {
					"uv": [
						6.5,
						1.5,
						6.875,
						2.25
					],
					"texture": "#1"
				},
				"west": {
					"uv": [
						7.25,
						4.25,
						7.375,
						5
					],
					"texture": "#1"
				},
				"up": {
					"uv": [
						7.875,
						3.625,
						7.5,
						3.5
					],
					"texture": "#1"
				},
				"down": {
					"uv": [
						7.875,
						4.75,
						7.5,
						4.875
					],
					"texture": "#1",
					"cullface": "down"
				}
			}
		},
		{
			"from": [
				7.35,
				2.95,
				18.3
			],
			"to": [
				8.6,
				4.45,
				22.3
			],
			"rotation": {
				"angle": 22.5,
				"axis": "x",
				"origin": [
					8,
					3.75,
					17.55
				]
			},
			"faces": {
				"north": {
					"uv": [
						2,
						7.25,
						2.375,
						7.625
					],
					"texture": "#1"
				},
				"east": {
					"uv": [
						3.75,
						4.75,
						4.75,
						5.125
					],
					"texture": "#1"
				},
				"south": {
					"uv": [
						7.25,
						2,
						7.625,
						2.375
					],
					"texture": "#1"
				},
				"west": {
					"uv": [
						1.5,
						6,
						2.5,
						6.375
					],
					"texture": "#1"
				},
				"up": {
					"uv": [
						6.375,
						2.5,
						6,
						1.5
					],
					"texture": "#1"
				},
				"down": {
					"uv": [
						4.125,
						6.25,
						3.75,
						7.25
					],
					"texture": "#1",
					"cullface": "down"
				}
			}
		},
		{
			"from": [
				7.34,
				-0.8,
				19.05
			],
			"to": [
				8.59,
				0.7,
				22.05
			],
			"rotation": {
				"angle": -45,
				"axis": "x",
				"origin": [
					8,
					3.75,
					17.55
				]
			},
			"faces": {
				"north": {
					"uv": [
						6.75,
						5.5,
						7.125,
						5.875
					],
					"texture": "#1"
				},
				"east": {
					"uv": [
						4.5,
						1.25,
						5.25,
						1.625
					],
					"texture": "#1"
				},
				"south": {
					"uv": [
						6.75,
						6,
						7.125,
						6.375
					],
					"texture": "#1"
				},
				"west": {
					"uv": [
						6,
						2.5,
						6.75,
						2.875
					],
					"texture": "#1"
				},
				"up": {
					"uv": [
						3.625,
						3.25,
						3.25,
						2.5
					],
					"texture": "#1"
				},
				"down": {
					"uv": [
						6.625,
						4.75,
						6.25,
						5.5
					],
					"texture": "#1",
					"cullface": "down"
				}
			}
		},
		{
			"from": [
				7.33,
				1.2,
				21.55
			],
			"to": [
				8.63,
				2.7,
				27.05
			],
			"rotation": {
				"angle": 0,
				"axis": "x",
				"origin": [
					8,
					3.75,
					17.55
				]
			},
			"faces": {
				"north": {
					"uv": [
						7.25,
						2.5,
						7.625,
						2.875
					],
					"texture": "#1"
				},
				"east": {
					"uv": [
						1,
						5.5,
						2.375,
						5.875
					],
					"texture": "#1"
				},
				"south": {
					"uv": [
						3,
						7.25,
						3.375,
						7.625
					],
					"texture": "#1"
				},
				"west": {
					"uv": [
						5.5,
						1,
						6.875,
						1.375
					],
					"texture": "#1"
				},
				"up": {
					"uv": [
						5.875,
						2.875,
						5.5,
						1.5
					],
					"texture": "#1"
				},
				"down": {
					"uv": [
						2.875,
						5.5,
						2.5,
						6.875
					],
					"texture": "#1",
					"cullface": "down"
				}
			}
		},
		{
			"from": [
				7.35,
				2.7,
				22.8
			],
			"to": [
				8.65,
				4.95,
				27.05
			],
			"rotation": {
				"angle": 0,
				"axis": "x",
				"origin": [
					8,
					3.75,
					17.55
				]
			},
			"faces": {
				"north": {
					"uv": [
						6.75,
						4.5,
						7.125,
						5.125
					],
					"texture": "#1"
				},
				"east": {
					"uv": [
						1.5,
						3.25,
						2.625,
						3.875
					],
					"texture": "#1"
				},
				"south": {
					"uv": [
						5.25,
						6.75,
						5.625,
						7.375
					],
					"texture": "#1"
				},
				"west": {
					"uv": [
						1.5,
						4.5,
						2.625,
						5.125
					],
					"texture": "#1"
				},
				"up": {
					"uv": [
						6.125,
						6.125,
						5.75,
						5
					],
					"texture": "#1"
				},
				"down": {
					"uv": [
						1.375,
						6,
						1,
						7.125
					],
					"texture": "#1",
					"cullface": "down"
				}
			}
		},
		{
			"from": [
				7.35,
				1.2,
				27.05
			],
			"to": [
				8.65,
				4.95,
				27.55
			],
			"rotation": {
				"angle": 0,
				"axis": "x",
				"origin": [
					8,
					3.75,
					17.55
				]
			},
			"faces": {
				"north": {
					"uv": [
						6.25,
						3.75,
						6.625,
						4.75
					],
					"texture": "#1"
				},
				"east": {
					"uv": [
						4.75,
						7,
						4.875,
						8
					],
					"texture": "#1"
				},
				"south": {
					"uv": [
						4.25,
						6.25,
						4.625,
						7.25
					],
					"texture": "#1"
				},
				"west": {
					"uv": [
						4,
						7.25,
						4.125,
						8.25
					],
					"texture": "#1"
				},
				"up": {
					"uv": [
						0.375,
						7.875,
						0,
						7.75
					],
					"texture": "#1"
				},
				"down": {
					"uv": [
						8.125,
						0,
						7.75,
						0.125
					],
					"texture": "#1",
					"cullface": "down"
				}
			}
		},
		{
			"from": [
				7.35,
				0.95,
				17.3
			],
			"to": [
				8.65,
				1.2,
				18.3
			],
			"rotation": {
				"angle": -22.5,
				"axis": "x",
				"origin": [
					8,
					3.25,
					17.55
				]
			},
			"faces": {
				"north": {
					"uv": [
						5,
						7.5,
						5.375,
						7.625
					],
					"texture": "#1"
				},
				"east": {
					"uv": [
						7.75,
						1.5,
						8,
						1.625
					],
					"texture": "#1"
				},
				"south": {
					"uv": [
						5.5,
						7.5,
						5.875,
						7.625
					],
					"texture": "#1"
				},
				"west": {
					"uv": [
						1.75,
						7.75,
						2,
						7.875
					],
					"texture": "#1"
				},
				"up": {
					"uv": [
						5.125,
						3,
						4.75,
						2.75
					],
					"texture": "#1"
				},
				"down": {
					"uv": [
						3.375,
						4.75,
						3,
						5
					],
					"texture": "#1",
					"cullface": "down"
				}
			}
		},
		{
			"from": [
				7.25,
				6.2,
				12.3
			],
			"to": [
				8.75,
				7.7,
				17.55
			],
			"rotation": {
				"angle": 0,
				"axis": "y",
				"origin": [
					0,
					1.95,
					1.35
				]
			},
			"faces": {
				"north": {
					"uv": [
						1.5,
						1,
						2.25,
						1.75
					],
					"texture": "#2"
				},
				"east": {
					"uv": [
						3.75,
						0,
						1,
						0.75
					],
					"texture": "#2"
				},
				"south": {
					"uv": [
						1.5,
						1,
						2.25,
						1.75
					],
					"texture": "#2",
					"cullface": "south"
				},
				"west": {
					"uv": [
						1,
						0,
						3.75,
						0.75
					],
					"texture": "#2"
				},
				"up": {
					"uv": [
						0.75,
						6.75,
						0,
						4
					],
					"texture": "#2"
				},
				"down": {
					"uv": [
						0.75,
						4,
						0,
						6.75
					],
					"texture": "#2"
				}
			}
		},
		{
			"from": [
				7.25,
				7.7,
				12.8
			],
			"to": [
				8.75,
				7.95,
				17.8
			],
			"rotation": {
				"angle": 0,
				"axis": "y",
				"origin": [
					0,
					1.95,
					1.35
				]
			},
			"faces": {
				"north": {
					"uv": [
						6,
						7.5,
						6.375,
						7.625
					],
					"texture": "#1"
				},
				"east": {
					"uv": [
						5.75,
						0.75,
						7,
						0.875
					],
					"texture": "#1"
				},
				"south": {
					"uv": [
						6.5,
						7.5,
						6.875,
						7.625
					],
					"texture": "#1",
					"cullface": "south"
				},
				"west": {
					"uv": [
						6.75,
						5.25,
						8,
						5.375
					],
					"texture": "#1"
				},
				"up": {
					"uv": [
						5.625,
						6.75,
						5.25,
						5.5
					],
					"texture": "#1"
				},
				"down": {
					"uv": [
						0.375,
						5.75,
						0,
						7
					],
					"texture": "#1"
				}
			}
		},
		{
			"from": [
				7.25,
				3.95,
				12.05
			],
			"to": [
				8.75,
				6.2,
				14.8
			],
			"rotation": {
				"angle": 0,
				"axis": "y",
				"origin": [
					0,
					-0.05,
					1.35
				]
			},
			"faces": {
				"north": {
					"uv": [
						4,
						0,
						4.75,
						1.25
					],
					"texture": "#2"
				},
				"east": {
					"uv": [
						1.5,
						1.5,
						0,
						2.75
					],
					"texture": "#2"
				},
				"south": {
					"uv": [
						4,
						0,
						4.75,
						1.25
					],
					"texture": "#2"
				},
				"west": {
					"uv": [
						0,
						1.5,
						1.5,
						2.75
					],
					"texture": "#2"
				},
				"up": {
					"uv": [
						4.25,
						3.5,
						3.5,
						2
					],
					"texture": "#2"
				},
				"down": {
					"uv": [
						4.25,
						2,
						3.5,
						3.5
					],
					"texture": "#2",
					"cullface": "down"
				}
			}
		},
		{
			"from": [
				7.25,
				6.2,
				11.05
			],
			"to": [
				8.75,
				7.2,
				12.3
			],
			"rotation": {
				"angle": 0,
				"axis": "y",
				"origin": [
					0,
					-0.05,
					1.35
				]
			},
			"faces": {
				"north": {
					"uv": [
						7.25,
						5.75,
						7.625,
						6
					],
					"texture": "#1"
				},
				"east": {
					"uv": [
						7.25,
						6,
						7.625,
						6.25
					],
					"texture": "#1"
				},
				"south": {
					"uv": [
						7.25,
						6.25,
						7.625,
						6.5
					],
					"texture": "#1"
				},
				"west": {
					"uv": [
						7.25,
						6.5,
						7.625,
						6.75
					],
					"texture": "#1"
				},
				"up": {
					"uv": [
						7.375,
						1.875,
						7,
						1.5
					],
					"texture": "#1"
				},
				"down": {
					"uv": [
						2.875,
						7,
						2.5,
						7.375
					],
					"texture": "#1",
					"cullface": "down"
				}
			}
		},
		{
			"from": [
				7.75,
				5.7,
				14.8
			],
			"to": [
				8.25,
				6.45,
				16.05
			],
			"rotation": {
				"angle": 0,
				"axis": "y",
				"origin": [
					0,
					-0.05,
					1.35
				]
			},
			"faces": {
				"north": {
					"uv": [
						7.75,
						2,
						7.875,
						2.25
					],
					"texture": "#1"
				},
				"east": {
					"uv": [
						7.25,
						6.75,
						7.625,
						7
					],
					"texture": "#1"
				},
				"south": {
					"uv": [
						2.25,
						7.75,
						2.375,
						8
					],
					"texture": "#1"
				},
				"west": {
					"uv": [
						7.25,
						7,
						7.625,
						7.25
					],
					"texture": "#1"
				},
				"up": {
					"uv": [
						4.625,
						7.875,
						4.5,
						7.5
					],
					"texture": "#1"
				},
				"down": {
					"uv": [
						7.625,
						7.5,
						7.5,
						7.875
					],
					"texture": "#1",
					"cullface": "down"
				}
			}
		},
		{
			"from": [
				8.25,
				7.2,
				11.55
			],
			"to": [
				8.5,
				7.7,
				12.3
			],
			"rotation": {
				"angle": 0,
				"axis": "y",
				"origin": [
					0,
					-0.05,
					1.35
				]
			},
			"faces": {
				"north": {
					"uv": [
						8,
						2,
						8.125,
						2.125
					],
					"texture": "#1"
				},
				"east": {
					"uv": [
						3,
						7.75,
						3.25,
						7.875
					],
					"texture": "#1"
				},
				"south": {
					"uv": [
						2.25,
						8,
						2.375,
						8.125
					],
					"texture": "#1"
				},
				"west": {
					"uv": [
						3.25,
						7.75,
						3.5,
						7.875
					],
					"texture": "#1"
				},
				"up": {
					"uv": [
						3.625,
						8,
						3.5,
						7.75
					],
					"texture": "#1"
				},
				"down": {
					"uv": [
						3.875,
						7.75,
						3.75,
						8
					],
					"texture": "#1",
					"cullface": "down"
				}
			}
		},
		{
			"from": [
				7.5,
				6.7,
				11.55
			],
			"to": [
				7.75,
				7.7,
				12.3
			],
			"rotation": {
				"angle": 0,
				"axis": "y",
				"origin": [
					0,
					-0.05,
					1.35
				]
			},
			"faces": {
				"north": {
					"uv": [
						5,
						7.75,
						5.125,
						8
					],
					"texture": "#1"
				},
				"east": {
					"uv": [
						5.5,
						5.25,
						5.75,
						5.5
					],
					"texture": "#1"
				},
				"south": {
					"uv": [
						7.75,
						5,
						7.875,
						5.25
					],
					"texture": "#1"
				},
				"west": {
					"uv": [
						6.5,
						2.25,
						6.75,
						2.5
					],
					"texture": "#1"
				},
				"up": {
					"uv": [
						5.375,
						8,
						5.25,
						7.75
					],
					"texture": "#1"
				},
				"down": {
					"uv": [
						5.625,
						7.75,
						5.5,
						8
					],
					"texture": "#1",
					"cullface": "down"
				}
			}
		},
		{
			"from": [
				7.5,
				1.2,
				12.3
			],
			"to": [
				8.5,
				3.95,
				14.55
			],
			"rotation": {
				"angle": 0,
				"axis": "y",
				"origin": [
					0,
					-0.05,
					1.35
				]
			},
			"faces": {
				"north": {
					"uv": [
						1.25,
						0.75,
						1.5,
						1.5
					],
					"texture": "#1"
				},
				"east": {
					"uv": [
						5.75,
						0,
						6.375,
						0.75
					],
					"texture": "#1"
				},
				"south": {
					"uv": [
						2.75,
						3.25,
						3,
						4
					],
					"texture": "#1"
				},
				"west": {
					"uv": [
						3,
						5.75,
						3.625,
						6.5
					],
					"texture": "#1"
				},
				"up": {
					"uv": [
						5,
						6.875,
						4.75,
						6.25
					],
					"texture": "#1"
				},
				"down": {
					"uv": [
						3.75,
						6.5,
						3.5,
						7.125
					],
					"texture": "#1",
					"cullface": "down"
				}
			}
		},
		{
			"from": [
				7.25,
				4.95,
				16.05
			],
			"to": [
				8.75,
				6.2,
				17.55
			],
			"rotation": {
				"angle": 0,
				"axis": "y",
				"origin": [
					0,
					-0.05,
					1.35
				]
			},
			"faces": {
				"north": {
					"uv": [
						1.5,
						1,
						2.25,
						1.75
					],
					"texture": "#2"
				},
				"east": {
					"uv": [
						2.75,
						4.5,
						2,
						5.25
					],
					"texture": "#2"
				},
				"south": {
					"uv": [
						1.5,
						1,
						2.25,
						1.75
					],
					"texture": "#2"
				},
				"west": {
					"uv": [
						2,
						4.5,
						2.75,
						5.25
					],
					"texture": "#2"
				},
				"up": {
					"uv": [
						2.75,
						5.25,
						2,
						4.5
					],
					"texture": "#2"
				},
				"down": {
					"uv": [
						2.25,
						1,
						1.5,
						1.75
					],
					"texture": "#2",
					"cullface": "down"
				}
			}
		},
		{
			"from": [
				7.66,
				6.8,
				2.3
			],
			"to": [
				8.41,
				7.55,
				13.05
			],
			"rotation": {
				"angle": 0,
				"axis": "y",
				"origin": [
					0,
					2.7,
					1.8
				]
			},
			"faces": {
				"north": {
					"uv": [
						0,
						0,
						0.5,
						0.5
					],
					"texture": "#2"
				},
				"east": {
					"uv": [
						2.5,
						1.5,
						8,
						2
					],
					"texture": "#2"
				},
				"south": {
					"uv": [
						0,
						0.5,
						0.5,
						1
					],
					"texture": "#2"
				},
				"west": {
					"uv": [
						8,
						1.5,
						2.5,
						2
					],
					"texture": "#2"
				},
				"up": {
					"uv": [
						1.5,
						9.5,
						1,
						4
					],
					"texture": "#2"
				},
				"down": {
					"uv": [
						1.5,
						4,
						1,
						9.5
					],
					"texture": "#2"
				}
			}
		},
		{
			"from": [
				7.41,
				6.55,
				1.8
			],
			"to": [
				8.66,
				7.8,
				2.3
			],
			"rotation": {
				"angle": 0,
				"axis": "y",
				"origin": [
					0,
					2.7,
					1.8
				]
			},
			"faces": {
				"north": {
					"uv": [
						3.5,
						7.25,
						3.875,
						7.625
					],
					"texture": "#1"
				},
				"east": {
					"uv": [
						7.75,
						0.25,
						7.875,
						0.625
					],
					"texture": "#1"
				},
				"south": {
					"uv": [
						7.25,
						3.75,
						7.625,
						4.125
					],
					"texture": "#1"
				},
				"west": {
					"uv": [
						0.5,
						7.75,
						0.625,
						8.125
					],
					"texture": "#1"
				},
				"up": {
					"uv": [
						1.125,
						7.875,
						0.75,
						7.75
					],
					"texture": "#1"
				},
				"down": {
					"uv": [
						8.125,
						0.75,
						7.75,
						0.875
					],
					"texture": "#1"
				}
			}
		},
		{
			"from": [
				7.5,
				6.2,
				17.3
			],
			"to": [
				8.5,
				6.95,
				18.05
			],
			"rotation": {
				"angle": 0,
				"axis": "x",
				"origin": [
					8,
					6.7,
					14.8
				]
			},
			"faces": {
				"north": {
					"uv": [
						7.25,
						7.25,
						7.5,
						7.5
					],
					"texture": "#1"
				},
				"east": {
					"uv": [
						0,
						7.5,
						0.25,
						7.75
					],
					"texture": "#1"
				},
				"south": {
					"uv": [
						7.5,
						0,
						7.75,
						0.25
					],
					"texture": "#1"
				},
				"west": {
					"uv": [
						0.25,
						7.5,
						0.5,
						7.75
					],
					"texture": "#1"
				},
				"up": {
					"uv": [
						7.75,
						0.5,
						7.5,
						0.25
					],
					"texture": "#1"
				},
				"down": {
					"uv": [
						0.75,
						7.5,
						0.5,
						7.75
					],
					"texture": "#1"
				}
			}
		},
		{
			"from": [
				7.5,
				5.95,
				17.55
			],
			"to": [
				8.5,
				6.2,
				18.55
			],
			"rotation": {
				"angle": 0,
				"axis": "x",
				"origin": [
					8,
					6.7,
					14.8
				]
			},
			"faces": {
				"north": {
					"uv": [
						7.75,
						6.5,
						8,
						6.625
					],
					"texture": "#1"
				},
				"east": {
					"uv": [
						6.75,
						7.75,
						7,
						7.875
					],
					"texture": "#1"
				},
				"south": {
					"uv": [
						7.75,
						6.75,
						8,
						6.875
					],
					"texture": "#1"
				},
				"west": {
					"uv": [
						7,
						7.75,
						7.25,
						7.875
					],
					"texture": "#1"
				},
				"up": {
					"uv": [
						7.75,
						0.75,
						7.5,
						0.5
					],
					"texture": "#1"
				},
				"down": {
					"uv": [
						1,
						7.5,
						0.75,
						7.75
					],
					"texture": "#1"
				}
			}
		},
		{
			"from": [
				7.5,
				4.95,
				17.55
			],
			"to": [
				8.5,
				5.95,
				18.05
			],
			"rotation": {
				"angle": 0,
				"axis": "x",
				"origin": [
					8,
					6.7,
					14.8
				]
			},
			"faces": {
				"north": {
					"uv": [
						7.25,
						1.5,
						7.75,
						2
					],
					"texture": "#2"
				},
				"east": {
					"uv": [
						7.5,
						1.5,
						7.875,
						2
					],
					"texture": "#2"
				},
				"south": {
					"uv": [
						7.25,
						1.5,
						7.75,
						2
					],
					"texture": "#2"
				},
				"west": {
					"uv": [
						7.25,
						1.5,
						7.625,
						2
					],
					"texture": "#2"
				},
				"up": {
					"uv": [
						5.5,
						1.875,
						5.25,
						1.5
					],
					"texture": "#2"
				},
				"down": {
					"uv": [
						7.5,
						1.5,
						7.25,
						1.875
					],
					"texture": "#2"
				}
			}
		},
		{
			"from": [
				7.75,
				7.7,
				17.3
			],
			"to": [
				8.25,
				8.7,
				18.05
			],
			"rotation": {
				"angle": 22.5,
				"axis": "x",
				"origin": [
					8,
					6.7,
					14.8
				]
			},
			"faces": {
				"north": {
					"uv": [
						0,
						8,
						0.125,
						8.25
					],
					"texture": "#1"
				},
				"east": {
					"uv": [
						7.5,
						1.25,
						7.75,
						1.5
					],
					"texture": "#1"
				},
				"south": {
					"uv": [
						0.25,
						8,
						0.375,
						8.25
					],
					"texture": "#1"
				},
				"west": {
					"uv": [
						7.5,
						1.5,
						7.75,
						1.75
					],
					"texture": "#1"
				},
				"up": {
					"uv": [
						8.125,
						0.5,
						8,
						0.25
					],
					"texture": "#1"
				},
				"down": {
					"uv": [
						8.125,
						0.5,
						8,
						0.75
					],
					"texture": "#1"
				}
			}
		},
		{
			"from": [
				7.635,
				7.55,
				16.8
			],
			"to": [
				7.885,
				8.3,
				17.3
			],
			"rotation": {
				"angle": 0,
				"axis": "y",
				"origin": [
					0,
					2.7,
					1.8
				]
			},
			"faces": {
				"north": {
					"uv": [
						1.5,
						0,
						1.625,
						0.375
					],
					"texture": "#1"
				},
				"east": {
					"uv": [
						0,
						0,
						0.25,
						0.375
					],
					"texture": "#1"
				},
				"south": {
					"uv": [
						0.5,
						1.5,
						0.625,
						1.875
					],
					"texture": "#1"
				},
				"west": {
					"uv": [
						0,
						0.5,
						0.25,
						0.875
					],
					"texture": "#1"
				},
				"up": {
					"uv": [
						0.625,
						2.25,
						0.5,
						2
					],
					"texture": "#1"
				},
				"down": {
					"uv": [
						2.125,
						0.5,
						2,
						0.75
					],
					"texture": "#1"
				}
			}
		},
		{
			"from": [
				7.885,
				7.55,
				16.8
			],
			"to": [
				8.135,
				8.1,
				17.3
			],
			"rotation": {
				"angle": 0,
				"axis": "y",
				"origin": [
					0,
					2.7,
					1.8
				]
			},
			"faces": {
				"north": {
					"uv": [
						1,
						2,
						1.125,
						2.25
					],
					"texture": "#1"
				},
				"east": {
					"uv": [
						0.5,
						1,
						0.75,
						1.25
					],
					"texture": "#1"
				},
				"south": {
					"uv": [
						2,
						1,
						2.125,
						1.25
					],
					"texture": "#1"
				},
				"west": {
					"uv": [
						0,
						1.5,
						0.25,
						1.75
					],
					"texture": "#1"
				},
				"up": {
					"uv": [
						1.625,
						2.25,
						1.5,
						2
					],
					"texture": "#1"
				},
				"down": {
					"uv": [
						2.125,
						1.5,
						2,
						1.75
					],
					"texture": "#1"
				}
			}
		},
		{
			"from": [
				8.135,
				7.55,
				16.8
			],
			"to": [
				8.385,
				8.3,
				17.3
			],
			"rotation": {
				"angle": 0,
				"axis": "y",
				"origin": [
					0,
					2.7,
					1.8
				]
			},
			"faces": {
				"north": {
					"uv": [
						1.5,
						0.5,
						1.625,
						0.875
					],
					"texture": "#1"
				},
				"east": {
					"uv": [
						0.5,
						0,
						0.75,
						0.375
					],
					"texture": "#1"
				},
				"south": {
					"uv": [
						1,
						1.5,
						1.125,
						1.875
					],
					"texture": "#1"
				},
				"west": {
					"uv": [
						0.5,
						0.5,
						0.75,
						0.875
					],
					"texture": "#1"
				},
				"up": {
					"uv": [
						2.125,
						2.25,
						2,
						2
					],
					"texture": "#1"
				},
				"down": {
					"uv": [
						0.125,
						2.5,
						0,
						2.75
					],
					"texture": "#1"
				}
			}
		},
		{
			"from": [
				7.96,
				7.55,
				2.55
			],
			"to": [
				8.11,
				8.175,
				3.05
			],
			"rotation": {
				"angle": 0,
				"axis": "y",
				"origin": [
					0,
					2.7,
					1.8
				]
			},
			"faces": {
				"north": {
					"uv": [
						1.5,
						1,
						1.625,
						1.25
					],
					"texture": "#1"
				},
				"east": {
					"uv": [
						0,
						1,
						0.25,
						1.25
					],
					"texture": "#1"
				},
				"south": {
					"uv": [
						1.5,
						1.5,
						1.625,
						1.75
					],
					"texture": "#1"
				},
				"west": {
					"uv": [
						1,
						0,
						1.25,
						0.25
					],
					"texture": "#1"
				},
				"up": {
					"uv": [
						0.125,
						2.25,
						0,
						2
					],
					"texture": "#1"
				},
				"down": {
					"uv": [
						2.125,
						0,
						2,
						0.25
					],
					"texture": "#1"
				}
			}
		}
	],
	"display": {
		"thirdperson_righthand": {
			"translation": [
				0,
				4.5,
				-7
			]
		},
		"thirdperson_lefthand": {
			"translation": [
				0,
				4.5,
				-7
			],
			"scale": [
				-1,
				1,
				1
			]
		},
		"firstperson_righthand": {
			"translation": [
				-3.25,
				6.75,
				-4.75
			]
		},
		"firstperson_lefthand": {
			"translation": [
				-3.25,
				6.75,
				-4.75
			],
			"scale": [
				-1,
				1,
				1
			]
		},
		"ground": {
			"translation": [
				0,
				3.75,
				-4.5
			]
		},
		"gui": {
			"rotation": [
				18,
				-143,
				2
			],
			"translation": [
				3.5,
				1.25,
				0.25
			],
			"scale": [
				0.92,
				0.92,
				0.92
			]
		},
		"fixed": {
			"rotation": [
				0,
				87,
				0
			],
			"translation": [
				-4,
				5.5,
				-1.25
			],
			"scale": [
				1.82,
				1.82,
				1.82
			]
		}
	}
}