{
	"credit": "Made with Blockbench",
	"texture_size": [
		32,
		32
	],
	"textures": {
		"1": "scguns_laf:item/new_osgood_50_texture",
		"particle": "scguns_laf:item/new_osgood_50_texture"
	},
	"elements": [
		{
			"from": [
				7.25,
				3.5,
				2
			],
			"to": [
				8.75,
				5,
				8
			],
			"rotation": {
				"angle": 0,
				"axis": "y",
				"origin": [
					0,
					-0.05,
					-0.5
				]
			},
			"faces": {
				"north": {
					"uv": [
						6,
						10.5,
						6.75,
						11.25
					],
					"texture": "#1"
				},
				"east": {
					"uv": [
						3,
						0,
						6,
						0.75
					],
					"texture": "#1"
				},
				"south": {
					"uv": [
						10.5,
						6,
						11.25,
						6.75
					],
					"texture": "#1"
				},
				"west": {
					"uv": [
						3,
						1,
						6,
						1.75
					],
					"texture": "#1"
				},
				"up": {
					"uv": [
						3.75,
						5,
						3,
						2
					],
					"texture": "#1"
				},
				"down": {
					"uv": [
						0.75,
						4,
						0,
						7
					],
					"texture": "#1"
				}
			}
		},
		{
			"from": [
				7.5,
				1.7,
				4.75
			],
			"to": [
				8.5,
				3.2,
				8
			],
			"rotation": {
				"angle": 0,
				"axis": "y",
				"origin": [
					0,
					-0.3,
					4.5
				]
			},
			"faces": {
				"north": {
					"uv": [
						4.5,
						11,
						5,
						11.75
					],
					"texture": "#1"
				},
				"east": {
					"uv": [
						8,
						8,
						9.75,
						8.75
					],
					"texture": "#1"
				},
				"south": {
					"uv": [
						5,
						11,
						5.5,
						11.75
					],
					"texture": "#1"
				},
				"west": {
					"uv": [
						8.5,
						1,
						10.25,
						1.75
					],
					"texture": "#1"
				},
				"up": {
					"uv": [
						0.5,
						11.25,
						0,
						9.5
					],
					"texture": "#1"
				},
				"down": {
					"uv": [
						1,
						9.5,
						0.5,
						11.25
					],
					"texture": "#1"
				}
			}
		},
		{
			"from": [
				7.5,
				1.8,
				8
			],
			"to": [
				8.5,
				3.3,
				11.25
			],
			"rotation": {
				"angle": 0,
				"axis": "y",
				"origin": [
					0,
					-0.3,
					4.5
				]
			},
			"faces": {
				"north": {
					"uv": [
						5.5,
						11,
						6,
						11.75
					],
					"texture": "#1"
				},
				"east": {
					"uv": [
						8.5,
						2,
						10.25,
						2.75
					],
					"texture": "#1"
				},
				"south": {
					"uv": [
						7.5,
						11,
						8,
						11.75
					],
					"texture": "#1"
				},
				"west": {
					"uv": [
						8.5,
						4,
						10.25,
						4.75
					],
					"texture": "#1"
				},
				"up": {
					"uv": [
						1.5,
						11.25,
						1,
						9.5
					],
					"texture": "#1"
				},
				"down": {
					"uv": [
						2,
						9.5,
						1.5,
						11.25
					],
					"texture": "#1"
				}
			}
		},
		{
			"from": [
				6,
				2.4,
				8.25
			],
			"to": [
				10,
				4,
				10.25
			],
			"rotation": {
				"angle": 22.5,
				"axis": "z",
				"origin": [
					8,
					3.2,
					9.25
				]
			},
			"faces": {
				"north": {
					"uv": [
						5.5,
						6,
						7.5,
						6.75
					],
					"texture": "#1"
				},
				"east": {
					"uv": [
						9.5,
						0,
						10.5,
						0.75
					],
					"texture": "#1"
				},
				"south": {
					"uv": [
						0,
						7,
						2,
						7.75
					],
					"texture": "#1"
				},
				"west": {
					"uv": [
						4,
						9.5,
						5,
						10.25
					],
					"texture": "#1"
				},
				"up": {
					"uv": [
						3,
						5,
						1,
						4
					],
					"texture": "#1"
				},
				"down": {
					"uv": [
						6,
						2,
						4,
						3
					],
					"texture": "#1"
				}
			}
		},
		{
			"from": [
				7.2,
				1.2,
				8.24
			],
			"to": [
				8.8,
				5.2,
				10.24
			],
			"rotation": {
				"angle": -22.5,
				"axis": "z",
				"origin": [
					8,
					3.2,
					9.25
				]
			},
			"faces": {
				"north": {
					"uv": [
						2,
						7,
						2.75,
						9
					],
					"texture": "#1"
				},
				"east": {
					"uv": [
						4,
						3,
						5,
						5
					],
					"texture": "#1"
				},
				"south": {
					"uv": [
						3,
						7,
						3.75,
						9
					],
					"texture": "#1"
				},
				"west": {
					"uv": [
						1,
						5,
						2,
						7
					],
					"texture": "#1"
				},
				"up": {
					"uv": [
						10.25,
						6,
						9.5,
						5
					],
					"texture": "#1"
				},
				"down": {
					"uv": [
						10.25,
						6,
						9.5,
						7
					],
					"texture": "#1"
				}
			}
		},
		{
			"from": [
				7.2,
				1.2,
				8.25
			],
			"to": [
				8.8,
				5.2,
				10.25
			],
			"rotation": {
				"angle": 22.5,
				"axis": "z",
				"origin": [
					8,
					3.2,
					9.25
				]
			},
			"faces": {
				"north": {
					"uv": [
						5.5,
						7,
						6.25,
						9
					],
					"texture": "#1"
				},
				"east": {
					"uv": [
						2,
						5,
						3,
						7
					],
					"texture": "#1"
				},
				"south": {
					"uv": [
						6.5,
						7,
						7.25,
						9
					],
					"texture": "#1"
				},
				"west": {
					"uv": [
						3,
						5,
						4,
						7
					],
					"texture": "#1"
				},
				"up": {
					"uv": [
						10.25,
						8,
						9.5,
						7
					],
					"texture": "#1"
				},
				"down": {
					"uv": [
						10.75,
						3,
						10,
						4
					],
					"texture": "#1"
				}
			}
		},
		{
			"from": [
				6.01,
				2.4,
				8.26
			],
			"to": [
				10.01,
				4,
				10.26
			],
			"rotation": {
				"angle": -22.5,
				"axis": "z",
				"origin": [
					8,
					3.2,
					9.25
				]
			},
			"faces": {
				"north": {
					"uv": [
						7,
						3,
						9,
						3.75
					],
					"texture": "#1"
				},
				"east": {
					"uv": [
						10,
						8,
						11,
						8.75
					],
					"texture": "#1"
				},
				"south": {
					"uv": [
						7.5,
						0,
						9.5,
						0.75
					],
					"texture": "#1"
				},
				"west": {
					"uv": [
						10,
						9,
						11,
						9.75
					],
					"texture": "#1"
				},
				"up": {
					"uv": [
						7,
						4,
						5,
						3
					],
					"texture": "#1"
				},
				"down": {
					"uv": [
						6,
						5,
						4,
						6
					],
					"texture": "#1"
				}
			}
		},
		{
			"from": [
				7.25,
				-0.925,
				13.125
			],
			"to": [
				8.75,
				3.075,
				14.625
			],
			"rotation": {
				"angle": -22.5,
				"axis": "x",
				"origin": [
					8,
					1.2,
					13.125
				]
			},
			"faces": {
				"north": {
					"uv": [
						7.5,
						1,
						8.25,
						3
					],
					"texture": "#1"
				},
				"east": {
					"uv": [
						4,
						7.5,
						4.75,
						9.5
					],
					"texture": "#1"
				},
				"south": {
					"uv": [
						7.5,
						4,
						8.25,
						6
					],
					"texture": "#1",
					"cullface": "south"
				},
				"west": {
					"uv": [
						7.5,
						6,
						8.25,
						8
					],
					"texture": "#1"
				},
				"up": {
					"uv": [
						11.25,
						7.75,
						10.5,
						7
					],
					"texture": "#1"
				},
				"down": {
					"uv": [
						8.75,
						10.5,
						8,
						11.25
					],
					"texture": "#1",
					"cullface": "down"
				}
			}
		},
		{
			"from": [
				7.75,
				2.31903,
				12.14567
			],
			"to": [
				8.25,
				2.81903,
				12.64567
			],
			"rotation": {
				"angle": 0,
				"axis": "y",
				"origin": [
					8,
					2.93452,
					9.74784
				]
			},
			"faces": {
				"north": {
					"uv": [
						5,
						12.5,
						5.25,
						12.75
					],
					"texture": "#1"
				},
				"east": {
					"uv": [
						12.5,
						5,
						12.75,
						5.25
					],
					"texture": "#1"
				},
				"south": {
					"uv": [
						5.5,
						12.5,
						5.75,
						12.75
					],
					"texture": "#1"
				},
				"west": {
					"uv": [
						12.5,
						5.5,
						12.75,
						5.75
					],
					"texture": "#1"
				},
				"up": {
					"uv": [
						7.75,
						12.75,
						7.5,
						12.5
					],
					"texture": "#1"
				},
				"down": {
					"uv": [
						8.25,
						12.5,
						8,
						12.75
					],
					"texture": "#1"
				}
			}
		},
		{
			"from": [
				7,
				3.2,
				1.75
			],
			"to": [
				9,
				5.2,
				2.25
			],
			"faces": {
				"north": {
					"uv": [
						5,
						4,
						6,
						5
					],
					"texture": "#1"
				},
				"east": {
					"uv": [
						11.5,
						7,
						11.75,
						8
					],
					"texture": "#1"
				},
				"south": {
					"uv": [
						9,
						3,
						10,
						4
					],
					"texture": "#1"
				},
				"west": {
					"uv": [
						8,
						11.5,
						8.25,
						12.5
					],
					"texture": "#1"
				},
				"up": {
					"uv": [
						9.5,
						11.75,
						8.5,
						11.5
					],
					"texture": "#1"
				},
				"down": {
					"uv": [
						10.5,
						11.5,
						9.5,
						11.75
					],
					"texture": "#1"
				}
			}
		},
		{
			"from": [
				6.75,
				1.2,
				7.75
			],
			"to": [
				9.25,
				5.2,
				10.75
			],
			"rotation": {
				"angle": 0,
				"axis": "y",
				"origin": [
					0,
					-0.05,
					-0.5
				]
			},
			"faces": {
				"north": {
					"uv": [
						0,
						2,
						1.25,
						4
					],
					"texture": "#1"
				},
				"east": {
					"uv": [
						0,
						0,
						1.5,
						2
					],
					"texture": "#1"
				},
				"south": {
					"uv": [
						1.5,
						2,
						2.75,
						4
					],
					"texture": "#1",
					"cullface": "south"
				},
				"west": {
					"uv": [
						1.5,
						0,
						3,
						2
					],
					"texture": "#1"
				},
				"up": {
					"uv": [
						7.25,
						1.5,
						6,
						0
					],
					"texture": "#1"
				},
				"down": {
					"uv": [
						7.25,
						1.5,
						6,
						3
					],
					"texture": "#1"
				}
			}
		},
		{
			"from": [
				7.24,
				2.95,
				12
			],
			"to": [
				8.74,
				3.7,
				13.5
			],
			"rotation": {
				"angle": 22.5,
				"axis": "x",
				"origin": [
					8,
					1.2,
					13.125
				]
			},
			"faces": {
				"north": {
					"uv": [
						11,
						8,
						11.75,
						8.5
					],
					"texture": "#1"
				},
				"east": {
					"uv": [
						11,
						8.5,
						11.75,
						9
					],
					"texture": "#1"
				},
				"south": {
					"uv": [
						11,
						9,
						11.75,
						9.5
					],
					"texture": "#1",
					"cullface": "down"
				},
				"west": {
					"uv": [
						11,
						9.5,
						11.75,
						10
					],
					"texture": "#1"
				},
				"up": {
					"uv": [
						9.75,
						11.25,
						9,
						10.5
					],
					"texture": "#1",
					"cullface": "south"
				},
				"down": {
					"uv": [
						11.25,
						10,
						10.5,
						10.75
					],
					"texture": "#1"
				}
			}
		},
		{
			"from": [
				7,
				2.7,
				10.75
			],
			"to": [
				9,
				5.2,
				13.5
			],
			"rotation": {
				"angle": 0,
				"axis": "y",
				"origin": [
					0,
					-0.05,
					-0.5
				]
			},
			"faces": {
				"north": {
					"uv": [
						8.5,
						5,
						9.5,
						6.25
					],
					"texture": "#1"
				},
				"east": {
					"uv": [
						4,
						6,
						5.5,
						7.25
					],
					"texture": "#1"
				},
				"south": {
					"uv": [
						8.5,
						6.5,
						9.5,
						7.75
					],
					"texture": "#1",
					"cullface": "south"
				},
				"west": {
					"uv": [
						6,
						4,
						7.5,
						5.25
					],
					"texture": "#1"
				},
				"up": {
					"uv": [
						1,
						9.5,
						0,
						8
					],
					"texture": "#1"
				},
				"down": {
					"uv": [
						2,
						8,
						1,
						9.5
					],
					"texture": "#1"
				}
			}
		},
		{
			"from": [
				7.75,
				2.95,
				14.25
			],
			"to": [
				8.25,
				3.45,
				15.5
			],
			"rotation": {
				"angle": -22.5,
				"axis": "x",
				"origin": [
					8,
					1.2,
					13.125
				]
			},
			"faces": {
				"north": {
					"uv": [
						8.5,
						12.5,
						8.75,
						12.75
					],
					"texture": "#1"
				},
				"east": {
					"uv": [
						12,
						4.5,
						12.75,
						4.75
					],
					"texture": "#1"
				},
				"south": {
					"uv": [
						9,
						12.5,
						9.25,
						12.75
					],
					"texture": "#1",
					"cullface": "down"
				},
				"west": {
					"uv": [
						5,
						12,
						5.75,
						12.25
					],
					"texture": "#1"
				},
				"up": {
					"uv": [
						12.25,
						5.75,
						12,
						5
					],
					"texture": "#1",
					"cullface": "south"
				},
				"down": {
					"uv": [
						6.25,
						12,
						6,
						12.75
					],
					"texture": "#1"
				}
			}
		},
		{
			"from": [
				7.5,
				3.325,
				13.375
			],
			"to": [
				8.5,
				4.825,
				13.875
			],
			"rotation": {
				"angle": 0,
				"axis": "x",
				"origin": [
					8,
					1.2,
					13.125
				]
			},
			"faces": {
				"north": {
					"uv": [
						10.5,
						11,
						11,
						11.75
					],
					"texture": "#1",
					"cullface": "south"
				},
				"east": {
					"uv": [
						6.5,
						12,
						6.75,
						12.75
					],
					"texture": "#1"
				},
				"south": {
					"uv": [
						11,
						11,
						11.5,
						11.75
					],
					"texture": "#1"
				},
				"west": {
					"uv": [
						7,
						12,
						7.25,
						12.75
					],
					"texture": "#1"
				},
				"up": {
					"uv": [
						8,
						12.25,
						7.5,
						12
					],
					"texture": "#1",
					"cullface": "down"
				},
				"down": {
					"uv": [
						10,
						12,
						9.5,
						12.25
					],
					"texture": "#1"
				}
			}
		},
		{
			"from": [
				7,
				0.95,
				7.98
			],
			"to": [
				9,
				1.2,
				10.48
			],
			"rotation": {
				"angle": 0,
				"axis": "y",
				"origin": [
					0,
					-0.05,
					-0.5
				]
			},
			"faces": {
				"north": {
					"uv": [
						11.5,
						10,
						12.5,
						10.25
					],
					"texture": "#1"
				},
				"east": {
					"uv": [
						11.5,
						2,
						12.75,
						2.25
					],
					"texture": "#1"
				},
				"south": {
					"uv": [
						11.5,
						10.5,
						12.5,
						10.75
					],
					"texture": "#1",
					"cullface": "south"
				},
				"west": {
					"uv": [
						6,
						11.5,
						7.25,
						11.75
					],
					"texture": "#1"
				},
				"up": {
					"uv": [
						3,
						10.25,
						2,
						9
					],
					"texture": "#1"
				},
				"down": {
					"uv": [
						4,
						9,
						3,
						10.25
					],
					"texture": "#1"
				}
			}
		},
		{
			"from": [
				7,
				5.2,
				7.98
			],
			"to": [
				9,
				5.45,
				10.48
			],
			"rotation": {
				"angle": 0,
				"axis": "y",
				"origin": [
					0,
					-0.05,
					-0.5
				]
			},
			"faces": {
				"north": {
					"uv": [
						11.5,
						11,
						12.5,
						11.25
					],
					"texture": "#1"
				},
				"east": {
					"uv": [
						11.5,
						6,
						12.75,
						6.25
					],
					"texture": "#1"
				},
				"south": {
					"uv": [
						11.5,
						11.5,
						12.5,
						11.75
					],
					"texture": "#1",
					"cullface": "south"
				},
				"west": {
					"uv": [
						11.5,
						6.5,
						12.75,
						6.75
					],
					"texture": "#1"
				},
				"up": {
					"uv": [
						6.5,
						10.25,
						5.5,
						9
					],
					"texture": "#1"
				},
				"down": {
					"uv": [
						7.5,
						9,
						6.5,
						10.25
					],
					"texture": "#1"
				}
			}
		},
		{
			"from": [
				7.5,
				5.2,
				10.48
			],
			"to": [
				8.5,
				5.45,
				13.23
			],
			"rotation": {
				"angle": 0,
				"axis": "y",
				"origin": [
					0,
					-0.05,
					-0.5
				]
			},
			"faces": {
				"north": {
					"uv": [
						12,
						9.5,
						12.5,
						9.75
					],
					"texture": "#1"
				},
				"east": {
					"uv": [
						0,
						11.5,
						1.5,
						11.75
					],
					"texture": "#1"
				},
				"south": {
					"uv": [
						10,
						12,
						10.5,
						12.25
					],
					"texture": "#1",
					"cullface": "south"
				},
				"west": {
					"uv": [
						11.5,
						0.5,
						13,
						0.75
					],
					"texture": "#1"
				},
				"up": {
					"uv": [
						10.5,
						11.5,
						10,
						10
					],
					"texture": "#1"
				},
				"down": {
					"uv": [
						11,
						0,
						10.5,
						1.5
					],
					"texture": "#1"
				}
			}
		},
		{
			"from": [
				7.65,
				5.45,
				12.23
			],
			"to": [
				7.85,
				5.65,
				13.23
			],
			"rotation": {
				"angle": 0,
				"axis": "y",
				"origin": [
					0,
					-0.05,
					-0.5
				]
			},
			"faces": {
				"north": {
					"uv": [
						9.5,
						12.5,
						9.75,
						12.75
					],
					"texture": "#1"
				},
				"east": {
					"uv": [
						10.5,
						12,
						11,
						12.25
					],
					"texture": "#1"
				},
				"south": {
					"uv": [
						12.5,
						9.5,
						12.75,
						9.75
					],
					"texture": "#1",
					"cullface": "south"
				},
				"west": {
					"uv": [
						11,
						12,
						11.5,
						12.25
					],
					"texture": "#1"
				},
				"up": {
					"uv": [
						11.75,
						12.5,
						11.5,
						12
					],
					"texture": "#1"
				},
				"down": {
					"uv": [
						12.25,
						12,
						12,
						12.5
					],
					"texture": "#1"
				}
			}
		},
		{
			"from": [
				8.15,
				5.45,
				12.23
			],
			"to": [
				8.35,
				5.65,
				13.23
			],
			"rotation": {
				"angle": 0,
				"axis": "y",
				"origin": [
					0,
					-0.05,
					-0.5
				]
			},
			"faces": {
				"north": {
					"uv": [
						10,
						12.5,
						10.25,
						12.75
					],
					"texture": "#1"
				},
				"east": {
					"uv": [
						0,
						12.5,
						0.5,
						12.75
					],
					"texture": "#1"
				},
				"south": {
					"uv": [
						12.5,
						10,
						12.75,
						10.25
					],
					"texture": "#1",
					"cullface": "south"
				},
				"west": {
					"uv": [
						12.5,
						0,
						13,
						0.25
					],
					"texture": "#1"
				},
				"up": {
					"uv": [
						12.75,
						1.5,
						12.5,
						1
					],
					"texture": "#1"
				},
				"down": {
					"uv": [
						1.75,
						12.5,
						1.5,
						13
					],
					"texture": "#1"
				}
			}
		},
		{
			"from": [
				7.925,
				5.45,
				2.33
			],
			"to": [
				8.075,
				5.7,
				2.83
			],
			"rotation": {
				"angle": 0,
				"axis": "y",
				"origin": [
					0,
					-0.05,
					-0.5
				]
			},
			"faces": {
				"north": {
					"uv": [
						10.5,
						12.5,
						10.75,
						12.75
					],
					"texture": "#1"
				},
				"east": {
					"uv": [
						12.5,
						10.5,
						12.75,
						10.75
					],
					"texture": "#1"
				},
				"south": {
					"uv": [
						11,
						12.5,
						11.25,
						12.75
					],
					"texture": "#1",
					"cullface": "south"
				},
				"west": {
					"uv": [
						12.5,
						11,
						12.75,
						11.25
					],
					"texture": "#1"
				},
				"up": {
					"uv": [
						11.75,
						12.75,
						11.5,
						12.5
					],
					"texture": "#1"
				},
				"down": {
					"uv": [
						12.75,
						11.5,
						12.5,
						11.75
					],
					"texture": "#1"
				}
			}
		},
		{
			"from": [
				7.5,
				2.95,
				2.25
			],
			"to": [
				8.5,
				3.7,
				4.25
			],
			"rotation": {
				"angle": 0,
				"axis": "y",
				"origin": [
					0,
					-0.05,
					-0.5
				]
			},
			"faces": {
				"north": {
					"uv": [
						7,
						5.5,
						7.5,
						6
					],
					"texture": "#1"
				},
				"east": {
					"uv": [
						6,
						5.5,
						7,
						6
					],
					"texture": "#1"
				},
				"south": {
					"uv": [
						0,
						12,
						0.5,
						12.5
					],
					"texture": "#1",
					"cullface": "south"
				},
				"west": {
					"uv": [
						11,
						0,
						12,
						0.5
					],
					"texture": "#1"
				},
				"up": {
					"uv": [
						7.5,
						11.5,
						7,
						10.5
					],
					"texture": "#1"
				},
				"down": {
					"uv": [
						11.5,
						0.5,
						11,
						1.5
					],
					"texture": "#1"
				}
			}
		},
		{
			"from": [
				7.25,
				1.5,
				4.25
			],
			"to": [
				8.75,
				3.5,
				4.75
			],
			"rotation": {
				"angle": 0,
				"axis": "y",
				"origin": [
					0,
					-0.3,
					4.5
				]
			},
			"faces": {
				"north": {
					"uv": [
						10.5,
						1.5,
						11.25,
						2.5
					],
					"texture": "#1"
				},
				"east": {
					"uv": [
						0.5,
						12,
						0.75,
						13
					],
					"texture": "#1"
				},
				"south": {
					"uv": [
						2,
						10.5,
						2.75,
						11.5
					],
					"texture": "#1"
				},
				"west": {
					"uv": [
						1,
						12,
						1.25,
						13
					],
					"texture": "#1"
				},
				"up": {
					"uv": [
						12.75,
						7.25,
						12,
						7
					],
					"texture": "#1"
				},
				"down": {
					"uv": [
						12.75,
						7.5,
						12,
						7.75
					],
					"texture": "#1"
				}
			}
		},
		{
			"from": [
				7.5,
				1.7,
				3.5
			],
			"to": [
				8.5,
				2.95,
				4.25
			],
			"rotation": {
				"angle": 0,
				"axis": "y",
				"origin": [
					0,
					-0.3,
					4.5
				]
			},
			"faces": {
				"north": {
					"uv": [
						11.5,
						1,
						12,
						1.75
					],
					"texture": "#1"
				},
				"east": {
					"uv": [
						1.5,
						11.5,
						2,
						12.25
					],
					"texture": "#1"
				},
				"south": {
					"uv": [
						2,
						11.5,
						2.5,
						12.25
					],
					"texture": "#1"
				},
				"west": {
					"uv": [
						2.5,
						11.5,
						3,
						12.25
					],
					"texture": "#1"
				},
				"up": {
					"uv": [
						12.5,
						0.5,
						12,
						0
					],
					"texture": "#1"
				},
				"down": {
					"uv": [
						12.5,
						1,
						12,
						1.5
					],
					"texture": "#1"
				}
			}
		},
		{
			"from": [
				7.5,
				4.95,
				2.23
			],
			"to": [
				8.5,
				5.45,
				7.98
			],
			"rotation": {
				"angle": 0,
				"axis": "y",
				"origin": [
					0,
					-0.05,
					-0.5
				]
			},
			"faces": {
				"north": {
					"uv": [
						2,
						12.5,
						2.5,
						12.75
					],
					"texture": "#1"
				},
				"east": {
					"uv": [
						10.5,
						2.5,
						13.5,
						2.75
					],
					"texture": "#1"
				},
				"south": {
					"uv": [
						2.5,
						12.5,
						3,
						12.75
					],
					"texture": "#1",
					"cullface": "south"
				},
				"west": {
					"uv": [
						3,
						10.5,
						6,
						10.75
					],
					"texture": "#1"
				},
				"up": {
					"uv": [
						5.5,
						10.5,
						5,
						7.5
					],
					"texture": "#1"
				},
				"down": {
					"uv": [
						8,
						8,
						7.5,
						11
					],
					"texture": "#1"
				}
			}
		},
		{
			"from": [
				7.24,
				-6.04,
				14
			],
			"to": [
				8.74,
				-3.29,
				14.25
			],
			"rotation": {
				"angle": -22.5,
				"axis": "x",
				"origin": [
					0,
					0,
					0
				]
			},
			"faces": {
				"north": {
					"uv": [
						8,
						9,
						8.75,
						10.5
					],
					"texture": "#1"
				},
				"east": {
					"uv": [
						11.5,
						3,
						11.75,
						4.5
					],
					"texture": "#1"
				},
				"south": {
					"uv": [
						9,
						9,
						9.75,
						10.5
					],
					"texture": "#1"
				},
				"west": {
					"uv": [
						11.5,
						4.5,
						11.75,
						6
					],
					"texture": "#1"
				},
				"up": {
					"uv": [
						12.75,
						8.25,
						12,
						8
					],
					"texture": "#1"
				},
				"down": {
					"uv": [
						9.25,
						12,
						8.5,
						12.25
					],
					"texture": "#1"
				}
			}
		},
		{
			"from": [
				7.25,
				-0.80421,
				13.7076
			],
			"to": [
				8.75,
				-0.45421,
				15.7876
			],
			"rotation": {
				"angle": -22.5,
				"axis": "x",
				"origin": [
					7.99,
					-1.05421,
					14.80761
				]
			},
			"faces": {
				"north": {
					"uv": [
						12,
						8.5,
						12.75,
						8.75
					],
					"texture": "#1"
				},
				"east": {
					"uv": [
						12,
						1.5,
						13,
						1.75
					],
					"texture": "#1"
				},
				"south": {
					"uv": [
						12,
						9,
						12.75,
						9.25
					],
					"texture": "#1"
				},
				"west": {
					"uv": [
						3,
						12,
						4,
						12.25
					],
					"texture": "#1"
				},
				"up": {
					"uv": [
						11.25,
						5,
						10.5,
						4
					],
					"texture": "#1"
				},
				"down": {
					"uv": [
						11.25,
						5,
						10.5,
						6
					],
					"texture": "#1"
				}
			}
		},
		{
			"from": [
				7.5,
				1.44579,
				10.4576
			],
			"to": [
				8.5,
				1.79579,
				12.2876
			],
			"rotation": {
				"angle": 0,
				"axis": "x",
				"origin": [
					7.99,
					-1.05421,
					14.80761
				]
			},
			"faces": {
				"north": {
					"uv": [
						3,
						12.5,
						3.5,
						12.75
					],
					"texture": "#1"
				},
				"east": {
					"uv": [
						12,
						3,
						13,
						3.25
					],
					"texture": "#1"
				},
				"south": {
					"uv": [
						3.5,
						12.5,
						4,
						12.75
					],
					"texture": "#1"
				},
				"west": {
					"uv": [
						12,
						3.5,
						13,
						3.75
					],
					"texture": "#1"
				},
				"up": {
					"uv": [
						3.5,
						12,
						3,
						11
					],
					"texture": "#1"
				},
				"down": {
					"uv": [
						11.5,
						3,
						11,
						4
					],
					"texture": "#1"
				}
			}
		},
		{
			"from": [
				7.6,
				2.19579,
				13.4576
			],
			"to": [
				8.6,
				2.54579,
				15.2876
			],
			"rotation": {
				"angle": -22.5,
				"axis": "x",
				"origin": [
					9.99,
					-1.05421,
					14.80761
				]
			},
			"faces": {
				"north": {
					"uv": [
						4,
						12.5,
						4.5,
						12.75
					],
					"texture": "#1"
				},
				"east": {
					"uv": [
						4,
						12,
						5,
						12.25
					],
					"texture": "#1"
				},
				"south": {
					"uv": [
						4.5,
						12.5,
						5,
						12.75
					],
					"texture": "#1"
				},
				"west": {
					"uv": [
						12,
						4,
						13,
						4.25
					],
					"texture": "#1"
				},
				"up": {
					"uv": [
						4,
						12,
						3.5,
						11
					],
					"texture": "#1"
				},
				"down": {
					"uv": [
						4.5,
						11,
						4,
						12
					],
					"texture": "#1"
				}
			}
		}
	],
	"groups": [
		{
			"name": "group",
			"origin": [
				8,
				1.2,
				13.125
			],
			"color": 0,
			"children": [
				0,
				1,
				2,
				3,
				4,
				5,
				6,
				7,
				8,
				9,
				10,
				11,
				12,
				13,
				14,
				15,
				16,
				17,
				18,
				19,
				20,
				21,
				22,
				23,
				24,
				25,
				26,
				27,
				28
			]
		}
	],
	"display": {
		"thirdperson_righthand": {
			"translation": [
				0,
				5.5,
				-3.75
			]
		},
		"thirdperson_lefthand": {
			"translation": [
				0,
				5.5,
				-3.75
			],
			"scale": [
				-1,
				1,
				1
			]
		},
		"firstperson_righthand": {
			"translation": [
				-5.25,
				9.5,
				0.25
			],
			"scale": [
				1,
				1,
				0.88
			]
		},
		"firstperson_lefthand": {
			"translation": [
				-5.25,
				9.5,
				0.25
			],
			"scale": [
				-1,
				1,
				0.88
			]
		},
		"ground": {
			"translation": [
				0,
				6,
				0
			]
		},
		"gui": {
			"rotation": [
				20,
				-147,
				0
			],
			"translation": [
				0.5,
				6,
				-1
			],
			"scale": [
				1.42,
				1.42,
				1.42
			]
		},
		"fixed": {
			"rotation": [
				0,
				90,
				0
			],
			"translation": [
				-1.25,
				9.5,
				-2.75
			],
			"scale": [
				1.74,
				1.74,
				1.74
			]
		}
	}
}