{
	"credit": "Made with Blockbench",
	"texture_size": [
		64,
		64
	],
	"textures": {
		"1": "scguns_laf:item/new_punt_gun_texture",
		"particle": "scguns_laf:item/new_punt_gun_texture"
	},
	"elements": [
		{
			"from": [
				6.877,
				-0.9889,
				29.9159
			],
			"to": [
				9.123,
				3.2395,
				31.9619
			],
			"rotation": {
				"angle": -45,
				"axis": "x",
				"origin": [
					8,
					1.023,
					30.291
				]
			},
			"faces": {
				"north": {
					"uv": [
						1.5,
						8,
						2,
						9
					],
					"texture": "#1"
				},
				"east": {
					"uv": [
						2,
						8,
						2.5,
						9
					],
					"texture": "#1"
				},
				"south": {
					"uv": [
						2.5,
						8,
						3,
						9
					],
					"texture": "#1"
				},
				"west": {
					"uv": [
						8,
						4.5,
						8.5,
						5.5
					],
					"texture": "#1"
				},
				"up": {
					"uv": [
						8.5,
						6,
						8,
						5.5
					],
					"texture": "#1"
				},
				"down": {
					"uv": [
						2.5,
						9,
						2,
						9.5
					],
					"texture": "#1"
				}
			}
		},
		{
			"from": [
				7.1498,
				-1.3981,
				30.3592
			],
			"to": [
				8.8502,
				-0.7161,
				31.8255
			],
			"rotation": {
				"angle": -45,
				"axis": "x",
				"origin": [
					8,
					1.023,
					30.291
				]
			},
			"faces": {
				"north": {
					"uv": [
						9.75,
						7.5,
						10.125,
						7.625
					],
					"texture": "#1"
				},
				"east": {
					"uv": [
						7.75,
						9.75,
						8.125,
						9.875
					],
					"texture": "#1"
				},
				"south": {
					"uv": [
						9.75,
						7.75,
						10.125,
						7.875
					],
					"texture": "#1"
				},
				"west": {
					"uv": [
						9.75,
						8,
						10.125,
						8.125
					],
					"texture": "#1"
				},
				"up": {
					"uv": [
						6.875,
						9.625,
						6.5,
						9.25
					],
					"texture": "#1"
				},
				"down": {
					"uv": [
						9.625,
						7,
						9.25,
						7.375
					],
					"texture": "#1"
				}
			}
		},
		{
			"from": [
				6.377,
				2.046,
				19.5752
			],
			"to": [
				9.623,
				4.9784,
				27.3132
			],
			"rotation": {
				"angle": 0,
				"axis": "y",
				"origin": [
					8,
					0.7502,
					30.291
				]
			},
			"faces": {
				"north": {
					"uv": [
						8,
						0,
						8.75,
						0.75
					],
					"texture": "#1"
				},
				"east": {
					"uv": [
						6,
						0,
						7.875,
						0.75
					],
					"texture": "#1"
				},
				"south": {
					"uv": [
						8,
						0.75,
						8.75,
						1.5
					],
					"texture": "#1"
				},
				"west": {
					"uv": [
						6,
						0.75,
						7.875,
						1.5
					],
					"texture": "#1"
				},
				"up": {
					"uv": [
						2.25,
						7.875,
						1.5,
						6
					],
					"texture": "#1"
				},
				"down": {
					"uv": [
						3,
						6,
						2.25,
						7.875
					],
					"texture": "#1"
				}
			}
		},
		{
			"from": [
				7.6954,
				1.0912,
				27.7676
			],
			"to": [
				8.3046,
				2.5916,
				28.3132
			],
			"rotation": {
				"angle": 0,
				"axis": "y",
				"origin": [
					8,
					1.4322,
					28.1768
				]
			},
			"faces": {
				"north": {
					"uv": [
						8.25,
						9.75,
						8.375,
						10.125
					],
					"texture": "#1"
				},
				"east": {
					"uv": [
						8.75,
						9.75,
						8.875,
						10.125
					],
					"texture": "#1"
				},
				"south": {
					"uv": [
						9,
						9.75,
						9.125,
						10.125
					],
					"texture": "#1"
				},
				"west": {
					"uv": [
						9.25,
						9.75,
						9.375,
						10.125
					],
					"texture": "#1"
				},
				"up": {
					"uv": [
						10.375,
						2.125,
						10.25,
						2
					],
					"texture": "#1"
				},
				"down": {
					"uv": [
						10.375,
						2.25,
						10.25,
						2.375
					],
					"texture": "#1"
				}
			}
		},
		{
			"from": [
				7.309,
				1.364,
				26.6764
			],
			"to": [
				8.691,
				3.069,
				27.222
			],
			"rotation": {
				"angle": -22.5,
				"axis": "x",
				"origin": [
					8,
					1.705,
					28.4496
				]
			},
			"faces": {
				"north": {
					"uv": [
						9.25,
						7.5,
						9.625,
						7.875
					],
					"texture": "#1"
				},
				"east": {
					"uv": [
						9.75,
						9.5,
						9.875,
						9.875
					],
					"texture": "#1"
				},
				"south": {
					"uv": [
						9.25,
						8,
						9.625,
						8.375
					],
					"texture": "#1"
				},
				"west": {
					"uv": [
						0.25,
						10,
						0.375,
						10.375
					],
					"texture": "#1"
				},
				"up": {
					"uv": [
						10.125,
						8.375,
						9.75,
						8.25
					],
					"texture": "#1"
				},
				"down": {
					"uv": [
						10.375,
						0.25,
						10,
						0.375
					],
					"texture": "#1"
				}
			}
		},
		{
			"from": [
				7.4454,
				1.7391,
				24.2894
			],
			"to": [
				8.5546,
				2.1142,
				26.7446
			],
			"rotation": {
				"angle": 0,
				"axis": "y",
				"origin": [
					8,
					1.705,
					28.4496
				]
			},
			"faces": {
				"north": {
					"uv": [
						10,
						1.5,
						10.25,
						1.625
					],
					"texture": "#1"
				},
				"east": {
					"uv": [
						9.75,
						3.5,
						10.375,
						3.625
					],
					"texture": "#1"
				},
				"south": {
					"uv": [
						10,
						2.5,
						10.25,
						2.625
					],
					"texture": "#1"
				},
				"west": {
					"uv": [
						9.75,
						4.5,
						10.375,
						4.625
					],
					"texture": "#1"
				},
				"up": {
					"uv": [
						6.25,
						9.875,
						6,
						9.25
					],
					"texture": "#1"
				},
				"down": {
					"uv": [
						6.5,
						9.25,
						6.25,
						9.875
					],
					"texture": "#1"
				}
			}
		},
		{
			"from": [
				7.559,
				0.5797,
				27.4607
			],
			"to": [
				8.441,
				1.0571,
				29.3703
			],
			"rotation": {
				"angle": -22.5,
				"axis": "x",
				"origin": [
					8,
					1.705,
					28.4496
				]
			},
			"faces": {
				"north": {
					"uv": [
						10,
						3.75,
						10.25,
						3.875
					],
					"texture": "#1"
				},
				"east": {
					"uv": [
						9.75,
						5.25,
						10.25,
						5.375
					],
					"texture": "#1"
				},
				"south": {
					"uv": [
						10,
						5.5,
						10.25,
						5.625
					],
					"texture": "#1"
				},
				"west": {
					"uv": [
						9.75,
						5.75,
						10.25,
						5.875
					],
					"texture": "#1"
				},
				"up": {
					"uv": [
						9,
						9.75,
						8.75,
						9.25
					],
					"texture": "#1"
				},
				"down": {
					"uv": [
						9.25,
						9.25,
						9,
						9.75
					],
					"texture": "#1"
				}
			}
		},
		{
			"from": [
				7.57264,
				0.81649,
				27.26383
			],
			"to": [
				8.42736,
				1.25979,
				28.42323
			],
			"rotation": {
				"angle": 22.5,
				"axis": "x",
				"origin": [
					8,
					1.63489,
					26.85463
				]
			},
			"faces": {
				"north": {
					"uv": [
						10,
						9.5,
						10.25,
						9.625
					],
					"texture": "#1"
				},
				"east": {
					"uv": [
						9.75,
						10,
						10,
						10.125
					],
					"texture": "#1"
				},
				"south": {
					"uv": [
						10,
						9.75,
						10.25,
						9.875
					],
					"texture": "#1"
				},
				"west": {
					"uv": [
						10,
						10,
						10.25,
						10.125
					],
					"texture": "#1"
				},
				"up": {
					"uv": [
						4,
						8.75,
						3.75,
						8.5
					],
					"texture": "#1"
				},
				"down": {
					"uv": [
						4.75,
						8.75,
						4.5,
						9
					],
					"texture": "#1"
				}
			}
		},
		{
			"from": [
				7.8318,
				1.6368,
				27.904
			],
			"to": [
				8.1682,
				2.046,
				29.268
			],
			"rotation": {
				"angle": 0,
				"axis": "y",
				"origin": [
					8,
					1.4322,
					28.1768
				]
			},
			"faces": {
				"north": {
					"uv": [
						10.25,
						2.5,
						10.375,
						2.625
					],
					"texture": "#1"
				},
				"east": {
					"uv": [
						10,
						0.5,
						10.375,
						0.625
					],
					"texture": "#1"
				},
				"south": {
					"uv": [
						10.25,
						3.75,
						10.375,
						3.875
					],
					"texture": "#1"
				},
				"west": {
					"uv": [
						1,
						10,
						1.375,
						10.125
					],
					"texture": "#1"
				},
				"up": {
					"uv": [
						0.625,
						10.375,
						0.5,
						10
					],
					"texture": "#1"
				},
				"down": {
					"uv": [
						10.125,
						1,
						10,
						1.375
					],
					"texture": "#1"
				}
			}
		},
		{
			"from": [
				6.5134,
				2.3188,
				10.2824
			],
			"to": [
				9.4866,
				4.7784,
				28.4752
			],
			"rotation": {
				"angle": 0,
				"axis": "y",
				"origin": [
					8,
					0.7502,
					30.291
				]
			},
			"faces": {
				"north": {
					"uv": [
						8.25,
						1.5,
						9,
						2.125
					],
					"texture": "#1"
				},
				"east": {
					"uv": [
						3,
						1.5,
						7.5,
						2.125
					],
					"texture": "#1"
				},
				"south": {
					"uv": [
						8.25,
						2.25,
						9,
						2.875
					],
					"texture": "#1"
				},
				"west": {
					"uv": [
						3,
						2.25,
						7.5,
						2.875
					],
					"texture": "#1"
				},
				"up": {
					"uv": [
						2.25,
						6,
						1.5,
						1.5
					],
					"texture": "#1"
				},
				"down": {
					"uv": [
						3,
						1.5,
						2.25,
						6
					],
					"texture": "#1"
				}
			}
		},
		{
			"from": [
				6.5566,
				2.428,
				0.3272
			],
			"to": [
				9.4434,
				4.7784,
				10.3824
			],
			"rotation": {
				"angle": 0,
				"axis": "y",
				"origin": [
					8,
					0.7502,
					30.291
				]
			},
			"faces": {
				"north": {
					"uv": [
						4.75,
						8.25,
						5.5,
						8.875
					],
					"texture": "#1"
				},
				"east": {
					"uv": [
						5.5,
						4.5,
						8,
						5.125
					],
					"texture": "#1"
				},
				"south": {
					"uv": [
						7.25,
						8.25,
						8,
						8.875
					],
					"texture": "#1"
				},
				"west": {
					"uv": [
						5.5,
						5.25,
						8,
						5.875
					],
					"texture": "#1"
				},
				"up": {
					"uv": [
						4.75,
						7,
						4,
						4.5
					],
					"texture": "#1"
				},
				"down": {
					"uv": [
						5.5,
						4.5,
						4.75,
						7
					],
					"texture": "#1"
				}
			}
		},
		{
			"from": [
				6.8816,
				3.053,
				-10.0728
			],
			"to": [
				9.1184,
				4.7534,
				0.5824
			],
			"rotation": {
				"angle": 0,
				"axis": "y",
				"origin": [
					8,
					0.7502,
					30.291
				]
			},
			"faces": {
				"north": {
					"uv": [
						0.5,
						9.25,
						1,
						9.625
					],
					"texture": "#1"
				},
				"east": {
					"uv": [
						7.25,
						6,
						9.875,
						6.375
					],
					"texture": "#1"
				},
				"south": {
					"uv": [
						9.25,
						0.5,
						9.75,
						0.875
					],
					"texture": "#1"
				},
				"west": {
					"uv": [
						7.25,
						6.5,
						9.875,
						6.875
					],
					"texture": "#1"
				},
				"up": {
					"uv": [
						6,
						8.625,
						5.5,
						6
					],
					"texture": "#1"
				},
				"down": {
					"uv": [
						6.5,
						6,
						6,
						8.625
					],
					"texture": "#1"
				}
			}
		},
		{
			"from": [
				6.7816,
				2.853,
				-10.9728
			],
			"to": [
				9.2184,
				4.7534,
				-10.0176
			],
			"rotation": {
				"angle": 0,
				"axis": "y",
				"origin": [
					8,
					0.7502,
					30.291
				]
			},
			"faces": {
				"north": {
					"uv": [
						7.5,
						2.5,
						8.125,
						3
					],
					"texture": "#1"
				},
				"east": {
					"uv": [
						9.5,
						1,
						9.75,
						1.5
					],
					"texture": "#1"
				},
				"south": {
					"uv": [
						8.75,
						1,
						9.375,
						1.5
					],
					"texture": "#1"
				},
				"west": {
					"uv": [
						9.5,
						1.5,
						9.75,
						2
					],
					"texture": "#1"
				},
				"up": {
					"uv": [
						9.875,
						4,
						9.25,
						3.75
					],
					"texture": "#1"
				},
				"down": {
					"uv": [
						9.875,
						5.5,
						9.25,
						5.75
					],
					"texture": "#1"
				}
			}
		},
		{
			"from": [
				6.5134,
				4.1784,
				19.5316
			],
			"to": [
				9.4866,
				6.556,
				25.858
			],
			"rotation": {
				"angle": 0,
				"axis": "y",
				"origin": [
					8,
					0.7502,
					30.291
				]
			},
			"faces": {
				"north": {
					"uv": [
						0,
						8.5,
						0.75,
						9.125
					],
					"texture": "#1"
				},
				"east": {
					"uv": [
						7,
						3,
						8.625,
						3.625
					],
					"texture": "#1"
				},
				"south": {
					"uv": [
						0.75,
						8.5,
						1.5,
						9.125
					],
					"texture": "#1"
				},
				"west": {
					"uv": [
						7,
						3.75,
						8.625,
						4.375
					],
					"texture": "#1"
				},
				"up": {
					"uv": [
						7.25,
						7.625,
						6.5,
						6
					],
					"texture": "#1"
				},
				"down": {
					"uv": [
						4.75,
						7,
						4,
						8.625
					],
					"texture": "#1"
				}
			}
		},
		{
			"from": [
				6.627,
				4.1784,
				25.858
			],
			"to": [
				9.373,
				6.3424,
				28.3132
			],
			"rotation": {
				"angle": 0,
				"axis": "y",
				"origin": [
					8,
					0.7502,
					30.291
				]
			},
			"faces": {
				"north": {
					"uv": [
						3.75,
						8.75,
						4.375,
						9.25
					],
					"texture": "#1"
				},
				"east": {
					"uv": [
						8.75,
						4,
						9.375,
						4.5
					],
					"texture": "#1"
				},
				"south": {
					"uv": [
						5.5,
						8.75,
						6.125,
						9.25
					],
					"texture": "#1"
				},
				"west": {
					"uv": [
						6.25,
						8.75,
						6.875,
						9.25
					],
					"texture": "#1"
				},
				"up": {
					"uv": [
						3.625,
						9.125,
						3,
						8.5
					],
					"texture": "#1"
				},
				"down": {
					"uv": [
						9.125,
						4.5,
						8.5,
						5.125
					],
					"texture": "#1"
				}
			}
		},
		{
			"from": [
				6.6498,
				3.5442,
				0.338
			],
			"to": [
				9.3502,
				6.2696,
				23.812
			],
			"rotation": {
				"angle": 0,
				"axis": "y",
				"origin": [
					8,
					0.7502,
					30.291
				]
			},
			"faces": {
				"north": {
					"uv": [
						8.5,
						5.25,
						9.125,
						5.875
					],
					"texture": "#1"
				},
				"east": {
					"uv": [
						0,
						0,
						5.875,
						0.625
					],
					"texture": "#1"
				},
				"south": {
					"uv": [
						8.5,
						7,
						9.125,
						7.625
					],
					"texture": "#1"
				},
				"west": {
					"uv": [
						0,
						0.75,
						5.875,
						1.375
					],
					"texture": "#1"
				},
				"up": {
					"uv": [
						0.625,
						7.375,
						0,
						1.5
					],
					"texture": "#1"
				},
				"down": {
					"uv": [
						1.375,
						1.5,
						0.75,
						7.375
					],
					"texture": "#1"
				}
			}
		},
		{
			"from": [
				6.9498,
				3.7942,
				-15.762
			],
			"to": [
				9.0502,
				6.1696,
				0.487
			],
			"rotation": {
				"angle": 0,
				"axis": "y",
				"origin": [
					8,
					0.7502,
					30.291
				]
			},
			"faces": {
				"north": {
					"uv": [
						1.5,
						9,
						2,
						9.625
					],
					"texture": "#1"
				},
				"east": {
					"uv": [
						3,
						3,
						7,
						3.625
					],
					"texture": "#1"
				},
				"south": {
					"uv": [
						9,
						1.5,
						9.5,
						2.125
					],
					"texture": "#1"
				},
				"west": {
					"uv": [
						3,
						3.75,
						7,
						4.375
					],
					"texture": "#1"
				},
				"up": {
					"uv": [
						3.5,
						8.5,
						3,
						4.5
					],
					"texture": "#1"
				},
				"down": {
					"uv": [
						4,
						4.5,
						3.5,
						8.5
					],
					"texture": "#1"
				}
			}
		},
		{
			"from": [
				6.4328,
				2.1322,
				18.989
			],
			"to": [
				9.5672,
				6.4436,
				19.609
			],
			"rotation": {
				"angle": 0,
				"axis": "y",
				"origin": [
					8,
					0.7502,
					30.291
				]
			},
			"faces": {
				"north": {
					"uv": [
						4.75,
						7,
						5.5,
						8.125
					],
					"texture": "#1"
				},
				"east": {
					"uv": [
						8.5,
						9.25,
						8.625,
						10.375
					],
					"texture": "#1"
				},
				"south": {
					"uv": [
						7.25,
						7,
						8,
						8.125
					],
					"texture": "#1"
				},
				"west": {
					"uv": [
						9.25,
						8.5,
						9.375,
						9.625
					],
					"texture": "#1"
				},
				"up": {
					"uv": [
						7.75,
						9.625,
						7,
						9.5
					],
					"texture": "#1"
				},
				"down": {
					"uv": [
						8.5,
						9.5,
						7.75,
						9.625
					],
					"texture": "#1"
				}
			}
		},
		{
			"from": [
				6.4328,
				2.2322,
				9.939
			],
			"to": [
				9.5672,
				6.4186,
				10.559
			],
			"rotation": {
				"angle": 0,
				"axis": "y",
				"origin": [
					8,
					0.7502,
					30.291
				]
			},
			"faces": {
				"north": {
					"uv": [
						0,
						7.5,
						0.75,
						8.5
					],
					"texture": "#1"
				},
				"east": {
					"uv": [
						2,
						9.5,
						2.125,
						10.5
					],
					"texture": "#1"
				},
				"south": {
					"uv": [
						0.75,
						7.5,
						1.5,
						8.5
					],
					"texture": "#1"
				},
				"west": {
					"uv": [
						2.25,
						9.5,
						2.375,
						10.5
					],
					"texture": "#1"
				},
				"up": {
					"uv": [
						10.25,
						8.625,
						9.5,
						8.5
					],
					"texture": "#1"
				},
				"down": {
					"uv": [
						10.25,
						8.75,
						9.5,
						8.875
					],
					"texture": "#1"
				}
			}
		},
		{
			"from": [
				6.4828,
				2.3572,
				0.164
			],
			"to": [
				9.5172,
				6.3686,
				0.784
			],
			"rotation": {
				"angle": 0,
				"axis": "y",
				"origin": [
					8,
					0.7502,
					30.291
				]
			},
			"faces": {
				"north": {
					"uv": [
						7.5,
						1.5,
						8.25,
						2.5
					],
					"texture": "#1"
				},
				"east": {
					"uv": [
						2.5,
						9.5,
						2.625,
						10.5
					],
					"texture": "#1"
				},
				"south": {
					"uv": [
						6.5,
						7.75,
						7.25,
						8.75
					],
					"texture": "#1"
				},
				"west": {
					"uv": [
						2.75,
						9.5,
						2.875,
						10.5
					],
					"texture": "#1"
				},
				"up": {
					"uv": [
						10.25,
						9.125,
						9.5,
						9
					],
					"texture": "#1"
				},
				"down": {
					"uv": [
						10.25,
						9.25,
						9.5,
						9.375
					],
					"texture": "#1"
				}
			}
		},
		{
			"from": [
				6.86,
				3.77325,
				-15.9525
			],
			"to": [
				9.14,
				6.2195,
				-15.43
			],
			"rotation": {
				"angle": 0,
				"axis": "y",
				"origin": [
					8,
					0.57475,
					29.39875
				]
			},
			"faces": {
				"north": {
					"uv": [
						8.5,
						7.75,
						9.125,
						8.375
					],
					"texture": "#1"
				},
				"east": {
					"uv": [
						4,
						9.75,
						4.125,
						10.375
					],
					"texture": "#1"
				},
				"south": {
					"uv": [
						8.5,
						8.5,
						9.125,
						9.125
					],
					"texture": "#1"
				},
				"west": {
					"uv": [
						4.25,
						9.75,
						4.375,
						10.375
					],
					"texture": "#1"
				},
				"up": {
					"uv": [
						10.375,
						4.875,
						9.75,
						4.75
					],
					"texture": "#1"
				},
				"down": {
					"uv": [
						10.375,
						5,
						9.75,
						5.125
					],
					"texture": "#1"
				}
			}
		},
		{
			"from": [
				6.8998,
				3.8192,
				28.0404
			],
			"to": [
				9.1002,
				5.3196,
				28.8588
			],
			"rotation": {
				"angle": 0,
				"axis": "y",
				"origin": [
					8,
					0.7502,
					30.291
				]
			},
			"faces": {
				"north": {
					"uv": [
						1,
						9.25,
						1.5,
						9.625
					],
					"texture": "#1"
				},
				"east": {
					"uv": [
						9.5,
						9.5,
						9.75,
						9.875
					],
					"texture": "#1"
				},
				"south": {
					"uv": [
						9.25,
						2.75,
						9.75,
						3.125
					],
					"texture": "#1"
				},
				"west": {
					"uv": [
						0,
						9.75,
						0.25,
						10.125
					],
					"texture": "#1"
				},
				"up": {
					"uv": [
						9.75,
						6,
						9.25,
						5.75
					],
					"texture": "#1"
				},
				"down": {
					"uv": [
						10,
						2,
						9.5,
						2.25
					],
					"texture": "#1"
				}
			}
		},
		{
			"from": [
				7.4226,
				3.2736,
				28.5519
			],
			"to": [
				8.5774,
				4.5012,
				29.8477
			],
			"rotation": {
				"angle": 45,
				"axis": "x",
				"origin": [
					8,
					4.433,
					29.268
				]
			},
			"faces": {
				"north": {
					"uv": [
						7,
						8.75,
						7.25,
						9
					],
					"texture": "#1"
				},
				"east": {
					"uv": [
						9.75,
						0,
						10.125,
						0.25
					],
					"texture": "#1"
				},
				"south": {
					"uv": [
						9,
						2.75,
						9.25,
						3
					],
					"texture": "#1"
				},
				"west": {
					"uv": [
						0.25,
						9.75,
						0.625,
						10
					],
					"texture": "#1"
				},
				"up": {
					"uv": [
						10,
						0.625,
						9.75,
						0.25
					],
					"texture": "#1"
				},
				"down": {
					"uv": [
						1,
						9.75,
						0.75,
						10.125
					],
					"texture": "#1"
				}
			}
		},
		{
			"from": [
				9.5094,
				3.7286,
				27.6166
			],
			"to": [
				9.9822,
				6.3854,
				28.1746
			],
			"rotation": {
				"angle": 45,
				"axis": "x",
				"origin": [
					8.45,
					5.5944,
					28.8566
				]
			},
			"faces": {
				"north": {
					"uv": [
						5.5,
						9.75,
						5.625,
						10.375
					],
					"texture": "#1"
				},
				"east": {
					"uv": [
						5.75,
						9.75,
						5.875,
						10.375
					],
					"texture": "#1"
				},
				"south": {
					"uv": [
						6.5,
						9.75,
						6.625,
						10.375
					],
					"texture": "#1"
				},
				"west": {
					"uv": [
						6.75,
						9.75,
						6.875,
						10.375
					],
					"texture": "#1"
				},
				"up": {
					"uv": [
						10.375,
						5.375,
						10.25,
						5.25
					],
					"texture": "#1"
				},
				"down": {
					"uv": [
						10.375,
						5.5,
						10.25,
						5.625
					],
					"texture": "#1"
				}
			}
		},
		{
			"from": [
				9.373,
				5.30021,
				23.53346
			],
			"to": [
				10.0163,
				5.98221,
				27.45666
			],
			"rotation": {
				"angle": 0,
				"axis": "y",
				"origin": [
					9.7458,
					4.82281,
					26.63826
				]
			},
			"faces": {
				"north": {
					"uv": [
						10.25,
						5.75,
						10.375,
						5.875
					],
					"texture": "#1"
				},
				"east": {
					"uv": [
						9.5,
						4,
						10.5,
						4.125
					],
					"texture": "#1"
				},
				"south": {
					"uv": [
						10.25,
						6,
						10.375,
						6.125
					],
					"texture": "#1"
				},
				"west": {
					"uv": [
						9.5,
						4.25,
						10.5,
						4.375
					],
					"texture": "#1"
				},
				"up": {
					"uv": [
						4.625,
						10.5,
						4.5,
						9.5
					],
					"texture": "#1"
				},
				"down": {
					"uv": [
						4.875,
						9.5,
						4.75,
						10.5
					],
					"texture": "#1"
				}
			}
		},
		{
			"from": [
				9.8163,
				5.84581,
				23.80626
			],
			"to": [
				10.4255,
				5.98221,
				27.04746
			],
			"rotation": {
				"angle": 0,
				"axis": "y",
				"origin": [
					9.7458,
					4.82281,
					26.63826
				]
			},
			"faces": {
				"north": {
					"uv": [
						10.25,
						6.25,
						10.375,
						6.375
					],
					"texture": "#1"
				},
				"east": {
					"uv": [
						9.75,
						0.75,
						10.5,
						0.875
					],
					"texture": "#1"
				},
				"south": {
					"uv": [
						10.25,
						6.5,
						10.375,
						6.625
					],
					"texture": "#1"
				},
				"west": {
					"uv": [
						1,
						9.75,
						1.75,
						9.875
					],
					"texture": "#1"
				},
				"up": {
					"uv": [
						9.875,
						1.75,
						9.75,
						1
					],
					"texture": "#1"
				},
				"down": {
					"uv": [
						1.875,
						9.75,
						1.75,
						10.5
					],
					"texture": "#1"
				}
			}
		},
		{
			"from": [
				9.4071,
				5.98221,
				23.80626
			],
			"to": [
				10.4255,
				6.11861,
				27.04746
			],
			"rotation": {
				"angle": 0,
				"axis": "y",
				"origin": [
					9.7458,
					4.82281,
					26.63826
				]
			},
			"faces": {
				"north": {
					"uv": [
						0,
						10.25,
						0.25,
						10.375
					],
					"texture": "#1"
				},
				"east": {
					"uv": [
						9.75,
						1.75,
						10.5,
						1.875
					],
					"texture": "#1"
				},
				"south": {
					"uv": [
						10.25,
						0,
						10.5,
						0.125
					],
					"texture": "#1"
				},
				"west": {
					"uv": [
						9.75,
						2.75,
						10.5,
						2.875
					],
					"texture": "#1"
				},
				"up": {
					"uv": [
						3.25,
						10,
						3,
						9.25
					],
					"texture": "#1"
				},
				"down": {
					"uv": [
						3.5,
						9.25,
						3.25,
						10
					],
					"texture": "#1"
				}
			}
		},
		{
			"from": [
				9.373,
				4.34541,
				23.66986
			],
			"to": [
				9.914,
				5.43661,
				27.45666
			],
			"rotation": {
				"angle": 0,
				"axis": "y",
				"origin": [
					9.7458,
					4.82281,
					26.63826
				]
			},
			"faces": {
				"north": {
					"uv": [
						0.75,
						10.25,
						0.875,
						10.5
					],
					"texture": "#1"
				},
				"east": {
					"uv": [
						9,
						2.25,
						10,
						2.5
					],
					"texture": "#1"
				},
				"south": {
					"uv": [
						1,
						10.25,
						1.125,
						10.5
					],
					"texture": "#1"
				},
				"west": {
					"uv": [
						9,
						2.5,
						10,
						2.75
					],
					"texture": "#1"
				},
				"up": {
					"uv": [
						5.125,
						10.5,
						5,
						9.5
					],
					"texture": "#1"
				},
				"down": {
					"uv": [
						5.375,
						9.5,
						5.25,
						10.5
					],
					"texture": "#1"
				}
			}
		},
		{
			"from": [
				9.497,
				4.71741,
				24.04186
			],
			"to": [
				10.038,
				5.31261,
				27.08466
			],
			"rotation": {
				"angle": 0,
				"axis": "y",
				"origin": [
					9.7458,
					4.82281,
					26.63826
				]
			},
			"faces": {
				"north": {
					"uv": [
						10.25,
						6.75,
						10.375,
						6.875
					],
					"texture": "#1"
				},
				"east": {
					"uv": [
						9.75,
						3,
						10.5,
						3.125
					],
					"texture": "#1"
				},
				"south": {
					"uv": [
						7,
						10.25,
						7.125,
						10.375
					],
					"texture": "#1"
				},
				"west": {
					"uv": [
						9.75,
						3.25,
						10.5,
						3.375
					],
					"texture": "#1"
				},
				"up": {
					"uv": [
						3.625,
						10.5,
						3.5,
						9.75
					],
					"texture": "#1"
				},
				"down": {
					"uv": [
						3.875,
						9.75,
						3.75,
						10.5
					],
					"texture": "#1"
				}
			}
		},
		{
			"from": [
				9.373,
				6.3854,
				27.0834
			],
			"to": [
				10.1186,
				6.869,
				28.311
			],
			"rotation": {
				"angle": 45,
				"axis": "x",
				"origin": [
					8.45,
					5.5944,
					28.8566
				]
			},
			"faces": {
				"north": {
					"uv": [
						10.25,
						7,
						10.375,
						7.125
					],
					"texture": "#1"
				},
				"east": {
					"uv": [
						10.25,
						1,
						10.5,
						1.125
					],
					"texture": "#1"
				},
				"south": {
					"uv": [
						7.25,
						10.25,
						7.375,
						10.375
					],
					"texture": "#1"
				},
				"west": {
					"uv": [
						1.25,
						10.25,
						1.5,
						10.375
					],
					"texture": "#1"
				},
				"up": {
					"uv": [
						10.375,
						1.5,
						10.25,
						1.25
					],
					"texture": "#1"
				},
				"down": {
					"uv": [
						10.375,
						1.5,
						10.25,
						1.75
					],
					"texture": "#1"
				}
			}
		},
		{
			"from": [
				9.5094,
				6.435,
				26.8106
			],
			"to": [
				9.9822,
				6.7016,
				27.1206
			],
			"rotation": {
				"angle": 45,
				"axis": "x",
				"origin": [
					8.45,
					5.5944,
					28.8566
				]
			},
			"faces": {
				"north": {
					"uv": [
						10.25,
						7.25,
						10.375,
						7.375
					],
					"texture": "#1"
				},
				"east": {
					"uv": [
						7.5,
						10.25,
						7.625,
						10.375
					],
					"texture": "#1"
				},
				"south": {
					"uv": [
						10.25,
						7.5,
						10.375,
						7.625
					],
					"texture": "#1"
				},
				"west": {
					"uv": [
						10.25,
						7.75,
						10.375,
						7.875
					],
					"texture": "#1"
				},
				"up": {
					"uv": [
						10.375,
						8.125,
						10.25,
						8
					],
					"texture": "#1"
				},
				"down": {
					"uv": [
						8.375,
						10.25,
						8.25,
						10.375
					],
					"texture": "#1"
				}
			}
		},
		{
			"from": [
				9.373,
				4.3486,
				27.629
			],
			"to": [
				9.7094,
				6.3854,
				28.0382
			],
			"rotation": {
				"angle": 45,
				"axis": "x",
				"origin": [
					8.45,
					5.5944,
					28.8566
				]
			},
			"faces": {
				"north": {
					"uv": [
						7,
						9.75,
						7.125,
						10.25
					],
					"texture": "#1"
				},
				"east": {
					"uv": [
						9.75,
						7,
						9.875,
						7.5
					],
					"texture": "#1"
				},
				"south": {
					"uv": [
						7.25,
						9.75,
						7.375,
						10.25
					],
					"texture": "#1"
				},
				"west": {
					"uv": [
						7.5,
						9.75,
						7.625,
						10.25
					],
					"texture": "#1"
				},
				"up": {
					"uv": [
						10.375,
						8.375,
						10.25,
						8.25
					],
					"texture": "#1"
				},
				"down": {
					"uv": [
						10.375,
						8.5,
						10.25,
						8.625
					],
					"texture": "#1"
				}
			}
		},
		{
			"from": [
				6.89064,
				2.18596,
				28.59457
			],
			"to": [
				9.10936,
				4.09556,
				30.36777
			],
			"rotation": {
				"angle": 22.5,
				"axis": "x",
				"origin": [
					8,
					4.84576,
					28.59457
				]
			},
			"faces": {
				"north": {
					"uv": [
						2.5,
						9,
						3,
						9.5
					],
					"texture": "#1"
				},
				"east": {
					"uv": [
						4.5,
						9,
						5,
						9.5
					],
					"texture": "#1"
				},
				"south": {
					"uv": [
						5,
						9,
						5.5,
						9.5
					],
					"texture": "#1"
				},
				"west": {
					"uv": [
						7,
						9,
						7.5,
						9.5
					],
					"texture": "#1"
				},
				"up": {
					"uv": [
						8,
						9.5,
						7.5,
						9
					],
					"texture": "#1"
				},
				"down": {
					"uv": [
						8.5,
						9,
						8,
						9.5
					],
					"texture": "#1"
				}
			}
		},
		{
			"from": [
				7.1498,
				-0.5456,
				29.9159
			],
			"to": [
				8.8502,
				3.6487,
				31.6891
			],
			"rotation": {
				"angle": -45,
				"axis": "x",
				"origin": [
					8,
					1.5686,
					30.291
				]
			},
			"faces": {
				"north": {
					"uv": [
						8.75,
						0,
						9.125,
						1
					],
					"texture": "#1"
				},
				"east": {
					"uv": [
						8,
						7,
						8.5,
						8
					],
					"texture": "#1"
				},
				"south": {
					"uv": [
						8.75,
						3,
						9.125,
						4
					],
					"texture": "#1"
				},
				"west": {
					"uv": [
						8,
						8,
						8.5,
						9
					],
					"texture": "#1"
				},
				"up": {
					"uv": [
						9.625,
						3.75,
						9.25,
						3.25
					],
					"texture": "#1"
				},
				"down": {
					"uv": [
						3.875,
						9.25,
						3.5,
						9.75
					],
					"texture": "#1"
				}
			}
		},
		{
			"from": [
				6.91344,
				2.59516,
				28.59457
			],
			"to": [
				9.08656,
				4.60706,
				30.23137
			],
			"rotation": {
				"angle": 22.5,
				"axis": "x",
				"origin": [
					8,
					5.39136,
					28.59457
				]
			},
			"faces": {
				"north": {
					"uv": [
						0,
						9.25,
						0.5,
						9.75
					],
					"texture": "#1"
				},
				"east": {
					"uv": [
						4,
						9.25,
						4.375,
						9.75
					],
					"texture": "#1"
				},
				"south": {
					"uv": [
						9.25,
						0,
						9.75,
						0.5
					],
					"texture": "#1"
				},
				"west": {
					"uv": [
						9.25,
						4.5,
						9.625,
						5
					],
					"texture": "#1"
				},
				"up": {
					"uv": [
						9.75,
						5.375,
						9.25,
						5
					],
					"texture": "#1"
				},
				"down": {
					"uv": [
						6,
						9.25,
						5.5,
						9.625
					],
					"texture": "#1"
				}
			}
		},
		{
			"from": [
				7.945,
				5.135,
				-14.745
			],
			"to": [
				8.055,
				6.785,
				-14.415
			],
			"rotation": {
				"angle": 0,
				"axis": "y",
				"origin": [
					-0.8,
					-0.825,
					12.705
				]
			},
			"faces": {
				"north": {
					"uv": [
						1.5,
						10,
						1.625,
						10.375
					],
					"texture": "#1"
				},
				"east": {
					"uv": [
						10,
						2,
						10.125,
						2.375
					],
					"texture": "#1"
				},
				"south": {
					"uv": [
						3,
						10,
						3.125,
						10.375
					],
					"texture": "#1"
				},
				"west": {
					"uv": [
						3.25,
						10,
						3.375,
						10.375
					],
					"texture": "#1"
				},
				"up": {
					"uv": [
						8.875,
						10.375,
						8.75,
						10.25
					],
					"texture": "#1"
				},
				"down": {
					"uv": [
						10.375,
						8.75,
						10.25,
						8.875
					],
					"texture": "#1"
				}
			}
		},
		{
			"from": [
				8.1546,
				5.2624,
				24.956
			],
			"to": [
				8.8274,
				6.797,
				25.3652
			],
			"rotation": {
				"angle": 0,
				"axis": "y",
				"origin": [
					-2.912,
					-1.023,
					8.1942
				]
			},
			"faces": {
				"north": {
					"uv": [
						6,
						10,
						6.125,
						10.375
					],
					"texture": "#1"
				},
				"east": {
					"uv": [
						10,
						6,
						10.125,
						6.375
					],
					"texture": "#1"
				},
				"south": {
					"uv": [
						6.25,
						10,
						6.375,
						10.375
					],
					"texture": "#1"
				},
				"west": {
					"uv": [
						10,
						6.5,
						10.125,
						6.875
					],
					"texture": "#1"
				},
				"up": {
					"uv": [
						9.125,
						10.375,
						9,
						10.25
					],
					"texture": "#1"
				},
				"down": {
					"uv": [
						10.375,
						9,
						10.25,
						9.125
					],
					"texture": "#1"
				}
			}
		},
		{
			"from": [
				7.1726,
				5.2624,
				24.956
			],
			"to": [
				7.8204,
				6.797,
				25.3652
			],
			"rotation": {
				"angle": 0,
				"axis": "y",
				"origin": [
					-2.912,
					-1.023,
					8.1942
				]
			},
			"faces": {
				"north": {
					"uv": [
						10,
						7,
						10.125,
						7.375
					],
					"texture": "#1"
				},
				"east": {
					"uv": [
						7.75,
						10,
						7.875,
						10.375
					],
					"texture": "#1"
				},
				"south": {
					"uv": [
						8,
						10,
						8.125,
						10.375
					],
					"texture": "#1"
				},
				"west": {
					"uv": [
						9.5,
						10,
						9.625,
						10.375
					],
					"texture": "#1"
				},
				"up": {
					"uv": [
						9.375,
						10.375,
						9.25,
						10.25
					],
					"texture": "#1"
				},
				"down": {
					"uv": [
						10.375,
						9.25,
						10.25,
						9.375
					],
					"texture": "#1"
				}
			}
		}
	],
	"display": {
		"thirdperson_righthand": {
			"translation": [
				0,
				4.75,
				-27
			],
			"scale": [
				1,
				1,
				1.38
			]
		},
		"thirdperson_lefthand": {
			"translation": [
				0,
				4.75,
				-27
			],
			"scale": [
				-1,
				1,
				1.38
			]
		},
		"firstperson_righthand": {
			"translation": [
				-2,
				7.75,
				-24.25
			],
			"scale": [
				1,
				1,
				1.39
			]
		},
		"firstperson_lefthand": {
			"translation": [
				-2,
				7.75,
				-24.25
			],
			"scale": [
				-1,
				1,
				1.42
			]
		},
		"ground": {
			"translation": [
				0,
				5.75,
				-5.5
			],
			"scale": [
				0.95,
				0.95,
				0.95
			]
		},
		"gui": {
			"rotation": [
				-166.04,
				-29.83,
				-178.93
			],
			"translation": [
				0.25,
				1.75,
				7
			],
			"scale": [
				0.59,
				0.59,
				0.59
			]
		},
		"fixed": {
			"rotation": [
				0,
				90,
				0
			],
			"translation": [
				-6.75,
				6.5,
				-1.75
			],
			"scale": [
				1.85,
				1.85,
				1.85
			]
		}
	}
}