{
	"credit": "Made with Blockbench",
	"texture_size": [
		32,
		32
	],
	"textures": {
		"0": "scguns_laf:item/498_gauss_texture",
		"1": "scguns_laf:item/r498_animated_texture",
		"particle": "scguns_laf:item/498_gauss_texture"
	},
	"elements": [
		{
			"from": [
				7,
				2.45,
				3.5
			],
			"to": [
				9,
				4.45,
				9.25
			],
			"rotation": {
				"angle": 0,
				"axis": "y",
				"origin": [
					0,
					-0.05,
					-0.5
				]
			},
			"faces": {
				"east": {
					"uv": [
						1.25,
						2,
						2.75,
						2.5
					],
					"texture": "#0"
				},
				"west": {
					"uv": [
						1.25,
						2.5,
						2.75,
						3
					],
					"texture": "#0"
				},
				"up": {
					"uv": [
						3.25,
						3.5,
						2.75,
						2
					],
					"texture": "#0"
				},
				"down": {
					"uv": [
						3.5,
						0,
						3,
						1.5
					],
					"texture": "#0"
				}
			}
		},
		{
			"from": [
				7,
				1.7,
				7.75
			],
			"to": [
				9,
				3.2,
				12.75
			],
			"rotation": {
				"angle": 0,
				"axis": "y",
				"origin": [
					0,
					-0.3,
					4.5
				]
			},
			"faces": {
				"north": {
					"uv": [
						6.25,
						4,
						6.75,
						4.375
					],
					"texture": "#0"
				},
				"east": {
					"uv": [
						4.5,
						4.5,
						5.75,
						4.875
					],
					"texture": "#0"
				},
				"south": {
					"uv": [
						7.75,
						0,
						8.25,
						0.375
					],
					"texture": "#0"
				},
				"west": {
					"uv": [
						4.75,
						0,
						6,
						0.375
					],
					"texture": "#0"
				},
				"up": {
					"uv": [
						3.75,
						4.25,
						3.25,
						3
					],
					"texture": "#0"
				},
				"down": {
					"uv": [
						0.5,
						3.5,
						0,
						4.75
					],
					"texture": "#0"
				}
			}
		},
		{
			"from": [
				7.25,
				2.45,
				16.25
			],
			"to": [
				8.75,
				4.2,
				17.5
			],
			"rotation": {
				"angle": 0,
				"axis": "y",
				"origin": [
					0,
					-0.3,
					4.5
				]
			},
			"faces": {
				"north": {
					"uv": [
						3,
						7.75,
						3.375,
						8.25
					],
					"texture": "#0"
				},
				"east": {
					"uv": [
						4.5,
						7.75,
						4.875,
						8.25
					],
					"texture": "#0"
				},
				"south": {
					"uv": [
						7.75,
						4.5,
						8.125,
						5
					],
					"texture": "#0"
				},
				"west": {
					"uv": [
						7.75,
						5,
						8.125,
						5.5
					],
					"texture": "#0"
				},
				"up": {
					"uv": [
						8.375,
						1.375,
						8,
						1
					],
					"texture": "#0"
				},
				"down": {
					"uv": [
						8.375,
						1.75,
						8,
						2.125
					],
					"texture": "#0"
				}
			}
		},
		{
			"from": [
				7.5,
				2.7,
				15
			],
			"to": [
				8.5,
				3.95,
				16.25
			],
			"rotation": {
				"angle": 0,
				"axis": "y",
				"origin": [
					0,
					-0.3,
					4.5
				]
			},
			"faces": {
				"north": {
					"uv": [
						8.5,
						4,
						8.75,
						4.375
					],
					"texture": "#0"
				},
				"east": {
					"uv": [
						0,
						8.25,
						0.375,
						8.625
					],
					"texture": "#0"
				},
				"south": {
					"uv": [
						5.25,
						8.5,
						5.5,
						8.875
					],
					"texture": "#0"
				},
				"west": {
					"uv": [
						8.25,
						0,
						8.625,
						0.375
					],
					"texture": "#0"
				},
				"up": {
					"uv": [
						5.75,
						8.875,
						5.5,
						8.5
					],
					"texture": "#0"
				},
				"down": {
					"uv": [
						8.75,
						5.5,
						8.5,
						5.875
					],
					"texture": "#0"
				}
			}
		},
		{
			"from": [
				7.25,
				1.7,
				17.5
			],
			"to": [
				8.75,
				4.45,
				18.5
			],
			"rotation": {
				"angle": 0,
				"axis": "y",
				"origin": [
					0,
					-0.3,
					4.5
				]
			},
			"faces": {
				"north": {
					"uv": [
						2,
						7.5,
						2.375,
						8.25
					],
					"texture": "#0"
				},
				"east": {
					"uv": [
						3,
						3.5,
						3.25,
						4.25
					],
					"texture": "#0"
				},
				"south": {
					"uv": [
						3.75,
						7.5,
						4.125,
						8.25
					],
					"texture": "#0"
				},
				"west": {
					"uv": [
						3.5,
						7.75,
						3.75,
						8.5
					],
					"texture": "#0"
				},
				"up": {
					"uv": [
						8.875,
						1.5,
						8.5,
						1.25
					],
					"texture": "#0"
				},
				"down": {
					"uv": [
						8.875,
						1.5,
						8.5,
						1.75
					],
					"texture": "#0"
				}
			}
		},
		{
			"from": [
				7.25,
				4.45,
				17.5
			],
			"to": [
				8.75,
				5.45,
				19
			],
			"rotation": {
				"angle": 0,
				"axis": "y",
				"origin": [
					0,
					-0.3,
					4.5
				]
			},
			"faces": {
				"north": {
					"uv": [
						8.5,
						1.75,
						8.875,
						2
					],
					"texture": "#0"
				},
				"east": {
					"uv": [
						2,
						8.5,
						2.375,
						8.75
					],
					"texture": "#0"
				},
				"south": {
					"uv": [
						8.5,
						2,
						8.875,
						2.25
					],
					"texture": "#0"
				},
				"west": {
					"uv": [
						8.5,
						2.25,
						8.875,
						2.5
					],
					"texture": "#0"
				},
				"up": {
					"uv": [
						8.375,
						7.375,
						8,
						7
					],
					"texture": "#0"
				},
				"down": {
					"uv": [
						8.375,
						8,
						8,
						8.375
					],
					"texture": "#0"
				}
			}
		},
		{
			"from": [
				7.5,
				4.2,
				11.75
			],
			"to": [
				8.5,
				5.2,
				17.5
			],
			"rotation": {
				"angle": 0,
				"axis": "y",
				"origin": [
					0,
					-0.3,
					4.5
				]
			},
			"faces": {
				"north": {
					"uv": [
						9.25,
						2.25,
						9.5,
						2.5
					],
					"texture": "#0"
				},
				"east": {
					"uv": [
						6.75,
						6.25,
						8.25,
						6.5
					],
					"texture": "#0"
				},
				"south": {
					"uv": [
						2.5,
						9.25,
						2.75,
						9.5
					],
					"texture": "#0"
				},
				"west": {
					"uv": [
						6.75,
						6.5,
						8.25,
						6.75
					],
					"texture": "#0"
				},
				"up": {
					"uv": [
						7,
						8.25,
						6.75,
						6.75
					],
					"texture": "#0"
				},
				"down": {
					"uv": [
						1,
						7,
						0.75,
						8.5
					],
					"texture": "#0"
				}
			}
		},
		{
			"from": [
				6.5,
				2.5,
				11
			],
			"to": [
				9.5,
				4.75,
				13.25
			],
			"rotation": {
				"angle": 0,
				"axis": "y",
				"origin": [
					0,
					-0.3,
					4.5
				]
			},
			"faces": {
				"north": {
					"uv": [
						5,
						1.5,
						5.75,
						2.125
					],
					"texture": "#0"
				},
				"east": {
					"uv": [
						0,
						6.75,
						0.625,
						7.375
					],
					"texture": "#0"
				},
				"south": {
					"uv": [
						4.5,
						5,
						5.25,
						5.625
					],
					"texture": "#0"
				},
				"west": {
					"uv": [
						3.75,
						6.75,
						4.375,
						7.375
					],
					"texture": "#0"
				},
				"up": {
					"uv": [
						4.5,
						5.875,
						3.75,
						5.25
					],
					"texture": "#0"
				},
				"down": {
					"uv": [
						6,
						5,
						5.25,
						5.625
					],
					"texture": "#0"
				}
			}
		},
		{
			"from": [
				10,
				3.25,
				11.75
			],
			"to": [
				10.25,
				3.75,
				12.5
			],
			"rotation": {
				"angle": 0,
				"axis": "y",
				"origin": [
					0,
					-0.3,
					4.5
				]
			},
			"faces": {
				"north": {
					"uv": [
						0.5,
						9.75,
						0.625,
						9.875
					],
					"texture": "#0"
				},
				"east": {
					"uv": [
						9.5,
						1.25,
						9.75,
						1.375
					],
					"texture": "#0"
				},
				"south": {
					"uv": [
						9.75,
						0.5,
						9.875,
						0.625
					],
					"texture": "#0"
				},
				"west": {
					"uv": [
						9.5,
						1.5,
						9.75,
						1.625
					],
					"texture": "#0"
				},
				"up": {
					"uv": [
						1.875,
						9.75,
						1.75,
						9.5
					],
					"texture": "#0"
				},
				"down": {
					"uv": [
						9.625,
						1.75,
						9.5,
						2
					],
					"texture": "#0"
				}
			}
		},
		{
			"from": [
				5.75,
				3.25,
				11.75
			],
			"to": [
				6,
				4,
				12.5
			],
			"rotation": {
				"angle": 0,
				"axis": "y",
				"origin": [
					0,
					-0.3,
					4.5
				]
			},
			"faces": {
				"north": {
					"uv": [
						2.75,
						9.5,
						2.875,
						9.75
					],
					"texture": "#0"
				},
				"east": {
					"uv": [
						3.25,
						9.25,
						3.5,
						9.5
					],
					"texture": "#0"
				},
				"south": {
					"uv": [
						9.5,
						2.75,
						9.625,
						3
					],
					"texture": "#0"
				},
				"west": {
					"uv": [
						3.5,
						9.25,
						3.75,
						9.5
					],
					"texture": "#0"
				},
				"up": {
					"uv": [
						3.125,
						9.75,
						3,
						9.5
					],
					"texture": "#0"
				},
				"down": {
					"uv": [
						9.625,
						3,
						9.5,
						3.25
					],
					"texture": "#0"
				}
			}
		},
		{
			"from": [
				10.75,
				1.5,
				11.75
			],
			"to": [
				11.5,
				2,
				12.5
			],
			"rotation": {
				"angle": 0,
				"axis": "y",
				"origin": [
					0,
					-0.3,
					4.5
				]
			},
			"faces": {
				"north": {
					"uv": [
						2.25,
						9.5,
						2.5,
						9.625
					],
					"texture": "#0"
				},
				"east": {
					"uv": [
						9.5,
						2.25,
						9.75,
						2.375
					],
					"texture": "#0"
				},
				"south": {
					"uv": [
						2.5,
						9.5,
						2.75,
						9.625
					],
					"texture": "#0"
				},
				"west": {
					"uv": [
						9.5,
						2.5,
						9.75,
						2.625
					],
					"texture": "#0"
				},
				"up": {
					"uv": [
						9.5,
						2.75,
						9.25,
						2.5
					],
					"texture": "#0"
				},
				"down": {
					"uv": [
						3.25,
						9.25,
						3,
						9.5
					],
					"texture": "#0"
				}
			}
		},
		{
			"from": [
				10.25,
				1.25,
				11.75
			],
			"to": [
				10.75,
				4,
				12.5
			],
			"rotation": {
				"angle": 0,
				"axis": "y",
				"origin": [
					0,
					-0.3,
					4.5
				]
			},
			"faces": {
				"north": {
					"uv": [
						2.5,
						8.5,
						2.625,
						9.25
					],
					"texture": "#0"
				},
				"east": {
					"uv": [
						5,
						7.75,
						5.25,
						8.5
					],
					"texture": "#0"
				},
				"south": {
					"uv": [
						3,
						8.5,
						3.125,
						9.25
					],
					"texture": "#0"
				},
				"west": {
					"uv": [
						7.75,
						7,
						8,
						7.75
					],
					"texture": "#0"
				},
				"up": {
					"uv": [
						2.125,
						9.75,
						2,
						9.5
					],
					"texture": "#0"
				},
				"down": {
					"uv": [
						9.625,
						2,
						9.5,
						2.25
					],
					"texture": "#0"
				}
			}
		},
		{
			"from": [
				9.5001,
				2.25,
				11.25
			],
			"to": [
				10.0001,
				5,
				13
			],
			"rotation": {
				"angle": 0,
				"axis": "y",
				"origin": [
					0,
					-0.3,
					4.5
				]
			},
			"faces": {
				"north": {
					"uv": [
						4,
						9,
						4.25,
						10.1875
					],
					"texture": "#1"
				},
				"east": {
					"uv": [
						6,
						6,
						7.1875,
						7.1875
					],
					"texture": "#1"
				},
				"south": {
					"uv": [
						3.5,
						8,
						3.75,
						9.25
					],
					"texture": "#1"
				},
				"west": {
					"uv": [
						6,
						6,
						7.25,
						7.25
					],
					"texture": "#1"
				},
				"up": {
					"uv": [
						4.25,
						10.25,
						4,
						9
					],
					"texture": "#1"
				},
				"down": {
					"uv": [
						4.25,
						9,
						4,
						9.75
					],
					"texture": "#1"
				}
			}
		},
		{
			"from": [
				9.5,
				2.75,
				10.75
			],
			"to": [
				10,
				4.5,
				13.5
			],
			"rotation": {
				"angle": 0,
				"axis": "y",
				"origin": [
					0,
					-0.3,
					4.5
				]
			},
			"faces": {
				"north": {
					"uv": [
						4,
						9,
						4.25,
						10.25
					],
					"texture": "#1"
				},
				"east": {
					"uv": [
						7,
						0,
						7.75,
						0.5
					],
					"texture": "#1"
				},
				"south": {
					"uv": [
						4.5,
						9.25,
						4.625,
						9.75
					],
					"texture": "#1"
				},
				"west": {
					"uv": [
						7,
						1.75,
						7.75,
						2.25
					],
					"texture": "#1"
				},
				"up": {
					"uv": [
						4.25,
						8.75,
						4,
						7.5
					],
					"texture": "#1"
				},
				"down": {
					"uv": [
						4.25,
						7.5,
						4,
						8.75
					],
					"texture": "#1"
				}
			}
		},
		{
			"from": [
				6,
				2.25,
				11.25
			],
			"to": [
				6.5,
				5,
				13
			],
			"rotation": {
				"angle": 0,
				"axis": "y",
				"origin": [
					0,
					-0.3,
					4.5
				]
			},
			"faces": {
				"north": {
					"uv": [
						4.5,
						8.5,
						4.75,
						9.6875
					],
					"texture": "#1"
				},
				"east": {
					"uv": [
						2.75,
						7,
						3.25,
						7.75
					],
					"texture": "#1"
				},
				"south": {
					"uv": [
						4.5,
						8.5,
						4.75,
						9.6875
					],
					"texture": "#1"
				},
				"west": {
					"uv": [
						6.25,
						3,
						7.25,
						4.25
					],
					"texture": "#1"
				},
				"up": {
					"uv": [
						7.75,
						5.5625,
						7.5,
						4.5
					],
					"texture": "#1"
				},
				"down": {
					"uv": [
						4.6875,
						8.5,
						4.5,
						9.6875
					],
					"texture": "#1"
				}
			}
		},
		{
			"from": [
				6.0001,
				2.75,
				10.75
			],
			"to": [
				6.5001,
				4.5,
				13.5
			],
			"rotation": {
				"angle": 0,
				"axis": "y",
				"origin": [
					0,
					-0.3,
					4.5
				]
			},
			"faces": {
				"north": {
					"uv": [
						5,
						8.5,
						5.25,
						9.625
					],
					"texture": "#1"
				},
				"east": {
					"uv": [
						2,
						7,
						2.75,
						7.5
					],
					"texture": "#1"
				},
				"south": {
					"uv": [
						5,
						8.5,
						5.1875,
						9.5625
					],
					"texture": "#1"
				},
				"west": {
					"uv": [
						6,
						1.75,
						7.25,
						2.75
					],
					"texture": "#1"
				},
				"up": {
					"uv": [
						7.75,
						5.5,
						7.5,
						4.5
					],
					"texture": "#1"
				},
				"down": {
					"uv": [
						4.625,
						8.5,
						4.5,
						9.25
					],
					"texture": "#1"
				}
			}
		},
		{
			"from": [
				6.75,
				2.2,
				10.25
			],
			"to": [
				9.25,
				4.45,
				15
			],
			"rotation": {
				"angle": 0,
				"axis": "y",
				"origin": [
					0,
					-0.05,
					-0.5
				]
			},
			"faces": {
				"north": {
					"uv": [
						1,
						5.5,
						1.625,
						6.125
					],
					"texture": "#0"
				},
				"east": {
					"uv": [
						0.5,
						1.25,
						1.75,
						1.875
					],
					"texture": "#0"
				},
				"south": {
					"uv": [
						1.75,
						5.5,
						2.375,
						6.125
					],
					"texture": "#0",
					"cullface": "south"
				},
				"west": {
					"uv": [
						1.75,
						1.25,
						3,
						1.875
					],
					"texture": "#0"
				},
				"up": {
					"uv": [
						2.625,
						1.25,
						2,
						0
					],
					"texture": "#0"
				},
				"down": {
					"uv": [
						1.125,
						2,
						0.5,
						3.25
					],
					"texture": "#0"
				}
			}
		},
		{
			"from": [
				7,
				4.45,
				10.5
			],
			"to": [
				9,
				5.45,
				14.75
			],
			"rotation": {
				"angle": 0,
				"axis": "y",
				"origin": [
					0,
					-0.05,
					-0.5
				]
			},
			"faces": {
				"north": {
					"uv": [
						2,
						8.25,
						2.5,
						8.5
					],
					"texture": "#0"
				},
				"east": {
					"uv": [
						7.5,
						3,
						8.625,
						3.25
					],
					"texture": "#0"
				},
				"south": {
					"uv": [
						3,
						8.25,
						3.5,
						8.5
					],
					"texture": "#0",
					"cullface": "south"
				},
				"west": {
					"uv": [
						7.5,
						3.25,
						8.625,
						3.5
					],
					"texture": "#0"
				},
				"up": {
					"uv": [
						4.25,
						4.125,
						3.75,
						3
					],
					"texture": "#0"
				},
				"down": {
					"uv": [
						1.75,
						4,
						1.25,
						5.125
					],
					"texture": "#0"
				}
			}
		},
		{
			"from": [
				7.25,
				5.45,
				10.75
			],
			"to": [
				7.5,
				6.2,
				13.5
			],
			"rotation": {
				"angle": 0,
				"axis": "y",
				"origin": [
					0,
					-0.05,
					-0.5
				]
			},
			"faces": {
				"north": {
					"uv": [
						2,
						8.25,
						2.5,
						8.5
					],
					"texture": "#0"
				},
				"east": {
					"uv": [
						7.5,
						3,
						8.625,
						3.25
					],
					"texture": "#0"
				},
				"south": {
					"uv": [
						3,
						8.25,
						3.5,
						8.5
					],
					"texture": "#0",
					"cullface": "south"
				},
				"west": {
					"uv": [
						7.5,
						3.25,
						8.625,
						3.5
					],
					"texture": "#0"
				},
				"up": {
					"uv": [
						4.25,
						4.125,
						3.75,
						3
					],
					"texture": "#0"
				},
				"down": {
					"uv": [
						1.75,
						4,
						1.25,
						5.125
					],
					"texture": "#0"
				}
			}
		},
		{
			"from": [
				8.5,
				5.45,
				10.75
			],
			"to": [
				8.75,
				6.2,
				13.5
			],
			"rotation": {
				"angle": 0,
				"axis": "y",
				"origin": [
					0,
					-0.05,
					-0.5
				]
			},
			"faces": {
				"north": {
					"uv": [
						2,
						8.25,
						2.5,
						8.5
					],
					"texture": "#0"
				},
				"east": {
					"uv": [
						7.5,
						3,
						8.625,
						3.25
					],
					"texture": "#0"
				},
				"south": {
					"uv": [
						3,
						8.25,
						3.5,
						8.5
					],
					"texture": "#0",
					"cullface": "south"
				},
				"west": {
					"uv": [
						7.5,
						3.25,
						8.625,
						3.5
					],
					"texture": "#0"
				},
				"up": {
					"uv": [
						4.25,
						4.125,
						3.75,
						3
					],
					"texture": "#0"
				},
				"down": {
					"uv": [
						1.75,
						4,
						1.25,
						5.125
					],
					"texture": "#0"
				}
			}
		},
		{
			"from": [
				7,
				4.45,
				5
			],
			"to": [
				9,
				5.45,
				7.5
			],
			"rotation": {
				"angle": 0,
				"axis": "y",
				"origin": [
					0,
					-0.05,
					-0.5
				]
			},
			"faces": {
				"north": {
					"uv": [
						3.75,
						8.25,
						4.25,
						8.5
					],
					"texture": "#0"
				},
				"east": {
					"uv": [
						4.75,
						3.75,
						5.375,
						4
					],
					"texture": "#0"
				},
				"south": {
					"uv": [
						4.5,
						8.25,
						5,
						8.5
					],
					"texture": "#0",
					"cullface": "south"
				},
				"west": {
					"uv": [
						7.75,
						7.75,
						8.375,
						8
					],
					"texture": "#0"
				},
				"up": {
					"uv": [
						3.75,
						7.625,
						3.25,
						7
					],
					"texture": "#0"
				},
				"down": {
					"uv": [
						7.5,
						6.75,
						7,
						7.375
					],
					"texture": "#0"
				}
			}
		},
		{
			"from": [
				7.25,
				4.95,
				7.5
			],
			"to": [
				8.75,
				5.45,
				10.5
			],
			"rotation": {
				"angle": 0,
				"axis": "y",
				"origin": [
					0,
					-0.05,
					-0.5
				]
			},
			"faces": {
				"north": {
					"uv": [
						9.25,
						8.25,
						9.625,
						8.375
					],
					"texture": "#0"
				},
				"east": {
					"uv": [
						8.5,
						0.5,
						9.25,
						0.625
					],
					"texture": "#0"
				},
				"south": {
					"uv": [
						0.25,
						9.5,
						0.625,
						9.625
					],
					"texture": "#0",
					"cullface": "south"
				},
				"west": {
					"uv": [
						8.5,
						0.75,
						9.25,
						0.875
					],
					"texture": "#0"
				},
				"up": {
					"uv": [
						5.875,
						8,
						5.5,
						7.25
					],
					"texture": "#0"
				},
				"down": {
					"uv": [
						0.375,
						7.5,
						0,
						8.25
					],
					"texture": "#0"
				}
			}
		},
		{
			"from": [
				6,
				2.45,
				8.25
			],
			"to": [
				10,
				3.45,
				10.25
			],
			"rotation": {
				"angle": 22.5,
				"axis": "z",
				"origin": [
					8,
					2.95,
					9.25
				]
			},
			"faces": {
				"north": {
					"uv": [
						7.5,
						4,
						8.5,
						4.25
					],
					"texture": "#0"
				},
				"east": {
					"uv": [
						5,
						2.25,
						5.5,
						2.5
					],
					"texture": "#0"
				},
				"south": {
					"uv": [
						7.5,
						4.25,
						8.5,
						4.5
					],
					"texture": "#0"
				},
				"west": {
					"uv": [
						1.25,
						5.25,
						1.75,
						5.5
					],
					"texture": "#0"
				},
				"up": {
					"uv": [
						2.75,
						4.5,
						1.75,
						4
					],
					"texture": "#0"
				},
				"down": {
					"uv": [
						4,
						4.25,
						3,
						4.75
					],
					"texture": "#0"
				}
			}
		},
		{
			"from": [
				7.5,
				0.95,
				8.25
			],
			"to": [
				8.5,
				4.95,
				10.25
			],
			"rotation": {
				"angle": -22.5,
				"axis": "z",
				"origin": [
					8,
					2.95,
					9.25
				]
			},
			"faces": {
				"north": {
					"uv": [
						0.5,
						7.5,
						0.75,
						8.5
					],
					"texture": "#0"
				},
				"east": {
					"uv": [
						4.25,
						3,
						4.75,
						4
					],
					"texture": "#0"
				},
				"south": {
					"uv": [
						2.5,
						7.5,
						2.75,
						8.5
					],
					"texture": "#0"
				},
				"west": {
					"uv": [
						4,
						4.25,
						4.5,
						5.25
					],
					"texture": "#0"
				},
				"up": {
					"uv": [
						3.25,
						2,
						3,
						1.5
					],
					"texture": "#0"
				},
				"down": {
					"uv": [
						4,
						4.75,
						3.75,
						5.25
					],
					"texture": "#0"
				}
			}
		},
		{
			"from": [
				7.5,
				0.95,
				8.25
			],
			"to": [
				8.5,
				4.95,
				10.25
			],
			"rotation": {
				"angle": 22.5,
				"axis": "z",
				"origin": [
					8,
					2.95,
					9.25
				]
			},
			"faces": {
				"north": {
					"uv": [
						4.25,
						7.5,
						4.5,
						8.5
					],
					"texture": "#0"
				},
				"east": {
					"uv": [
						4.5,
						1.5,
						5,
						2.5
					],
					"texture": "#0"
				},
				"south": {
					"uv": [
						7.5,
						4.5,
						7.75,
						5.5
					],
					"texture": "#0"
				},
				"west": {
					"uv": [
						1.75,
						4.5,
						2.25,
						5.5
					],
					"texture": "#0"
				},
				"up": {
					"uv": [
						6,
						5,
						5.75,
						4.5
					],
					"texture": "#0"
				},
				"down": {
					"uv": [
						8.5,
						0.5,
						8.25,
						1
					],
					"texture": "#0"
				}
			}
		},
		{
			"from": [
				6,
				2.45,
				8.25
			],
			"to": [
				10,
				3.45,
				10.25
			],
			"rotation": {
				"angle": -22.5,
				"axis": "z",
				"origin": [
					8,
					2.95,
					9.25
				]
			},
			"faces": {
				"north": {
					"uv": [
						7.5,
						5.5,
						8.5,
						5.75
					],
					"texture": "#0"
				},
				"east": {
					"uv": [
						0,
						5.75,
						0.5,
						6
					],
					"texture": "#0"
				},
				"south": {
					"uv": [
						7.5,
						5.75,
						8.5,
						6
					],
					"texture": "#0"
				},
				"west": {
					"uv": [
						8,
						7.5,
						8.5,
						7.75
					],
					"texture": "#0"
				},
				"up": {
					"uv": [
						5.5,
						3,
						4.5,
						2.5
					],
					"texture": "#0"
				},
				"down": {
					"uv": [
						5.5,
						4,
						4.5,
						4.5
					],
					"texture": "#0"
				}
			}
		},
		{
			"from": [
				6.75,
				2.2,
				3
			],
			"to": [
				9.25,
				4.7,
				3.5
			],
			"rotation": {
				"angle": 0,
				"axis": "y",
				"origin": [
					0,
					-0.5,
					-3.5
				]
			},
			"faces": {
				"north": {
					"uv": [
						6,
						6,
						7.25,
						7.25
					],
					"texture": "#1",
					"cullface": "north"
				},
				"east": {
					"uv": [
						8,
						9,
						8.25,
						10.25
					],
					"texture": "#1",
					"cullface": "north"
				},
				"south": {
					"uv": [
						6,
						6,
						7.25,
						7.25
					],
					"texture": "#1",
					"cullface": "north"
				},
				"west": {
					"uv": [
						9,
						8.5,
						9.25,
						9.75
					],
					"texture": "#1",
					"cullface": "north"
				},
				"up": {
					"uv": [
						1.75,
						9.75,
						0.5,
						9.5
					],
					"texture": "#1",
					"cullface": "north"
				},
				"down": {
					"uv": [
						3.75,
						9.5,
						2.5,
						9.75
					],
					"texture": "#1",
					"cullface": "north"
				}
			}
		},
		{
			"from": [
				6.75,
				2.2,
				-2
			],
			"to": [
				9.25,
				4.7,
				-1.5
			],
			"rotation": {
				"angle": 0,
				"axis": "y",
				"origin": [
					0,
					-0.5,
					-3.5
				]
			},
			"faces": {
				"north": {
					"uv": [
						4.5,
						3,
						5.75,
						4.25
					],
					"texture": "#1",
					"cullface": "north"
				},
				"east": {
					"uv": [
						8.5,
						2.5,
						8.75,
						3.75
					],
					"texture": "#1",
					"cullface": "north"
				},
				"south": {
					"uv": [
						4.5,
						3,
						5.75,
						4.25
					],
					"texture": "#1",
					"cullface": "north"
				},
				"west": {
					"uv": [
						4.5,
						8.5,
						4.75,
						9.75
					],
					"texture": "#1",
					"cullface": "north"
				},
				"up": {
					"uv": [
						9.75,
						1.25,
						8.5,
						1
					],
					"texture": "#1",
					"cullface": "north"
				},
				"down": {
					"uv": [
						9.75,
						1,
						8.5,
						1.25
					],
					"texture": "#1",
					"cullface": "north"
				}
			}
		},
		{
			"from": [
				6.75,
				2.2,
				2
			],
			"to": [
				9.25,
				4.7,
				2.5
			],
			"rotation": {
				"angle": 0,
				"axis": "y",
				"origin": [
					0,
					-0.5,
					-3.5
				]
			},
			"faces": {
				"north": {
					"uv": [
						6,
						4.5,
						7.25,
						5.75
					],
					"texture": "#1",
					"cullface": "north"
				},
				"east": {
					"uv": [
						4,
						9,
						4.25,
						10.25
					],
					"texture": "#1",
					"cullface": "north"
				},
				"south": {
					"uv": [
						6,
						4.5,
						7.25,
						5.75
					],
					"texture": "#1",
					"cullface": "north"
				},
				"west": {
					"uv": [
						6,
						9,
						6.25,
						10.25
					],
					"texture": "#1",
					"cullface": "north"
				},
				"up": {
					"uv": [
						10.25,
						6.75,
						9,
						6.5
					],
					"texture": "#1",
					"cullface": "north"
				},
				"down": {
					"uv": [
						10.25,
						7,
						9,
						7.25
					],
					"texture": "#1",
					"cullface": "north"
				}
			}
		},
		{
			"from": [
				6.75,
				2.2,
				1
			],
			"to": [
				9.25,
				4.7,
				1.5
			],
			"rotation": {
				"angle": 0,
				"axis": "y",
				"origin": [
					0,
					-0.5,
					-3.5
				]
			},
			"faces": {
				"north": {
					"uv": [
						6,
						3,
						7.25,
						4.25
					],
					"texture": "#1",
					"cullface": "north"
				},
				"east": {
					"uv": [
						2,
						9,
						2.25,
						10.25
					],
					"texture": "#1",
					"cullface": "north"
				},
				"south": {
					"uv": [
						6,
						3,
						7.25,
						4.25
					],
					"texture": "#1",
					"cullface": "north"
				},
				"west": {
					"uv": [
						9,
						2.5,
						9.25,
						3.75
					],
					"texture": "#1",
					"cullface": "north"
				},
				"up": {
					"uv": [
						10.25,
						4.25,
						9,
						4
					],
					"texture": "#1",
					"cullface": "north"
				},
				"down": {
					"uv": [
						10.25,
						6,
						9,
						6.25
					],
					"texture": "#1",
					"cullface": "north"
				}
			}
		},
		{
			"from": [
				6.75,
				2.2,
				-9
			],
			"to": [
				9.25,
				4.7,
				-8.5
			],
			"rotation": {
				"angle": 0,
				"axis": "y",
				"origin": [
					0,
					-0.5,
					-3.5
				]
			},
			"faces": {
				"north": {
					"uv": [
						1.5,
						0,
						2.75,
						1.25
					],
					"texture": "#1",
					"cullface": "north"
				},
				"east": {
					"uv": [
						7.5,
						2.5,
						7.75,
						3.75
					],
					"texture": "#1",
					"cullface": "north"
				},
				"south": {
					"uv": [
						1.5,
						0,
						2.75,
						1.25
					],
					"texture": "#1",
					"cullface": "north"
				},
				"west": {
					"uv": [
						4,
						7.5,
						4.25,
						8.75
					],
					"texture": "#1",
					"cullface": "north"
				},
				"up": {
					"uv": [
						8.75,
						4.25,
						7.5,
						4
					],
					"texture": "#1",
					"cullface": "north"
				},
				"down": {
					"uv": [
						5.75,
						7.5,
						4.5,
						7.75
					],
					"texture": "#1",
					"cullface": "north"
				}
			}
		},
		{
			"from": [
				6.75,
				2.2,
				-1
			],
			"to": [
				9.25,
				4.7,
				-0.5
			],
			"rotation": {
				"angle": 0,
				"axis": "y",
				"origin": [
					0,
					-0.5,
					-3.5
				]
			},
			"faces": {
				"north": {
					"uv": [
						6,
						0,
						7.25,
						1.25
					],
					"texture": "#1",
					"cullface": "north"
				},
				"east": {
					"uv": [
						5,
						8.5,
						5.25,
						9.75
					],
					"texture": "#1",
					"cullface": "north"
				},
				"south": {
					"uv": [
						6,
						0,
						7.25,
						1.25
					],
					"texture": "#1",
					"cullface": "north"
				},
				"west": {
					"uv": [
						5.5,
						8.5,
						5.75,
						9.75
					],
					"texture": "#1",
					"cullface": "north"
				},
				"up": {
					"uv": [
						9.75,
						7.75,
						8.5,
						7.5
					],
					"texture": "#1",
					"cullface": "north"
				},
				"down": {
					"uv": [
						9.75,
						8,
						8.5,
						8.25
					],
					"texture": "#1",
					"cullface": "north"
				}
			}
		},
		{
			"from": [
				6.75,
				2.2,
				0
			],
			"to": [
				9.25,
				4.7,
				0.5
			],
			"rotation": {
				"angle": 0,
				"axis": "y",
				"origin": [
					0,
					-0.5,
					-3.5
				]
			},
			"faces": {
				"north": {
					"uv": [
						6,
						1.5,
						7.25,
						2.75
					],
					"texture": "#1",
					"cullface": "north"
				},
				"east": {
					"uv": [
						8.5,
						8.5,
						8.75,
						9.75
					],
					"texture": "#1",
					"cullface": "north"
				},
				"south": {
					"uv": [
						6,
						1.5,
						7.25,
						2.75
					],
					"texture": "#1",
					"cullface": "north"
				},
				"west": {
					"uv": [
						0,
						9,
						0.25,
						10.25
					],
					"texture": "#1",
					"cullface": "north"
				},
				"up": {
					"uv": [
						1.75,
						9.25,
						0.5,
						9
					],
					"texture": "#1",
					"cullface": "north"
				},
				"down": {
					"uv": [
						10.25,
						2,
						9,
						2.25
					],
					"texture": "#1",
					"cullface": "north"
				}
			}
		},
		{
			"from": [
				7,
				2.45,
				-10
			],
			"to": [
				9,
				4.45,
				-9.5
			],
			"rotation": {
				"angle": 0,
				"axis": "y",
				"origin": [
					0,
					-0.5,
					-3.5
				]
			},
			"faces": {
				"north": {
					"uv": [
						7.5,
						0,
						8.5,
						1
					],
					"texture": "#1",
					"cullface": "north"
				},
				"east": {
					"uv": [
						9.5,
						2.5,
						9.75,
						3.5
					],
					"texture": "#1",
					"cullface": "north"
				},
				"south": {
					"uv": [
						7.5,
						0,
						8.5,
						1
					],
					"texture": "#1",
					"cullface": "north"
				},
				"west": {
					"uv": [
						9.5,
						4.5,
						9.75,
						5.5
					],
					"texture": "#1",
					"cullface": "north"
				},
				"up": {
					"uv": [
						10.5,
						3.75,
						9.5,
						3.5
					],
					"texture": "#1",
					"cullface": "north"
				},
				"down": {
					"uv": [
						10.5,
						5.5,
						9.5,
						5.75
					],
					"texture": "#1",
					"cullface": "north"
				}
			}
		},
		{
			"from": [
				7.25,
				2.7,
				-10.5
			],
			"to": [
				8.75,
				4.2,
				-10
			],
			"rotation": {
				"angle": 0,
				"axis": "y",
				"origin": [
					0,
					-0.5,
					-3.5
				]
			},
			"faces": {
				"north": {
					"uv": [
						8,
						2.25,
						8.375,
						2.625
					],
					"texture": "#0",
					"cullface": "north"
				},
				"east": {
					"uv": [
						7.5,
						9.25,
						7.625,
						9.625
					],
					"texture": "#0",
					"cullface": "north"
				},
				"south": {
					"uv": [
						5.5,
						8,
						5.875,
						8.375
					],
					"texture": "#0",
					"cullface": "north"
				},
				"west": {
					"uv": [
						9.25,
						7.5,
						9.375,
						7.875
					],
					"texture": "#0",
					"cullface": "north"
				},
				"up": {
					"uv": [
						8.125,
						9.375,
						7.75,
						9.25
					],
					"texture": "#0",
					"cullface": "north"
				},
				"down": {
					"uv": [
						9.625,
						8,
						9.25,
						8.125
					],
					"texture": "#0",
					"cullface": "north"
				}
			}
		},
		{
			"from": [
				7.5,
				3,
				-5.5
			],
			"to": [
				8.5,
				4,
				3.25
			],
			"faces": {
				"north": {
					"uv": [
						2.5,
						5.5,
						2.75,
						5.75
					],
					"texture": "#0"
				},
				"east": {
					"uv": [
						3.5,
						1,
						5.75,
						1.25
					],
					"texture": "#0"
				},
				"south": {
					"uv": [
						0.75,
						6,
						1,
						6.25
					],
					"texture": "#0"
				},
				"west": {
					"uv": [
						3.5,
						1.25,
						5.75,
						1.5
					],
					"texture": "#0"
				},
				"up": {
					"uv": [
						1.25,
						5.5,
						1,
						3.25
					],
					"texture": "#0"
				},
				"down": {
					"uv": [
						3,
						3.5,
						2.75,
						5.75
					],
					"texture": "#0"
				}
			}
		},
		{
			"from": [
				7.25,
				-0.29219,
				11.95135
			],
			"to": [
				8.75,
				0.45781,
				15.70135
			],
			"rotation": {
				"angle": 0,
				"axis": "y",
				"origin": [
					8,
					-0.54219,
					14.82635
				]
			},
			"faces": {
				"north": {
					"uv": [
						0.5,
						8.5,
						0.875,
						8.75
					],
					"texture": "#0"
				},
				"east": {
					"uv": [
						7.5,
						6,
						8.5,
						6.25
					],
					"texture": "#0"
				},
				"south": {
					"uv": [
						8.5,
						1,
						8.875,
						1.25
					],
					"texture": "#0"
				},
				"west": {
					"uv": [
						7.5,
						6.75,
						8.5,
						7
					],
					"texture": "#0"
				},
				"up": {
					"uv": [
						2.625,
						5.5,
						2.25,
						4.5
					],
					"texture": "#0"
				},
				"down": {
					"uv": [
						0.375,
						4.75,
						0,
						5.75
					],
					"texture": "#0"
				}
			}
		},
		{
			"from": [
				9.90625,
				1.95625,
				4.25
			],
			"to": [
				12.90625,
				3.45625,
				8.25
			],
			"rotation": {
				"angle": 0,
				"axis": "y",
				"origin": [
					8,
					1.70625,
					6.25
				]
			},
			"faces": {
				"north": {
					"uv": [
						7.25,
						1,
						8,
						1.375
					],
					"texture": "#0"
				},
				"east": {
					"uv": [
						6,
						0,
						7,
						0.375
					],
					"texture": "#0",
					"cullface": "down"
				},
				"south": {
					"uv": [
						4.5,
						7.25,
						5.25,
						7.625
					],
					"texture": "#0",
					"cullface": "down"
				},
				"up": {
					"uv": [
						2,
						4,
						1.25,
						3
					],
					"texture": "#0"
				},
				"down": {
					"uv": [
						2.75,
						3,
						2,
						4
					],
					"texture": "#0"
				}
			}
		},
		{
			"from": [
				9.90625,
				1.70625,
				4
			],
			"to": [
				10.15625,
				3.70625,
				8.5
			],
			"rotation": {
				"angle": 0,
				"axis": "y",
				"origin": [
					8,
					1.70625,
					6.25
				]
			},
			"faces": {
				"north": {
					"uv": [
						9.25,
						1,
						9.375,
						1.5
					],
					"texture": "#0"
				},
				"east": {
					"uv": [
						3.5,
						0,
						4.625,
						0.5
					],
					"texture": "#0"
				},
				"south": {
					"uv": [
						1.5,
						9.25,
						1.625,
						9.75
					],
					"texture": "#0",
					"cullface": "down"
				},
				"west": {
					"uv": [
						3.5,
						0.5,
						4.625,
						1
					],
					"texture": "#0"
				},
				"up": {
					"uv": [
						7.625,
						9.125,
						7.5,
						8
					],
					"texture": "#0"
				},
				"down": {
					"uv": [
						7.875,
						8,
						7.75,
						9.125
					],
					"texture": "#0"
				}
			}
		},
		{
			"from": [
				8.90625,
				1.95625,
				4.25
			],
			"to": [
				9.90625,
				3.45625,
				8.25
			],
			"rotation": {
				"angle": 0,
				"axis": "y",
				"origin": [
					8,
					1.70625,
					6.25
				]
			},
			"faces": {
				"north": {
					"uv": [
						8.25,
						6.25,
						8.5,
						6.625
					],
					"texture": "#0"
				},
				"south": {
					"uv": [
						6.75,
						8.25,
						7,
						8.625
					],
					"texture": "#0"
				},
				"up": {
					"uv": [
						6.25,
						8.5,
						6,
						7.5
					],
					"texture": "#0"
				},
				"down": {
					"uv": [
						6.5,
						7.5,
						6.25,
						8.5
					],
					"texture": "#0"
				}
			}
		},
		{
			"from": [
				7.75,
				1.31903,
				7.64567
			],
			"to": [
				8.25,
				1.81903,
				8.14567
			],
			"rotation": {
				"angle": 0,
				"axis": "y",
				"origin": [
					8,
					2.93452,
					9.74784
				]
			},
			"faces": {
				"north": {
					"uv": [
						7.75,
						9.5,
						7.875,
						9.625
					],
					"texture": "#0"
				},
				"east": {
					"uv": [
						9.5,
						7.75,
						9.625,
						7.875
					],
					"texture": "#0"
				},
				"west": {
					"uv": [
						8,
						9.5,
						8.125,
						9.625
					],
					"texture": "#0"
				},
				"up": {
					"uv": [
						8.375,
						9.625,
						8.25,
						9.5
					],
					"texture": "#0"
				},
				"down": {
					"uv": [
						9.625,
						8.5,
						9.5,
						8.625
					],
					"texture": "#0"
				}
			}
		},
		{
			"from": [
				6.5,
				1.3,
				4
			],
			"to": [
				9.5,
				3.8,
				8.5
			],
			"rotation": {
				"angle": 0,
				"axis": "y",
				"origin": [
					8,
					1.70625,
					6.25
				]
			},
			"faces": {
				"north": {
					"uv": [
						3,
						4.75,
						3.75,
						5.375
					],
					"texture": "#0"
				},
				"east": {
					"uv": [
						3.25,
						1.5,
						4.375,
						2.125
					],
					"texture": "#0"
				},
				"south": {
					"uv": [
						4.75,
						3,
						5.5,
						3.625
					],
					"texture": "#0"
				},
				"west": {
					"uv": [
						3.25,
						2.25,
						4.375,
						2.875
					],
					"texture": "#0"
				},
				"up": {
					"uv": [
						1.25,
						1.125,
						0.5,
						0
					],
					"texture": "#0"
				},
				"down": {
					"uv": [
						2,
						0,
						1.25,
						1.125
					],
					"texture": "#0"
				}
			}
		},
		{
			"from": [
				7,
				1.55,
				3.25
			],
			"to": [
				9,
				2.05,
				4
			],
			"rotation": {
				"angle": 0,
				"axis": "y",
				"origin": [
					8,
					1.70625,
					6.25
				]
			},
			"faces": {
				"north": {
					"uv": [
						6,
						9.25,
						6.5,
						9.375
					],
					"texture": "#0"
				},
				"east": {
					"uv": [
						6,
						9.5,
						6.25,
						9.625
					],
					"texture": "#0"
				},
				"south": {
					"uv": [
						9.25,
						6,
						9.75,
						6.125
					],
					"texture": "#0"
				},
				"west": {
					"uv": [
						6.25,
						9.5,
						6.5,
						9.625
					],
					"texture": "#0"
				},
				"up": {
					"uv": [
						8.75,
						4.75,
						8.25,
						4.5
					],
					"texture": "#0"
				},
				"down": {
					"uv": [
						8.75,
						4.75,
						8.25,
						5
					],
					"texture": "#0"
				}
			}
		},
		{
			"from": [
				7.5,
				0.21,
				14.375
			],
			"to": [
				8.5,
				3.71,
				15.375
			],
			"rotation": {
				"angle": -22.5,
				"axis": "x",
				"origin": [
					8,
					1.2,
					15.125
				]
			},
			"faces": {
				"north": {
					"uv": [
						6.5,
						7.5,
						6.75,
						8.375
					],
					"texture": "#0"
				},
				"east": {
					"uv": [
						7,
						7.5,
						7.25,
						8.375
					],
					"texture": "#0"
				},
				"south": {
					"uv": [
						7.5,
						7,
						7.75,
						7.875
					],
					"texture": "#0",
					"cullface": "south"
				},
				"west": {
					"uv": [
						7.25,
						7.5,
						7.5,
						8.375
					],
					"texture": "#0"
				},
				"down": {
					"uv": [
						4.5,
						4,
						4.25,
						4.25
					],
					"texture": "#0",
					"cullface": "down"
				}
			}
		},
		{
			"from": [
				7.5,
				1.21,
				11.625
			],
			"to": [
				8.5,
				4.71,
				12.625
			],
			"rotation": {
				"angle": -22.5,
				"axis": "x",
				"origin": [
					8,
					1.2,
					15.125
				]
			},
			"faces": {
				"north": {
					"uv": [
						1,
						7.75,
						1.25,
						8.625
					],
					"texture": "#0"
				},
				"east": {
					"uv": [
						1.25,
						7.75,
						1.5,
						8.625
					],
					"texture": "#0"
				},
				"south": {
					"uv": [
						1.5,
						7.75,
						1.75,
						8.625
					],
					"texture": "#0",
					"cullface": "south"
				},
				"west": {
					"uv": [
						1.75,
						7.75,
						2,
						8.625
					],
					"texture": "#0"
				},
				"down": {
					"uv": [
						9.5,
						2,
						9.25,
						2.25
					],
					"texture": "#0",
					"cullface": "down"
				}
			}
		},
		{
			"from": [
				7.75,
				1.7,
				13.75
			],
			"to": [
				8.25,
				2.2,
				14.25
			],
			"rotation": {
				"angle": 0,
				"axis": "y",
				"origin": [
					0,
					-2.8,
					8.5
				]
			},
			"faces": {
				"north": {
					"uv": [
						9.5,
						8.75,
						9.625,
						8.875
					],
					"texture": "#0"
				},
				"east": {
					"uv": [
						9,
						9.5,
						9.125,
						9.625
					],
					"texture": "#0"
				},
				"west": {
					"uv": [
						9.5,
						9,
						9.625,
						9.125
					],
					"texture": "#0"
				},
				"down": {
					"uv": [
						9.625,
						9.25,
						9.5,
						9.375
					],
					"texture": "#0"
				}
			}
		},
		{
			"from": [
				7.5,
				5.25,
				3.75
			],
			"to": [
				8.5,
				5.75,
				14.25
			],
			"faces": {
				"north": {
					"uv": [
						9.5,
						0.5,
						9.75,
						0.625
					],
					"texture": "#0"
				},
				"east": {
					"uv": [
						7,
						3.5,
						9.625,
						3.625
					],
					"texture": "#0"
				},
				"south": {
					"uv": [
						0.75,
						9.5,
						1,
						9.625
					],
					"texture": "#0"
				},
				"west": {
					"uv": [
						7,
						3.75,
						9.625,
						3.875
					],
					"texture": "#0"
				},
				"up": {
					"uv": [
						0.75,
						5.875,
						0.5,
						3.25
					],
					"texture": "#0"
				},
				"down": {
					"uv": [
						1,
						3.25,
						0.75,
						5.875
					],
					"texture": "#0"
				}
			}
		},
		{
			"from": [
				7.7,
				5.625,
				13.4
			],
			"to": [
				7.85,
				6.1,
				13.875
			],
			"faces": {
				"north": {
					"uv": [
						4.5,
						6,
						4.625,
						6.25
					],
					"texture": "#0"
				},
				"east": {
					"uv": [
						5.5,
						4,
						5.75,
						4.25
					],
					"texture": "#0"
				},
				"south": {
					"uv": [
						6,
						4.5,
						6.125,
						4.75
					],
					"texture": "#0"
				},
				"west": {
					"uv": [
						0,
						6,
						0.25,
						6.25
					],
					"texture": "#0"
				},
				"up": {
					"uv": [
						5.125,
						6.25,
						5,
						6
					],
					"texture": "#0"
				},
				"down": {
					"uv": [
						6.125,
						5,
						6,
						5.25
					],
					"texture": "#0"
				}
			}
		},
		{
			"from": [
				8.15,
				5.625,
				13.4
			],
			"to": [
				8.3,
				6.1,
				13.875
			],
			"faces": {
				"north": {
					"uv": [
						6,
						2.5,
						6.125,
						2.75
					],
					"texture": "#0"
				},
				"east": {
					"uv": [
						5.5,
						3,
						5.75,
						3.25
					],
					"texture": "#0"
				},
				"south": {
					"uv": [
						3,
						6,
						3.125,
						6.25
					],
					"texture": "#0"
				},
				"west": {
					"uv": [
						5.5,
						3.5,
						5.75,
						3.75
					],
					"texture": "#0"
				},
				"up": {
					"uv": [
						6.125,
						3.25,
						6,
						3
					],
					"texture": "#0"
				},
				"down": {
					"uv": [
						3.625,
						6,
						3.5,
						6.25
					],
					"texture": "#0"
				}
			}
		},
		{
			"from": [
				7.675,
				6.1,
				13.4
			],
			"to": [
				8.325,
				6.225,
				13.875
			],
			"faces": {
				"north": {
					"uv": [
						6,
						2,
						6.375,
						2.125
					],
					"texture": "#0"
				},
				"east": {
					"uv": [
						6,
						3.5,
						6.25,
						3.625
					],
					"texture": "#0"
				},
				"south": {
					"uv": [
						2.5,
						6,
						2.875,
						6.125
					],
					"texture": "#0"
				},
				"west": {
					"uv": [
						4,
						6,
						4.25,
						6.125
					],
					"texture": "#0"
				},
				"up": {
					"uv": [
						5.875,
						2.75,
						5.5,
						2.5
					],
					"texture": "#0"
				},
				"down": {
					"uv": [
						3.375,
						5.5,
						3,
						5.75
					],
					"texture": "#0"
				}
			}
		},
		{
			"from": [
				7.5,
				5.25,
				0.25
			],
			"to": [
				8.5,
				5.75,
				3.75
			],
			"faces": {
				"north": {
					"uv": [
						9.5,
						7.25,
						9.75,
						7.375
					],
					"texture": "#0"
				},
				"east": {
					"uv": [
						8.25,
						5,
						9.125,
						5.125
					],
					"texture": "#0"
				},
				"south": {
					"uv": [
						9.5,
						7.5,
						9.75,
						7.625
					],
					"texture": "#0"
				},
				"west": {
					"uv": [
						8.25,
						5.25,
						9.125,
						5.375
					],
					"texture": "#0"
				},
				"up": {
					"uv": [
						8,
						2.625,
						7.75,
						1.75
					],
					"texture": "#0"
				},
				"down": {
					"uv": [
						3,
						7.75,
						2.75,
						8.625
					],
					"texture": "#0"
				}
			}
		},
		{
			"from": [
				7.5,
				1.5,
				-9.75
			],
			"to": [
				8.5,
				2,
				4
			],
			"faces": {
				"north": {
					"uv": [
						6.75,
						9.5,
						7,
						9.625
					],
					"texture": "#0"
				},
				"east": {
					"uv": [
						4.75,
						0.5,
						8.25,
						0.625
					],
					"texture": "#0"
				},
				"south": {
					"uv": [
						9.5,
						7,
						9.75,
						7.125
					],
					"texture": "#0"
				},
				"west": {
					"uv": [
						4.75,
						0.75,
						8.25,
						0.875
					],
					"texture": "#0"
				},
				"up": {
					"uv": [
						0.25,
						3.5,
						0,
						0
					],
					"texture": "#0"
				},
				"down": {
					"uv": [
						0.5,
						0,
						0.25,
						3.5
					],
					"texture": "#0"
				}
			}
		},
		{
			"from": [
				7.75,
				4,
				0.5
			],
			"to": [
				8.25,
				5.5,
				1
			],
			"faces": {
				"north": {
					"uv": [
						9.25,
						8.75,
						9.375,
						9.125
					],
					"texture": "#0"
				},
				"east": {
					"uv": [
						9.25,
						9.25,
						9.375,
						9.625
					],
					"texture": "#0"
				},
				"south": {
					"uv": [
						0,
						9.5,
						0.125,
						9.875
					],
					"texture": "#0"
				},
				"west": {
					"uv": [
						9.5,
						0,
						9.625,
						0.375
					],
					"texture": "#0"
				},
				"up": {
					"uv": [
						9.625,
						9.625,
						9.5,
						9.5
					],
					"texture": "#0"
				},
				"down": {
					"uv": [
						9.875,
						0,
						9.75,
						0.125
					],
					"texture": "#0"
				}
			}
		},
		{
			"from": [
				7.95,
				5.6,
				0.5
			],
			"to": [
				8.05,
				6.05,
				1
			],
			"faces": {
				"north": {
					"uv": [
						5.5,
						6,
						5.625,
						6.25
					],
					"texture": "#0"
				},
				"east": {
					"uv": [
						6,
						1,
						6.25,
						1.25
					],
					"texture": "#0"
				},
				"south": {
					"uv": [
						6,
						5.5,
						6.125,
						5.75
					],
					"texture": "#0"
				},
				"west": {
					"uv": [
						6,
						1.5,
						6.25,
						1.75
					],
					"texture": "#0"
				},
				"up": {
					"uv": [
						6.125,
						6.25,
						6,
						6
					],
					"texture": "#0"
				},
				"down": {
					"uv": [
						1.125,
						6.5,
						1,
						6.75
					],
					"texture": "#0"
				}
			}
		},
		{
			"from": [
				7.75,
				4.25,
				4
			],
			"to": [
				8.25,
				5.65,
				4.5
			],
			"faces": {
				"north": {
					"uv": [
						6.5,
						9.25,
						6.625,
						9.75
					],
					"texture": "#0"
				},
				"east": {
					"uv": [
						7,
						9.25,
						7.125,
						9.75
					],
					"texture": "#0"
				},
				"south": {
					"uv": [
						9.25,
						7,
						9.375,
						7.5
					],
					"texture": "#0"
				},
				"west": {
					"uv": [
						7.25,
						9.25,
						7.375,
						9.75
					],
					"texture": "#0"
				},
				"up": {
					"uv": [
						1.375,
						9.875,
						1.25,
						9.75
					],
					"texture": "#0"
				},
				"down": {
					"uv": [
						9.875,
						1.25,
						9.75,
						1.375
					],
					"texture": "#0"
				}
			}
		},
		{
			"from": [
				7.75,
				2,
				-3.5
			],
			"to": [
				8.25,
				3,
				-3
			],
			"faces": {
				"north": {
					"uv": [
						9.5,
						0.75,
						9.625,
						1
					],
					"texture": "#0"
				},
				"east": {
					"uv": [
						1,
						9.5,
						1.125,
						9.75
					],
					"texture": "#0"
				},
				"south": {
					"uv": [
						9.5,
						1,
						9.625,
						1.25
					],
					"texture": "#0"
				},
				"west": {
					"uv": [
						1.25,
						9.5,
						1.375,
						9.75
					],
					"texture": "#0"
				},
				"up": {
					"uv": [
						0.375,
						9.875,
						0.25,
						9.75
					],
					"texture": "#0"
				},
				"down": {
					"uv": [
						9.875,
						0.25,
						9.75,
						0.375
					],
					"texture": "#0"
				}
			}
		},
		{
			"from": [
				7.75,
				2,
				1.5
			],
			"to": [
				8.25,
				3,
				2
			],
			"faces": {
				"north": {
					"uv": [
						9.5,
						5,
						9.625,
						5.25
					],
					"texture": "#0"
				},
				"east": {
					"uv": [
						9.5,
						5.25,
						9.625,
						5.5
					],
					"texture": "#0"
				},
				"south": {
					"uv": [
						9.5,
						5.5,
						9.625,
						5.75
					],
					"texture": "#0"
				},
				"west": {
					"uv": [
						9.5,
						5.75,
						9.625,
						6
					],
					"texture": "#0"
				},
				"up": {
					"uv": [
						1.125,
						9.875,
						1,
						9.75
					],
					"texture": "#0"
				},
				"down": {
					"uv": [
						9.875,
						1,
						9.75,
						1.125
					],
					"texture": "#0"
				}
			}
		},
		{
			"from": [
				7.75,
				2,
				-8.5
			],
			"to": [
				8.25,
				3,
				-8
			],
			"faces": {
				"north": {
					"uv": [
						3.25,
						9.5,
						3.375,
						9.75
					],
					"texture": "#0"
				},
				"east": {
					"uv": [
						9.5,
						3.25,
						9.625,
						3.5
					],
					"texture": "#0"
				},
				"south": {
					"uv": [
						3.5,
						9.5,
						3.625,
						9.75
					],
					"texture": "#0"
				},
				"west": {
					"uv": [
						9.5,
						4,
						9.625,
						4.25
					],
					"texture": "#0"
				},
				"up": {
					"uv": [
						0.875,
						9.875,
						0.75,
						9.75
					],
					"texture": "#0"
				},
				"down": {
					"uv": [
						9.875,
						0.75,
						9.75,
						0.875
					],
					"texture": "#0"
				}
			}
		},
		{
			"from": [
				6.75,
				2.2,
				-7
			],
			"to": [
				9.25,
				4.7,
				-6.5
			],
			"rotation": {
				"angle": 0,
				"axis": "y",
				"origin": [
					0,
					-0.5,
					-3.5
				]
			},
			"faces": {
				"north": {
					"uv": [
						3,
						0,
						4.25,
						1.25
					],
					"texture": "#1",
					"cullface": "north"
				},
				"east": {
					"uv": [
						7.5,
						4.5,
						7.75,
						5.75
					],
					"texture": "#1",
					"cullface": "north"
				},
				"south": {
					"uv": [
						3,
						0,
						4.25,
						1.25
					],
					"texture": "#1",
					"cullface": "north"
				},
				"west": {
					"uv": [
						6,
						7.5,
						6.25,
						8.75
					],
					"texture": "#1",
					"cullface": "north"
				},
				"up": {
					"uv": [
						8.75,
						6.25,
						7.5,
						6
					],
					"texture": "#1",
					"cullface": "north"
				},
				"down": {
					"uv": [
						7.75,
						7.5,
						6.5,
						7.75
					],
					"texture": "#1",
					"cullface": "north"
				}
			}
		},
		{
			"from": [
				6.75,
				2.2,
				-3
			],
			"to": [
				9.25,
				4.7,
				-2.5
			],
			"rotation": {
				"angle": 0,
				"axis": "y",
				"origin": [
					0,
					-0.5,
					-3.5
				]
			},
			"faces": {
				"north": {
					"uv": [
						4.5,
						1.5,
						5.75,
						2.75
					],
					"texture": "#1",
					"cullface": "north"
				},
				"east": {
					"uv": [
						7.5,
						8,
						7.75,
						9.25
					],
					"texture": "#1",
					"cullface": "north"
				},
				"south": {
					"uv": [
						4.5,
						1.5,
						5.75,
						2.75
					],
					"texture": "#1",
					"cullface": "north"
				},
				"west": {
					"uv": [
						8,
						7.5,
						8.25,
						8.75
					],
					"texture": "#1",
					"cullface": "north"
				},
				"up": {
					"uv": [
						9.75,
						0.25,
						8.5,
						0
					],
					"texture": "#1",
					"cullface": "north"
				},
				"down": {
					"uv": [
						9.75,
						0,
						8.5,
						0.25
					],
					"texture": "#1",
					"cullface": "north"
				}
			}
		},
		{
			"from": [
				6.75,
				2.2,
				-8
			],
			"to": [
				9.25,
				4.7,
				-7.5
			],
			"rotation": {
				"angle": 0,
				"axis": "y",
				"origin": [
					0,
					-0.5,
					-3.5
				]
			},
			"faces": {
				"north": {
					"uv": [
						0,
						0,
						1.25,
						1.25
					],
					"texture": "#1",
					"cullface": "north"
				},
				"east": {
					"uv": [
						1.5,
						7.5,
						1.75,
						8.75
					],
					"texture": "#1",
					"cullface": "north"
				},
				"south": {
					"uv": [
						0,
						0,
						1.25,
						1.25
					],
					"texture": "#1",
					"cullface": "north"
				},
				"west": {
					"uv": [
						2,
						7.5,
						2.25,
						8.75
					],
					"texture": "#1",
					"cullface": "north"
				},
				"up": {
					"uv": [
						8.75,
						2.25,
						7.5,
						2
					],
					"texture": "#1",
					"cullface": "north"
				},
				"down": {
					"uv": [
						3.75,
						7.5,
						2.5,
						7.75
					],
					"texture": "#1",
					"cullface": "north"
				}
			}
		},
		{
			"from": [
				6.75,
				2.2,
				-4
			],
			"to": [
				9.25,
				4.7,
				-3.5
			],
			"rotation": {
				"angle": 0,
				"axis": "y",
				"origin": [
					0,
					-0.5,
					-3.5
				]
			},
			"faces": {
				"north": {
					"uv": [
						4.5,
						0,
						5.75,
						1.25
					],
					"texture": "#1",
					"cullface": "north"
				},
				"east": {
					"uv": [
						6.5,
						8,
						6.75,
						9.25
					],
					"texture": "#1",
					"cullface": "north"
				},
				"south": {
					"uv": [
						4.5,
						0,
						5.75,
						1.25
					],
					"texture": "#1",
					"cullface": "north"
				},
				"west": {
					"uv": [
						7,
						8,
						7.25,
						9.25
					],
					"texture": "#1",
					"cullface": "north"
				},
				"up": {
					"uv": [
						9.25,
						5.25,
						8,
						5
					],
					"texture": "#1",
					"cullface": "north"
				},
				"down": {
					"uv": [
						9.25,
						5.5,
						8,
						5.75
					],
					"texture": "#1",
					"cullface": "north"
				}
			}
		},
		{
			"from": [
				6.75,
				2.2,
				-6
			],
			"to": [
				9.25,
				4.7,
				-5.5
			],
			"rotation": {
				"angle": 0,
				"axis": "y",
				"origin": [
					0,
					-0.5,
					-3.5
				]
			},
			"faces": {
				"north": {
					"uv": [
						3,
						1.5,
						4.25,
						2.75
					],
					"texture": "#1",
					"cullface": "north"
				},
				"east": {
					"uv": [
						2.5,
						8,
						2.75,
						9.25
					],
					"texture": "#1",
					"cullface": "north"
				},
				"south": {
					"uv": [
						3,
						1.5,
						4.25,
						2.75
					],
					"texture": "#1",
					"cullface": "north"
				},
				"west": {
					"uv": [
						8,
						2.5,
						8.25,
						3.75
					],
					"texture": "#1",
					"cullface": "north"
				},
				"up": {
					"uv": [
						8.75,
						6.75,
						7.5,
						6.5
					],
					"texture": "#1",
					"cullface": "north"
				},
				"down": {
					"uv": [
						8.75,
						7,
						7.5,
						7.25
					],
					"texture": "#1",
					"cullface": "north"
				}
			}
		},
		{
			"from": [
				6.75,
				2.2,
				-5
			],
			"to": [
				9.25,
				4.7,
				-4.5
			],
			"rotation": {
				"angle": 0,
				"axis": "y",
				"origin": [
					0,
					-0.5,
					-3.5
				]
			},
			"faces": {
				"north": {
					"uv": [
						3,
						3,
						4.25,
						4.25
					],
					"texture": "#1",
					"cullface": "north"
				},
				"east": {
					"uv": [
						3,
						8,
						3.25,
						9.25
					],
					"texture": "#1",
					"cullface": "north"
				},
				"south": {
					"uv": [
						3,
						3,
						4.25,
						4.25
					],
					"texture": "#1",
					"cullface": "north"
				},
				"west": {
					"uv": [
						3.5,
						8,
						3.75,
						9.25
					],
					"texture": "#1",
					"cullface": "north"
				},
				"up": {
					"uv": [
						5.75,
						8.25,
						4.5,
						8
					],
					"texture": "#1",
					"cullface": "north"
				},
				"down": {
					"uv": [
						9.25,
						4.5,
						8,
						4.75
					],
					"texture": "#1",
					"cullface": "north"
				}
			}
		},
		{
			"from": [
				7.5,
				3,
				-10
			],
			"to": [
				8.5,
				4,
				-5.5
			],
			"faces": {
				"north": {
					"uv": [
						9.25,
						1.5,
						9.5,
						1.75
					],
					"texture": "#0"
				},
				"east": {
					"uv": [
						7.25,
						1.5,
						8.375,
						1.75
					],
					"texture": "#0"
				},
				"south": {
					"uv": [
						9.25,
						1.75,
						9.5,
						2
					],
					"texture": "#0"
				},
				"west": {
					"uv": [
						7.5,
						2.75,
						8.625,
						3
					],
					"texture": "#0"
				},
				"up": {
					"uv": [
						3,
						1.125,
						2.75,
						0
					],
					"texture": "#0"
				},
				"down": {
					"uv": [
						5.5,
						7.25,
						5.25,
						8.375
					],
					"texture": "#0"
				}
			}
		}
	],
	"groups": [
		0,
		1,
		2,
		3,
		4,
		5,
		6,
		7,
		8,
		9,
		10,
		11,
		12,
		13,
		14,
		15,
		16,
		17,
		18,
		19,
		20,
		21,
		{
			"name": "group",
			"origin": [
				8,
				2.95,
				9.25
			],
			"color": 0,
			"children": [
				22,
				23,
				24,
				25
			]
		},
		{
			"name": "group",
			"origin": [
				0,
				-2.8,
				8.5
			],
			"color": 0,
			"children": [
				26,
				27,
				28,
				29,
				30,
				31,
				32,
				33,
				34,
				35
			]
		},
		36,
		{
			"name": "group",
			"origin": [
				8,
				1.93452,
				13.74784
			],
			"color": 0,
			"children": [
				37,
				38,
				39,
				40,
				41,
				42
			]
		},
		43,
		44,
		45,
		46,
		47,
		48,
		49,
		50,
		51,
		52,
		53,
		54,
		55,
		56,
		57,
		{
			"name": "group",
			"origin": [
				0,
				-2.8,
				8.5
			],
			"color": 0,
			"children": [
				58,
				59,
				60,
				61,
				62,
				63,
				64
			]
		}
	],
	"display": {
		"thirdperson_righthand": {
			"translation": [
				0,
				6.75,
				-3.75
			]
		},
		"thirdperson_lefthand": {
			"translation": [
				0,
				6.75,
				-3.75
			],
			"scale": [
				-1,
				1,
				1
			]
		},
		"firstperson_righthand": {
			"translation": [
				-5,
				10.5,
				1.25
			],
			"scale": [
				1,
				1,
				0.88
			]
		},
		"firstperson_lefthand": {
			"translation": [
				-5,
				10.5,
				1.25
			],
			"scale": [
				-1,
				1,
				0.88
			]
		},
		"ground": {
			"translation": [
				0,
				5,
				0
			]
		},
		"gui": {
			"rotation": [
				20,
				-147,
				0
			],
			"translation": [
				-2,
				4.25,
				-1
			],
			"scale": [
				0.9,
				0.9,
				0.9
			]
		},
		"fixed": {
			"rotation": [
				0,
				90,
				0
			],
			"translation": [
				1.5,
				8.25,
				-2.75
			],
			"scale": [
				1.76,
				1.76,
				1.76
			]
		}
	}
}