{
	"credit": "Made with Blockbench",
	"texture_size": [
		32,
		32
	],
	"textures": {
		"3": "scguns_laf:item/new_railworker_texture",
		"particle": "scguns_laf:item/new_railworker_texture"
	},
	"elements": [
		{
			"from": [
				7,
				2.5,
				3.5
			],
			"to": [
				9,
				4.5,
				9.25
			],
			"rotation": {
				"angle": 0,
				"axis": "y",
				"origin": [
					0,
					-0.05,
					-0.5
				]
			},
			"faces": {
				"north": {
					"uv": [
						11,
						10.5,
						12,
						11.5
					],
					"texture": "#3"
				},
				"east": {
					"uv": [
						0,
						5,
						3,
						6
					],
					"texture": "#3"
				},
				"south": {
					"uv": [
						0,
						11.5,
						1,
						12.5
					],
					"texture": "#3"
				},
				"west": {
					"uv": [
						5.5,
						0,
						8.5,
						1
					],
					"texture": "#3"
				},
				"up": {
					"uv": [
						4,
						8.5,
						3,
						5.5
					],
					"texture": "#3"
				},
				"down": {
					"uv": [
						5,
						5.5,
						4,
						8.5
					],
					"texture": "#3"
				}
			}
		},
		{
			"from": [
				7.1,
				1.75,
				7.75
			],
			"to": [
				8.9,
				2.7,
				12.65
			],
			"rotation": {
				"angle": 0,
				"axis": "y",
				"origin": [
					0,
					-0.3,
					4.5
				]
			},
			"faces": {
				"north": {
					"uv": [
						8.5,
						12.5,
						9.5,
						13
					],
					"texture": "#3"
				},
				"east": {
					"uv": [
						11,
						4.5,
						13.5,
						5
					],
					"texture": "#3"
				},
				"south": {
					"uv": [
						12.5,
						10.5,
						13.5,
						11
					],
					"texture": "#3"
				},
				"west": {
					"uv": [
						11,
						7,
						13.5,
						7.5
					],
					"texture": "#3"
				},
				"up": {
					"uv": [
						8.5,
						8,
						7.5,
						5.5
					],
					"texture": "#3"
				},
				"down": {
					"uv": [
						8.5,
						8,
						7.5,
						10.5
					],
					"texture": "#3"
				}
			}
		},
		{
			"from": [
				7,
				2.45,
				12.65
			],
			"to": [
				9,
				3.95,
				15.25
			],
			"rotation": {
				"angle": 0,
				"axis": "y",
				"origin": [
					0,
					-0.3,
					4.5
				]
			},
			"faces": {
				"north": {
					"uv": [
						12.5,
						3.5,
						13.5,
						4.25
					],
					"texture": "#3"
				},
				"east": {
					"uv": [
						12.5,
						1,
						13.75,
						1.75
					],
					"texture": "#3"
				},
				"south": {
					"uv": [
						6,
						12.5,
						7,
						13.25
					],
					"texture": "#3"
				},
				"west": {
					"uv": [
						12.5,
						2.5,
						13.75,
						3.25
					],
					"texture": "#3"
				},
				"up": {
					"uv": [
						7,
						12.25,
						6,
						11
					],
					"texture": "#3"
				},
				"down": {
					"uv": [
						12,
						7.5,
						11,
						8.75
					],
					"texture": "#3"
				}
			}
		},
		{
			"from": [
				7.1,
				2.95,
				12.65
			],
			"to": [
				8.9,
				4.75,
				15.45
			],
			"rotation": {
				"angle": 0,
				"axis": "y",
				"origin": [
					0,
					-0.3,
					4.5
				]
			},
			"faces": {
				"north": {
					"uv": [
						1,
						11.5,
						2,
						12.5
					],
					"texture": "#3"
				},
				"east": {
					"uv": [
						9.5,
						4,
						11,
						5
					],
					"texture": "#3"
				},
				"south": {
					"uv": [
						11.5,
						1,
						12.5,
						2
					],
					"texture": "#3"
				},
				"west": {
					"uv": [
						10.5,
						0,
						12,
						1
					],
					"texture": "#3"
				},
				"up": {
					"uv": [
						8.5,
						2.5,
						7.5,
						1
					],
					"texture": "#3"
				},
				"down": {
					"uv": [
						11.5,
						1,
						10.5,
						2.5
					],
					"texture": "#3"
				}
			}
		},
		{
			"from": [
				7.2,
				2.65,
				14.25
			],
			"to": [
				8.8,
				3.35,
				15.95
			],
			"rotation": {
				"angle": 0,
				"axis": "y",
				"origin": [
					0,
					-0.3,
					4.5
				]
			},
			"faces": {
				"north": {
					"uv": [
						13.5,
						7,
						14.25,
						7.25
					],
					"texture": "#3"
				},
				"east": {
					"uv": [
						7.5,
						13.5,
						8.25,
						13.75
					],
					"texture": "#3"
				},
				"south": {
					"uv": [
						13.5,
						7.5,
						14.25,
						7.75
					],
					"texture": "#3"
				},
				"west": {
					"uv": [
						13.5,
						8,
						14.25,
						8.25
					],
					"texture": "#3"
				},
				"up": {
					"uv": [
						8.25,
						13.25,
						7.5,
						12.5
					],
					"texture": "#3"
				},
				"down": {
					"uv": [
						13.25,
						7.5,
						12.5,
						8.25
					],
					"texture": "#3"
				}
			}
		},
		{
			"from": [
				6.75,
				2.7,
				10.25
			],
			"to": [
				9.25,
				4.95,
				15
			],
			"rotation": {
				"angle": 0,
				"axis": "y",
				"origin": [
					0,
					-0.05,
					-0.5
				]
			},
			"faces": {
				"north": {
					"uv": [
						6,
						9.5,
						7.25,
						10.75
					],
					"texture": "#3"
				},
				"east": {
					"uv": [
						3,
						0,
						5.5,
						1.25
					],
					"texture": "#3"
				},
				"south": {
					"uv": [
						9.5,
						7,
						10.75,
						8.25
					],
					"texture": "#3",
					"cullface": "south"
				},
				"west": {
					"uv": [
						3,
						1.5,
						5.5,
						2.75
					],
					"texture": "#3"
				},
				"up": {
					"uv": [
						4.25,
						5.5,
						3,
						3
					],
					"texture": "#3"
				},
				"down": {
					"uv": [
						5.75,
						3,
						4.5,
						5.5
					],
					"texture": "#3"
				}
			}
		},
		{
			"from": [
				7.25,
				-2.2,
				4.25
			],
			"to": [
				8.75,
				0.8,
				8.25
			],
			"rotation": {
				"angle": 0,
				"axis": "y",
				"origin": [
					8,
					1.70625,
					6.25
				]
			},
			"faces": {
				"north": {
					"uv": [
						8.5,
						11,
						9.25,
						12.5
					],
					"texture": "#3"
				},
				"east": {
					"uv": [
						5.5,
						1,
						7.5,
						2.5
					],
					"texture": "#3"
				},
				"south": {
					"uv": [
						11,
						9,
						11.75,
						10.5
					],
					"texture": "#3",
					"cullface": "down"
				},
				"west": {
					"uv": [
						5,
						5.5,
						7,
						7
					],
					"texture": "#3"
				},
				"up": {
					"uv": [
						11.25,
						7,
						10.5,
						5
					],
					"texture": "#3"
				},
				"down": {
					"uv": [
						8.25,
						10.5,
						7.5,
						12.5
					],
					"texture": "#3",
					"cullface": "down"
				}
			}
		},
		{
			"from": [
				7,
				0.55,
				4
			],
			"to": [
				9,
				0.8,
				8.5
			],
			"rotation": {
				"angle": 0,
				"axis": "y",
				"origin": [
					8,
					1.70625,
					6.25
				]
			},
			"faces": {
				"north": {
					"uv": [
						3.5,
						13.5,
						4.5,
						13.75
					],
					"texture": "#3"
				},
				"east": {
					"uv": [
						12.5,
						8.5,
						14.75,
						8.75
					],
					"texture": "#3"
				},
				"south": {
					"uv": [
						13.5,
						3.5,
						14.5,
						3.75
					],
					"texture": "#3",
					"cullface": "down"
				},
				"west": {
					"uv": [
						12.5,
						9,
						14.75,
						9.25
					],
					"texture": "#3"
				},
				"up": {
					"uv": [
						9.5,
						2.25,
						8.5,
						0
					],
					"texture": "#3"
				},
				"down": {
					"uv": [
						9.5,
						2.5,
						8.5,
						4.75
					],
					"texture": "#3"
				}
			}
		},
		{
			"from": [
				7.25,
				0.8,
				4.25
			],
			"to": [
				8.75,
				1.8,
				8.25
			],
			"rotation": {
				"angle": 0,
				"axis": "y",
				"origin": [
					8,
					1.70625,
					6.25
				]
			},
			"faces": {
				"north": {
					"uv": [
						8.5,
						13,
						9.25,
						13.5
					],
					"texture": "#3"
				},
				"east": {
					"uv": [
						11.5,
						2,
						13.5,
						2.5
					],
					"texture": "#3"
				},
				"south": {
					"uv": [
						11.5,
						13,
						12.25,
						13.5
					],
					"texture": "#3"
				},
				"west": {
					"uv": [
						11.5,
						5,
						13.5,
						5.5
					],
					"texture": "#3"
				},
				"up": {
					"uv": [
						11.75,
						4.5,
						11,
						2.5
					],
					"texture": "#3"
				},
				"down": {
					"uv": [
						3.75,
						11,
						3,
						13
					],
					"texture": "#3"
				}
			}
		},
		{
			"from": [
				7.75,
				1.31903,
				7.64567
			],
			"to": [
				8.25,
				1.81903,
				8.14567
			],
			"rotation": {
				"angle": 0,
				"axis": "y",
				"origin": [
					8,
					2.93452,
					9.74784
				]
			},
			"faces": {
				"north": {
					"uv": [
						13.5,
						13.5,
						13.75,
						13.75
					],
					"texture": "#3"
				},
				"east": {
					"uv": [
						0,
						14,
						0.25,
						14.25
					],
					"texture": "#3"
				},
				"south": {
					"uv": [
						14,
						0,
						14.25,
						0.25
					],
					"texture": "#3"
				},
				"west": {
					"uv": [
						0.5,
						14,
						0.75,
						14.25
					],
					"texture": "#3"
				},
				"up": {
					"uv": [
						14.25,
						0.75,
						14,
						0.5
					],
					"texture": "#3"
				},
				"down": {
					"uv": [
						1.25,
						14,
						1,
						14.25
					],
					"texture": "#3"
				}
			}
		},
		{
			"from": [
				6.5,
				1.3,
				4
			],
			"to": [
				9.5,
				3.8,
				8.5
			],
			"rotation": {
				"angle": 0,
				"axis": "y",
				"origin": [
					8,
					1.70625,
					6.25
				]
			},
			"faces": {
				"north": {
					"uv": [
						3,
						9.5,
						4.5,
						10.75
					],
					"texture": "#3"
				},
				"east": {
					"uv": [
						0,
						6,
						2.25,
						7.25
					],
					"texture": "#3"
				},
				"south": {
					"uv": [
						4.5,
						9.5,
						6,
						10.75
					],
					"texture": "#3"
				},
				"west": {
					"uv": [
						6,
						2.5,
						8.25,
						3.75
					],
					"texture": "#3"
				},
				"up": {
					"uv": [
						1.5,
						2.25,
						0,
						0
					],
					"texture": "#3"
				},
				"down": {
					"uv": [
						3,
						0,
						1.5,
						2.25
					],
					"texture": "#3"
				}
			}
		},
		{
			"from": [
				7.45,
				-0.375,
				14.275
			],
			"to": [
				8.55,
				3.575,
				15.475
			],
			"rotation": {
				"angle": -22.5,
				"axis": "x",
				"origin": [
					8,
					1.2,
					15.125
				]
			},
			"faces": {
				"north": {
					"uv": [
						7,
						11,
						7.5,
						13
					],
					"texture": "#3"
				},
				"east": {
					"uv": [
						2,
						11.5,
						2.5,
						13.5
					],
					"texture": "#3"
				},
				"south": {
					"uv": [
						2.5,
						11.5,
						3,
						13.5
					],
					"texture": "#3",
					"cullface": "south"
				},
				"west": {
					"uv": [
						9.5,
						11.5,
						10,
						13.5
					],
					"texture": "#3"
				},
				"up": {
					"uv": [
						6,
						3,
						5.5,
						2.5
					],
					"texture": "#3"
				},
				"down": {
					"uv": [
						3,
						7,
						2.5,
						7.5
					],
					"texture": "#3",
					"cullface": "down"
				}
			}
		},
		{
			"from": [
				7.25,
				-0.175,
				14.375
			],
			"to": [
				8.75,
				3.575,
				15.375
			],
			"rotation": {
				"angle": -22.5,
				"axis": "x",
				"origin": [
					8,
					1.2,
					15.125
				]
			},
			"faces": {
				"north": {
					"uv": [
						4,
						11,
						4.75,
						13
					],
					"texture": "#3"
				},
				"east": {
					"uv": [
						10,
						11.5,
						10.5,
						13.5
					],
					"texture": "#3"
				},
				"south": {
					"uv": [
						5,
						11,
						5.75,
						13
					],
					"texture": "#3",
					"cullface": "south"
				},
				"west": {
					"uv": [
						10.5,
						11.5,
						11,
						13.5
					],
					"texture": "#3"
				},
				"up": {
					"uv": [
						13.75,
						12,
						13,
						11.5
					],
					"texture": "#3"
				},
				"down": {
					"uv": [
						13.75,
						12.5,
						13,
						13
					],
					"texture": "#3",
					"cullface": "down"
				}
			}
		},
		{
			"from": [
				7.75,
				2,
				13.55
			],
			"to": [
				8.25,
				2.5,
				14.05
			],
			"rotation": {
				"angle": 0,
				"axis": "y",
				"origin": [
					0,
					-2.8,
					8.5
				]
			},
			"faces": {
				"north": {
					"uv": [
						14,
						1,
						14.25,
						1.25
					],
					"texture": "#3"
				},
				"east": {
					"uv": [
						1.5,
						14,
						1.75,
						14.25
					],
					"texture": "#3"
				},
				"south": {
					"uv": [
						14,
						1.5,
						14.25,
						1.75
					],
					"texture": "#3"
				},
				"west": {
					"uv": [
						2,
						14,
						2.25,
						14.25
					],
					"texture": "#3"
				},
				"up": {
					"uv": [
						2.75,
						14.25,
						2.5,
						14
					],
					"texture": "#3"
				},
				"down": {
					"uv": [
						14.25,
						2.5,
						14,
						2.75
					],
					"texture": "#3"
				}
			}
		},
		{
			"from": [
				7.75,
				1.5,
				10.25
			],
			"to": [
				8.25,
				1.8,
				14.15
			],
			"rotation": {
				"angle": 0,
				"axis": "y",
				"origin": [
					0,
					-2.8,
					8.5
				]
			},
			"faces": {
				"north": {
					"uv": [
						14,
						3,
						14.25,
						3.25
					],
					"texture": "#3"
				},
				"east": {
					"uv": [
						12.5,
						11,
						14.5,
						11.25
					],
					"texture": "#3"
				},
				"south": {
					"uv": [
						3.5,
						14,
						3.75,
						14.25
					],
					"texture": "#3"
				},
				"west": {
					"uv": [
						12.5,
						12,
						14.5,
						12.25
					],
					"texture": "#3"
				},
				"up": {
					"uv": [
						12.75,
						14.5,
						12.5,
						12.5
					],
					"texture": "#3"
				},
				"down": {
					"uv": [
						3.25,
						13,
						3,
						15
					],
					"texture": "#3"
				}
			}
		},
		{
			"from": [
				6,
				2.45,
				8.25
			],
			"to": [
				10,
				3.45,
				10.25
			],
			"rotation": {
				"angle": -22.5,
				"axis": "z",
				"origin": [
					8,
					2.95,
					9.25
				]
			},
			"faces": {
				"north": {
					"uv": [
						11.5,
						5.5,
						13.5,
						6
					],
					"texture": "#3"
				},
				"east": {
					"uv": [
						13,
						0,
						14,
						0.5
					],
					"texture": "#3"
				},
				"south": {
					"uv": [
						11.5,
						6,
						13.5,
						6.5
					],
					"texture": "#3"
				},
				"west": {
					"uv": [
						13,
						0.5,
						14,
						1
					],
					"texture": "#3"
				},
				"up": {
					"uv": [
						5,
						9.5,
						3,
						8.5
					],
					"texture": "#3"
				},
				"down": {
					"uv": [
						7,
						8.5,
						5,
						9.5
					],
					"texture": "#3"
				}
			}
		},
		{
			"from": [
				6,
				2.45,
				8.25
			],
			"to": [
				10,
				3.45,
				10.25
			],
			"rotation": {
				"angle": 22.5,
				"axis": "z",
				"origin": [
					8,
					2.95,
					9.25
				]
			},
			"faces": {
				"north": {
					"uv": [
						11.5,
						6.5,
						13.5,
						7
					],
					"texture": "#3"
				},
				"east": {
					"uv": [
						3.5,
						13,
						4.5,
						13.5
					],
					"texture": "#3"
				},
				"south": {
					"uv": [
						11,
						11.5,
						13,
						12
					],
					"texture": "#3"
				},
				"west": {
					"uv": [
						4.5,
						13,
						5.5,
						13.5
					],
					"texture": "#3"
				},
				"up": {
					"uv": [
						10.5,
						6,
						8.5,
						5
					],
					"texture": "#3"
				},
				"down": {
					"uv": [
						10.5,
						6,
						8.5,
						7
					],
					"texture": "#3"
				}
			}
		},
		{
			"from": [
				7.5,
				0.95,
				8.25
			],
			"to": [
				8.5,
				4.95,
				10.25
			],
			"rotation": {
				"angle": -22.5,
				"axis": "z",
				"origin": [
					8,
					2.95,
					9.25
				]
			},
			"faces": {
				"north": {
					"uv": [
						12,
						2.5,
						12.5,
						4.5
					],
					"texture": "#3"
				},
				"east": {
					"uv": [
						8.5,
						7,
						9.5,
						9
					],
					"texture": "#3"
				},
				"south": {
					"uv": [
						12,
						7.5,
						12.5,
						9.5
					],
					"texture": "#3"
				},
				"west": {
					"uv": [
						8.5,
						9,
						9.5,
						11
					],
					"texture": "#3"
				},
				"up": {
					"uv": [
						3,
						7,
						2.5,
						6
					],
					"texture": "#3"
				},
				"down": {
					"uv": [
						7.5,
						5.5,
						7,
						6.5
					],
					"texture": "#3"
				}
			}
		},
		{
			"from": [
				7.5,
				0.95,
				8.25
			],
			"to": [
				8.5,
				4.95,
				10.25
			],
			"rotation": {
				"angle": 22.5,
				"axis": "z",
				"origin": [
					8,
					2.95,
					9.25
				]
			},
			"faces": {
				"north": {
					"uv": [
						12,
						9.5,
						12.5,
						11.5
					],
					"texture": "#3"
				},
				"east": {
					"uv": [
						9.5,
						0,
						10.5,
						2
					],
					"texture": "#3"
				},
				"south": {
					"uv": [
						11,
						12,
						11.5,
						14
					],
					"texture": "#3"
				},
				"west": {
					"uv": [
						9.5,
						2,
						10.5,
						4
					],
					"texture": "#3"
				},
				"up": {
					"uv": [
						7.5,
						9.5,
						7,
						8.5
					],
					"texture": "#3"
				},
				"down": {
					"uv": [
						11,
						2.5,
						10.5,
						3.5
					],
					"texture": "#3"
				}
			}
		},
		{
			"from": [
				6.75,
				2.45,
				3.5
			],
			"to": [
				9.25,
				4.95,
				4
			],
			"faces": {
				"north": {
					"uv": [
						9.5,
						8.5,
						10.75,
						9.75
					],
					"texture": "#3"
				},
				"east": {
					"uv": [
						5.5,
						13,
						5.75,
						14.25
					],
					"texture": "#3"
				},
				"south": {
					"uv": [
						0,
						10,
						1.25,
						11.25
					],
					"texture": "#3"
				},
				"west": {
					"uv": [
						7,
						13,
						7.25,
						14.25
					],
					"texture": "#3"
				},
				"up": {
					"uv": [
						2.75,
						13.75,
						1.5,
						13.5
					],
					"texture": "#3"
				},
				"down": {
					"uv": [
						14.75,
						2,
						13.5,
						2.25
					],
					"texture": "#3"
				}
			}
		},
		{
			"from": [
				7,
				2.7,
				3
			],
			"to": [
				9,
				4.7,
				3.5
			],
			"faces": {
				"north": {
					"uv": [
						12,
						0,
						13,
						1
					],
					"texture": "#3"
				},
				"east": {
					"uv": [
						13.5,
						4,
						13.75,
						5
					],
					"texture": "#3"
				},
				"south": {
					"uv": [
						11.5,
						12,
						12.5,
						13
					],
					"texture": "#3"
				},
				"west": {
					"uv": [
						4.5,
						13.5,
						4.75,
						14.5
					],
					"texture": "#3"
				},
				"up": {
					"uv": [
						14.5,
						5.25,
						13.5,
						5
					],
					"texture": "#3"
				},
				"down": {
					"uv": [
						14.5,
						5.5,
						13.5,
						5.75
					],
					"texture": "#3"
				}
			}
		},
		{
			"from": [
				7,
				2.7,
				-2
			],
			"to": [
				9,
				4.7,
				-1.5
			],
			"faces": {
				"north": {
					"uv": [
						0,
						12.5,
						1,
						13.5
					],
					"texture": "#3"
				},
				"east": {
					"uv": [
						5,
						13.5,
						5.25,
						14.5
					],
					"texture": "#3"
				},
				"south": {
					"uv": [
						1,
						12.5,
						2,
						13.5
					],
					"texture": "#3"
				},
				"west": {
					"uv": [
						6,
						13.5,
						6.25,
						14.5
					],
					"texture": "#3"
				},
				"up": {
					"uv": [
						14.5,
						6.25,
						13.5,
						6
					],
					"texture": "#3"
				},
				"down": {
					"uv": [
						14.5,
						6.5,
						13.5,
						6.75
					],
					"texture": "#3"
				}
			}
		},
		{
			"from": [
				6.75,
				2.45,
				-1.5
			],
			"to": [
				9.25,
				4.95,
				3
			],
			"faces": {
				"north": {
					"uv": [
						1.5,
						10,
						2.75,
						11.25
					],
					"texture": "#3"
				},
				"east": {
					"uv": [
						6,
						4,
						8.25,
						5.25
					],
					"texture": "#3"
				},
				"south": {
					"uv": [
						9.5,
						10,
						10.75,
						11.25
					],
					"texture": "#3"
				},
				"west": {
					"uv": [
						5,
						7,
						7.25,
						8.25
					],
					"texture": "#3"
				},
				"up": {
					"uv": [
						1.25,
						9.75,
						0,
						7.5
					],
					"texture": "#3"
				},
				"down": {
					"uv": [
						2.75,
						7.5,
						1.5,
						9.75
					],
					"texture": "#3"
				}
			}
		},
		{
			"from": [
				6.5,
				4.5,
				4
			],
			"to": [
				9.5,
				5,
				8.25
			],
			"faces": {
				"north": {
					"uv": [
						13,
						13,
						14.5,
						13.25
					],
					"texture": "#3"
				},
				"east": {
					"uv": [
						12.5,
						9.5,
						14.75,
						9.75
					],
					"texture": "#3"
				},
				"south": {
					"uv": [
						0,
						13.5,
						1.5,
						13.75
					],
					"texture": "#3"
				},
				"west": {
					"uv": [
						12.5,
						10,
						14.75,
						10.25
					],
					"texture": "#3"
				},
				"up": {
					"uv": [
						1.5,
						4.75,
						0,
						2.5
					],
					"texture": "#3"
				},
				"down": {
					"uv": [
						3,
						2.5,
						1.5,
						4.75
					],
					"texture": "#3"
				}
			}
		},
		{
			"from": [
				7.2,
				4.9,
				14.6
			],
			"to": [
				7.7,
				5.65,
				14.9
			],
			"faces": {
				"north": {
					"uv": [
						7,
						6.5,
						7.25,
						7
					],
					"texture": "#3"
				},
				"east": {
					"uv": [
						10.5,
						3.5,
						10.75,
						4
					],
					"texture": "#3"
				},
				"south": {
					"uv": [
						6.5,
						13.5,
						6.75,
						14
					],
					"texture": "#3"
				},
				"west": {
					"uv": [
						8.5,
						13.5,
						8.75,
						14
					],
					"texture": "#3"
				},
				"up": {
					"uv": [
						4.25,
						14.25,
						4,
						14
					],
					"texture": "#3"
				},
				"down": {
					"uv": [
						14.25,
						4,
						14,
						4.25
					],
					"texture": "#3"
				}
			}
		},
		{
			"from": [
				7.4,
				4.9,
				-1.4
			],
			"to": [
				8.5,
				5.15,
				-1
			],
			"faces": {
				"north": {
					"uv": [
						9,
						13.5,
						9.5,
						13.75
					],
					"texture": "#3"
				},
				"east": {
					"uv": [
						14,
						4.5,
						14.25,
						4.75
					],
					"texture": "#3"
				},
				"south": {
					"uv": [
						9.5,
						13.5,
						10,
						13.75
					],
					"texture": "#3"
				},
				"west": {
					"uv": [
						6.5,
						14,
						6.75,
						14.25
					],
					"texture": "#3"
				},
				"up": {
					"uv": [
						10.5,
						13.75,
						10,
						13.5
					],
					"texture": "#3"
				},
				"down": {
					"uv": [
						11,
						13.5,
						10.5,
						13.75
					],
					"texture": "#3"
				}
			}
		},
		{
			"from": [
				7.9,
				5.15,
				-1.4
			],
			"to": [
				8,
				5.4,
				-1
			],
			"faces": {
				"north": {
					"uv": [
						7.5,
						14,
						7.75,
						14.25
					],
					"texture": "#3"
				},
				"east": {
					"uv": [
						8,
						14,
						8.25,
						14.25
					],
					"texture": "#3"
				},
				"south": {
					"uv": [
						8.5,
						14,
						8.75,
						14.25
					],
					"texture": "#3"
				},
				"west": {
					"uv": [
						9,
						14,
						9.25,
						14.25
					],
					"texture": "#3"
				},
				"up": {
					"uv": [
						9.75,
						14.25,
						9.5,
						14
					],
					"texture": "#3"
				},
				"down": {
					"uv": [
						10.25,
						14,
						10,
						14.25
					],
					"texture": "#3"
				}
			}
		},
		{
			"from": [
				8.3,
				4.9,
				14.6
			],
			"to": [
				8.8,
				5.65,
				14.9
			],
			"faces": {
				"north": {
					"uv": [
						13.5,
						10.5,
						13.75,
						11
					],
					"texture": "#3"
				},
				"east": {
					"uv": [
						11.5,
						13.5,
						11.75,
						14
					],
					"texture": "#3"
				},
				"south": {
					"uv": [
						12,
						13.5,
						12.25,
						14
					],
					"texture": "#3"
				},
				"west": {
					"uv": [
						13,
						13.5,
						13.25,
						14
					],
					"texture": "#3"
				},
				"up": {
					"uv": [
						10.75,
						14.25,
						10.5,
						14
					],
					"texture": "#3"
				},
				"down": {
					"uv": [
						14.25,
						10.5,
						14,
						10.75
					],
					"texture": "#3"
				}
			}
		},
		{
			"from": [
				7.7,
				4.9,
				14.6
			],
			"to": [
				8.3,
				5.15,
				14.9
			],
			"faces": {
				"north": {
					"uv": [
						11,
						14,
						11.25,
						14.25
					],
					"texture": "#3"
				},
				"east": {
					"uv": [
						11.5,
						14,
						11.75,
						14.25
					],
					"texture": "#3"
				},
				"south": {
					"uv": [
						14,
						11.5,
						14.25,
						11.75
					],
					"texture": "#3"
				},
				"west": {
					"uv": [
						12,
						14,
						12.25,
						14.25
					],
					"texture": "#3"
				},
				"up": {
					"uv": [
						14.25,
						12.75,
						14,
						12.5
					],
					"texture": "#3"
				},
				"down": {
					"uv": [
						13.25,
						14,
						13,
						14.25
					],
					"texture": "#3"
				}
			}
		}
	],
	"groups": [
		0,
		1,
		2,
		3,
		4,
		5,
		{
			"name": "group",
			"origin": [
				8,
				1.93452,
				13.74784
			],
			"color": 0,
			"children": [
				6,
				7,
				8,
				9,
				10
			]
		},
		11,
		12,
		13,
		14,
		{
			"name": "cog",
			"origin": [
				8,
				2.95,
				9.25
			],
			"color": 0,
			"children": [
				15,
				16,
				17,
				18
			]
		},
		19,
		20,
		21,
		22,
		{
			"name": "group",
			"origin": [
				0,
				0,
				0
			],
			"color": 0,
			"children": []
		},
		23,
		24,
		25,
		26,
		27,
		28
	],
	"display": {
		"thirdperson_righthand": {
			"translation": [
				0,
				5.75,
				-4
			]
		},
		"thirdperson_lefthand": {
			"translation": [
				0,
				5.75,
				-4
			],
			"scale": [
				-1,
				1,
				1
			]
		},
		"firstperson_righthand": {
			"translation": [
				-3.75,
				9.5,
				-1
			],
			"scale": [
				1,
				1,
				0.88
			]
		},
		"firstperson_lefthand": {
			"translation": [
				-3.75,
				9.5,
				-1
			],
			"scale": [
				-1,
				1,
				0.88
			]
		},
		"ground": {
			"translation": [
				0,
				6,
				0
			]
		},
		"gui": {
			"rotation": [
				20,
				-147,
				0
			],
			"translation": [
				0.25,
				4.25,
				-1
			]
		},
		"fixed": {
			"rotation": [
				0,
				90,
				0
			],
			"translation": [
				0.75,
				9.25,
				-2.75
			],
			"scale": [
				1.57,
				1.57,
				1.57
			]
		}
	}
}