{
	"credit": "Made with Blockbench",
	"texture_size": [
		64,
		64
	],
	"textures": {
		"2": "scguns_laf:item/new_scattergun_texture",
		"particle": "scguns_laf:item/new_scattergun_texture"
	},
	"elements": [
		{
			"from": [
				7.5,
				-0.05,
				14.75
			],
			"to": [
				8.5,
				4.45,
				16.65
			],
			"rotation": {
				"angle": -45,
				"axis": "x",
				"origin": [
					8,
					1,
					15
				]
			},
			"faces": {
				"north": {
					"uv": [
						4.25,
						5.5,
						4.5,
						6.625
					],
					"texture": "#2"
				},
				"east": {
					"uv": [
						3,
						3.75,
						3.5,
						4.875
					],
					"texture": "#2"
				},
				"south": {
					"uv": [
						4.5,
						5.5,
						4.75,
						6.625
					],
					"texture": "#2"
				},
				"west": {
					"uv": [
						3.5,
						3.75,
						4,
						4.875
					],
					"texture": "#2"
				},
				"up": {
					"uv": [
						2,
						4,
						1.75,
						3.5
					],
					"texture": "#2"
				},
				"down": {
					"uv": [
						4.75,
						0.5,
						4.5,
						1
					],
					"texture": "#2"
				}
			}
		},
		{
			"from": [
				7.6,
				-0.45,
				14.75
			],
			"to": [
				8.4,
				-0.05,
				16.4
			],
			"rotation": {
				"angle": -45,
				"axis": "x",
				"origin": [
					8,
					1,
					15
				]
			},
			"faces": {
				"north": {
					"uv": [
						7.75,
						2.75,
						8,
						2.875
					],
					"texture": "#2"
				},
				"east": {
					"uv": [
						7.5,
						7,
						7.875,
						7.125
					],
					"texture": "#2"
				},
				"south": {
					"uv": [
						3.5,
						7.75,
						3.75,
						7.875
					],
					"texture": "#2"
				},
				"west": {
					"uv": [
						7.5,
						7.25,
						7.875,
						7.375
					],
					"texture": "#2"
				},
				"up": {
					"uv": [
						0.25,
						7.375,
						0,
						7
					],
					"texture": "#2"
				},
				"down": {
					"uv": [
						0.5,
						7,
						0.25,
						7.375
					],
					"texture": "#2"
				}
			}
		},
		{
			"from": [
				7.24,
				1.5,
				15.2
			],
			"to": [
				8.76,
				4.2,
				15.7
			],
			"rotation": {
				"angle": -45,
				"axis": "x",
				"origin": [
					8,
					1,
					15
				]
			},
			"faces": {
				"north": {
					"uv": [
						5.75,
						6,
						6.125,
						6.625
					],
					"texture": "#2"
				},
				"east": {
					"uv": [
						7.25,
						0,
						7.375,
						0.625
					],
					"texture": "#2"
				},
				"south": {
					"uv": [
						6.25,
						0,
						6.625,
						0.625
					],
					"texture": "#2"
				},
				"west": {
					"uv": [
						0.5,
						7.25,
						0.625,
						7.875
					],
					"texture": "#2"
				},
				"up": {
					"uv": [
						7.875,
						7.625,
						7.5,
						7.5
					],
					"texture": "#2"
				},
				"down": {
					"uv": [
						8.125,
						0,
						7.75,
						0.125
					],
					"texture": "#2"
				}
			}
		},
		{
			"from": [
				7.34,
				0.2,
				14.6
			],
			"to": [
				8.66,
				4,
				16.3
			],
			"rotation": {
				"angle": -45,
				"axis": "x",
				"origin": [
					8,
					1,
					15
				]
			},
			"faces": {
				"north": {
					"uv": [
						4.75,
						1.5,
						5.125,
						2.5
					],
					"texture": "#2"
				},
				"east": {
					"uv": [
						2,
						4.75,
						2.375,
						5.75
					],
					"texture": "#2"
				},
				"south": {
					"uv": [
						2.5,
						4.75,
						2.875,
						5.75
					],
					"texture": "#2"
				},
				"west": {
					"uv": [
						4.75,
						2.5,
						5.125,
						3.5
					],
					"texture": "#2"
				},
				"up": {
					"uv": [
						1.625,
						6.875,
						1.25,
						6.5
					],
					"texture": "#2"
				},
				"down": {
					"uv": [
						2.125,
						6.5,
						1.75,
						6.875
					],
					"texture": "#2"
				}
			}
		},
		{
			"from": [
				7.25,
				2.84767,
				6.35233
			],
			"to": [
				8.75,
				5.64767,
				12.35233
			],
			"rotation": {
				"angle": 0,
				"axis": "y",
				"origin": [
					8,
					4.74767,
					11.25233
				]
			},
			"faces": {
				"north": {
					"uv": [
						4.75,
						5.5,
						5.125,
						6.25
					],
					"texture": "#2"
				},
				"east": {
					"uv": [
						0,
						0,
						1.5,
						0.75
					],
					"texture": "#2"
				},
				"south": {
					"uv": [
						5.25,
						5.5,
						5.625,
						6.25
					],
					"texture": "#2"
				},
				"west": {
					"uv": [
						0,
						0.75,
						1.5,
						1.5
					],
					"texture": "#2"
				},
				"up": {
					"uv": [
						0.375,
						5.5,
						0,
						4
					],
					"texture": "#2"
				},
				"down": {
					"uv": [
						0.875,
						4,
						0.5,
						5.5
					],
					"texture": "#2"
				}
			}
		},
		{
			"from": [
				7.15,
				4.94767,
				6.55233
			],
			"to": [
				7.35,
				5.84767,
				9.95233
			],
			"rotation": {
				"angle": 0,
				"axis": "y",
				"origin": [
					8,
					4.74767,
					11.25233
				]
			},
			"faces": {
				"north": {
					"uv": [
						4,
						7.75,
						4.125,
						8
					],
					"texture": "#2"
				},
				"east": {
					"uv": [
						2,
						6.25,
						2.875,
						6.5
					],
					"texture": "#2"
				},
				"south": {
					"uv": [
						4.25,
						7.75,
						4.375,
						8
					],
					"texture": "#2"
				},
				"west": {
					"uv": [
						6.25,
						2.25,
						7.125,
						2.5
					],
					"texture": "#2"
				},
				"up": {
					"uv": [
						5.375,
						7.625,
						5.25,
						6.75
					],
					"texture": "#2"
				},
				"down": {
					"uv": [
						5.625,
						6.75,
						5.5,
						7.625
					],
					"texture": "#2"
				}
			}
		},
		{
			"from": [
				8.65,
				4.94767,
				6.55233
			],
			"to": [
				8.85,
				5.84767,
				9.95233
			],
			"rotation": {
				"angle": 0,
				"axis": "y",
				"origin": [
					8,
					4.74767,
					11.25233
				]
			},
			"faces": {
				"north": {
					"uv": [
						4.5,
						7.75,
						4.625,
						8
					],
					"texture": "#2"
				},
				"east": {
					"uv": [
						3,
						6.25,
						3.875,
						6.5
					],
					"texture": "#2"
				},
				"south": {
					"uv": [
						7.75,
						4.5,
						7.875,
						4.75
					],
					"texture": "#2"
				},
				"west": {
					"uv": [
						6.25,
						3,
						7.125,
						3.25
					],
					"texture": "#2"
				},
				"up": {
					"uv": [
						6.875,
						6.375,
						6.75,
						5.5
					],
					"texture": "#2"
				},
				"down": {
					"uv": [
						5.875,
						6.75,
						5.75,
						7.625
					],
					"texture": "#2"
				}
			}
		},
		{
			"from": [
				8.75,
				3.14767,
				10.25233
			],
			"to": [
				9.05,
				5.34767,
				12.25233
			],
			"rotation": {
				"angle": 0,
				"axis": "y",
				"origin": [
					8,
					4.74767,
					11.25233
				]
			},
			"faces": {
				"north": {
					"uv": [
						0.75,
						7.25,
						0.875,
						7.75
					],
					"texture": "#2"
				},
				"east": {
					"uv": [
						1.5,
						1,
						2,
						1.5
					],
					"texture": "#2"
				},
				"south": {
					"uv": [
						7.25,
						0.75,
						7.375,
						1.25
					],
					"texture": "#2"
				},
				"west": {
					"uv": [
						5.75,
						0,
						6.25,
						0.5
					],
					"texture": "#2"
				},
				"up": {
					"uv": [
						1.125,
						7.75,
						1,
						7.25
					],
					"texture": "#2"
				},
				"down": {
					"uv": [
						7.375,
						1.25,
						7.25,
						1.75
					],
					"texture": "#2"
				}
			}
		},
		{
			"from": [
				7,
				3.14767,
				10.15233
			],
			"to": [
				7.3,
				5.34767,
				12.25233
			],
			"rotation": {
				"angle": 0,
				"axis": "y",
				"origin": [
					8,
					4.74767,
					11.25233
				]
			},
			"faces": {
				"north": {
					"uv": [
						7.25,
						1.75,
						7.375,
						2.25
					],
					"texture": "#2"
				},
				"east": {
					"uv": [
						5.75,
						0.5,
						6.25,
						1
					],
					"texture": "#2"
				},
				"south": {
					"uv": [
						2.25,
						7.25,
						2.375,
						7.75
					],
					"texture": "#2"
				},
				"west": {
					"uv": [
						2,
						5.75,
						2.5,
						6.25
					],
					"texture": "#2"
				},
				"up": {
					"uv": [
						2.625,
						7.75,
						2.5,
						7.25
					],
					"texture": "#2"
				},
				"down": {
					"uv": [
						2.875,
						7.25,
						2.75,
						7.75
					],
					"texture": "#2"
				}
			}
		},
		{
			"from": [
				9.05,
				4.54767,
				11.45233
			],
			"to": [
				9.35,
				6.54767,
				12.05233
			],
			"rotation": {
				"angle": 22.5,
				"axis": "x",
				"origin": [
					8,
					4.74767,
					11.25233
				]
			},
			"faces": {
				"north": {
					"uv": [
						3,
						7.25,
						3.125,
						7.75
					],
					"texture": "#2"
				},
				"east": {
					"uv": [
						3.25,
						7.25,
						3.375,
						7.75
					],
					"texture": "#2"
				},
				"south": {
					"uv": [
						3.5,
						7.25,
						3.625,
						7.75
					],
					"texture": "#2"
				},
				"west": {
					"uv": [
						4,
						7.25,
						4.125,
						7.75
					],
					"texture": "#2"
				},
				"up": {
					"uv": [
						7.125,
						8.125,
						7,
						8
					],
					"texture": "#2"
				},
				"down": {
					"uv": [
						8.125,
						7,
						8,
						7.125
					],
					"texture": "#2"
				}
			}
		},
		{
			"from": [
				8.85,
				4.54767,
				11.55233
			],
			"to": [
				9.15,
				6.54767,
				11.95233
			],
			"rotation": {
				"angle": 22.5,
				"axis": "x",
				"origin": [
					8,
					4.74767,
					11.25233
				]
			},
			"faces": {
				"north": {
					"uv": [
						4.25,
						7.25,
						4.375,
						7.75
					],
					"texture": "#2"
				},
				"east": {
					"uv": [
						7.25,
						4.75,
						7.375,
						5.25
					],
					"texture": "#2"
				},
				"south": {
					"uv": [
						7.25,
						5.25,
						7.375,
						5.75
					],
					"texture": "#2"
				},
				"west": {
					"uv": [
						7.25,
						5.75,
						7.375,
						6.25
					],
					"texture": "#2"
				},
				"up": {
					"uv": [
						7.375,
						8.125,
						7.25,
						8
					],
					"texture": "#2"
				},
				"down": {
					"uv": [
						8.125,
						7.25,
						8,
						7.375
					],
					"texture": "#2"
				}
			}
		},
		{
			"from": [
				7.1,
				4.54767,
				11.55233
			],
			"to": [
				7.4,
				6.54767,
				11.95233
			],
			"rotation": {
				"angle": 22.5,
				"axis": "x",
				"origin": [
					8,
					4.74767,
					11.25233
				]
			},
			"faces": {
				"north": {
					"uv": [
						7.25,
						6.25,
						7.375,
						6.75
					],
					"texture": "#2"
				},
				"east": {
					"uv": [
						7.25,
						6.75,
						7.375,
						7.25
					],
					"texture": "#2"
				},
				"south": {
					"uv": [
						7.25,
						7.25,
						7.375,
						7.75
					],
					"texture": "#2"
				},
				"west": {
					"uv": [
						0,
						7.5,
						0.125,
						8
					],
					"texture": "#2"
				},
				"up": {
					"uv": [
						7.625,
						8.125,
						7.5,
						8
					],
					"texture": "#2"
				},
				"down": {
					"uv": [
						8.125,
						7.5,
						8,
						7.625
					],
					"texture": "#2"
				}
			}
		},
		{
			"from": [
				9.05,
				6.54767,
				11.35233
			],
			"to": [
				9.35,
				6.84767,
				12.55233
			],
			"rotation": {
				"angle": 22.5,
				"axis": "x",
				"origin": [
					8,
					4.74767,
					11.25233
				]
			},
			"faces": {
				"north": {
					"uv": [
						7.75,
						8,
						7.875,
						8.125
					],
					"texture": "#2"
				},
				"east": {
					"uv": [
						4.75,
						7.75,
						5,
						7.875
					],
					"texture": "#2"
				},
				"south": {
					"uv": [
						8,
						7.75,
						8.125,
						7.875
					],
					"texture": "#2"
				},
				"west": {
					"uv": [
						7.75,
						4.75,
						8,
						4.875
					],
					"texture": "#2"
				},
				"up": {
					"uv": [
						5.125,
						8,
						5,
						7.75
					],
					"texture": "#2"
				},
				"down": {
					"uv": [
						5.375,
						7.75,
						5.25,
						8
					],
					"texture": "#2"
				}
			}
		},
		{
			"from": [
				8.65,
				6.54767,
				11.35233
			],
			"to": [
				9.05,
				6.74767,
				12.55233
			],
			"rotation": {
				"angle": 22.5,
				"axis": "x",
				"origin": [
					8,
					4.74767,
					11.25233
				]
			},
			"faces": {
				"north": {
					"uv": [
						8,
						8,
						8.125,
						8.125
					],
					"texture": "#2"
				},
				"east": {
					"uv": [
						5.5,
						7.75,
						5.75,
						7.875
					],
					"texture": "#2"
				},
				"south": {
					"uv": [
						0,
						8.25,
						0.125,
						8.375
					],
					"texture": "#2"
				},
				"west": {
					"uv": [
						7.75,
						5.5,
						8,
						5.625
					],
					"texture": "#2"
				},
				"up": {
					"uv": [
						5.875,
						8,
						5.75,
						7.75
					],
					"texture": "#2"
				},
				"down": {
					"uv": [
						7.875,
						5.75,
						7.75,
						6
					],
					"texture": "#2"
				}
			}
		},
		{
			"from": [
				9.05,
				4.14767,
				11.25233
			],
			"to": [
				9.45,
				5.04767,
				12.15233
			],
			"rotation": {
				"angle": 0,
				"axis": "y",
				"origin": [
					8,
					4.74767,
					11.25233
				]
			},
			"faces": {
				"north": {
					"uv": [
						6,
						7.75,
						6.125,
						8
					],
					"texture": "#2"
				},
				"east": {
					"uv": [
						7.25,
						2.25,
						7.5,
						2.5
					],
					"texture": "#2"
				},
				"south": {
					"uv": [
						7.75,
						6,
						7.875,
						6.25
					],
					"texture": "#2"
				},
				"west": {
					"uv": [
						7.25,
						3,
						7.5,
						3.25
					],
					"texture": "#2"
				},
				"up": {
					"uv": [
						6.375,
						8,
						6.25,
						7.75
					],
					"texture": "#2"
				},
				"down": {
					"uv": [
						7.875,
						6.25,
						7.75,
						6.5
					],
					"texture": "#2"
				}
			}
		},
		{
			"from": [
				9.05,
				4.54767,
				10.05233
			],
			"to": [
				9.45,
				5.04767,
				11.25233
			],
			"rotation": {
				"angle": 0,
				"axis": "y",
				"origin": [
					8,
					4.74767,
					11.25233
				]
			},
			"faces": {
				"north": {
					"uv": [
						8.25,
						0,
						8.375,
						0.125
					],
					"texture": "#2"
				},
				"east": {
					"uv": [
						6.5,
						7.75,
						6.75,
						7.875
					],
					"texture": "#2"
				},
				"south": {
					"uv": [
						0.25,
						8.25,
						0.375,
						8.375
					],
					"texture": "#2"
				},
				"west": {
					"uv": [
						7,
						7.75,
						7.25,
						7.875
					],
					"texture": "#2"
				},
				"up": {
					"uv": [
						7.375,
						8,
						7.25,
						7.75
					],
					"texture": "#2"
				},
				"down": {
					"uv": [
						7.625,
						7.75,
						7.5,
						8
					],
					"texture": "#2"
				}
			}
		},
		{
			"from": [
				9.05,
				3.24767,
				11.25233
			],
			"to": [
				9.35,
				4.14767,
				12.05233
			],
			"rotation": {
				"angle": 0,
				"axis": "y",
				"origin": [
					8,
					4.74767,
					11.25233
				]
			},
			"faces": {
				"north": {
					"uv": [
						7.75,
						7.75,
						7.875,
						8
					],
					"texture": "#2"
				},
				"east": {
					"uv": [
						7.25,
						4.25,
						7.5,
						4.5
					],
					"texture": "#2"
				},
				"south": {
					"uv": [
						0,
						8,
						0.125,
						8.25
					],
					"texture": "#2"
				},
				"west": {
					"uv": [
						7.5,
						0,
						7.75,
						0.25
					],
					"texture": "#2"
				},
				"up": {
					"uv": [
						8.125,
						0.5,
						8,
						0.25
					],
					"texture": "#2"
				},
				"down": {
					"uv": [
						0.625,
						8,
						0.5,
						8.25
					],
					"texture": "#2"
				}
			}
		},
		{
			"from": [
				9.05,
				3.24767,
				10.05233
			],
			"to": [
				9.35,
				4.54767,
				11.25233
			],
			"rotation": {
				"angle": 0,
				"axis": "y",
				"origin": [
					8,
					4.74767,
					11.25233
				]
			},
			"faces": {
				"north": {
					"uv": [
						6.75,
						7.5,
						6.875,
						7.875
					],
					"texture": "#2"
				},
				"east": {
					"uv": [
						1.25,
						7,
						1.5,
						7.375
					],
					"texture": "#2"
				},
				"south": {
					"uv": [
						0.25,
						7.75,
						0.375,
						8.125
					],
					"texture": "#2"
				},
				"west": {
					"uv": [
						1.5,
						7,
						1.75,
						7.375
					],
					"texture": "#2"
				},
				"up": {
					"uv": [
						8.125,
						0.75,
						8,
						0.5
					],
					"texture": "#2"
				},
				"down": {
					"uv": [
						1.375,
						8,
						1.25,
						8.25
					],
					"texture": "#2"
				}
			}
		},
		{
			"from": [
				6.7,
				4.54767,
				10.05233
			],
			"to": [
				7.07,
				5.04767,
				11.25233
			],
			"rotation": {
				"angle": 0,
				"axis": "y",
				"origin": [
					5.8,
					4.74767,
					11.25233
				]
			},
			"faces": {
				"north": {
					"uv": [
						8.25,
						0.25,
						8.375,
						0.375
					],
					"texture": "#2"
				},
				"east": {
					"uv": [
						1.5,
						8,
						1.75,
						8.125
					],
					"texture": "#2"
				},
				"south": {
					"uv": [
						0.5,
						8.25,
						0.625,
						8.375
					],
					"texture": "#2"
				},
				"west": {
					"uv": [
						1.75,
						8,
						2,
						8.125
					],
					"texture": "#2"
				},
				"up": {
					"uv": [
						2.125,
						8.25,
						2,
						8
					],
					"texture": "#2"
				},
				"down": {
					"uv": [
						8.125,
						2,
						8,
						2.25
					],
					"texture": "#2"
				}
			}
		},
		{
			"from": [
				6.7,
				4.14767,
				11.25233
			],
			"to": [
				7.1,
				5.04767,
				12.15233
			],
			"rotation": {
				"angle": 0,
				"axis": "y",
				"origin": [
					5.8,
					4.74767,
					11.25233
				]
			},
			"faces": {
				"north": {
					"uv": [
						8,
						2.25,
						8.125,
						2.5
					],
					"texture": "#2"
				},
				"east": {
					"uv": [
						0.25,
						7.5,
						0.5,
						7.75
					],
					"texture": "#2"
				},
				"south": {
					"uv": [
						2.5,
						8,
						2.625,
						8.25
					],
					"texture": "#2"
				},
				"west": {
					"uv": [
						7.5,
						0.25,
						7.75,
						0.5
					],
					"texture": "#2"
				},
				"up": {
					"uv": [
						2.875,
						8.25,
						2.75,
						8
					],
					"texture": "#2"
				},
				"down": {
					"uv": [
						8.125,
						2.75,
						8,
						3
					],
					"texture": "#2"
				}
			}
		},
		{
			"from": [
				6.75,
				3.24767,
				11.25233
			],
			"to": [
				7.05,
				4.14767,
				12.05233
			],
			"rotation": {
				"angle": 0,
				"axis": "y",
				"origin": [
					5.8,
					4.74767,
					11.25233
				]
			},
			"faces": {
				"north": {
					"uv": [
						8,
						3,
						8.125,
						3.25
					],
					"texture": "#2"
				},
				"east": {
					"uv": [
						7.5,
						0.5,
						7.75,
						0.75
					],
					"texture": "#2"
				},
				"south": {
					"uv": [
						8,
						3.25,
						8.125,
						3.5
					],
					"texture": "#2"
				},
				"west": {
					"uv": [
						7.5,
						0.75,
						7.75,
						1
					],
					"texture": "#2"
				},
				"up": {
					"uv": [
						3.625,
						8.25,
						3.5,
						8
					],
					"texture": "#2"
				},
				"down": {
					"uv": [
						8.125,
						3.5,
						8,
						3.75
					],
					"texture": "#2"
				}
			}
		},
		{
			"from": [
				6.75,
				3.24767,
				10.05233
			],
			"to": [
				7.05,
				4.54767,
				11.25233
			],
			"rotation": {
				"angle": 0,
				"axis": "y",
				"origin": [
					5.8,
					4.74767,
					11.25233
				]
			},
			"faces": {
				"north": {
					"uv": [
						7.75,
						0.25,
						7.875,
						0.625
					],
					"texture": "#2"
				},
				"east": {
					"uv": [
						1.75,
						7,
						2,
						7.375
					],
					"texture": "#2"
				},
				"south": {
					"uv": [
						0.75,
						7.75,
						0.875,
						8.125
					],
					"texture": "#2"
				},
				"west": {
					"uv": [
						2,
						7,
						2.25,
						7.375
					],
					"texture": "#2"
				},
				"up": {
					"uv": [
						3.875,
						8.25,
						3.75,
						8
					],
					"texture": "#2"
				},
				"down": {
					"uv": [
						8.125,
						3.75,
						8,
						4
					],
					"texture": "#2"
				}
			}
		},
		{
			"from": [
				6.85,
				4.54767,
				11.45233
			],
			"to": [
				7.15,
				6.54767,
				12.05233
			],
			"rotation": {
				"angle": 22.5,
				"axis": "x",
				"origin": [
					5.8,
					4.74767,
					11.25233
				]
			},
			"faces": {
				"north": {
					"uv": [
						7.5,
						1,
						7.625,
						1.5
					],
					"texture": "#2"
				},
				"east": {
					"uv": [
						1.25,
						7.5,
						1.375,
						8
					],
					"texture": "#2"
				},
				"south": {
					"uv": [
						1.5,
						7.5,
						1.625,
						8
					],
					"texture": "#2"
				},
				"west": {
					"uv": [
						7.5,
						1.5,
						7.625,
						2
					],
					"texture": "#2"
				},
				"up": {
					"uv": [
						8.375,
						0.625,
						8.25,
						0.5
					],
					"texture": "#2"
				},
				"down": {
					"uv": [
						0.875,
						8.25,
						0.75,
						8.375
					],
					"texture": "#2"
				}
			}
		},
		{
			"from": [
				6.85,
				6.54767,
				11.35233
			],
			"to": [
				7.15,
				6.84767,
				12.55233
			],
			"rotation": {
				"angle": 22.5,
				"axis": "x",
				"origin": [
					5.8,
					4.74767,
					11.25233
				]
			},
			"faces": {
				"north": {
					"uv": [
						8.25,
						0.75,
						8.375,
						0.875
					],
					"texture": "#2"
				},
				"east": {
					"uv": [
						4,
						8,
						4.25,
						8.125
					],
					"texture": "#2"
				},
				"south": {
					"uv": [
						1,
						8.25,
						1.125,
						8.375
					],
					"texture": "#2"
				},
				"west": {
					"uv": [
						8,
						4,
						8.25,
						4.125
					],
					"texture": "#2"
				},
				"up": {
					"uv": [
						4.375,
						8.25,
						4.25,
						8
					],
					"texture": "#2"
				},
				"down": {
					"uv": [
						8.125,
						4.25,
						8,
						4.5
					],
					"texture": "#2"
				}
			}
		},
		{
			"from": [
				7.15,
				6.54767,
				11.35233
			],
			"to": [
				7.55,
				6.74767,
				12.55233
			],
			"rotation": {
				"angle": 22.5,
				"axis": "x",
				"origin": [
					5.8,
					4.74767,
					11.25233
				]
			},
			"faces": {
				"north": {
					"uv": [
						8.25,
						1,
						8.375,
						1.125
					],
					"texture": "#2"
				},
				"east": {
					"uv": [
						4.5,
						8,
						4.75,
						8.125
					],
					"texture": "#2"
				},
				"south": {
					"uv": [
						1.25,
						8.25,
						1.375,
						8.375
					],
					"texture": "#2"
				},
				"west": {
					"uv": [
						8,
						4.5,
						8.25,
						4.625
					],
					"texture": "#2"
				},
				"up": {
					"uv": [
						4.875,
						8.25,
						4.75,
						8
					],
					"texture": "#2"
				},
				"down": {
					"uv": [
						8.125,
						4.75,
						8,
						5
					],
					"texture": "#2"
				}
			}
		},
		{
			"from": [
				7.26,
				2.84767,
				12.35233
			],
			"to": [
				8.74,
				5.44767,
				13.35233
			],
			"rotation": {
				"angle": 0,
				"axis": "y",
				"origin": [
					8,
					4.74767,
					11.25233
				]
			},
			"faces": {
				"north": {
					"uv": [
						6.25,
						0.75,
						6.625,
						1.375
					],
					"texture": "#2"
				},
				"east": {
					"uv": [
						4,
						6,
						4.25,
						6.625
					],
					"texture": "#2"
				},
				"south": {
					"uv": [
						6.25,
						1.5,
						6.625,
						2.125
					],
					"texture": "#2"
				},
				"west": {
					"uv": [
						0.5,
						6.5,
						0.75,
						7.125
					],
					"texture": "#2"
				},
				"up": {
					"uv": [
						2.625,
						7.25,
						2.25,
						7
					],
					"texture": "#2"
				},
				"down": {
					"uv": [
						3.125,
						7,
						2.75,
						7.25
					],
					"texture": "#2"
				}
			}
		},
		{
			"from": [
				7.75,
				2.34767,
				12.55233
			],
			"to": [
				8.25,
				3.14767,
				13.25233
			],
			"rotation": {
				"angle": 0,
				"axis": "y",
				"origin": [
					8,
					4.74767,
					11.25233
				]
			},
			"faces": {
				"north": {
					"uv": [
						5,
						8,
						5.125,
						8.25
					],
					"texture": "#2"
				},
				"east": {
					"uv": [
						8,
						5,
						8.125,
						5.25
					],
					"texture": "#2"
				},
				"south": {
					"uv": [
						5.25,
						8,
						5.375,
						8.25
					],
					"texture": "#2"
				},
				"west": {
					"uv": [
						8,
						5.25,
						8.125,
						5.5
					],
					"texture": "#2"
				},
				"up": {
					"uv": [
						8.375,
						1.375,
						8.25,
						1.25
					],
					"texture": "#2"
				},
				"down": {
					"uv": [
						1.625,
						8.25,
						1.5,
						8.375
					],
					"texture": "#2"
				}
			}
		},
		{
			"from": [
				7.65,
				2.14767,
				12.25233
			],
			"to": [
				8.35,
				3.14767,
				12.55233
			],
			"rotation": {
				"angle": 0,
				"axis": "y",
				"origin": [
					8,
					4.74767,
					11.25233
				]
			},
			"faces": {
				"north": {
					"uv": [
						5.5,
						8,
						5.625,
						8.25
					],
					"texture": "#2"
				},
				"east": {
					"uv": [
						8,
						5.5,
						8.125,
						5.75
					],
					"texture": "#2"
				},
				"south": {
					"uv": [
						5.75,
						8,
						5.875,
						8.25
					],
					"texture": "#2"
				},
				"west": {
					"uv": [
						8,
						5.75,
						8.125,
						6
					],
					"texture": "#2"
				},
				"up": {
					"uv": [
						8.375,
						1.625,
						8.25,
						1.5
					],
					"texture": "#2"
				},
				"down": {
					"uv": [
						1.875,
						8.25,
						1.75,
						8.375
					],
					"texture": "#2"
				}
			}
		},
		{
			"from": [
				6,
				2.14767,
				6.503
			],
			"to": [
				10,
				3.84767,
				9.903
			],
			"rotation": {
				"angle": 0,
				"axis": "y",
				"origin": [
					8,
					2.99767,
					8.20233
				]
			},
			"faces": {
				"north": {
					"uv": [
						3.5,
						0.5,
						4.5,
						0.875
					],
					"texture": "#2"
				},
				"east": {
					"uv": [
						5.25,
						1,
						6.125,
						1.375
					],
					"texture": "#2"
				},
				"south": {
					"uv": [
						4.75,
						3.5,
						5.75,
						3.875
					],
					"texture": "#2"
				},
				"west": {
					"uv": [
						5.25,
						1.5,
						6.125,
						1.875
					],
					"texture": "#2"
				},
				"up": {
					"uv": [
						1,
						2.375,
						0,
						1.5
					],
					"texture": "#2"
				},
				"down": {
					"uv": [
						2.5,
						0,
						1.5,
						0.875
					],
					"texture": "#2"
				}
			}
		},
		{
			"from": [
				7.25,
				0.99767,
				6.497
			],
			"to": [
				8.75,
				4.99767,
				9.882
			],
			"rotation": {
				"angle": -45,
				"axis": "z",
				"origin": [
					8,
					2.99767,
					8.20233
				]
			},
			"faces": {
				"north": {
					"uv": [
						4.75,
						4,
						5.125,
						5
					],
					"texture": "#2"
				},
				"east": {
					"uv": [
						1,
						1.5,
						1.875,
						2.5
					],
					"texture": "#2"
				},
				"south": {
					"uv": [
						1,
						5,
						1.375,
						6
					],
					"texture": "#2"
				},
				"west": {
					"uv": [
						2,
						1,
						2.875,
						2
					],
					"texture": "#2"
				},
				"up": {
					"uv": [
						5.625,
						2.875,
						5.25,
						2
					],
					"texture": "#2"
				},
				"down": {
					"uv": [
						5.625,
						4,
						5.25,
						4.875
					],
					"texture": "#2"
				}
			}
		},
		{
			"from": [
				6,
				2.24767,
				6.50233
			],
			"to": [
				10,
				3.74767,
				9.91233
			],
			"rotation": {
				"angle": -45,
				"axis": "z",
				"origin": [
					8,
					2.99767,
					8.20233
				]
			},
			"faces": {
				"north": {
					"uv": [
						3,
						5,
						4,
						5.375
					],
					"texture": "#2"
				},
				"east": {
					"uv": [
						5.25,
						3,
						6.125,
						3.375
					],
					"texture": "#2"
				},
				"south": {
					"uv": [
						4.25,
						5,
						5.25,
						5.375
					],
					"texture": "#2"
				},
				"west": {
					"uv": [
						5.25,
						5,
						6.125,
						5.375
					],
					"texture": "#2"
				},
				"up": {
					"uv": [
						3,
						2.875,
						2,
						2
					],
					"texture": "#2"
				},
				"down": {
					"uv": [
						1,
						2.5,
						0,
						3.375
					],
					"texture": "#2"
				}
			}
		},
		{
			"from": [
				7.15,
				0.99767,
				6.5
			],
			"to": [
				8.85,
				4.99767,
				9.9
			],
			"rotation": {
				"angle": 0,
				"axis": "y",
				"origin": [
					8,
					2.99767,
					8.20233
				]
			},
			"faces": {
				"north": {
					"uv": [
						1.5,
						5,
						1.875,
						6
					],
					"texture": "#2"
				},
				"east": {
					"uv": [
						2.5,
						0,
						3.375,
						1
					],
					"texture": "#2"
				},
				"south": {
					"uv": [
						5.25,
						0,
						5.625,
						1
					],
					"texture": "#2"
				},
				"west": {
					"uv": [
						1,
						2.5,
						1.875,
						3.5
					],
					"texture": "#2"
				},
				"up": {
					"uv": [
						0.375,
						6.375,
						0,
						5.5
					],
					"texture": "#2"
				},
				"down": {
					"uv": [
						0.875,
						5.5,
						0.5,
						6.375
					],
					"texture": "#2"
				}
			}
		},
		{
			"from": [
				7.36,
				4.14767,
				13.25233
			],
			"to": [
				8.64,
				5.14767,
				14.05233
			],
			"rotation": {
				"angle": 0,
				"axis": "y",
				"origin": [
					8,
					4.74767,
					11.25233
				]
			},
			"faces": {
				"north": {
					"uv": [
						3.25,
						7,
						3.625,
						7.25
					],
					"texture": "#2"
				},
				"east": {
					"uv": [
						1.75,
						7.5,
						2,
						7.75
					],
					"texture": "#2"
				},
				"south": {
					"uv": [
						7,
						3.25,
						7.375,
						3.5
					],
					"texture": "#2"
				},
				"west": {
					"uv": [
						2,
						7.5,
						2.25,
						7.75
					],
					"texture": "#2"
				},
				"up": {
					"uv": [
						7.375,
						3.75,
						7,
						3.5
					],
					"texture": "#2"
				},
				"down": {
					"uv": [
						7.375,
						3.75,
						7,
						4
					],
					"texture": "#2"
				}
			}
		},
		{
			"from": [
				6.9075,
				1.63482,
				3.70018
			],
			"to": [
				9.0925,
				3.47482,
				5.22518
			],
			"rotation": {
				"angle": 0,
				"axis": "y",
				"origin": [
					8,
					2.46982,
					7.60018
				]
			},
			"faces": {
				"north": {
					"uv": [
						5.75,
						2,
						6.25,
						2.5
					],
					"texture": "#2"
				},
				"east": {
					"uv": [
						6.25,
						3.25,
						6.625,
						3.75
					],
					"texture": "#2"
				},
				"south": {
					"uv": [
						2.5,
						5.75,
						3,
						6.25
					],
					"texture": "#2"
				},
				"west": {
					"uv": [
						6.25,
						3.75,
						6.625,
						4.25
					],
					"texture": "#2"
				},
				"up": {
					"uv": [
						6.75,
						4.625,
						6.25,
						4.25
					],
					"texture": "#2"
				},
				"down": {
					"uv": [
						5.25,
						6.25,
						4.75,
						6.625
					],
					"texture": "#2"
				}
			}
		},
		{
			"from": [
				6.9075,
				1.86482,
				1.60018
			],
			"to": [
				9.0925,
				3.47482,
				3.12518
			],
			"rotation": {
				"angle": 0,
				"axis": "y",
				"origin": [
					8,
					2.46982,
					7.60018
				]
			},
			"faces": {
				"north": {
					"uv": [
						6.25,
						4.75,
						6.75,
						5.125
					],
					"texture": "#2"
				},
				"east": {
					"uv": [
						2.25,
						6.5,
						2.625,
						6.875
					],
					"texture": "#2"
				},
				"south": {
					"uv": [
						5.25,
						6.25,
						5.75,
						6.625
					],
					"texture": "#2"
				},
				"west": {
					"uv": [
						2.75,
						6.5,
						3.125,
						6.875
					],
					"texture": "#2"
				},
				"up": {
					"uv": [
						6.75,
						5.625,
						6.25,
						5.25
					],
					"texture": "#2"
				},
				"down": {
					"uv": [
						6.75,
						5.75,
						6.25,
						6.125
					],
					"texture": "#2"
				}
			}
		},
		{
			"from": [
				7.05,
				2.14767,
				6.25233
			],
			"to": [
				8.95,
				5.84767,
				6.55233
			],
			"rotation": {
				"angle": 0,
				"axis": "y",
				"origin": [
					8,
					4.74767,
					11.25233
				]
			},
			"faces": {
				"north": {
					"uv": [
						4.25,
						2,
						4.75,
						2.875
					],
					"texture": "#2"
				},
				"east": {
					"uv": [
						6,
						6.75,
						6.125,
						7.625
					],
					"texture": "#2"
				},
				"south": {
					"uv": [
						4.25,
						3,
						4.75,
						3.875
					],
					"texture": "#2"
				},
				"west": {
					"uv": [
						6.25,
						6.75,
						6.375,
						7.625
					],
					"texture": "#2"
				},
				"up": {
					"uv": [
						8,
						2.125,
						7.5,
						2
					],
					"texture": "#2"
				},
				"down": {
					"uv": [
						8,
						2.25,
						7.5,
						2.375
					],
					"texture": "#2"
				}
			}
		},
		{
			"from": [
				7.05,
				2.14767,
				9.95233
			],
			"to": [
				8.95,
				5.84767,
				10.25233
			],
			"rotation": {
				"angle": 0,
				"axis": "y",
				"origin": [
					8,
					4.74767,
					11.25233
				]
			},
			"faces": {
				"north": {
					"uv": [
						4.25,
						4,
						4.75,
						4.875
					],
					"texture": "#2"
				},
				"east": {
					"uv": [
						6.5,
						6.75,
						6.625,
						7.625
					],
					"texture": "#2"
				},
				"south": {
					"uv": [
						4.75,
						0.5,
						5.25,
						1.375
					],
					"texture": "#2"
				},
				"west": {
					"uv": [
						6.75,
						6.5,
						6.875,
						7.375
					],
					"texture": "#2"
				},
				"up": {
					"uv": [
						8,
						3.125,
						7.5,
						3
					],
					"texture": "#2"
				},
				"down": {
					"uv": [
						8,
						3.25,
						7.5,
						3.375
					],
					"texture": "#2"
				}
			}
		},
		{
			"from": [
				7.15,
				5.74767,
				5.35233
			],
			"to": [
				8.85,
				5.94767,
				6.25233
			],
			"rotation": {
				"angle": 0,
				"axis": "y",
				"origin": [
					8,
					4.74767,
					11.25233
				]
			},
			"faces": {
				"north": {
					"uv": [
						7.75,
						0.75,
						8.125,
						0.875
					],
					"texture": "#2"
				},
				"east": {
					"uv": [
						6,
						8,
						6.25,
						8.125
					],
					"texture": "#2"
				},
				"south": {
					"uv": [
						7.75,
						1,
						8.125,
						1.125
					],
					"texture": "#2"
				},
				"west": {
					"uv": [
						8,
						6,
						8.25,
						6.125
					],
					"texture": "#2"
				},
				"up": {
					"uv": [
						7.375,
						4.25,
						7,
						4
					],
					"texture": "#2"
				},
				"down": {
					"uv": [
						7.375,
						4.5,
						7,
						4.75
					],
					"texture": "#2"
				}
			}
		},
		{
			"from": [
				7.35,
				5.64767,
				10.25233
			],
			"to": [
				8.65,
				5.74767,
				12.25233
			],
			"rotation": {
				"angle": 0,
				"axis": "y",
				"origin": [
					8,
					4.74767,
					11.25233
				]
			},
			"faces": {
				"north": {
					"uv": [
						7.75,
						1.25,
						8.125,
						1.375
					],
					"texture": "#2"
				},
				"east": {
					"uv": [
						7.5,
						3.5,
						8,
						3.625
					],
					"texture": "#2"
				},
				"south": {
					"uv": [
						7.75,
						1.5,
						8.125,
						1.625
					],
					"texture": "#2"
				},
				"west": {
					"uv": [
						7.5,
						3.75,
						8,
						3.875
					],
					"texture": "#2"
				},
				"up": {
					"uv": [
						6.625,
						6.75,
						6.25,
						6.25
					],
					"texture": "#2"
				},
				"down": {
					"uv": [
						0.375,
						6.5,
						0,
						7
					],
					"texture": "#2"
				}
			}
		},
		{
			"from": [
				7.85,
				5.94767,
				5.45233
			],
			"to": [
				8.15,
				6.04767,
				6.15233
			],
			"rotation": {
				"angle": 0,
				"axis": "y",
				"origin": [
					8,
					4.74767,
					11.25233
				]
			},
			"faces": {
				"north": {
					"uv": [
						8.25,
						1.75,
						8.375,
						1.875
					],
					"texture": "#2"
				},
				"east": {
					"uv": [
						2,
						8.25,
						2.125,
						8.375
					],
					"texture": "#2"
				},
				"south": {
					"uv": [
						8.25,
						2,
						8.375,
						2.125
					],
					"texture": "#2"
				},
				"west": {
					"uv": [
						2.25,
						8.25,
						2.375,
						8.375
					],
					"texture": "#2"
				},
				"up": {
					"uv": [
						8.375,
						2.375,
						8.25,
						2.25
					],
					"texture": "#2"
				},
				"down": {
					"uv": [
						2.625,
						8.25,
						2.5,
						8.375
					],
					"texture": "#2"
				}
			}
		},
		{
			"from": [
				7.0225,
				3.43982,
				5.29518
			],
			"to": [
				8.9775,
				5.76482,
				6.33018
			],
			"rotation": {
				"angle": 0,
				"axis": "y",
				"origin": [
					8,
					5.45982,
					11.74018
				]
			},
			"faces": {
				"north": {
					"uv": [
						3,
						5.5,
						3.5,
						6.125
					],
					"texture": "#2"
				},
				"east": {
					"uv": [
						0.75,
						6.5,
						1,
						7.125
					],
					"texture": "#2"
				},
				"south": {
					"uv": [
						3.5,
						5.5,
						4,
						6.125
					],
					"texture": "#2"
				},
				"west": {
					"uv": [
						1,
						6.5,
						1.25,
						7.125
					],
					"texture": "#2"
				},
				"up": {
					"uv": [
						7.25,
						1.75,
						6.75,
						1.5
					],
					"texture": "#2"
				},
				"down": {
					"uv": [
						7.25,
						1.75,
						6.75,
						2
					],
					"texture": "#2"
				}
			}
		},
		{
			"from": [
				6.9075,
				1.71982,
				3.12518
			],
			"to": [
				9.0925,
				5.86482,
				3.70018
			],
			"rotation": {
				"angle": 0,
				"axis": "y",
				"origin": [
					8,
					5.45982,
					11.74018
				]
			},
			"faces": {
				"north": {
					"uv": [
						1,
						4,
						1.5,
						5
					],
					"texture": "#2"
				},
				"east": {
					"uv": [
						3.75,
						6.5,
						3.875,
						7.5
					],
					"texture": "#2"
				},
				"south": {
					"uv": [
						1.5,
						4,
						2,
						5
					],
					"texture": "#2"
				},
				"west": {
					"uv": [
						6.75,
						3.25,
						6.875,
						4.25
					],
					"texture": "#2"
				},
				"up": {
					"uv": [
						8,
						4.125,
						7.5,
						4
					],
					"texture": "#2"
				},
				"down": {
					"uv": [
						8,
						4.25,
						7.5,
						4.375
					],
					"texture": "#2"
				}
			}
		},
		{
			"from": [
				7.2525,
				4.03982,
				0.91518
			],
			"to": [
				8.7475,
				5.64982,
				7.56018
			],
			"rotation": {
				"angle": 0,
				"axis": "y",
				"origin": [
					8,
					5.45982,
					11.74018
				]
			},
			"faces": {
				"north": {
					"uv": [
						3.25,
						6.5,
						3.625,
						6.875
					],
					"texture": "#2"
				},
				"east": {
					"uv": [
						3,
						1,
						4.625,
						1.375
					],
					"texture": "#2"
				},
				"south": {
					"uv": [
						6.75,
						0,
						7.125,
						0.375
					],
					"texture": "#2"
				},
				"west": {
					"uv": [
						3,
						1.5,
						4.625,
						1.875
					],
					"texture": "#2"
				},
				"up": {
					"uv": [
						2.375,
						4.625,
						2,
						3
					],
					"texture": "#2"
				},
				"down": {
					"uv": [
						3.375,
						2,
						3,
						3.625
					],
					"texture": "#2"
				}
			}
		},
		{
			"from": [
				7.5975,
				3.69482,
				1.22018
			],
			"to": [
				8.4025,
				4.15482,
				9.16018
			],
			"rotation": {
				"angle": 0,
				"axis": "y",
				"origin": [
					8,
					5.45982,
					11.74018
				]
			},
			"faces": {
				"north": {
					"uv": [
						6.25,
						8,
						6.5,
						8.125
					],
					"texture": "#2"
				},
				"east": {
					"uv": [
						5.75,
						2.5,
						7.75,
						2.625
					],
					"texture": "#2"
				},
				"south": {
					"uv": [
						8,
						6.25,
						8.25,
						6.375
					],
					"texture": "#2"
				},
				"west": {
					"uv": [
						5.75,
						2.75,
						7.75,
						2.875
					],
					"texture": "#2"
				},
				"up": {
					"uv": [
						4.25,
						4,
						4,
						2
					],
					"texture": "#2"
				},
				"down": {
					"uv": [
						4.25,
						4,
						4,
						6
					],
					"texture": "#2"
				}
			}
		},
		{
			"from": [
				7.0375,
				4.02482,
				0.62018
			],
			"to": [
				8.9625,
				5.86482,
				1.19518
			],
			"rotation": {
				"angle": 0,
				"axis": "y",
				"origin": [
					8,
					5.45982,
					11.74018
				]
			},
			"faces": {
				"north": {
					"uv": [
						5.75,
						3.5,
						6.25,
						4
					],
					"texture": "#2"
				},
				"east": {
					"uv": [
						3.75,
						7.5,
						3.875,
						8
					],
					"texture": "#2"
				},
				"south": {
					"uv": [
						5.75,
						4,
						6.25,
						4.5
					],
					"texture": "#2"
				},
				"west": {
					"uv": [
						7.5,
						4.5,
						7.625,
						5
					],
					"texture": "#2"
				},
				"up": {
					"uv": [
						8,
						5.125,
						7.5,
						5
					],
					"texture": "#2"
				},
				"down": {
					"uv": [
						8,
						5.25,
						7.5,
						5.375
					],
					"texture": "#2"
				}
			}
		},
		{
			"from": [
				7.2525,
				2.33982,
				0.91518
			],
			"to": [
				8.7475,
				3.94982,
				7.56018
			],
			"rotation": {
				"angle": 0,
				"axis": "y",
				"origin": [
					8,
					5.45982,
					11.74018
				]
			},
			"faces": {
				"north": {
					"uv": [
						6.75,
						0.5,
						7.125,
						0.875
					],
					"texture": "#2"
				},
				"east": {
					"uv": [
						0,
						3.5,
						1.625,
						3.875
					],
					"texture": "#2"
				},
				"south": {
					"uv": [
						6.75,
						1,
						7.125,
						1.375
					],
					"texture": "#2"
				},
				"west": {
					"uv": [
						3.5,
						0,
						5.125,
						0.375
					],
					"texture": "#2"
				},
				"up": {
					"uv": [
						2.875,
						4.625,
						2.5,
						3
					],
					"texture": "#2"
				},
				"down": {
					"uv": [
						3.875,
						2,
						3.5,
						3.625
					],
					"texture": "#2"
				}
			}
		},
		{
			"from": [
				7.0375,
				2.12482,
				0.62018
			],
			"to": [
				8.9625,
				3.96482,
				1.19518
			],
			"rotation": {
				"angle": 0,
				"axis": "y",
				"origin": [
					8,
					5.45982,
					11.74018
				]
			},
			"faces": {
				"north": {
					"uv": [
						5.75,
						4.5,
						6.25,
						5
					],
					"texture": "#2"
				},
				"east": {
					"uv": [
						7.5,
						5.5,
						7.625,
						6
					],
					"texture": "#2"
				},
				"south": {
					"uv": [
						5.75,
						5.5,
						6.25,
						6
					],
					"texture": "#2"
				},
				"west": {
					"uv": [
						7.5,
						6,
						7.625,
						6.5
					],
					"texture": "#2"
				},
				"up": {
					"uv": [
						8,
						6.625,
						7.5,
						6.5
					],
					"texture": "#2"
				},
				"down": {
					"uv": [
						8,
						6.75,
						7.5,
						6.875
					],
					"texture": "#2"
				}
			}
		},
		{
			"from": [
				6.9075,
				1.40482,
				5.22518
			],
			"to": [
				9.0925,
				3.62482,
				6.43018
			],
			"rotation": {
				"angle": 0,
				"axis": "y",
				"origin": [
					8,
					2.46982,
					7.60018
				]
			},
			"faces": {
				"north": {
					"uv": [
						1,
						6,
						1.5,
						6.5
					],
					"texture": "#2"
				},
				"east": {
					"uv": [
						4,
						6.75,
						4.25,
						7.25
					],
					"texture": "#2"
				},
				"south": {
					"uv": [
						1.5,
						6,
						2,
						6.5
					],
					"texture": "#2"
				},
				"west": {
					"uv": [
						4.25,
						6.75,
						4.5,
						7.25
					],
					"texture": "#2"
				},
				"up": {
					"uv": [
						7.25,
						2.25,
						6.75,
						2
					],
					"texture": "#2"
				},
				"down": {
					"uv": [
						7.25,
						4.25,
						6.75,
						4.5
					],
					"texture": "#2"
				}
			}
		},
		{
			"from": [
				7.9425,
				5.64982,
				1.42518
			],
			"to": [
				8.0575,
				6.08482,
				1.88518
			],
			"rotation": {
				"angle": 0,
				"axis": "y",
				"origin": [
					8,
					5.45982,
					11.74018
				]
			},
			"faces": {
				"north": {
					"uv": [
						8.25,
						2.5,
						8.375,
						2.625
					],
					"texture": "#2"
				},
				"east": {
					"uv": [
						2.75,
						8.25,
						2.875,
						8.375
					],
					"texture": "#2"
				},
				"south": {
					"uv": [
						8.25,
						2.75,
						8.375,
						2.875
					],
					"texture": "#2"
				},
				"west": {
					"uv": [
						3,
						8.25,
						3.125,
						8.375
					],
					"texture": "#2"
				},
				"up": {
					"uv": [
						8.375,
						3.125,
						8.25,
						3
					],
					"texture": "#2"
				},
				"down": {
					"uv": [
						3.375,
						8.25,
						3.25,
						8.375
					],
					"texture": "#2"
				}
			}
		},
		{
			"from": [
				7.62092,
				-2.3954,
				10.2888
			],
			"to": [
				8.351,
				-2.0444,
				11.612
			],
			"rotation": {
				"angle": 45,
				"axis": "x",
				"origin": [
					8,
					0.5828,
					16.1048
				]
			},
			"faces": {
				"north": {
					"uv": [
						8.25,
						3.25,
						8.375,
						3.375
					],
					"texture": "#2"
				},
				"east": {
					"uv": [
						1.75,
						7.75,
						2.125,
						7.875
					],
					"texture": "#2"
				},
				"south": {
					"uv": [
						3.5,
						8.25,
						3.625,
						8.375
					],
					"texture": "#2"
				},
				"west": {
					"uv": [
						7.75,
						1.75,
						8.125,
						1.875
					],
					"texture": "#2"
				},
				"up": {
					"uv": [
						1.125,
						8.125,
						1,
						7.75
					],
					"texture": "#2"
				},
				"down": {
					"uv": [
						2.375,
						7.75,
						2.25,
						8.125
					],
					"texture": "#2"
				}
			}
		},
		{
			"from": [
				7.63496,
				1.6358,
				10.81
			],
			"to": [
				8.36504,
				1.9868,
				12.014
			],
			"rotation": {
				"angle": 0,
				"axis": "y",
				"origin": [
					8,
					0.5828,
					16.1048
				]
			},
			"faces": {
				"north": {
					"uv": [
						8.25,
						3.5,
						8.375,
						3.625
					],
					"texture": "#2"
				},
				"east": {
					"uv": [
						6.5,
						8,
						6.75,
						8.125
					],
					"texture": "#2"
				},
				"south": {
					"uv": [
						3.75,
						8.25,
						3.875,
						8.375
					],
					"texture": "#2"
				},
				"west": {
					"uv": [
						8,
						6.5,
						8.25,
						6.625
					],
					"texture": "#2"
				},
				"up": {
					"uv": [
						6.875,
						8.25,
						6.75,
						8
					],
					"texture": "#2"
				},
				"down": {
					"uv": [
						8.125,
						6.75,
						8,
						7
					],
					"texture": "#2"
				}
			}
		},
		{
			"from": [
				7.63496,
				3.3206,
				14.1998
			],
			"to": [
				8.36504,
				3.6716,
				14.9018
			],
			"rotation": {
				"angle": -45,
				"axis": "x",
				"origin": [
					8,
					0.5828,
					16.1048
				]
			},
			"faces": {
				"north": {
					"uv": [
						8.25,
						3.75,
						8.375,
						3.875
					],
					"texture": "#2"
				},
				"east": {
					"uv": [
						4,
						8.25,
						4.125,
						8.375
					],
					"texture": "#2"
				},
				"south": {
					"uv": [
						8.25,
						4,
						8.375,
						4.125
					],
					"texture": "#2"
				},
				"west": {
					"uv": [
						4.25,
						8.25,
						4.375,
						8.375
					],
					"texture": "#2"
				},
				"up": {
					"uv": [
						8.375,
						4.375,
						8.25,
						4.25
					],
					"texture": "#2"
				},
				"down": {
					"uv": [
						4.625,
						8.25,
						4.5,
						8.375
					],
					"texture": "#2"
				}
			}
		},
		{
			"from": [
				7.649,
				0.5126,
				13.8488
			],
			"to": [
				8.37908,
				4.3736,
				14.1998
			],
			"rotation": {
				"angle": -45,
				"axis": "x",
				"origin": [
					8,
					0.5828,
					16.1048
				]
			},
			"faces": {
				"north": {
					"uv": [
						4.5,
						6.75,
						4.625,
						7.75
					],
					"texture": "#2"
				},
				"east": {
					"uv": [
						6.75,
						4.5,
						6.875,
						5.5
					],
					"texture": "#2"
				},
				"south": {
					"uv": [
						4.75,
						6.75,
						4.875,
						7.75
					],
					"texture": "#2"
				},
				"west": {
					"uv": [
						5,
						6.75,
						5.125,
						7.75
					],
					"texture": "#2"
				},
				"up": {
					"uv": [
						8.375,
						4.625,
						8.25,
						4.5
					],
					"texture": "#2"
				},
				"down": {
					"uv": [
						4.875,
						8.25,
						4.75,
						8.375
					],
					"texture": "#2"
				}
			}
		},
		{
			"from": [
				7.63496,
				0.1616,
				13.8488
			],
			"to": [
				8.36504,
				0.5126,
				15.2528
			],
			"rotation": {
				"angle": -45,
				"axis": "x",
				"origin": [
					8,
					0.5828,
					16.1048
				]
			},
			"faces": {
				"north": {
					"uv": [
						8.25,
						4.75,
						8.375,
						4.875
					],
					"texture": "#2"
				},
				"east": {
					"uv": [
						2.5,
						7.75,
						2.875,
						7.875
					],
					"texture": "#2"
				},
				"south": {
					"uv": [
						5,
						8.25,
						5.125,
						8.375
					],
					"texture": "#2"
				},
				"west": {
					"uv": [
						7.75,
						2.5,
						8.125,
						2.625
					],
					"texture": "#2"
				},
				"up": {
					"uv": [
						3.125,
						8.125,
						3,
						7.75
					],
					"texture": "#2"
				},
				"down": {
					"uv": [
						3.375,
						7.75,
						3.25,
						8.125
					],
					"texture": "#2"
				}
			}
		},
		{
			"from": [
				7.63496,
				0.5126,
				14.9018
			],
			"to": [
				8.36504,
				3.6716,
				15.2528
			],
			"rotation": {
				"angle": -45,
				"axis": "x",
				"origin": [
					8,
					0.5828,
					16.1048
				]
			},
			"faces": {
				"north": {
					"uv": [
						7,
						4.75,
						7.125,
						5.5
					],
					"texture": "#2"
				},
				"east": {
					"uv": [
						7,
						5.5,
						7.125,
						6.25
					],
					"texture": "#2"
				},
				"south": {
					"uv": [
						7,
						6.25,
						7.125,
						7
					],
					"texture": "#2"
				},
				"west": {
					"uv": [
						7,
						7,
						7.125,
						7.75
					],
					"texture": "#2"
				},
				"up": {
					"uv": [
						8.375,
						5.125,
						8.25,
						5
					],
					"texture": "#2"
				},
				"down": {
					"uv": [
						5.375,
						8.25,
						5.25,
						8.375
					],
					"texture": "#2"
				}
			}
		}
	],
	"display": {
		"thirdperson_righthand": {
			"translation": [
				0,
				5.75,
				-4.25
			],
			"scale": [
				1.16,
				1.16,
				1.16
			]
		},
		"thirdperson_lefthand": {
			"translation": [
				0,
				5.75,
				-4.25
			],
			"scale": [
				-1.16,
				1.16,
				1.16
			]
		},
		"firstperson_righthand": {
			"translation": [
				-2.25,
				10,
				-1.5
			],
			"scale": [
				1.26,
				1.26,
				1.26
			]
		},
		"firstperson_lefthand": {
			"translation": [
				-2.25,
				10,
				-1.5
			],
			"scale": [
				-1.26,
				1.26,
				1.26
			]
		},
		"ground": {
			"translation": [
				0,
				6.75,
				0
			]
		},
		"gui": {
			"rotation": [
				-168.51,
				-33.4,
				178.33
			],
			"translation": [
				0.25,
				5.25,
				-1
			],
			"scale": [
				1.29,
				1.29,
				1.29
			]
		},
		"fixed": {
			"rotation": [
				0,
				89.25,
				0
			],
			"translation": [
				-0.5,
				6.25,
				-1
			],
			"scale": [
				1.26,
				1.26,
				1.26
			]
		}
	}
}