{
	"credit": "Made with Blockbench",
	"texture_size": [
		32,
		32
	],
	"textures": {
		"0": "scguns_laf:item/scorched_obrez_staff_texture",
		"1": "scguns_laf:item/animated_staff_texture",
		"2": "scguns_laf:item/animated_staff_head_texture",
		"particle": "scguns_laf:item/scorched_obrez_staff_texture"
	},
	"elements": [
		{
			"from": [
				5.5,
				2.2,
				0.75
			],
			"to": [
				6.75,
				3.45,
				2.5
			],
			"rotation": {
				"angle": 0,
				"axis": "y",
				"origin": [
					6.5,
					2.78165,
					3.65605
				]
			},
			"faces": {
				"north": {
					"uv": [
						11,
						10,
						12.5,
						11.5
					],
					"texture": "#2"
				},
				"east": {
					"uv": [
						9,
						10,
						11,
						11.5
					],
					"texture": "#2"
				},
				"south": {
					"uv": [
						11,
						10,
						12.5,
						11.5
					],
					"texture": "#2",
					"cullface": "down"
				},
				"west": {
					"uv": [
						9,
						10,
						11,
						11.5
					],
					"texture": "#2"
				},
				"up": {
					"uv": [
						12.5,
						6,
						11,
						4
					],
					"texture": "#2"
				},
				"down": {
					"uv": [
						12.5,
						4,
						11,
						6
					],
					"texture": "#2"
				}
			}
		},
		{
			"from": [
				9.25,
				2.2,
				0.75
			],
			"to": [
				10.5,
				3.45,
				2.5
			],
			"rotation": {
				"angle": 0,
				"axis": "y",
				"origin": [
					6.5,
					2.78165,
					3.65605
				]
			},
			"faces": {
				"north": {
					"uv": [
						11,
						10,
						12.5,
						11.5
					],
					"texture": "#2"
				},
				"east": {
					"uv": [
						11,
						10,
						9,
						11.5
					],
					"texture": "#2"
				},
				"south": {
					"uv": [
						11,
						10,
						12.5,
						11.5
					],
					"texture": "#2",
					"cullface": "down"
				},
				"west": {
					"uv": [
						9,
						10,
						11,
						11.5
					],
					"texture": "#2"
				},
				"up": {
					"uv": [
						12.5,
						6,
						11,
						4
					],
					"texture": "#2"
				},
				"down": {
					"uv": [
						12.5,
						4,
						11,
						6
					],
					"texture": "#2"
				}
			}
		},
		{
			"from": [
				7.5,
				2.45,
				3
			],
			"to": [
				8.5,
				3.2,
				3.75
			],
			"rotation": {
				"angle": 0,
				"axis": "y",
				"origin": [
					6.5,
					2.78165,
					3.65605
				]
			},
			"faces": {
				"north": {
					"uv": [
						7,
						14,
						8,
						15
					],
					"texture": "#2"
				},
				"east": {
					"uv": [
						7,
						14,
						8,
						15
					],
					"texture": "#2"
				},
				"south": {
					"uv": [
						14,
						5,
						15,
						6
					],
					"texture": "#2",
					"cullface": "down"
				},
				"west": {
					"uv": [
						7,
						14,
						8,
						15
					],
					"texture": "#2"
				},
				"up": {
					"uv": [
						15,
						7,
						14,
						6
					],
					"texture": "#2"
				},
				"down": {
					"uv": [
						8,
						14,
						7,
						15
					],
					"texture": "#2"
				}
			}
		},
		{
			"from": [
				7.251,
				-0.05,
				18.15
			],
			"to": [
				8.751,
				2.2,
				19.65
			],
			"rotation": {
				"angle": -22.5,
				"axis": "x",
				"origin": [
					8,
					0.55,
					18.75
				]
			},
			"faces": {
				"north": {
					"uv": [
						2,
						5.75,
						2.375,
						6.375
					],
					"texture": "#0"
				},
				"east": {
					"uv": [
						5.75,
						4.75,
						6.125,
						5.375
					],
					"texture": "#0"
				},
				"south": {
					"uv": [
						5.5,
						5.75,
						5.875,
						6.375
					],
					"texture": "#0"
				},
				"west": {
					"uv": [
						0,
						6,
						0.375,
						6.625
					],
					"texture": "#0"
				},
				"up": {
					"uv": [
						6.875,
						0.375,
						6.5,
						0
					],
					"texture": "#0"
				},
				"down": {
					"uv": [
						6.875,
						0.5,
						6.5,
						0.875
					],
					"texture": "#0",
					"cullface": "down"
				}
			}
		},
		{
			"from": [
				7.251,
				2.4,
				13.00628
			],
			"to": [
				8.751,
				3.65,
				16.00628
			],
			"rotation": {
				"angle": 0,
				"axis": "x",
				"origin": [
					8,
					3.55261,
					17.50628
				]
			},
			"faces": {
				"north": {
					"uv": [
						6.5,
						1,
						6.875,
						1.375
					],
					"texture": "#0"
				},
				"east": {
					"uv": [
						5,
						2.25,
						5.75,
						2.625
					],
					"texture": "#0"
				},
				"south": {
					"uv": [
						1.5,
						6.5,
						1.875,
						6.875
					],
					"texture": "#0",
					"cullface": "down"
				},
				"west": {
					"uv": [
						2.5,
						5,
						3.25,
						5.375
					],
					"texture": "#0"
				},
				"up": {
					"uv": [
						5.375,
						5.5,
						5,
						4.75
					],
					"texture": "#0"
				},
				"down": {
					"uv": [
						0.625,
						5.25,
						0.25,
						6
					],
					"texture": "#0"
				}
			}
		},
		{
			"from": [
				7.25,
				1.80261,
				16.00628
			],
			"to": [
				8.75,
				3.05261,
				20.00628
			],
			"rotation": {
				"angle": 22.5,
				"axis": "x",
				"origin": [
					8,
					3.55261,
					17.50628
				]
			},
			"faces": {
				"north": {
					"uv": [
						6.5,
						1.5,
						6.875,
						1.875
					],
					"texture": "#0"
				},
				"east": {
					"uv": [
						0,
						4,
						1,
						4.375
					],
					"texture": "#0"
				},
				"south": {
					"uv": [
						2,
						6.5,
						2.375,
						6.875
					],
					"texture": "#0",
					"cullface": "down"
				},
				"west": {
					"uv": [
						4,
						2.5,
						5,
						2.875
					],
					"texture": "#0"
				},
				"up": {
					"uv": [
						1.375,
						5.25,
						1,
						4.25
					],
					"texture": "#0"
				},
				"down": {
					"uv": [
						1.875,
						4.25,
						1.5,
						5.25
					],
					"texture": "#0"
				}
			}
		},
		{
			"from": [
				7.249,
				0.12272,
				12.3139
			],
			"to": [
				8.749,
				3.12272,
				14.3139
			],
			"rotation": {
				"angle": -45,
				"axis": "x",
				"origin": [
					8.0005,
					-0.14033,
					14.60176
				]
			},
			"faces": {
				"north": {
					"uv": [
						1,
						5.25,
						1.375,
						6
					],
					"texture": "#0"
				},
				"east": {
					"uv": [
						4.25,
						1.5,
						4.75,
						2.25
					],
					"texture": "#0"
				},
				"south": {
					"uv": [
						1.5,
						5.25,
						1.875,
						6
					],
					"texture": "#0"
				},
				"west": {
					"uv": [
						4.25,
						3,
						4.75,
						3.75
					],
					"texture": "#0"
				},
				"up": {
					"uv": [
						1.875,
						6.5,
						1.5,
						6
					],
					"texture": "#0",
					"cullface": "down"
				},
				"down": {
					"uv": [
						6.375,
						1.5,
						6,
						2
					],
					"texture": "#0"
				}
			}
		},
		{
			"from": [
				7,
				-1.56957,
				14.31828
			],
			"to": [
				9,
				0.18043,
				15.06828
			],
			"rotation": {
				"angle": 0,
				"axis": "x",
				"origin": [
					8.0005,
					-0.14033,
					14.60176
				]
			},
			"faces": {
				"north": {
					"uv": [
						0,
						0,
						4,
						5
					],
					"texture": "#1",
					"cullface": "down"
				},
				"east": {
					"uv": [
						0,
						6,
						2,
						11
					],
					"texture": "#1"
				},
				"south": {
					"uv": [
						0,
						5,
						4,
						0
					],
					"texture": "#1"
				},
				"west": {
					"uv": [
						0,
						6,
						2,
						11
					],
					"texture": "#1"
				},
				"up": {
					"uv": [
						12,
						2,
						8,
						0
					],
					"texture": "#1"
				},
				"down": {
					"uv": [
						12,
						0,
						8,
						2
					],
					"texture": "#1"
				}
			}
		},
		{
			"from": [
				7.75,
				1.43043,
				16.81828
			],
			"to": [
				8.25,
				2.18043,
				17.31828
			],
			"rotation": {
				"angle": 0,
				"axis": "x",
				"origin": [
					8.0005,
					-0.14033,
					14.60176
				]
			},
			"faces": {
				"north": {
					"uv": [
						7,
						0,
						7.125,
						0.25
					],
					"texture": "#0",
					"cullface": "down"
				},
				"east": {
					"uv": [
						7,
						0.25,
						7.125,
						0.5
					],
					"texture": "#0"
				},
				"south": {
					"uv": [
						7,
						0.5,
						7.125,
						0.75
					],
					"texture": "#0"
				},
				"west": {
					"uv": [
						7,
						0.75,
						7.125,
						1
					],
					"texture": "#0"
				},
				"up": {
					"uv": [
						2.875,
						7.125,
						2.75,
						7
					],
					"texture": "#0"
				},
				"down": {
					"uv": [
						7.125,
						2.75,
						7,
						2.875
					],
					"texture": "#0"
				}
			}
		},
		{
			"from": [
				7,
				1.93043,
				14.31828
			],
			"to": [
				9,
				3.93043,
				15.06828
			],
			"rotation": {
				"angle": 0,
				"axis": "x",
				"origin": [
					8.0005,
					-0.14033,
					14.60176
				]
			},
			"faces": {
				"north": {
					"uv": [
						0,
						0,
						4,
						5
					],
					"texture": "#1",
					"cullface": "down"
				},
				"east": {
					"uv": [
						0,
						6,
						2,
						11
					],
					"texture": "#1"
				},
				"south": {
					"uv": [
						0,
						0,
						4,
						5
					],
					"texture": "#1"
				},
				"west": {
					"uv": [
						0,
						6,
						2,
						11
					],
					"texture": "#1"
				},
				"up": {
					"uv": [
						12,
						2,
						8,
						0
					],
					"texture": "#1"
				},
				"down": {
					"uv": [
						12,
						0,
						8,
						2
					],
					"texture": "#1"
				}
			}
		},
		{
			"from": [
				7.25,
				-1.31957,
				12.81828
			],
			"to": [
				8.75,
				-0.06957,
				15.81828
			],
			"rotation": {
				"angle": 0,
				"axis": "x",
				"origin": [
					8.0005,
					-0.14033,
					14.60176
				]
			},
			"faces": {
				"north": {
					"uv": [
						6.5,
						2.5,
						6.875,
						2.875
					],
					"texture": "#0",
					"cullface": "down"
				},
				"east": {
					"uv": [
						5.25,
						1.5,
						6,
						1.875
					],
					"texture": "#0"
				},
				"south": {
					"uv": [
						3,
						6.5,
						3.375,
						6.875
					],
					"texture": "#0"
				},
				"west": {
					"uv": [
						5.25,
						2.75,
						6,
						3.125
					],
					"texture": "#0"
				},
				"up": {
					"uv": [
						3.625,
						6,
						3.25,
						5.25
					],
					"texture": "#0"
				},
				"down": {
					"uv": [
						5.875,
						0,
						5.5,
						0.75
					],
					"texture": "#0"
				}
			}
		},
		{
			"from": [
				7.252,
				-1.68066,
				15.19724
			],
			"to": [
				8.752,
				-0.43066,
				18.19724
			],
			"rotation": {
				"angle": -22.5,
				"axis": "x",
				"origin": [
					8.0005,
					-0.14033,
					14.60176
				]
			},
			"faces": {
				"north": {
					"uv": [
						6.5,
						3,
						6.875,
						3.375
					],
					"texture": "#0",
					"cullface": "down"
				},
				"east": {
					"uv": [
						5.25,
						3.25,
						6,
						3.625
					],
					"texture": "#0"
				},
				"south": {
					"uv": [
						3.5,
						6.5,
						3.875,
						6.875
					],
					"texture": "#0"
				},
				"west": {
					"uv": [
						5.25,
						4.25,
						6,
						4.625
					],
					"texture": "#0"
				},
				"up": {
					"uv": [
						5.875,
						1.5,
						5.5,
						0.75
					],
					"texture": "#0"
				},
				"down": {
					"uv": [
						2.875,
						5.5,
						2.5,
						6.25
					],
					"texture": "#0"
				}
			}
		},
		{
			"from": [
				6.999,
				-0.09335,
				18.78105
			],
			"to": [
				8.999,
				2.40665,
				20.03105
			],
			"rotation": {
				"angle": 0,
				"axis": "x",
				"origin": [
					8,
					0.90665,
					21.28105
				]
			},
			"faces": {
				"north": {
					"uv": [
						0,
						0,
						3.75,
						5
					],
					"texture": "#1"
				},
				"east": {
					"uv": [
						0,
						6,
						2,
						11
					],
					"texture": "#1"
				},
				"south": {
					"uv": [
						0,
						0,
						4,
						5
					],
					"texture": "#1",
					"cullface": "down"
				},
				"west": {
					"uv": [
						0,
						6,
						2,
						11
					],
					"texture": "#1"
				},
				"up": {
					"uv": [
						12,
						2,
						8,
						0
					],
					"texture": "#1"
				},
				"down": {
					"uv": [
						12,
						0,
						8,
						2
					],
					"texture": "#1"
				}
			}
		},
		{
			"from": [
				7.25,
				0.40665,
				21.28105
			],
			"to": [
				8.75,
				1.90665,
				22.03105
			],
			"rotation": {
				"angle": 0,
				"axis": "x",
				"origin": [
					8,
					0.90665,
					21.28105
				]
			},
			"faces": {
				"north": {
					"uv": [
						0,
						0,
						4,
						5
					],
					"texture": "#1"
				},
				"east": {
					"uv": [
						0,
						6,
						2,
						11
					],
					"texture": "#1"
				},
				"south": {
					"uv": [
						0,
						0,
						4,
						5
					],
					"texture": "#1",
					"cullface": "down"
				},
				"west": {
					"uv": [
						0,
						6,
						2,
						11
					],
					"texture": "#1"
				},
				"up": {
					"uv": [
						12,
						2,
						8,
						0
					],
					"texture": "#1"
				},
				"down": {
					"uv": [
						12,
						0,
						8,
						2
					],
					"texture": "#1"
				}
			}
		},
		{
			"from": [
				7.5,
				0.65665,
				19.78105
			],
			"to": [
				8.5,
				1.65665,
				22.28105
			],
			"rotation": {
				"angle": 0,
				"axis": "x",
				"origin": [
					8,
					0.90665,
					21.28105
				]
			},
			"faces": {
				"north": {
					"uv": [
						5,
						2.75,
						5.25,
						3
					],
					"texture": "#0"
				},
				"east": {
					"uv": [
						4.25,
						2.25,
						4.875,
						2.5
					],
					"texture": "#0"
				},
				"south": {
					"uv": [
						3.25,
						5,
						3.5,
						5.25
					],
					"texture": "#0",
					"cullface": "down"
				},
				"west": {
					"uv": [
						3.75,
						6.25,
						4.375,
						6.5
					],
					"texture": "#0"
				},
				"up": {
					"uv": [
						2.75,
						6.875,
						2.5,
						6.25
					],
					"texture": "#0"
				},
				"down": {
					"uv": [
						3,
						6.25,
						2.75,
						6.875
					],
					"texture": "#0"
				}
			}
		},
		{
			"from": [
				7.5,
				0.40665,
				9.78105
			],
			"to": [
				8.5,
				2.15665,
				12.28105
			],
			"rotation": {
				"angle": 0,
				"axis": "x",
				"origin": [
					8,
					0.90665,
					21.28105
				]
			},
			"faces": {
				"north": {
					"uv": [
						6.5,
						3.75,
						6.75,
						4.25
					],
					"texture": "#0"
				},
				"east": {
					"uv": [
						4.5,
						4.25,
						5.125,
						4.75
					],
					"texture": "#0"
				},
				"south": {
					"uv": [
						4,
						6.5,
						4.25,
						7
					],
					"texture": "#0",
					"cullface": "down"
				},
				"west": {
					"uv": [
						4.75,
						1,
						5.375,
						1.5
					],
					"texture": "#0"
				},
				"up": {
					"uv": [
						4.75,
						6.875,
						4.5,
						6.25
					],
					"texture": "#0"
				},
				"down": {
					"uv": [
						5,
						6.25,
						4.75,
						6.875
					],
					"texture": "#0"
				}
			}
		},
		{
			"from": [
				7.5,
				2.15665,
				9.78105
			],
			"to": [
				8.5,
				3.65665,
				15.78105
			],
			"rotation": {
				"angle": 0,
				"axis": "x",
				"origin": [
					8,
					0.90665,
					21.28105
				]
			},
			"faces": {
				"north": {
					"uv": [
						0,
						6.75,
						0.25,
						7.125
					],
					"texture": "#0"
				},
				"east": {
					"uv": [
						3,
						0,
						4.5,
						0.375
					],
					"texture": "#0"
				},
				"south": {
					"uv": [
						0.25,
						6.75,
						0.5,
						7.125
					],
					"texture": "#0",
					"cullface": "down"
				},
				"west": {
					"uv": [
						3,
						0.5,
						4.5,
						0.875
					],
					"texture": "#0"
				},
				"up": {
					"uv": [
						4.5,
						5.25,
						4.25,
						3.75
					],
					"texture": "#0"
				},
				"down": {
					"uv": [
						0.25,
						4.5,
						0,
						6
					],
					"texture": "#0"
				}
			}
		},
		{
			"from": [
				7.25,
				0.40665,
				7.28105
			],
			"to": [
				8.75,
				1.40665,
				9.78105
			],
			"rotation": {
				"angle": 0,
				"axis": "x",
				"origin": [
					8,
					0.90665,
					21.28105
				]
			},
			"faces": {
				"north": {
					"uv": [
						2,
						2.5,
						2.375,
						2.75
					],
					"texture": "#0"
				},
				"east": {
					"uv": [
						8,
						6,
						9.25,
						6.5
					],
					"texture": "#0"
				},
				"south": {
					"uv": [
						3,
						4,
						3.375,
						4.25
					],
					"texture": "#0",
					"cullface": "down"
				},
				"west": {
					"uv": [
						8,
						6.5,
						9.25,
						7
					],
					"texture": "#0"
				},
				"up": {
					"uv": [
						6.25,
						9.75,
						5.5,
						8.5
					],
					"texture": "#0"
				},
				"down": {
					"uv": [
						7.25,
						8.5,
						6.5,
						9.75
					],
					"texture": "#0"
				}
			}
		},
		{
			"from": [
				7.25,
				-2.59335,
				7.28105
			],
			"to": [
				8.75,
				0.15665,
				10.03105
			],
			"rotation": {
				"angle": 0,
				"axis": "x",
				"origin": [
					8,
					0.90665,
					21.28105
				]
			},
			"faces": {
				"north": {
					"uv": [
						3,
						1.75,
						3.5,
						2.375
					],
					"texture": "#0"
				},
				"east": {
					"uv": [
						8.5,
						4.5,
						8.9375,
						5.15625
					],
					"texture": "#0"
				},
				"south": {
					"uv": [
						3,
						3.25,
						3.5,
						3.875
					],
					"texture": "#0",
					"cullface": "down"
				},
				"west": {
					"uv": [
						3,
						7.5,
						3.625,
						8.125
					],
					"texture": "#0"
				},
				"up": {
					"uv": [
						4.875,
						9.125,
						4.5,
						8.5
					],
					"texture": "#0"
				},
				"down": {
					"uv": [
						8.9375,
						4.5,
						8.5,
						5.15625
					],
					"texture": "#0"
				}
			}
		},
		{
			"from": [
				6.75,
				-2.34335,
				7.28105
			],
			"to": [
				7.25,
				-0.09335,
				10.03105
			],
			"rotation": {
				"angle": 0,
				"axis": "x",
				"origin": [
					8,
					0.90665,
					21.28105
				]
			},
			"faces": {
				"north": {
					"uv": [
						0,
						9,
						0.25,
						10.125
					],
					"texture": "#0"
				},
				"east": {
					"uv": [
						8,
						6,
						8.40625,
						6.375
					],
					"texture": "#0"
				},
				"south": {
					"uv": [
						0.5,
						9,
						0.75,
						10.125
					],
					"texture": "#0",
					"cullface": "down"
				},
				"west": {
					"uv": [
						8.5,
						1.5,
						9.125,
						2.125
					],
					"texture": "#0"
				},
				"up": {
					"uv": [
						6.25,
						1.375,
						6,
						0
					],
					"texture": "#0"
				},
				"down": {
					"uv": [
						7.75,
						8.5,
						7.5,
						9.875
					],
					"texture": "#0"
				}
			}
		},
		{
			"from": [
				8.75,
				-2.34335,
				7.28105
			],
			"to": [
				9.25,
				-0.09335,
				10.03105
			],
			"rotation": {
				"angle": 0,
				"axis": "x",
				"origin": [
					8,
					0.90665,
					21.28105
				]
			},
			"faces": {
				"north": {
					"uv": [
						1,
						9,
						1.25,
						10.125
					],
					"texture": "#0"
				},
				"east": {
					"uv": [
						8.5,
						1.5,
						9.1875,
						2.125
					],
					"texture": "#0"
				},
				"south": {
					"uv": [
						1.5,
						9,
						1.75,
						10.125
					],
					"texture": "#0",
					"cullface": "down"
				},
				"west": {
					"uv": [
						9.1875,
						1.5,
						9.875,
						2.125
					],
					"texture": "#0"
				},
				"up": {
					"uv": [
						8.25,
						9.875,
						8,
						8.5
					],
					"texture": "#0"
				},
				"down": {
					"uv": [
						8.75,
						8.5,
						8.5,
						9.875
					],
					"texture": "#0"
				}
			}
		},
		{
			"from": [
				7,
				0.15665,
				7.28105
			],
			"to": [
				9,
				0.40665,
				10.03105
			],
			"rotation": {
				"angle": 0,
				"axis": "x",
				"origin": [
					8,
					0.90665,
					21.28105
				]
			},
			"faces": {
				"north": {
					"uv": [
						0,
						1,
						4,
						2
					],
					"texture": "#1"
				},
				"east": {
					"uv": [
						0,
						1,
						4,
						2
					],
					"texture": "#1"
				},
				"south": {
					"uv": [
						0,
						1,
						4,
						2
					],
					"texture": "#1",
					"cullface": "down"
				},
				"west": {
					"uv": [
						0,
						1,
						4,
						2
					],
					"texture": "#1"
				},
				"up": {
					"uv": [
						12,
						1.5,
						8,
						0
					],
					"texture": "#1"
				},
				"down": {
					"uv": [
						12,
						0,
						8,
						1.5
					],
					"texture": "#1"
				}
			}
		},
		{
			"from": [
				7,
				-2.84335,
				7.53105
			],
			"to": [
				9,
				-2.59335,
				9.78105
			],
			"rotation": {
				"angle": 0,
				"axis": "x",
				"origin": [
					8,
					0.90665,
					21.28105
				]
			},
			"faces": {
				"north": {
					"uv": [
						6.75,
						5.5,
						7.25,
						5.625
					],
					"texture": "#0"
				},
				"east": {
					"uv": [
						6.75,
						2.25,
						7.375,
						2.375
					],
					"texture": "#0"
				},
				"south": {
					"uv": [
						6.75,
						5.75,
						7.25,
						5.875
					],
					"texture": "#0",
					"cullface": "down"
				},
				"west": {
					"uv": [
						6.75,
						4.75,
						7.375,
						4.875
					],
					"texture": "#0"
				},
				"up": {
					"uv": [
						5.25,
						2.125,
						4.75,
						1.5
					],
					"texture": "#0"
				},
				"down": {
					"uv": [
						5.25,
						3,
						4.75,
						3.625
					],
					"texture": "#0"
				}
			}
		},
		{
			"from": [
				7.5,
				2.15665,
				15.78105
			],
			"to": [
				8.5,
				2.90665,
				16.53105
			],
			"rotation": {
				"angle": 0,
				"axis": "x",
				"origin": [
					8,
					0.90665,
					21.28105
				]
			},
			"faces": {
				"north": {
					"uv": [
						4.25,
						5.25,
						4.5,
						5.5
					],
					"texture": "#0"
				},
				"east": {
					"uv": [
						5.75,
						2.5,
						6,
						2.75
					],
					"texture": "#0"
				},
				"south": {
					"uv": [
						5.75,
						5.5,
						6,
						5.75
					],
					"texture": "#0",
					"cullface": "down"
				},
				"west": {
					"uv": [
						4,
						6,
						4.25,
						6.25
					],
					"texture": "#0"
				},
				"up": {
					"uv": [
						7,
						6.25,
						6.75,
						6
					],
					"texture": "#0"
				},
				"down": {
					"uv": [
						7,
						6.25,
						6.75,
						6.5
					],
					"texture": "#0"
				}
			}
		},
		{
			"from": [
				7,
				1.65665,
				6.28105
			],
			"to": [
				9,
				3.90665,
				7.28105
			],
			"rotation": {
				"angle": 0,
				"axis": "x",
				"origin": [
					8,
					0.90665,
					23.03105
				]
			},
			"faces": {
				"north": {
					"uv": [
						0,
						0,
						4,
						5
					],
					"texture": "#1"
				},
				"east": {
					"uv": [
						0,
						6,
						2,
						11
					],
					"texture": "#1"
				},
				"south": {
					"uv": [
						0,
						0,
						4,
						5
					],
					"texture": "#1",
					"cullface": "down"
				},
				"west": {
					"uv": [
						0,
						6,
						2,
						11
					],
					"texture": "#1"
				},
				"up": {
					"uv": [
						12,
						2,
						8,
						0
					],
					"texture": "#1"
				},
				"down": {
					"uv": [
						12,
						0,
						8,
						2
					],
					"texture": "#1"
				}
			}
		},
		{
			"from": [
				5.90924,
				1.37643,
				8.73288
			],
			"to": [
				6.90924,
				2.62643,
				12.73288
			],
			"rotation": {
				"angle": -45,
				"axis": "y",
				"origin": [
					6.40924,
					1.87643,
					10.73288
				]
			},
			"faces": {
				"north": {
					"uv": [
						0.5,
						6.75,
						0.75,
						7.125
					],
					"texture": "#0"
				},
				"east": {
					"uv": [
						4.5,
						0,
						5.5,
						0.375
					],
					"texture": "#0"
				},
				"south": {
					"uv": [
						0.75,
						6.75,
						1,
						7.125
					],
					"texture": "#0",
					"cullface": "down"
				},
				"west": {
					"uv": [
						4.5,
						0.5,
						5.5,
						0.875
					],
					"texture": "#0"
				},
				"up": {
					"uv": [
						4,
						6.25,
						3.75,
						5.25
					],
					"texture": "#0"
				},
				"down": {
					"uv": [
						3.25,
						5.5,
						3,
						6.5
					],
					"texture": "#0"
				}
			}
		},
		{
			"from": [
				6.15924,
				2.62643,
				8.73288
			],
			"to": [
				6.65924,
				3.37643,
				12.48288
			],
			"rotation": {
				"angle": -45,
				"axis": "y",
				"origin": [
					6.40924,
					1.87643,
					10.73288
				]
			},
			"faces": {
				"north": {
					"uv": [
						7,
						1,
						7.125,
						1.25
					],
					"texture": "#0"
				},
				"east": {
					"uv": [
						5.25,
						2,
						6.25,
						2.25
					],
					"texture": "#0"
				},
				"south": {
					"uv": [
						7,
						1.25,
						7.125,
						1.5
					],
					"texture": "#0",
					"cullface": "down"
				},
				"west": {
					"uv": [
						5.5,
						3.75,
						6.5,
						4
					],
					"texture": "#0"
				},
				"up": {
					"uv": [
						6.625,
						5.75,
						6.5,
						4.75
					],
					"texture": "#0"
				},
				"down": {
					"uv": [
						5.375,
						6.5,
						5.25,
						7.5
					],
					"texture": "#0"
				}
			}
		},
		{
			"from": [
				8.15924,
				1.37643,
				10.98288
			],
			"to": [
				9.15924,
				2.62643,
				14.98288
			],
			"rotation": {
				"angle": 45,
				"axis": "y",
				"origin": [
					6.40924,
					1.87643,
					10.73288
				]
			},
			"faces": {
				"north": {
					"uv": [
						1,
						6.75,
						1.25,
						7.125
					],
					"texture": "#0"
				},
				"east": {
					"uv": [
						2,
						4.5,
						3,
						4.875
					],
					"texture": "#0"
				},
				"south": {
					"uv": [
						1.25,
						6.75,
						1.5,
						7.125
					],
					"texture": "#0",
					"cullface": "down"
				},
				"west": {
					"uv": [
						4.5,
						3.75,
						5.5,
						4.125
					],
					"texture": "#0"
				},
				"up": {
					"uv": [
						5.75,
						5.75,
						5.5,
						4.75
					],
					"texture": "#0"
				},
				"down": {
					"uv": [
						5.5,
						5.5,
						5.25,
						6.5
					],
					"texture": "#0"
				}
			}
		},
		{
			"from": [
				8.40924,
				2.62643,
				10.98288
			],
			"to": [
				8.90924,
				3.37643,
				14.98288
			],
			"rotation": {
				"angle": 45,
				"axis": "y",
				"origin": [
					6.40924,
					1.87643,
					10.73288
				]
			},
			"faces": {
				"north": {
					"uv": [
						1.5,
						7,
						1.625,
						7.25
					],
					"texture": "#0"
				},
				"east": {
					"uv": [
						5.5,
						4,
						6.5,
						4.25
					],
					"texture": "#0"
				},
				"south": {
					"uv": [
						7,
						1.5,
						7.125,
						1.75
					],
					"texture": "#0",
					"cullface": "down"
				},
				"west": {
					"uv": [
						5.75,
						2.25,
						6.75,
						2.5
					],
					"texture": "#0"
				},
				"up": {
					"uv": [
						5.625,
						7.5,
						5.5,
						6.5
					],
					"texture": "#0"
				},
				"down": {
					"uv": [
						5.875,
						6.5,
						5.75,
						7.5
					],
					"texture": "#0"
				}
			}
		},
		{
			"from": [
				7,
				1.40665,
				7.28105
			],
			"to": [
				9,
				3.90665,
				14.03105
			],
			"rotation": {
				"angle": 0,
				"axis": "x",
				"origin": [
					8,
					0.90665,
					21.28105
				]
			},
			"faces": {
				"north": {
					"uv": [
						4.5,
						4.75,
						5,
						5.375
					],
					"texture": "#0"
				},
				"east": {
					"uv": [
						1,
						1,
						2.75,
						1.625
					],
					"texture": "#0"
				},
				"south": {
					"uv": [
						2,
						5,
						2.5,
						5.625
					],
					"texture": "#0",
					"cullface": "down"
				},
				"west": {
					"uv": [
						1,
						1.75,
						2.75,
						2.375
					],
					"texture": "#0"
				},
				"up": {
					"uv": [
						1.5,
						4.25,
						1,
						2.5
					],
					"texture": "#0"
				},
				"down": {
					"uv": [
						2,
						2.5,
						1.5,
						4.25
					],
					"texture": "#0"
				}
			}
		},
		{
			"from": [
				9,
				1.90665,
				12.28105
			],
			"to": [
				9.25,
				3.65665,
				14.03105
			],
			"rotation": {
				"angle": 0,
				"axis": "x",
				"origin": [
					8,
					0.90665,
					21.28105
				]
			},
			"faces": {
				"north": {
					"uv": [
						9.5,
						10,
						10,
						11.5
					],
					"texture": "#2"
				},
				"east": {
					"uv": [
						6,
						0,
						7.625,
						1.5
					],
					"texture": "#2"
				},
				"south": {
					"uv": [
						9.5,
						10,
						10,
						11.5
					],
					"texture": "#2",
					"cullface": "down"
				},
				"west": {
					"uv": [
						6,
						0,
						7.5,
						1.5
					],
					"texture": "#2"
				},
				"up": {
					"uv": [
						10,
						11.5,
						9.5,
						10
					],
					"texture": "#2"
				},
				"down": {
					"uv": [
						10,
						10,
						9.5,
						11.5
					],
					"texture": "#2"
				}
			}
		},
		{
			"from": [
				9.25,
				2.40665,
				12.28105
			],
			"to": [
				9.5,
				4.90665,
				13.03105
			],
			"rotation": {
				"angle": 0,
				"axis": "x",
				"origin": [
					8,
					0.90665,
					21.28105
				]
			},
			"faces": {
				"north": {
					"uv": [
						1.5,
						7.5,
						1.625,
						8.75
					],
					"texture": "#0"
				},
				"east": {
					"uv": [
						0,
						7.5,
						0.375,
						8.75
					],
					"texture": "#0"
				},
				"south": {
					"uv": [
						2,
						7.5,
						2.125,
						8.75
					],
					"texture": "#0",
					"cullface": "down"
				},
				"west": {
					"uv": [
						7.5,
						0,
						7.875,
						1.25
					],
					"texture": "#0"
				},
				"up": {
					"uv": [
						7.125,
						6.375,
						7,
						6
					],
					"texture": "#0"
				},
				"down": {
					"uv": [
						7.625,
						1.5,
						7.5,
						1.875
					],
					"texture": "#0"
				}
			}
		},
		{
			"from": [
				9.25,
				3.65665,
				12.03105
			],
			"to": [
				9.5,
				4.90665,
				12.28105
			],
			"rotation": {
				"angle": 0,
				"axis": "x",
				"origin": [
					8,
					0.90665,
					21.28105
				]
			},
			"faces": {
				"north": {
					"uv": [
						7.5,
						6,
						7.625,
						6.625
					],
					"texture": "#0"
				},
				"east": {
					"uv": [
						8,
						0,
						8.125,
						0.625
					],
					"texture": "#0"
				},
				"south": {
					"uv": [
						8,
						1,
						8.125,
						1.625
					],
					"texture": "#0",
					"cullface": "down"
				},
				"west": {
					"uv": [
						8,
						2,
						8.125,
						2.625
					],
					"texture": "#0"
				},
				"up": {
					"uv": [
						8.125,
						5.125,
						8,
						5
					],
					"texture": "#0"
				},
				"down": {
					"uv": [
						8.125,
						5.5,
						8,
						5.625
					],
					"texture": "#0"
				}
			}
		},
		{
			"from": [
				9.25,
				2.40665,
				13.28105
			],
			"to": [
				9.5,
				4.65665,
				13.78105
			],
			"rotation": {
				"angle": 0,
				"axis": "x",
				"origin": [
					8,
					0.90665,
					21.28105
				]
			},
			"faces": {
				"north": {
					"uv": [
						2.5,
						7.5,
						2.625,
						8.625
					],
					"texture": "#0"
				},
				"east": {
					"uv": [
						0.5,
						7.5,
						0.75,
						8.625
					],
					"texture": "#0"
				},
				"south": {
					"uv": [
						7.5,
						2.5,
						7.625,
						3.625
					],
					"texture": "#0",
					"cullface": "down"
				},
				"west": {
					"uv": [
						1,
						7.5,
						1.25,
						8.625
					],
					"texture": "#0"
				},
				"up": {
					"uv": [
						8.125,
						3.25,
						8,
						3
					],
					"texture": "#0"
				},
				"down": {
					"uv": [
						8.125,
						3.5,
						8,
						3.75
					],
					"texture": "#0"
				}
			}
		},
		{
			"from": [
				9.25,
				2.40665,
				13.03105
			],
			"to": [
				9.5,
				3.65665,
				13.28105
			],
			"rotation": {
				"angle": 0,
				"axis": "x",
				"origin": [
					8,
					0.90665,
					21.28105
				]
			},
			"faces": {
				"north": {
					"uv": [
						4.5,
						7.5,
						4.625,
						8.125
					],
					"texture": "#0"
				},
				"east": {
					"uv": [
						5,
						7.5,
						5.125,
						8.125
					],
					"texture": "#0"
				},
				"south": {
					"uv": [
						7.5,
						5,
						7.625,
						5.625
					],
					"texture": "#0",
					"cullface": "down"
				},
				"west": {
					"uv": [
						5.5,
						7.5,
						5.625,
						8.125
					],
					"texture": "#0"
				},
				"up": {
					"uv": [
						8.125,
						4.125,
						8,
						4
					],
					"texture": "#0"
				},
				"down": {
					"uv": [
						8.125,
						4.5,
						8,
						4.625
					],
					"texture": "#0"
				}
			}
		},
		{
			"from": [
				7.25,
				3.90665,
				8.28105
			],
			"to": [
				8.75,
				4.15665,
				13.78105
			],
			"rotation": {
				"angle": 0,
				"axis": "x",
				"origin": [
					8,
					0.90665,
					21.28105
				]
			},
			"faces": {
				"north": {
					"uv": [
						6.5,
						6.75,
						6.875,
						6.875
					],
					"texture": "#0"
				},
				"east": {
					"uv": [
						6,
						3.5,
						7.375,
						3.625
					],
					"texture": "#0"
				},
				"south": {
					"uv": [
						6.75,
						6.5,
						7.125,
						6.625
					],
					"texture": "#0",
					"cullface": "down"
				},
				"west": {
					"uv": [
						6.25,
						2,
						7.625,
						2.125
					],
					"texture": "#0"
				},
				"up": {
					"uv": [
						2.375,
						4.375,
						2,
						3
					],
					"texture": "#0"
				},
				"down": {
					"uv": [
						2.875,
						3,
						2.5,
						4.375
					],
					"texture": "#0"
				}
			}
		},
		{
			"from": [
				7.251,
				-0.55432,
				11.94445
			],
			"to": [
				8.751,
				2.44568,
				13.94445
			],
			"rotation": {
				"angle": 0,
				"axis": "x",
				"origin": [
					8,
					0.19568,
					12.44445
				]
			},
			"faces": {
				"north": {
					"uv": [
						4.25,
						5.5,
						4.625,
						6.25
					],
					"texture": "#0"
				},
				"east": {
					"uv": [
						0.25,
						4.5,
						0.75,
						5.25
					],
					"texture": "#0"
				},
				"south": {
					"uv": [
						4.75,
						5.5,
						5.125,
						6.25
					],
					"texture": "#0"
				},
				"west": {
					"uv": [
						3.5,
						4.5,
						4,
						5.25
					],
					"texture": "#0"
				},
				"up": {
					"uv": [
						3.625,
						6.5,
						3.25,
						6
					],
					"texture": "#0",
					"cullface": "down"
				},
				"down": {
					"uv": [
						6.375,
						4.25,
						6,
						4.75
					],
					"texture": "#0"
				}
			}
		},
		{
			"from": [
				7.5,
				2.15665,
				5.78105
			],
			"to": [
				8.5,
				3.40665,
				7.78105
			],
			"rotation": {
				"angle": 0,
				"axis": "x",
				"origin": [
					8,
					0.90665,
					35.28105
				]
			},
			"faces": {
				"north": {
					"uv": [
						6.75,
						3.75,
						7,
						4.125
					],
					"texture": "#0"
				},
				"east": {
					"uv": [
						6,
						5.5,
						6.5,
						5.875
					],
					"texture": "#0"
				},
				"south": {
					"uv": [
						6.75,
						4.25,
						7,
						4.625
					],
					"texture": "#0",
					"cullface": "down"
				},
				"west": {
					"uv": [
						6,
						6,
						6.5,
						6.375
					],
					"texture": "#0"
				},
				"up": {
					"uv": [
						6.75,
						6.25,
						6.5,
						5.75
					],
					"texture": "#0"
				},
				"down": {
					"uv": [
						6.25,
						6.5,
						6,
						7
					],
					"texture": "#0"
				}
			}
		},
		{
			"from": [
				7.25,
				1.90665,
				3.78105
			],
			"to": [
				8.75,
				3.65665,
				5.78105
			],
			"rotation": {
				"angle": 0,
				"axis": "x",
				"origin": [
					8,
					0.90665,
					35.28105
				]
			},
			"faces": {
				"north": {
					"uv": [
						7,
						3.75,
						7.375,
						4.25
					],
					"texture": "#0"
				},
				"east": {
					"uv": [
						3.25,
						7,
						3.75,
						7.5
					],
					"texture": "#0"
				},
				"south": {
					"uv": [
						4.25,
						7,
						4.625,
						7.5
					],
					"texture": "#0",
					"cullface": "down"
				},
				"west": {
					"uv": [
						3.75,
						7,
						4.25,
						7.5
					],
					"texture": "#0"
				},
				"up": {
					"uv": [
						7.375,
						4.75,
						7,
						4.25
					],
					"texture": "#0"
				},
				"down": {
					"uv": [
						5.125,
						7,
						4.75,
						7.5
					],
					"texture": "#0"
				}
			}
		},
		{
			"from": [
				7.5,
				3.65665,
				3.78105
			],
			"to": [
				8.5,
				4.15665,
				6.03105
			],
			"rotation": {
				"angle": 0,
				"axis": "x",
				"origin": [
					8,
					0.90665,
					35.28105
				]
			},
			"faces": {
				"north": {
					"uv": [
						1.75,
						7,
						2,
						7.125
					],
					"texture": "#0"
				},
				"east": {
					"uv": [
						6.75,
						5,
						7.375,
						5.125
					],
					"texture": "#0"
				},
				"south": {
					"uv": [
						7,
						1.75,
						7.25,
						1.875
					],
					"texture": "#0",
					"cullface": "down"
				},
				"west": {
					"uv": [
						6.75,
						5.25,
						7.375,
						5.375
					],
					"texture": "#0"
				},
				"up": {
					"uv": [
						6.5,
						5.375,
						6.25,
						4.75
					],
					"texture": "#0"
				},
				"down": {
					"uv": [
						5.25,
						6.25,
						5,
						6.875
					],
					"texture": "#0"
				}
			}
		},
		{
			"from": [
				7.975,
				4.15665,
				4.03105
			],
			"to": [
				8.025,
				4.33165,
				4.78105
			],
			"rotation": {
				"angle": 0,
				"axis": "x",
				"origin": [
					8,
					0.90665,
					35.28105
				]
			},
			"faces": {
				"north": {
					"uv": [
						3,
						7,
						3.125,
						7.125
					],
					"texture": "#0"
				},
				"east": {
					"uv": [
						2,
						7,
						2.25,
						7.125
					],
					"texture": "#0"
				},
				"south": {
					"uv": [
						7,
						3,
						7.125,
						3.125
					],
					"texture": "#0",
					"cullface": "down"
				},
				"west": {
					"uv": [
						2.25,
						7,
						2.5,
						7.125
					],
					"texture": "#0"
				},
				"up": {
					"uv": [
						2.625,
						7.25,
						2.5,
						7
					],
					"texture": "#0"
				},
				"down": {
					"uv": [
						7.125,
						2.5,
						7,
						2.75
					],
					"texture": "#0"
				}
			}
		},
		{
			"from": [
				7.625,
				4.15665,
				12.85605
			],
			"to": [
				7.875,
				4.58165,
				13.60605
			],
			"rotation": {
				"angle": 0,
				"axis": "x",
				"origin": [
					8,
					0.90665,
					35.28105
				]
			},
			"faces": {
				"north": {
					"uv": [
						3,
						7,
						3.125,
						7.125
					],
					"texture": "#0"
				},
				"east": {
					"uv": [
						2,
						7,
						2.25,
						7.125
					],
					"texture": "#0"
				},
				"south": {
					"uv": [
						7,
						3,
						7.125,
						3.125
					],
					"texture": "#0",
					"cullface": "down"
				},
				"west": {
					"uv": [
						2.25,
						7,
						2.5,
						7.125
					],
					"texture": "#0"
				},
				"up": {
					"uv": [
						2.625,
						7.25,
						2.5,
						7
					],
					"texture": "#0"
				},
				"down": {
					"uv": [
						7.125,
						2.5,
						7,
						2.75
					],
					"texture": "#0"
				}
			}
		},
		{
			"from": [
				8.125,
				4.15665,
				12.85605
			],
			"to": [
				8.375,
				4.58165,
				13.60605
			],
			"rotation": {
				"angle": 0,
				"axis": "x",
				"origin": [
					8,
					0.90665,
					35.28105
				]
			},
			"faces": {
				"north": {
					"uv": [
						3,
						7,
						3.125,
						7.125
					],
					"texture": "#0"
				},
				"east": {
					"uv": [
						2,
						7,
						2.25,
						7.125
					],
					"texture": "#0"
				},
				"south": {
					"uv": [
						7,
						3,
						7.125,
						3.125
					],
					"texture": "#0",
					"cullface": "down"
				},
				"west": {
					"uv": [
						2.25,
						7,
						2.5,
						7.125
					],
					"texture": "#0"
				},
				"up": {
					"uv": [
						2.625,
						7.25,
						2.5,
						7
					],
					"texture": "#0"
				},
				"down": {
					"uv": [
						7.125,
						2.5,
						7,
						2.75
					],
					"texture": "#0"
				}
			}
		},
		{
			"from": [
				6,
				2.15665,
				1.78105
			],
			"to": [
				7.25,
				3.40665,
				5.53105
			],
			"rotation": {
				"angle": 22.5,
				"axis": "y",
				"origin": [
					6.5,
					2.78165,
					3.65605
				]
			},
			"faces": {
				"north": {
					"uv": [
						11,
						10,
						12.5,
						11.5
					],
					"texture": "#2"
				},
				"east": {
					"uv": [
						0,
						0,
						4,
						1.5
					],
					"texture": "#2"
				},
				"south": {
					"uv": [
						11,
						10,
						12.5,
						11.5
					],
					"texture": "#2",
					"cullface": "down"
				},
				"west": {
					"uv": [
						6,
						0,
						10,
						1.5
					],
					"texture": "#2"
				},
				"up": {
					"uv": [
						5.5,
						4,
						4,
						0
					],
					"texture": "#2"
				},
				"down": {
					"uv": [
						5.5,
						0,
						4,
						4
					],
					"texture": "#2"
				}
			}
		},
		{
			"from": [
				8.75,
				2.15665,
				1.78105
			],
			"to": [
				10,
				3.40665,
				5.53105
			],
			"rotation": {
				"angle": -22.5,
				"axis": "y",
				"origin": [
					9.5,
					2.78165,
					3.65605
				]
			},
			"faces": {
				"north": {
					"uv": [
						11,
						10,
						12.5,
						11.5
					],
					"texture": "#2"
				},
				"east": {
					"uv": [
						0,
						0,
						4,
						1.5
					],
					"texture": "#2"
				},
				"south": {
					"uv": [
						11,
						10,
						12.5,
						11.5
					],
					"texture": "#2",
					"cullface": "down"
				},
				"west": {
					"uv": [
						6,
						0,
						10,
						1.5
					],
					"texture": "#2"
				},
				"up": {
					"uv": [
						5.5,
						4,
						4,
						0
					],
					"texture": "#2"
				},
				"down": {
					"uv": [
						5.5,
						0,
						4,
						4
					],
					"texture": "#2"
				}
			}
		},
		{
			"from": [
				7.5,
				0.65665,
				3.03105
			],
			"to": [
				8.5,
				1.90665,
				5.53105
			],
			"rotation": {
				"angle": -22.5,
				"axis": "x",
				"origin": [
					8,
					1.28165,
					3.78105
				]
			},
			"faces": {
				"north": {
					"uv": [
						14,
						7,
						15,
						8
					],
					"texture": "#2"
				},
				"east": {
					"uv": [
						11.5,
						2,
						8,
						3
					],
					"texture": "#2"
				},
				"south": {
					"uv": [
						14,
						7,
						15,
						8
					],
					"texture": "#2",
					"cullface": "down"
				},
				"west": {
					"uv": [
						8,
						2,
						11.5,
						3
					],
					"texture": "#2"
				},
				"up": {
					"uv": [
						9,
						7.5,
						8,
						4
					],
					"texture": "#2"
				},
				"down": {
					"uv": [
						9,
						4,
						8,
						7.5
					],
					"texture": "#2"
				}
			}
		},
		{
			"from": [
				7.51,
				0.65665,
				1.03105
			],
			"to": [
				8.51,
				1.90665,
				3.28105
			],
			"rotation": {
				"angle": 0,
				"axis": "x",
				"origin": [
					8,
					1.28165,
					3.78105
				]
			},
			"faces": {
				"north": {
					"uv": [
						14,
						7,
						15,
						8
					],
					"texture": "#2"
				},
				"east": {
					"uv": [
						11.5,
						2,
						8,
						3
					],
					"texture": "#2"
				},
				"south": {
					"uv": [
						14,
						7,
						15,
						8
					],
					"texture": "#2",
					"cullface": "down"
				},
				"west": {
					"uv": [
						8,
						2,
						11.5,
						3
					],
					"texture": "#2"
				},
				"up": {
					"uv": [
						9,
						7.5,
						8,
						4
					],
					"texture": "#2"
				},
				"down": {
					"uv": [
						9,
						4,
						8,
						7.5
					],
					"texture": "#2"
				}
			}
		}
	],
	"groups": [
		{
			"name": "group",
			"origin": [
				8,
				1.28165,
				-13.21895
			],
			"color": 0,
			"children": [
				0,
				1,
				2,
				3,
				4,
				5,
				6,
				7,
				8,
				9,
				10,
				11,
				12,
				13,
				14,
				15,
				16,
				17,
				18,
				19,
				20,
				21,
				22,
				23,
				24,
				25,
				26,
				27,
				28,
				29,
				30,
				31,
				32,
				33,
				34,
				35,
				36,
				37,
				38,
				39,
				40,
				41,
				42,
				43,
				44,
				45,
				46
			]
		}
	],
	"display": {
		"thirdperson_righthand": {
			"translation": [
				0,
				6.5,
				-6.5
			],
			"scale": [
				0.95,
				0.95,
				0.95
			]
		},
		"thirdperson_lefthand": {
			"translation": [
				0,
				6.5,
				-6.5
			],
			"scale": [
				-0.95,
				0.95,
				0.95
			]
		},
		"firstperson_righthand": {
			"translation": [
				-3.5,
				10.5,
				-2
			]
		},
		"firstperson_lefthand": {
			"translation": [
				-3.5,
				10.5,
				-2
			],
			"scale": [
				-1,
				1,
				1
			]
		},
		"gui": {
			"rotation": [
				19,
				-156,
				2
			],
			"translation": [
				1.25,
				5.5,
				0
			],
			"scale": [
				1.03,
				1.03,
				1.03
			]
		},
		"fixed": {
			"rotation": [
				-180,
				88.25,
				-180
			],
			"translation": [
				-2.5,
				6.75,
				-2
			],
			"scale": [
				0.97,
				0.97,
				0.97
			]
		},
		"ground": {
			"translation": [
				0,
				7.25,
				0
			]
		}
	}
}