{
	"credit": "Made with Blockbench",
	"texture_size": [
		32,
		32
	],
	"textures": {
		"1": "scguns_laf:item/new_scrap_cannon_texture",
		"particle": "scguns_laf:item/new_scrap_cannon_texture"
	},
	"elements": [
		{
			"from": [
				7.604,
				-0.32,
				12.47
			],
			"to": [
				8.414,
				1.39,
				15.35
			],
			"rotation": {
				"angle": 22.5,
				"axis": "x",
				"origin": [
					8,
					0.625,
					19.175
				]
			},
			"faces": {
				"north": {
					"uv": [
						2,
						9.5,
						2.5,
						10.25
					],
					"texture": "#1"
				},
				"east": {
					"uv": [
						5.5,
						6.5,
						7,
						7.25
					],
					"texture": "#1"
				},
				"south": {
					"uv": [
						9.5,
						2,
						10,
						2.75
					],
					"texture": "#1"
				},
				"west": {
					"uv": [
						0,
						7,
						1.5,
						7.75
					],
					"texture": "#1"
				},
				"up": {
					"uv": [
						2.5,
						9.5,
						2,
						8
					],
					"texture": "#1"
				},
				"down": {
					"uv": [
						4.5,
						8,
						4,
						9.5
					],
					"texture": "#1"
				}
			}
		},
		{
			"from": [
				7.604,
				-0.77,
				15.35
			],
			"to": [
				8.414,
				1.39,
				16.61
			],
			"rotation": {
				"angle": 22.5,
				"axis": "x",
				"origin": [
					8,
					0.625,
					19.175
				]
			},
			"faces": {
				"north": {
					"uv": [
						7.5,
						9,
						8,
						10
					],
					"texture": "#1"
				},
				"east": {
					"uv": [
						8,
						1,
						8.75,
						2
					],
					"texture": "#1"
				},
				"south": {
					"uv": [
						9,
						7.5,
						9.5,
						8.5
					],
					"texture": "#1"
				},
				"west": {
					"uv": [
						8,
						4,
						8.75,
						5
					],
					"texture": "#1"
				},
				"up": {
					"uv": [
						3,
						10.25,
						2.5,
						9.5
					],
					"texture": "#1"
				},
				"down": {
					"uv": [
						3.5,
						9.5,
						3,
						10.25
					],
					"texture": "#1"
				}
			}
		},
		{
			"from": [
				7.514,
				-0.59,
				12.65
			],
			"to": [
				8.504,
				1.3,
				16.34
			],
			"rotation": {
				"angle": 22.5,
				"axis": "x",
				"origin": [
					8,
					0.625,
					19.175
				]
			},
			"faces": {
				"north": {
					"uv": [
						9,
						8.5,
						9.5,
						9.5
					],
					"texture": "#1"
				},
				"east": {
					"uv": [
						3,
						3,
						4.75,
						4
					],
					"texture": "#1"
				},
				"south": {
					"uv": [
						9.5,
						0,
						10,
						1
					],
					"texture": "#1"
				},
				"west": {
					"uv": [
						3,
						4,
						4.75,
						5
					],
					"texture": "#1"
				},
				"up": {
					"uv": [
						4,
						9.25,
						3.5,
						7.5
					],
					"texture": "#1"
				},
				"down": {
					"uv": [
						2,
						8,
						1.5,
						9.75
					],
					"texture": "#1"
				}
			}
		},
		{
			"from": [
				7.244,
				3.2329,
				13.3271
			],
			"to": [
				8.756,
				4.1329,
				14.0471
			],
			"rotation": {
				"angle": 0,
				"axis": "y",
				"origin": [
					8,
					3.7729,
					11.5271
				]
			},
			"faces": {
				"north": {
					"uv": [
						6,
						4,
						6.75,
						4.5
					],
					"texture": "#1"
				},
				"east": {
					"uv": [
						10.5,
						11.5,
						10.75,
						12
					],
					"texture": "#1"
				},
				"south": {
					"uv": [
						9,
						4.5,
						9.75,
						5
					],
					"texture": "#1"
				},
				"west": {
					"uv": [
						11.5,
						11.5,
						11.75,
						12
					],
					"texture": "#1"
				},
				"up": {
					"uv": [
						11.75,
						3.25,
						11,
						3
					],
					"texture": "#1"
				},
				"down": {
					"uv": [
						11.75,
						4,
						11,
						4.25
					],
					"texture": "#1"
				}
			}
		},
		{
			"from": [
				7.424,
				-0.5,
				12.65
			],
			"to": [
				8.612,
				-0.23,
				15.71
			],
			"rotation": {
				"angle": 22.5,
				"axis": "x",
				"origin": [
					8,
					0.625,
					19.175
				]
			},
			"faces": {
				"north": {
					"uv": [
						0,
						12,
						0.5,
						12.25
					],
					"texture": "#1"
				},
				"east": {
					"uv": [
						3.5,
						9.5,
						5,
						9.75
					],
					"texture": "#1"
				},
				"south": {
					"uv": [
						12,
						0,
						12.5,
						0.25
					],
					"texture": "#1"
				},
				"west": {
					"uv": [
						9.5,
						5,
						11,
						5.25
					],
					"texture": "#1"
				},
				"up": {
					"uv": [
						5,
						9.5,
						4.5,
						8
					],
					"texture": "#1"
				},
				"down": {
					"uv": [
						8.5,
						5,
						8,
						6.5
					],
					"texture": "#1"
				}
			}
		},
		{
			"from": [
				7.226,
				-0.23,
				12.56
			],
			"to": [
				8.774,
				1.12,
				15.89
			],
			"rotation": {
				"angle": 22.5,
				"axis": "x",
				"origin": [
					8,
					0.625,
					19.175
				]
			},
			"faces": {
				"north": {
					"uv": [
						6.5,
						9,
						7.25,
						9.75
					],
					"texture": "#1"
				},
				"east": {
					"uv": [
						6,
						0,
						7.75,
						0.75
					],
					"texture": "#1"
				},
				"south": {
					"uv": [
						9,
						6.5,
						9.75,
						7.25
					],
					"texture": "#1"
				},
				"west": {
					"uv": [
						6,
						1,
						7.75,
						1.75
					],
					"texture": "#1"
				},
				"up": {
					"uv": [
						2.25,
						7.75,
						1.5,
						6
					],
					"texture": "#1"
				},
				"down": {
					"uv": [
						6.75,
						2,
						6,
						3.75
					],
					"texture": "#1"
				}
			}
		},
		{
			"from": [
				6.785,
				2.0629,
				9.2771
			],
			"to": [
				9.215,
				4.5829,
				12.5171
			],
			"rotation": {
				"angle": 0,
				"axis": "y",
				"origin": [
					8,
					3.7729,
					11.5271
				]
			},
			"faces": {
				"north": {
					"uv": [
						0,
						4.5,
						1.25,
						5.75
					],
					"texture": "#1"
				},
				"east": {
					"uv": [
						0,
						0,
						1.5,
						1.25
					],
					"texture": "#1"
				},
				"south": {
					"uv": [
						4.5,
						0,
						5.75,
						1.25
					],
					"texture": "#1"
				},
				"west": {
					"uv": [
						0,
						1.5,
						1.5,
						2.75
					],
					"texture": "#1"
				},
				"up": {
					"uv": [
						2.75,
						1.5,
						1.5,
						0
					],
					"texture": "#1"
				},
				"down": {
					"uv": [
						2.75,
						1.5,
						1.5,
						3
					],
					"texture": "#1"
				}
			}
		},
		{
			"from": [
				7.334,
				2.0629,
				12.5171
			],
			"to": [
				8.666,
				4.4029,
				13.4171
			],
			"rotation": {
				"angle": 0,
				"axis": "y",
				"origin": [
					8,
					3.7729,
					11.5271
				]
			},
			"faces": {
				"north": {
					"uv": [
						5,
						7.5,
						5.75,
						8.75
					],
					"texture": "#1"
				},
				"east": {
					"uv": [
						1,
						9,
						1.5,
						10.25
					],
					"texture": "#1"
				},
				"south": {
					"uv": [
						6,
						7.5,
						6.75,
						8.75
					],
					"texture": "#1"
				},
				"west": {
					"uv": [
						5,
						9,
						5.5,
						10.25
					],
					"texture": "#1"
				},
				"up": {
					"uv": [
						10.25,
						6,
						9.5,
						5.5
					],
					"texture": "#1"
				},
				"down": {
					"uv": [
						10.25,
						7.5,
						9.5,
						8
					],
					"texture": "#1"
				}
			}
		},
		{
			"from": [
				7.775,
				0.7129,
				10.8071
			],
			"to": [
				8.225,
				1.1629,
				12.2471
			],
			"rotation": {
				"angle": 0,
				"axis": "y",
				"origin": [
					8,
					3.6829,
					10.5371
				]
			},
			"faces": {
				"north": {
					"uv": [
						12,
						12,
						12.25,
						12.25
					],
					"texture": "#1"
				},
				"east": {
					"uv": [
						11.5,
						0.5,
						12.25,
						0.75
					],
					"texture": "#1"
				},
				"south": {
					"uv": [
						0,
						12.5,
						0.25,
						12.75
					],
					"texture": "#1"
				},
				"west": {
					"uv": [
						3,
						11.5,
						3.75,
						11.75
					],
					"texture": "#1"
				},
				"up": {
					"uv": [
						4.25,
						12.25,
						4,
						11.5
					],
					"texture": "#1"
				},
				"down": {
					"uv": [
						4.75,
						11.5,
						4.5,
						12.25
					],
					"texture": "#1"
				}
			}
		},
		{
			"from": [
				7.865,
				0.6229,
				10.8071
			],
			"to": [
				8.135,
				1.0729,
				12.3371
			],
			"rotation": {
				"angle": 0,
				"axis": "y",
				"origin": [
					8,
					3.6829,
					10.5371
				]
			},
			"faces": {
				"north": {
					"uv": [
						12.5,
						0,
						12.75,
						0.25
					],
					"texture": "#1"
				},
				"east": {
					"uv": [
						11.5,
						3.5,
						12.25,
						3.75
					],
					"texture": "#1"
				},
				"south": {
					"uv": [
						0.5,
						12.5,
						0.75,
						12.75
					],
					"texture": "#1"
				},
				"west": {
					"uv": [
						11.5,
						4.5,
						12.25,
						4.75
					],
					"texture": "#1"
				},
				"up": {
					"uv": [
						5.25,
						12.25,
						5,
						11.5
					],
					"texture": "#1"
				},
				"down": {
					"uv": [
						11.75,
						5,
						11.5,
						5.75
					],
					"texture": "#1"
				}
			}
		},
		{
			"from": [
				7.766,
				1.408,
				8.618
			],
			"to": [
				8.234,
				3.118,
				9.068
			],
			"rotation": {
				"angle": -45,
				"axis": "x",
				"origin": [
					8,
					3.6829,
					10.5371
				]
			},
			"faces": {
				"north": {
					"uv": [
						5.5,
						11.5,
						5.75,
						12.25
					],
					"texture": "#1"
				},
				"east": {
					"uv": [
						11.5,
						6,
						11.75,
						6.75
					],
					"texture": "#1"
				},
				"south": {
					"uv": [
						6.5,
						11.5,
						6.75,
						12.25
					],
					"texture": "#1"
				},
				"west": {
					"uv": [
						7,
						11.5,
						7.25,
						12.25
					],
					"texture": "#1"
				},
				"up": {
					"uv": [
						12.75,
						0.75,
						12.5,
						0.5
					],
					"texture": "#1"
				},
				"down": {
					"uv": [
						1.25,
						12.5,
						1,
						12.75
					],
					"texture": "#1"
				}
			}
		},
		{
			"from": [
				7.856,
				1.318,
				8.528
			],
			"to": [
				8.144,
				3.118,
				8.978
			],
			"rotation": {
				"angle": -45,
				"axis": "x",
				"origin": [
					8,
					3.6829,
					10.5371
				]
			},
			"faces": {
				"north": {
					"uv": [
						10.5,
						1,
						10.75,
						2
					],
					"texture": "#1"
				},
				"east": {
					"uv": [
						2,
						10.5,
						2.25,
						11.5
					],
					"texture": "#1"
				},
				"south": {
					"uv": [
						2.5,
						10.5,
						2.75,
						11.5
					],
					"texture": "#1"
				},
				"west": {
					"uv": [
						3,
						10.5,
						3.25,
						11.5
					],
					"texture": "#1"
				},
				"up": {
					"uv": [
						12.75,
						1.25,
						12.5,
						1
					],
					"texture": "#1"
				},
				"down": {
					"uv": [
						1.75,
						12.5,
						1.5,
						12.75
					],
					"texture": "#1"
				}
			}
		},
		{
			"from": [
				7.766,
				0.64636,
				12.10358
			],
			"to": [
				8.234,
				2.35636,
				12.55358
			],
			"rotation": {
				"angle": 22.5,
				"axis": "x",
				"origin": [
					8,
					1.50136,
					12.68858
				]
			},
			"faces": {
				"north": {
					"uv": [
						11.5,
						7,
						11.75,
						7.75
					],
					"texture": "#1"
				},
				"east": {
					"uv": [
						7.5,
						11.5,
						7.75,
						12.25
					],
					"texture": "#1"
				},
				"south": {
					"uv": [
						8,
						11.5,
						8.25,
						12.25
					],
					"texture": "#1"
				},
				"west": {
					"uv": [
						11.5,
						8,
						11.75,
						8.75
					],
					"texture": "#1"
				},
				"up": {
					"uv": [
						12.75,
						1.75,
						12.5,
						1.5
					],
					"texture": "#1"
				},
				"down": {
					"uv": [
						2.25,
						12.5,
						2,
						12.75
					],
					"texture": "#1"
				}
			}
		},
		{
			"from": [
				7.856,
				0.55636,
				12.28358
			],
			"to": [
				8.144,
				2.35636,
				12.73358
			],
			"rotation": {
				"angle": 22.5,
				"axis": "x",
				"origin": [
					8,
					1.50136,
					12.68858
				]
			},
			"faces": {
				"north": {
					"uv": [
						3.5,
						10.5,
						3.75,
						11.5
					],
					"texture": "#1"
				},
				"east": {
					"uv": [
						4,
						10.5,
						4.25,
						11.5
					],
					"texture": "#1"
				},
				"south": {
					"uv": [
						5,
						10.5,
						5.25,
						11.5
					],
					"texture": "#1"
				},
				"west": {
					"uv": [
						5.5,
						10.5,
						5.75,
						11.5
					],
					"texture": "#1"
				},
				"up": {
					"uv": [
						12.75,
						2.25,
						12.5,
						2
					],
					"texture": "#1"
				},
				"down": {
					"uv": [
						2.75,
						12.5,
						2.5,
						12.75
					],
					"texture": "#1"
				}
			}
		},
		{
			"from": [
				7.685,
				1.4329,
				11.5271
			],
			"to": [
				8.315,
				2.3329,
				11.7971
			],
			"rotation": {
				"angle": 0,
				"axis": "y",
				"origin": [
					8,
					3.7729,
					11.5271
				]
			},
			"faces": {
				"north": {
					"uv": [
						1,
						12,
						1.25,
						12.5
					],
					"texture": "#1"
				},
				"east": {
					"uv": [
						12,
						1,
						12.25,
						1.5
					],
					"texture": "#1"
				},
				"south": {
					"uv": [
						12,
						1.5,
						12.25,
						2
					],
					"texture": "#1"
				},
				"west": {
					"uv": [
						12,
						2,
						12.25,
						2.5
					],
					"texture": "#1"
				},
				"up": {
					"uv": [
						12.75,
						2.75,
						12.5,
						2.5
					],
					"texture": "#1"
				},
				"down": {
					"uv": [
						3.25,
						12.5,
						3,
						12.75
					],
					"texture": "#1"
				}
			}
		},
		{
			"from": [
				7.865,
				1.6129,
				11.7971
			],
			"to": [
				8.135,
				2.3329,
				12.3371
			],
			"rotation": {
				"angle": 0,
				"axis": "y",
				"origin": [
					8,
					3.7729,
					11.5271
				]
			},
			"faces": {
				"north": {
					"uv": [
						12.5,
						3,
						12.75,
						3.25
					],
					"texture": "#1"
				},
				"east": {
					"uv": [
						3.5,
						12.5,
						3.75,
						12.75
					],
					"texture": "#1"
				},
				"south": {
					"uv": [
						12.5,
						3.5,
						12.75,
						3.75
					],
					"texture": "#1"
				},
				"west": {
					"uv": [
						4,
						12.5,
						4.25,
						12.75
					],
					"texture": "#1"
				},
				"up": {
					"uv": [
						12.75,
						4.25,
						12.5,
						4
					],
					"texture": "#1"
				},
				"down": {
					"uv": [
						4.75,
						12.5,
						4.5,
						12.75
					],
					"texture": "#1"
				}
			}
		},
		{
			"from": [
				7.505,
				1.6129,
				8.3771
			],
			"to": [
				8.495,
				2.6029,
				9.9071
			],
			"rotation": {
				"angle": 0,
				"axis": "y",
				"origin": [
					8,
					1.4329,
					8.2871
				]
			},
			"faces": {
				"north": {
					"uv": [
						5,
						4.5,
						5.5,
						5
					],
					"texture": "#1"
				},
				"east": {
					"uv": [
						8,
						9.5,
						8.75,
						10
					],
					"texture": "#1"
				},
				"south": {
					"uv": [
						2.5,
						6,
						3,
						6.5
					],
					"texture": "#1"
				},
				"west": {
					"uv": [
						9.5,
						8,
						10.25,
						8.5
					],
					"texture": "#1"
				},
				"up": {
					"uv": [
						10,
						9.25,
						9.5,
						8.5
					],
					"texture": "#1"
				},
				"down": {
					"uv": [
						9.5,
						9.5,
						9,
						10.25
					],
					"texture": "#1"
				}
			}
		},
		{
			"from": [
				7.235,
				1.7929,
				8.1971
			],
			"to": [
				8.765,
				2.6929,
				8.5571
			],
			"rotation": {
				"angle": 0,
				"axis": "y",
				"origin": [
					8,
					1.4329,
					8.2871
				]
			},
			"faces": {
				"north": {
					"uv": [
						9.5,
						9.5,
						10.25,
						10
					],
					"texture": "#1"
				},
				"east": {
					"uv": [
						12,
						2.5,
						12.25,
						3
					],
					"texture": "#1"
				},
				"south": {
					"uv": [
						0,
						10,
						0.75,
						10.5
					],
					"texture": "#1"
				},
				"west": {
					"uv": [
						3,
						12,
						3.25,
						12.5
					],
					"texture": "#1"
				},
				"up": {
					"uv": [
						9.25,
						11.75,
						8.5,
						11.5
					],
					"texture": "#1"
				},
				"down": {
					"uv": [
						12.25,
						9,
						11.5,
						9.25
					],
					"texture": "#1"
				}
			}
		},
		{
			"from": [
				7.325,
				1.7029,
				8.1071
			],
			"to": [
				8.675,
				2.6929,
				8.6471
			],
			"rotation": {
				"angle": 0,
				"axis": "y",
				"origin": [
					8,
					1.4329,
					8.2871
				]
			},
			"faces": {
				"north": {
					"uv": [
						10,
						0,
						10.75,
						0.5
					],
					"texture": "#1"
				},
				"east": {
					"uv": [
						12,
						3,
						12.25,
						3.5
					],
					"texture": "#1"
				},
				"south": {
					"uv": [
						10,
						0.5,
						10.75,
						1
					],
					"texture": "#1"
				},
				"west": {
					"uv": [
						3.5,
						12,
						3.75,
						12.5
					],
					"texture": "#1"
				},
				"up": {
					"uv": [
						12.25,
						9.75,
						11.5,
						9.5
					],
					"texture": "#1"
				},
				"down": {
					"uv": [
						12.25,
						10,
						11.5,
						10.25
					],
					"texture": "#1"
				}
			}
		},
		{
			"from": [
				7.505,
				1.7929,
				7.2071
			],
			"to": [
				8.495,
				2.6029,
				8.3771
			],
			"rotation": {
				"angle": 0,
				"axis": "y",
				"origin": [
					8,
					1.4329,
					8.2871
				]
			},
			"faces": {
				"north": {
					"uv": [
						5,
						7,
						5.5,
						7.5
					],
					"texture": "#1"
				},
				"east": {
					"uv": [
						10.5,
						4,
						11,
						4.5
					],
					"texture": "#1"
				},
				"south": {
					"uv": [
						10.5,
						5.5,
						11,
						6
					],
					"texture": "#1"
				},
				"west": {
					"uv": [
						6,
						10.5,
						6.5,
						11
					],
					"texture": "#1"
				},
				"up": {
					"uv": [
						11,
						6.5,
						10.5,
						6
					],
					"texture": "#1"
				},
				"down": {
					"uv": [
						11,
						6.5,
						10.5,
						7
					],
					"texture": "#1"
				}
			}
		},
		{
			"from": [
				6.92,
				2.3329,
				5.4971
			],
			"to": [
				9.08,
				4.1329,
				6.9371
			],
			"rotation": {
				"angle": 0,
				"axis": "y",
				"origin": [
					8,
					1.4329,
					8.2871
				]
			},
			"faces": {
				"north": {
					"uv": [
						4,
						7,
						5,
						8
					],
					"texture": "#1"
				},
				"east": {
					"uv": [
						8,
						6.5,
						8.75,
						7.5
					],
					"texture": "#1"
				},
				"south": {
					"uv": [
						7,
						4,
						8,
						5
					],
					"texture": "#1"
				},
				"west": {
					"uv": [
						7,
						8,
						7.75,
						9
					],
					"texture": "#1"
				},
				"up": {
					"uv": [
						9,
						8.25,
						8,
						7.5
					],
					"texture": "#1"
				},
				"down": {
					"uv": [
						9.5,
						2,
						8.5,
						2.75
					],
					"texture": "#1"
				}
			}
		},
		{
			"from": [
				6.605,
				2.0629,
				8.4671
			],
			"to": [
				9.395,
				4.5829,
				9.2771
			],
			"rotation": {
				"angle": 0,
				"axis": "y",
				"origin": [
					8,
					3.7729,
					11.5271
				]
			},
			"faces": {
				"north": {
					"uv": [
						0,
						3,
						1.5,
						4.25
					],
					"texture": "#1"
				},
				"east": {
					"uv": [
						5.5,
						9,
						6,
						10.25
					],
					"texture": "#1"
				},
				"south": {
					"uv": [
						3,
						0,
						4.5,
						1.25
					],
					"texture": "#1"
				},
				"west": {
					"uv": [
						6,
						9,
						6.5,
						10.25
					],
					"texture": "#1"
				},
				"up": {
					"uv": [
						10,
						3.5,
						8.5,
						3
					],
					"texture": "#1"
				},
				"down": {
					"uv": [
						10,
						3.5,
						8.5,
						4
					],
					"texture": "#1"
				}
			}
		},
		{
			"from": [
				6.875,
				4.5829,
				9.2771
			],
			"to": [
				9.125,
				4.6729,
				12.4271
			],
			"rotation": {
				"angle": 0,
				"axis": "y",
				"origin": [
					8,
					3.7729,
					11.5271
				]
			},
			"faces": {
				"north": {
					"uv": [
						10,
						3.5,
						11.25,
						3.75
					],
					"texture": "#1"
				},
				"east": {
					"uv": [
						10,
						2,
						11.5,
						2.25
					],
					"texture": "#1"
				},
				"south": {
					"uv": [
						10,
						4.5,
						11.25,
						4.75
					],
					"texture": "#1"
				},
				"west": {
					"uv": [
						10,
						2.5,
						11.5,
						2.75
					],
					"texture": "#1"
				},
				"up": {
					"uv": [
						2.75,
						4.5,
						1.5,
						3
					],
					"texture": "#1"
				},
				"down": {
					"uv": [
						4.25,
						1.5,
						3,
						3
					],
					"texture": "#1"
				}
			}
		},
		{
			"from": [
				6.83,
				2.2429,
				6.0371
			],
			"to": [
				9.17,
				4.6729,
				6.4871
			],
			"rotation": {
				"angle": 0,
				"axis": "y",
				"origin": [
					8,
					3.7729,
					11.5271
				]
			},
			"faces": {
				"north": {
					"uv": [
						1.5,
						4.5,
						2.75,
						5.75
					],
					"texture": "#1"
				},
				"east": {
					"uv": [
						7,
						10,
						7.25,
						11.25
					],
					"texture": "#1"
				},
				"south": {
					"uv": [
						4.5,
						1.5,
						5.75,
						2.75
					],
					"texture": "#1"
				},
				"west": {
					"uv": [
						7.5,
						10,
						7.75,
						11.25
					],
					"texture": "#1"
				},
				"up": {
					"uv": [
						11.25,
						8.75,
						10,
						8.5
					],
					"texture": "#1"
				},
				"down": {
					"uv": [
						11.25,
						9,
						10,
						9.25
					],
					"texture": "#1"
				}
			}
		},
		{
			"from": [
				7.1,
				3.1429,
				4.6871
			],
			"to": [
				8.9,
				4.5829,
				7.6571
			],
			"rotation": {
				"angle": 0,
				"axis": "y",
				"origin": [
					8,
					3.7729,
					11.5271
				]
			},
			"faces": {
				"north": {
					"uv": [
						2.5,
						8.5,
						3.5,
						9.25
					],
					"texture": "#1"
				},
				"east": {
					"uv": [
						7,
						2,
						8.5,
						2.75
					],
					"texture": "#1"
				},
				"south": {
					"uv": [
						8.5,
						5,
						9.5,
						5.75
					],
					"texture": "#1"
				},
				"west": {
					"uv": [
						7,
						3,
						8.5,
						3.75
					],
					"texture": "#1"
				},
				"up": {
					"uv": [
						4,
						6.5,
						3,
						5
					],
					"texture": "#1"
				},
				"down": {
					"uv": [
						6,
						3,
						5,
						4.5
					],
					"texture": "#1"
				}
			}
		},
		{
			"from": [
				7.28,
				4.5829,
				6.4871
			],
			"to": [
				8.72,
				4.8529,
				7.6571
			],
			"rotation": {
				"angle": 0,
				"axis": "y",
				"origin": [
					8,
					3.7729,
					11.5271
				]
			},
			"faces": {
				"north": {
					"uv": [
						11.5,
						10.5,
						12.25,
						10.75
					],
					"texture": "#1"
				},
				"east": {
					"uv": [
						12,
						4,
						12.5,
						4.25
					],
					"texture": "#1"
				},
				"south": {
					"uv": [
						11.5,
						11,
						12.25,
						11.25
					],
					"texture": "#1"
				},
				"west": {
					"uv": [
						12,
						5,
						12.5,
						5.25
					],
					"texture": "#1"
				},
				"up": {
					"uv": [
						10.75,
						3.5,
						10,
						3
					],
					"texture": "#1"
				},
				"down": {
					"uv": [
						4.25,
						10,
						3.5,
						10.5
					],
					"texture": "#1"
				}
			}
		},
		{
			"from": [
				7.91,
				4.4929,
				4.6871
			],
			"to": [
				8.09,
				5.2129,
				5.0471
			],
			"rotation": {
				"angle": 0,
				"axis": "y",
				"origin": [
					8,
					3.7729,
					11.5271
				]
			},
			"faces": {
				"north": {
					"uv": [
						12.5,
						4.5,
						12.75,
						4.75
					],
					"texture": "#1"
				},
				"east": {
					"uv": [
						5,
						12.5,
						5.25,
						12.75
					],
					"texture": "#1"
				},
				"south": {
					"uv": [
						12.5,
						5,
						12.75,
						5.25
					],
					"texture": "#1"
				},
				"west": {
					"uv": [
						5.5,
						12.5,
						5.75,
						12.75
					],
					"texture": "#1"
				},
				"up": {
					"uv": [
						12.75,
						5.75,
						12.5,
						5.5
					],
					"texture": "#1"
				},
				"down": {
					"uv": [
						6.25,
						12.5,
						6,
						12.75
					],
					"texture": "#1"
				}
			}
		},
		{
			"from": [
				6.83,
				4.1329,
				7.6571
			],
			"to": [
				9.26,
				4.6729,
				8.4671
			],
			"rotation": {
				"angle": 0,
				"axis": "y",
				"origin": [
					8,
					3.7729,
					11.5271
				]
			},
			"faces": {
				"north": {
					"uv": [
						9.5,
						10,
						10.75,
						10.25
					],
					"texture": "#1"
				},
				"east": {
					"uv": [
						12,
						5.5,
						12.5,
						5.75
					],
					"texture": "#1"
				},
				"south": {
					"uv": [
						0,
						10.5,
						1.25,
						10.75
					],
					"texture": "#1"
				},
				"west": {
					"uv": [
						6,
						12,
						6.5,
						12.25
					],
					"texture": "#1"
				},
				"up": {
					"uv": [
						9.75,
						6.5,
						8.5,
						6
					],
					"texture": "#1"
				},
				"down": {
					"uv": [
						10.25,
						1,
						9,
						1.5
					],
					"texture": "#1"
				}
			}
		},
		{
			"from": [
				7.01,
				2.9629,
				4.2371
			],
			"to": [
				8.99,
				4.7629,
				4.6871
			],
			"rotation": {
				"angle": 0,
				"axis": "y",
				"origin": [
					8,
					3.7729,
					11.5271
				]
			},
			"faces": {
				"north": {
					"uv": [
						7,
						5,
						8,
						6
					],
					"texture": "#1"
				},
				"east": {
					"uv": [
						10.5,
						7,
						10.75,
						8
					],
					"texture": "#1"
				},
				"south": {
					"uv": [
						7,
						6,
						8,
						7
					],
					"texture": "#1"
				},
				"west": {
					"uv": [
						9,
						10.5,
						9.25,
						11.5
					],
					"texture": "#1"
				},
				"up": {
					"uv": [
						11.5,
						8.25,
						10.5,
						8
					],
					"texture": "#1"
				},
				"down": {
					"uv": [
						10.5,
						10.5,
						9.5,
						10.75
					],
					"texture": "#1"
				}
			}
		},
		{
			"from": [
				6.92,
				2.7829,
				3.7871
			],
			"to": [
				9.08,
				4.9429,
				4.2371
			],
			"rotation": {
				"angle": 0,
				"axis": "y",
				"origin": [
					8,
					3.7729,
					11.5271
				]
			},
			"faces": {
				"north": {
					"uv": [
						7,
						7,
						8,
						8
					],
					"texture": "#1"
				},
				"east": {
					"uv": [
						10.5,
						10.5,
						10.75,
						11.5
					],
					"texture": "#1"
				},
				"south": {
					"uv": [
						2.5,
						7.5,
						3.5,
						8.5
					],
					"texture": "#1"
				},
				"west": {
					"uv": [
						0,
						11,
						0.25,
						12
					],
					"texture": "#1"
				},
				"up": {
					"uv": [
						11.5,
						9.75,
						10.5,
						9.5
					],
					"texture": "#1"
				},
				"down": {
					"uv": [
						12,
						0,
						11,
						0.25
					],
					"texture": "#1"
				}
			}
		},
		{
			"from": [
				6.83,
				2.0629,
				6.9371
			],
			"to": [
				9.26,
				4.1329,
				8.4671
			],
			"rotation": {
				"angle": 0,
				"axis": "y",
				"origin": [
					8,
					1.4329,
					8.2871
				]
			},
			"faces": {
				"north": {
					"uv": [
						4,
						6,
						5.25,
						7
					],
					"texture": "#1"
				},
				"east": {
					"uv": [
						8,
						8.5,
						8.75,
						9.5
					],
					"texture": "#1"
				},
				"south": {
					"uv": [
						2.5,
						6.5,
						3.75,
						7.5
					],
					"texture": "#1"
				},
				"west": {
					"uv": [
						0,
						9,
						0.75,
						10
					],
					"texture": "#1"
				},
				"up": {
					"uv": [
						1.25,
						8.75,
						0,
						8
					],
					"texture": "#1"
				},
				"down": {
					"uv": [
						9.25,
						0,
						8,
						0.75
					],
					"texture": "#1"
				}
			}
		},
		{
			"from": [
				9.485,
				2.4229,
				9.8171
			],
			"to": [
				9.755,
				3.5929,
				12.2471
			],
			"rotation": {
				"angle": 0,
				"axis": "y",
				"origin": [
					8.54,
					3.7729,
					11.5271
				]
			},
			"faces": {
				"north": {
					"uv": [
						12,
						6,
						12.25,
						6.5
					],
					"texture": "#1"
				},
				"east": {
					"uv": [
						9,
						1.5,
						10.25,
						2
					],
					"texture": "#1"
				},
				"south": {
					"uv": [
						12,
						6.5,
						12.25,
						7
					],
					"texture": "#1"
				},
				"west": {
					"uv": [
						9,
						4,
						10.25,
						4.5
					],
					"texture": "#1"
				},
				"up": {
					"uv": [
						8.25,
						11.25,
						8,
						10
					],
					"texture": "#1"
				},
				"down": {
					"uv": [
						8.75,
						10,
						8.5,
						11.25
					],
					"texture": "#1"
				}
			}
		},
		{
			"from": [
				9.485,
				3.2329,
				11.5271
			],
			"to": [
				9.845,
				4.0429,
				12.3371
			],
			"rotation": {
				"angle": 0,
				"axis": "y",
				"origin": [
					8.54,
					3.7729,
					11.5271
				]
			},
			"faces": {
				"north": {
					"uv": [
						12,
						7,
						12.25,
						7.5
					],
					"texture": "#1"
				},
				"east": {
					"uv": [
						0.5,
						11,
						1,
						11.5
					],
					"texture": "#1"
				},
				"south": {
					"uv": [
						12,
						7.5,
						12.25,
						8
					],
					"texture": "#1"
				},
				"west": {
					"uv": [
						11,
						0.5,
						11.5,
						1
					],
					"texture": "#1"
				},
				"up": {
					"uv": [
						12.25,
						8.5,
						12,
						8
					],
					"texture": "#1"
				},
				"down": {
					"uv": [
						8.75,
						12,
						8.5,
						12.5
					],
					"texture": "#1"
				}
			}
		},
		{
			"from": [
				9.485,
				3.5929,
				9.7271
			],
			"to": [
				9.845,
				4.0429,
				11.5271
			],
			"rotation": {
				"angle": 0,
				"axis": "y",
				"origin": [
					8.54,
					3.7729,
					11.5271
				]
			},
			"faces": {
				"north": {
					"uv": [
						12.5,
						6,
						12.75,
						6.25
					],
					"texture": "#1"
				},
				"east": {
					"uv": [
						11,
						1,
						12,
						1.25
					],
					"texture": "#1"
				},
				"south": {
					"uv": [
						6.5,
						12.5,
						6.75,
						12.75
					],
					"texture": "#1"
				},
				"west": {
					"uv": [
						11,
						1.5,
						12,
						1.75
					],
					"texture": "#1"
				},
				"up": {
					"uv": [
						1.25,
						12,
						1,
						11
					],
					"texture": "#1"
				},
				"down": {
					"uv": [
						11.25,
						5,
						11,
						6
					],
					"texture": "#1"
				}
			}
		},
		{
			"from": [
				9.485,
				3.5929,
				11.7071
			],
			"to": [
				9.755,
				5.3929,
				12.2471
			],
			"rotation": {
				"angle": 22.5,
				"axis": "x",
				"origin": [
					8.54,
					3.7729,
					11.5271
				]
			},
			"faces": {
				"north": {
					"uv": [
						6,
						11,
						6.25,
						12
					],
					"texture": "#1"
				},
				"east": {
					"uv": [
						11,
						6,
						11.25,
						7
					],
					"texture": "#1"
				},
				"south": {
					"uv": [
						11,
						7,
						11.25,
						8
					],
					"texture": "#1"
				},
				"west": {
					"uv": [
						9.5,
						11,
						9.75,
						12
					],
					"texture": "#1"
				},
				"up": {
					"uv": [
						12.75,
						6.75,
						12.5,
						6.5
					],
					"texture": "#1"
				},
				"down": {
					"uv": [
						7.25,
						12.5,
						7,
						12.75
					],
					"texture": "#1"
				}
			}
		},
		{
			"from": [
				9.485,
				5.3929,
				11.6171
			],
			"to": [
				9.755,
				5.6629,
				12.6971
			],
			"rotation": {
				"angle": 22.5,
				"axis": "x",
				"origin": [
					8.54,
					3.7729,
					11.5271
				]
			},
			"faces": {
				"north": {
					"uv": [
						12.5,
						7,
						12.75,
						7.25
					],
					"texture": "#1"
				},
				"east": {
					"uv": [
						12,
						8.5,
						12.5,
						8.75
					],
					"texture": "#1"
				},
				"south": {
					"uv": [
						7.5,
						12.5,
						7.75,
						12.75
					],
					"texture": "#1"
				},
				"west": {
					"uv": [
						9,
						12,
						9.5,
						12.25
					],
					"texture": "#1"
				},
				"up": {
					"uv": [
						9.75,
						12.5,
						9.5,
						12
					],
					"texture": "#1"
				},
				"down": {
					"uv": [
						10.25,
						12,
						10,
						12.5
					],
					"texture": "#1"
				}
			}
		},
		{
			"from": [
				9.125,
				5.3929,
				11.6171
			],
			"to": [
				9.485,
				5.5729,
				12.6971
			],
			"rotation": {
				"angle": 22.5,
				"axis": "x",
				"origin": [
					8.54,
					3.7729,
					11.5271
				]
			},
			"faces": {
				"north": {
					"uv": [
						12.5,
						7.5,
						12.75,
						7.75
					],
					"texture": "#1"
				},
				"east": {
					"uv": [
						10.5,
						12,
						11,
						12.25
					],
					"texture": "#1"
				},
				"south": {
					"uv": [
						8,
						12.5,
						8.25,
						12.75
					],
					"texture": "#1"
				},
				"west": {
					"uv": [
						11,
						12,
						11.5,
						12.25
					],
					"texture": "#1"
				},
				"up": {
					"uv": [
						11.75,
						12.5,
						11.5,
						12
					],
					"texture": "#1"
				},
				"down": {
					"uv": [
						12.25,
						11.5,
						12,
						12
					],
					"texture": "#1"
				}
			}
		},
		{
			"from": [
				9.305,
				3.5929,
				11.7971
			],
			"to": [
				9.575,
				5.3929,
				12.1571
			],
			"rotation": {
				"angle": 22.5,
				"axis": "x",
				"origin": [
					8.54,
					3.7729,
					11.5271
				]
			},
			"faces": {
				"north": {
					"uv": [
						10,
						11,
						10.25,
						12
					],
					"texture": "#1"
				},
				"east": {
					"uv": [
						11,
						10,
						11.25,
						11
					],
					"texture": "#1"
				},
				"south": {
					"uv": [
						11,
						11,
						11.25,
						12
					],
					"texture": "#1"
				},
				"west": {
					"uv": [
						0.5,
						11.5,
						0.75,
						12.5
					],
					"texture": "#1"
				},
				"up": {
					"uv": [
						12.75,
						8.25,
						12.5,
						8
					],
					"texture": "#1"
				},
				"down": {
					"uv": [
						8.75,
						12.5,
						8.5,
						12.75
					],
					"texture": "#1"
				}
			}
		},
		{
			"from": [
				9.215,
				2.3329,
				9.5471
			],
			"to": [
				9.485,
				4.3129,
				12.4271
			],
			"rotation": {
				"angle": 0,
				"axis": "y",
				"origin": [
					8.54,
					3.7729,
					11.5271
				]
			},
			"faces": {
				"north": {
					"uv": [
						1.5,
						11.5,
						1.75,
						12.5
					],
					"texture": "#1"
				},
				"east": {
					"uv": [
						4,
						5,
						5.5,
						6
					],
					"texture": "#1"
				},
				"south": {
					"uv": [
						2,
						11.5,
						2.25,
						12.5
					],
					"texture": "#1"
				},
				"west": {
					"uv": [
						5.5,
						4.5,
						7,
						5.5
					],
					"texture": "#1"
				},
				"up": {
					"uv": [
						1.75,
						11.5,
						1.5,
						10
					],
					"texture": "#1"
				},
				"down": {
					"uv": [
						4.75,
						10,
						4.5,
						11.5
					],
					"texture": "#1"
				}
			}
		},
		{
			"from": [
				6.515,
				2.3329,
				9.5471
			],
			"to": [
				6.785,
				4.3129,
				12.4271
			],
			"rotation": {
				"angle": 0,
				"axis": "y",
				"origin": [
					5.84,
					3.7729,
					11.5271
				]
			},
			"faces": {
				"north": {
					"uv": [
						11.5,
						2,
						11.75,
						3
					],
					"texture": "#1"
				},
				"east": {
					"uv": [
						5.5,
						5.5,
						7,
						6.5
					],
					"texture": "#1"
				},
				"south": {
					"uv": [
						2.5,
						11.5,
						2.75,
						12.5
					],
					"texture": "#1"
				},
				"west": {
					"uv": [
						0,
						6,
						1.5,
						7
					],
					"texture": "#1"
				},
				"up": {
					"uv": [
						10.25,
						7.5,
						10,
						6
					],
					"texture": "#1"
				},
				"down": {
					"uv": [
						6.75,
						10,
						6.5,
						11.5
					],
					"texture": "#1"
				}
			}
		}
	],
	"groups": [
		0,
		1,
		2,
		3,
		4,
		5,
		6,
		7,
		8,
		9,
		10,
		11,
		12,
		13,
		14,
		15,
		16,
		17,
		18,
		19,
		20,
		21,
		22,
		23,
		24,
		25,
		26,
		27,
		28,
		29,
		30,
		{
			"name": "group",
			"origin": [
				11,
				4.74767,
				11.25233
			],
			"color": 0,
			"children": [
				31,
				32,
				33,
				34,
				35,
				36,
				37,
				38,
				39
			]
		}
	],
	"display": {
		"thirdperson_righthand": {
			"translation": [
				0,
				5.5,
				-3.75
			]
		},
		"thirdperson_lefthand": {
			"translation": [
				0,
				5.5,
				-3.75
			],
			"scale": [
				-1,
				1,
				1
			]
		},
		"firstperson_righthand": {
			"translation": [
				-3.5,
				10.5,
				-2
			],
			"scale": [
				1.31,
				1.31,
				1.31
			]
		},
		"firstperson_lefthand": {
			"translation": [
				-3.5,
				10.5,
				-2
			],
			"scale": [
				-1.31,
				1.31,
				1.31
			]
		},
		"ground": {
			"translation": [
				0,
				6.75,
				0
			]
		},
		"gui": {
			"rotation": [
				-166.64,
				-24.46,
				-177.78
			],
			"translation": [
				1.25,
				6,
				-1
			],
			"scale": [
				1.44,
				1.44,
				1.44
			]
		},
		"fixed": {
			"rotation": [
				0,
				89.25,
				0
			],
			"translation": [
				-1.75,
				4,
				-1
			]
		}
	}
}