{
	"credit": "Made with Blockbench",
	"texture_size": [
		32,
		32
	],
	"textures": {
		"1": "scguns_laf:item/new_scrap_pistol_texture",
		"particle": "scguns_laf:item/new_scrap_pistol_texture"
	},
	"elements": [
		{
			"from": [
				7.3,
				-0.35,
				15
			],
			"to": [
				8.7,
				3.05,
				16.5
			],
			"rotation": {
				"angle": -22.5,
				"axis": "x",
				"origin": [
					8,
					0.9,
					15.75
				]
			},
			"faces": {
				"north": {
					"uv": [
						0,
						5.5,
						0.75,
						7.25
					],
					"texture": "#1"
				},
				"east": {
					"uv": [
						1,
						5.5,
						1.75,
						7.25
					],
					"texture": "#1"
				},
				"south": {
					"uv": [
						6,
						2,
						6.75,
						3.75
					],
					"texture": "#1"
				},
				"west": {
					"uv": [
						4,
						6,
						4.75,
						7.75
					],
					"texture": "#1"
				},
				"up": {
					"uv": [
						8.75,
						0.75,
						8,
						0
					],
					"texture": "#1"
				},
				"down": {
					"uv": [
						2.75,
						8,
						2,
						8.75
					],
					"texture": "#1",
					"cullface": "down"
				}
			}
		},
		{
			"from": [
				6.95,
				2.4,
				9.3
			],
			"to": [
				9.05,
				4.4,
				16.05
			],
			"rotation": {
				"angle": 0,
				"axis": "y",
				"origin": [
					0,
					-0.4,
					-0.45
				]
			},
			"faces": {
				"north": {
					"uv": [
						7,
						3,
						8,
						4
					],
					"texture": "#1"
				},
				"east": {
					"uv": [
						0,
						0,
						3.5,
						1
					],
					"texture": "#1"
				},
				"south": {
					"uv": [
						5,
						7,
						6,
						8
					],
					"texture": "#1",
					"cullface": "south"
				},
				"west": {
					"uv": [
						0,
						1,
						3.5,
						2
					],
					"texture": "#1"
				},
				"up": {
					"uv": [
						1,
						5.5,
						0,
						2
					],
					"texture": "#1"
				},
				"down": {
					"uv": [
						2,
						2,
						1,
						5.5
					],
					"texture": "#1"
				}
			}
		},
		{
			"from": [
				7.2,
				2.65,
				16.05
			],
			"to": [
				8.8,
				4.15,
				16.55
			],
			"rotation": {
				"angle": 0,
				"axis": "y",
				"origin": [
					0,
					-0.4,
					-0.45
				]
			},
			"faces": {
				"north": {
					"uv": [
						3,
						8,
						3.75,
						8.75
					],
					"texture": "#1"
				},
				"east": {
					"uv": [
						1.5,
						9,
						1.75,
						9.75
					],
					"texture": "#1"
				},
				"south": {
					"uv": [
						8,
						3,
						8.75,
						3.75
					],
					"texture": "#1",
					"cullface": "south"
				},
				"west": {
					"uv": [
						2,
						9,
						2.25,
						9.75
					],
					"texture": "#1"
				},
				"up": {
					"uv": [
						9.75,
						0.75,
						9,
						0.5
					],
					"texture": "#1"
				},
				"down": {
					"uv": [
						9.75,
						2,
						9,
						2.25
					],
					"texture": "#1"
				}
			}
		},
		{
			"from": [
				7.65,
				3.75,
				14.25
			],
			"to": [
				7.9,
				5.2,
				14.75
			],
			"rotation": {
				"angle": 0,
				"axis": "y",
				"origin": [
					0,
					-0.4,
					-0.45
				]
			},
			"faces": {
				"north": {
					"uv": [
						2.5,
						9,
						2.75,
						9.75
					],
					"texture": "#1"
				},
				"east": {
					"uv": [
						9,
						2.5,
						9.25,
						3.25
					],
					"texture": "#1"
				},
				"south": {
					"uv": [
						3,
						9,
						3.25,
						9.75
					],
					"texture": "#1",
					"cullface": "south"
				},
				"west": {
					"uv": [
						3.5,
						9,
						3.75,
						9.75
					],
					"texture": "#1"
				},
				"up": {
					"uv": [
						9.25,
						8.25,
						9,
						8
					],
					"texture": "#1"
				},
				"down": {
					"uv": [
						9.25,
						8.5,
						9,
						8.75
					],
					"texture": "#1"
				}
			}
		},
		{
			"from": [
				8.1,
				3.75,
				14.25
			],
			"to": [
				8.35,
				5.2,
				14.75
			],
			"rotation": {
				"angle": 0,
				"axis": "y",
				"origin": [
					0,
					-0.4,
					-0.45
				]
			},
			"faces": {
				"north": {
					"uv": [
						9,
						3.5,
						9.25,
						4.25
					],
					"texture": "#1"
				},
				"east": {
					"uv": [
						4,
						9,
						4.25,
						9.75
					],
					"texture": "#1"
				},
				"south": {
					"uv": [
						4.5,
						9,
						4.75,
						9.75
					],
					"texture": "#1",
					"cullface": "south"
				},
				"west": {
					"uv": [
						9,
						4.5,
						9.25,
						5.25
					],
					"texture": "#1"
				},
				"up": {
					"uv": [
						9.25,
						9.25,
						9,
						9
					],
					"texture": "#1"
				},
				"down": {
					"uv": [
						0.25,
						9.5,
						0,
						9.75
					],
					"texture": "#1"
				}
			}
		},
		{
			"from": [
				3.8,
				3.65,
				11.25
			],
			"to": [
				8.15,
				4.4,
				13.25
			],
			"rotation": {
				"angle": 0,
				"axis": "y",
				"origin": [
					0,
					-0.4,
					-0.45
				]
			},
			"faces": {
				"north": {
					"uv": [
						6,
						5,
						8.25,
						5.5
					],
					"texture": "#1"
				},
				"east": {
					"uv": [
						8,
						7.5,
						9,
						8
					],
					"texture": "#1"
				},
				"south": {
					"uv": [
						6,
						5.5,
						8.25,
						6
					],
					"texture": "#1",
					"cullface": "south"
				},
				"west": {
					"uv": [
						8,
						8,
						9,
						8.5
					],
					"texture": "#1"
				},
				"up": {
					"uv": [
						5.75,
						3,
						3.5,
						2
					],
					"texture": "#1"
				},
				"down": {
					"uv": [
						5.75,
						3,
						3.5,
						4
					],
					"texture": "#1"
				}
			}
		},
		{
			"from": [
				7.2,
				3.4,
				9.7
			],
			"to": [
				8.8,
				4.9,
				15.3
			],
			"rotation": {
				"angle": 0,
				"axis": "y",
				"origin": [
					0,
					-0.4,
					-0.45
				]
			},
			"faces": {
				"north": {
					"uv": [
						4,
						8,
						4.75,
						8.75
					],
					"texture": "#1"
				},
				"east": {
					"uv": [
						2,
						4,
						4.75,
						4.75
					],
					"texture": "#1"
				},
				"south": {
					"uv": [
						8,
						4,
						8.75,
						4.75
					],
					"texture": "#1",
					"cullface": "south"
				},
				"west": {
					"uv": [
						5,
						0,
						7.75,
						0.75
					],
					"texture": "#1"
				},
				"up": {
					"uv": [
						2.75,
						7.75,
						2,
						5
					],
					"texture": "#1"
				},
				"down": {
					"uv": [
						3.75,
						5,
						3,
						7.75
					],
					"texture": "#1"
				}
			}
		},
		{
			"from": [
				7.45,
				3.65,
				7.75
			],
			"to": [
				8.55,
				4.65,
				10.9
			],
			"rotation": {
				"angle": 0,
				"axis": "y",
				"origin": [
					0,
					-0.4,
					-0.45
				]
			},
			"faces": {
				"north": {
					"uv": [
						8.5,
						7,
						9,
						7.5
					],
					"texture": "#1"
				},
				"east": {
					"uv": [
						7,
						7,
						8.5,
						7.5
					],
					"texture": "#1"
				},
				"south": {
					"uv": [
						9,
						0,
						9.5,
						0.5
					],
					"texture": "#1",
					"cullface": "south"
				},
				"west": {
					"uv": [
						0,
						7.5,
						1.5,
						8
					],
					"texture": "#1"
				},
				"up": {
					"uv": [
						2,
						9,
						1.5,
						7.5
					],
					"texture": "#1"
				},
				"down": {
					"uv": [
						7.5,
						7.5,
						7,
						9
					],
					"texture": "#1"
				}
			}
		},
		{
			"from": [
				7.2,
				3.4,
				7.65
			],
			"to": [
				8.8,
				4.9,
				8.15
			],
			"rotation": {
				"angle": 0,
				"axis": "y",
				"origin": [
					0,
					-0.4,
					-0.45
				]
			},
			"faces": {
				"north": {
					"uv": [
						5,
						8,
						5.75,
						8.75
					],
					"texture": "#1"
				},
				"east": {
					"uv": [
						5,
						9,
						5.25,
						9.75
					],
					"texture": "#1"
				},
				"south": {
					"uv": [
						8,
						6,
						8.75,
						6.75
					],
					"texture": "#1",
					"cullface": "south"
				},
				"west": {
					"uv": [
						5.5,
						9,
						5.75,
						9.75
					],
					"texture": "#1"
				},
				"up": {
					"uv": [
						9.75,
						5.75,
						9,
						5.5
					],
					"texture": "#1"
				},
				"down": {
					"uv": [
						6.75,
						9,
						6,
						9.25
					],
					"texture": "#1"
				}
			}
		},
		{
			"from": [
				6.45,
				3.4,
				10.75
			],
			"to": [
				7.3,
				4.65,
				13.75
			],
			"rotation": {
				"angle": 0,
				"axis": "y",
				"origin": [
					0,
					-0.4,
					-0.45
				]
			},
			"faces": {
				"north": {
					"uv": [
						8.5,
						2,
						9,
						2.75
					],
					"texture": "#1"
				},
				"east": {
					"uv": [
						6.5,
						4,
						8,
						4.75
					],
					"texture": "#1"
				},
				"south": {
					"uv": [
						8.5,
						5,
						9,
						5.75
					],
					"texture": "#1",
					"cullface": "south"
				},
				"west": {
					"uv": [
						6.5,
						6,
						8,
						6.75
					],
					"texture": "#1"
				},
				"up": {
					"uv": [
						8,
						9,
						7.5,
						7.5
					],
					"texture": "#1"
				},
				"down": {
					"uv": [
						0.5,
						8,
						0,
						9.5
					],
					"texture": "#1"
				}
			}
		},
		{
			"from": [
				8.7,
				3.4,
				10.75
			],
			"to": [
				9.55,
				4.65,
				13.75
			],
			"rotation": {
				"angle": 0,
				"axis": "y",
				"origin": [
					0,
					-0.4,
					-0.45
				]
			},
			"faces": {
				"north": {
					"uv": [
						8,
						8.5,
						8.5,
						9.25
					],
					"texture": "#1"
				},
				"east": {
					"uv": [
						7,
						1,
						8.5,
						1.75
					],
					"texture": "#1"
				},
				"south": {
					"uv": [
						8.5,
						8.5,
						9,
						9.25
					],
					"texture": "#1",
					"cullface": "south"
				},
				"west": {
					"uv": [
						7,
						2,
						8.5,
						2.75
					],
					"texture": "#1"
				},
				"up": {
					"uv": [
						1,
						9.5,
						0.5,
						8
					],
					"texture": "#1"
				},
				"down": {
					"uv": [
						1.5,
						8,
						1,
						9.5
					],
					"texture": "#1"
				}
			}
		},
		{
			"from": [
				7.925,
				4.9,
				7.7
			],
			"to": [
				8.075,
				5.05,
				8.1
			],
			"rotation": {
				"angle": 0,
				"axis": "y",
				"origin": [
					0,
					-0.4,
					-0.95
				]
			},
			"faces": {
				"north": {
					"uv": [
						9.5,
						0,
						9.75,
						0.25
					],
					"texture": "#1"
				},
				"east": {
					"uv": [
						0.5,
						9.5,
						0.75,
						9.75
					],
					"texture": "#1"
				},
				"south": {
					"uv": [
						1,
						9.5,
						1.25,
						9.75
					],
					"texture": "#1"
				},
				"west": {
					"uv": [
						9.5,
						2.5,
						9.75,
						2.75
					],
					"texture": "#1"
				},
				"up": {
					"uv": [
						9.75,
						3.25,
						9.5,
						3
					],
					"texture": "#1"
				},
				"down": {
					"uv": [
						9.75,
						3.5,
						9.5,
						3.75
					],
					"texture": "#1"
				}
			}
		},
		{
			"from": [
				6.7,
				1.4,
				9.75
			],
			"to": [
				9.3,
				3.4,
				13.75
			],
			"rotation": {
				"angle": 0,
				"axis": "y",
				"origin": [
					0,
					-0.4,
					-1.2
				]
			},
			"faces": {
				"north": {
					"uv": [
						5,
						4,
						6.25,
						5
					],
					"texture": "#1"
				},
				"east": {
					"uv": [
						5,
						1,
						7,
						2
					],
					"texture": "#1"
				},
				"south": {
					"uv": [
						5,
						6,
						6.25,
						7
					],
					"texture": "#1"
				},
				"west": {
					"uv": [
						4,
						5,
						6,
						6
					],
					"texture": "#1"
				},
				"up": {
					"uv": [
						3.25,
						4,
						2,
						2
					],
					"texture": "#1"
				},
				"down": {
					"uv": [
						4.75,
						0,
						3.5,
						2
					],
					"texture": "#1"
				}
			}
		},
		{
			"from": [
				7.5,
				1.5,
				11.05
			],
			"to": [
				8.5,
				1.9,
				15.05
			],
			"rotation": {
				"angle": 0,
				"axis": "y",
				"origin": [
					0,
					-0.4,
					-1.2
				]
			},
			"faces": {
				"north": {
					"uv": [
						9,
						6,
						9.5,
						6.25
					],
					"texture": "#1"
				},
				"east": {
					"uv": [
						8.5,
						1,
						10.5,
						1.25
					],
					"texture": "#1"
				},
				"south": {
					"uv": [
						9,
						6.5,
						9.5,
						6.75
					],
					"texture": "#1"
				},
				"west": {
					"uv": [
						8.5,
						1.5,
						10.5,
						1.75
					],
					"texture": "#1"
				},
				"up": {
					"uv": [
						6.5,
						9,
						6,
						7
					],
					"texture": "#1"
				},
				"down": {
					"uv": [
						7,
						7,
						6.5,
						9
					],
					"texture": "#1"
				}
			}
		},
		{
			"from": [
				7.575,
				2.1,
				14.05
			],
			"to": [
				8.425,
				2.5,
				14.55
			],
			"rotation": {
				"angle": 0,
				"axis": "y",
				"origin": [
					0,
					-0.4,
					-1.2
				]
			},
			"faces": {
				"north": {
					"uv": [
						7,
						9,
						7.5,
						9.25
					],
					"texture": "#1"
				},
				"east": {
					"uv": [
						9.5,
						4,
						9.75,
						4.25
					],
					"texture": "#1"
				},
				"south": {
					"uv": [
						9,
						7,
						9.5,
						7.25
					],
					"texture": "#1"
				},
				"west": {
					"uv": [
						9.5,
						4.5,
						9.75,
						4.75
					],
					"texture": "#1"
				},
				"up": {
					"uv": [
						8,
						9.25,
						7.5,
						9
					],
					"texture": "#1"
				},
				"down": {
					"uv": [
						9.5,
						7.5,
						9,
						7.75
					],
					"texture": "#1"
				}
			}
		}
	],
	"display": {
		"thirdperson_righthand": {
			"translation": [
				0,
				6.5,
				-6.75
			],
			"scale": [
				1.12,
				1.12,
				1.12
			]
		},
		"thirdperson_lefthand": {
			"translation": [
				0,
				6.5,
				-6.75
			],
			"scale": [
				-1.12,
				1.12,
				1.12
			]
		},
		"firstperson_righthand": {
			"translation": [
				-3,
				8.75,
				-3.5
			]
		},
		"firstperson_lefthand": {
			"translation": [
				-3,
				8.75,
				-3.5
			],
			"scale": [
				-1,
				1,
				1
			]
		},
		"ground": {
			"translation": [
				0,
				4.75,
				-4
			]
		},
		"gui": {
			"rotation": [
				20,
				-151,
				0
			],
			"translation": [
				2.5,
				4.75,
				0
			],
			"scale": [
				1.3,
				1.3,
				1.3
			]
		},
		"fixed": {
			"rotation": [
				0,
				92,
				0
			],
			"translation": [
				-7.25,
				7.75,
				-2
			],
			"scale": [
				1.68,
				1.68,
				1.68
			]
		}
	}
}