{
	"credit": "Made with Blockbench",
	"texture_size": [
		64,
		64
	],
	"textures": {
		"0": "scguns_laf:item/skellik_65_texture",
		"particle": "scguns_laf:item/skellik_65_texture"
	},
	"elements": [
		{
			"from": [
				7.5,
				0.3,
				14.75
			],
			"to": [
				8.5,
				4.45,
				16.65
			],
			"rotation": {
				"angle": -45,
				"axis": "x",
				"origin": [
					8,
					1,
					15
				]
			},
			"faces": {
				"north": {
					"uv": [
						3.25,
						5,
						3.5,
						6
					],
					"texture": "#0"
				},
				"east": {
					"uv": [
						3.75,
						0,
						4.25,
						1
					],
					"texture": "#0"
				},
				"south": {
					"uv": [
						6,
						5.25,
						6.25,
						6.25
					],
					"texture": "#0"
				},
				"west": {
					"uv": [
						4,
						3,
						4.5,
						4
					],
					"texture": "#0"
				},
				"up": {
					"uv": [
						5.25,
						2,
						5,
						1.5
					],
					"texture": "#0"
				},
				"down": {
					"uv": [
						5.5,
						2.5,
						5.25,
						3
					],
					"texture": "#0"
				}
			}
		},
		{
			"from": [
				7.7,
				0.075,
				14.85
			],
			"to": [
				8.3,
				0.75,
				16.5
			],
			"rotation": {
				"angle": -45,
				"axis": "x",
				"origin": [
					8,
					1,
					15
				]
			},
			"faces": {
				"north": {
					"uv": [
						8.25,
						7,
						8.375,
						7.125
					],
					"texture": "#0"
				},
				"east": {
					"uv": [
						7.75,
						7.75,
						8.125,
						7.875
					],
					"texture": "#0"
				},
				"south": {
					"uv": [
						7.25,
						8.25,
						7.375,
						8.375
					],
					"texture": "#0"
				},
				"west": {
					"uv": [
						0,
						8,
						0.375,
						8.125
					],
					"texture": "#0"
				},
				"up": {
					"uv": [
						8.125,
						0.375,
						8,
						0
					],
					"texture": "#0"
				},
				"down": {
					"uv": [
						0.875,
						8,
						0.75,
						8.375
					],
					"texture": "#0"
				}
			}
		},
		{
			"from": [
				7.34,
				0.525,
				14.8
			],
			"to": [
				8.66,
				4,
				16.3
			],
			"rotation": {
				"angle": -45,
				"axis": "x",
				"origin": [
					8,
					1,
					15
				]
			},
			"faces": {
				"north": {
					"uv": [
						5.5,
						2.5,
						5.875,
						3.375
					],
					"texture": "#0"
				},
				"east": {
					"uv": [
						5.5,
						5,
						5.875,
						5.875
					],
					"texture": "#0"
				},
				"south": {
					"uv": [
						5.75,
						1.5,
						6.125,
						2.375
					],
					"texture": "#0"
				},
				"west": {
					"uv": [
						5.75,
						3.5,
						6.125,
						4.375
					],
					"texture": "#0"
				},
				"up": {
					"uv": [
						7.125,
						5.375,
						6.75,
						5
					],
					"texture": "#0"
				},
				"down": {
					"uv": [
						7.125,
						5.5,
						6.75,
						5.875
					],
					"texture": "#0"
				}
			}
		},
		{
			"from": [
				7.25,
				3.49767,
				8.32733
			],
			"to": [
				8.75,
				5.74767,
				12.35233
			],
			"rotation": {
				"angle": 0,
				"axis": "y",
				"origin": [
					8,
					4.74767,
					11.25233
				]
			},
			"faces": {
				"north": {
					"uv": [
						6.25,
						5.25,
						6.625,
						5.875
					],
					"texture": "#0"
				},
				"east": {
					"uv": [
						2,
						3,
						3,
						3.625
					],
					"texture": "#0"
				},
				"south": {
					"uv": [
						6,
						6.25,
						6.375,
						6.875
					],
					"texture": "#0"
				},
				"west": {
					"uv": [
						3,
						3,
						4,
						3.625
					],
					"texture": "#0"
				},
				"up": {
					"uv": [
						4.375,
						6,
						4,
						5
					],
					"texture": "#0"
				},
				"down": {
					"uv": [
						4.875,
						5,
						4.5,
						6
					],
					"texture": "#0"
				}
			}
		},
		{
			"from": [
				8.65,
				3.84767,
				8.45233
			],
			"to": [
				9.05,
				5.34767,
				13.25233
			],
			"rotation": {
				"angle": 0,
				"axis": "y",
				"origin": [
					8,
					4.74767,
					11.25233
				]
			},
			"faces": {
				"north": {
					"uv": [
						1,
						8,
						1.125,
						8.375
					],
					"texture": "#0"
				},
				"east": {
					"uv": [
						4.5,
						4,
						5.75,
						4.375
					],
					"texture": "#0"
				},
				"south": {
					"uv": [
						1.25,
						8,
						1.375,
						8.375
					],
					"texture": "#0"
				},
				"west": {
					"uv": [
						4.5,
						4.5,
						5.75,
						4.875
					],
					"texture": "#0"
				},
				"up": {
					"uv": [
						1.125,
						8,
						1,
						6.75
					],
					"texture": "#0"
				},
				"down": {
					"uv": [
						2.375,
						6.75,
						2.25,
						8
					],
					"texture": "#0"
				}
			}
		},
		{
			"from": [
				9.825,
				4.39767,
				12.25233
			],
			"to": [
				10.25,
				4.79767,
				12.65233
			],
			"rotation": {
				"angle": 0,
				"axis": "y",
				"origin": [
					8.425,
					4.69767,
					11.05233
				]
			},
			"faces": {
				"north": {
					"uv": [
						6.5,
						8.5,
						6.625,
						8.625
					],
					"texture": "#0"
				},
				"east": {
					"uv": [
						8.5,
						6.5,
						8.625,
						6.625
					],
					"texture": "#0"
				},
				"south": {
					"uv": [
						6.75,
						8.5,
						6.875,
						8.625
					],
					"texture": "#0"
				},
				"west": {
					"uv": [
						8.5,
						6.75,
						8.625,
						6.875
					],
					"texture": "#0"
				},
				"up": {
					"uv": [
						7.125,
						8.625,
						7,
						8.5
					],
					"texture": "#0"
				},
				"down": {
					"uv": [
						8.625,
						7,
						8.5,
						7.125
					],
					"texture": "#0"
				}
			}
		},
		{
			"from": [
				9.025,
				4.44767,
				12.30233
			],
			"to": [
				9.85,
				4.74767,
				12.60233
			],
			"rotation": {
				"angle": 0,
				"axis": "y",
				"origin": [
					8.425,
					4.69767,
					11.05233
				]
			},
			"faces": {
				"north": {
					"uv": [
						8.25,
						8.5,
						8.375,
						8.625
					],
					"texture": "#0"
				},
				"east": {
					"uv": [
						8.5,
						8.25,
						8.625,
						8.375
					],
					"texture": "#0"
				},
				"south": {
					"uv": [
						8.5,
						8.5,
						8.625,
						8.625
					],
					"texture": "#0"
				},
				"west": {
					"uv": [
						0,
						8.75,
						0.125,
						8.875
					],
					"texture": "#0"
				},
				"up": {
					"uv": [
						8.875,
						0.125,
						8.75,
						0
					],
					"texture": "#0"
				},
				"down": {
					"uv": [
						0.375,
						8.75,
						0.25,
						8.875
					],
					"texture": "#0"
				}
			}
		},
		{
			"from": [
				9.875,
				4.52267,
				12.25233
			],
			"to": [
				10.175,
				6.04767,
				12.65233
			],
			"rotation": {
				"angle": 45,
				"axis": "x",
				"origin": [
					10.025,
					4.59767,
					12.45233
				]
			},
			"faces": {
				"north": {
					"uv": [
						7,
						8,
						7.125,
						8.375
					],
					"texture": "#0"
				},
				"east": {
					"uv": [
						8.25,
						0,
						8.375,
						0.375
					],
					"texture": "#0"
				},
				"south": {
					"uv": [
						0.5,
						8.25,
						0.625,
						8.625
					],
					"texture": "#0"
				},
				"west": {
					"uv": [
						8.25,
						0.5,
						8.375,
						0.875
					],
					"texture": "#0"
				},
				"up": {
					"uv": [
						7.375,
						8.625,
						7.25,
						8.5
					],
					"texture": "#0"
				},
				"down": {
					"uv": [
						8.625,
						7.25,
						8.5,
						7.375
					],
					"texture": "#0"
				}
			}
		},
		{
			"from": [
				9.775,
				5.49767,
				13.55233
			],
			"to": [
				10.275,
				5.72267,
				13.95233
			],
			"rotation": {
				"angle": 0,
				"axis": "x",
				"origin": [
					10.025,
					4.59767,
					12.45233
				]
			},
			"faces": {
				"north": {
					"uv": [
						7.5,
						8.5,
						7.625,
						8.625
					],
					"texture": "#0"
				},
				"east": {
					"uv": [
						8.5,
						7.5,
						8.625,
						7.625
					],
					"texture": "#0"
				},
				"south": {
					"uv": [
						7.75,
						8.5,
						7.875,
						8.625
					],
					"texture": "#0"
				},
				"west": {
					"uv": [
						8.5,
						7.75,
						8.625,
						7.875
					],
					"texture": "#0"
				},
				"up": {
					"uv": [
						8.125,
						8.625,
						8,
						8.5
					],
					"texture": "#0"
				},
				"down": {
					"uv": [
						8.625,
						8,
						8.5,
						8.125
					],
					"texture": "#0"
				}
			}
		},
		{
			"from": [
				9.885,
				5.44767,
				13.35233
			],
			"to": [
				10.165,
				5.77267,
				14.05233
			],
			"rotation": {
				"angle": 0,
				"axis": "x",
				"origin": [
					10.025,
					4.59767,
					12.45233
				]
			},
			"faces": {
				"north": {
					"uv": [
						8.75,
						0.25,
						8.875,
						0.375
					],
					"texture": "#0"
				},
				"east": {
					"uv": [
						0.5,
						8.75,
						0.625,
						8.875
					],
					"texture": "#0"
				},
				"south": {
					"uv": [
						8.75,
						0.5,
						8.875,
						0.625
					],
					"texture": "#0"
				},
				"west": {
					"uv": [
						0.75,
						8.75,
						0.875,
						8.875
					],
					"texture": "#0"
				},
				"up": {
					"uv": [
						8.875,
						0.875,
						8.75,
						0.75
					],
					"texture": "#0"
				},
				"down": {
					"uv": [
						1.125,
						8.75,
						1,
						8.875
					],
					"texture": "#0"
				}
			}
		},
		{
			"from": [
				7.26,
				2.92267,
				12.35233
			],
			"to": [
				8.74,
				5.69767,
				13.27733
			],
			"rotation": {
				"angle": 0,
				"axis": "y",
				"origin": [
					8,
					4.74767,
					11.25233
				]
			},
			"faces": {
				"north": {
					"uv": [
						6,
						4.5,
						6.375,
						5.25
					],
					"texture": "#0"
				},
				"east": {
					"uv": [
						5.5,
						6.5,
						5.75,
						7.25
					],
					"texture": "#0"
				},
				"south": {
					"uv": [
						4.75,
						6,
						5.125,
						6.75
					],
					"texture": "#0"
				},
				"west": {
					"uv": [
						5.75,
						6.5,
						6,
						7.25
					],
					"texture": "#0"
				},
				"up": {
					"uv": [
						5.625,
						7.5,
						5.25,
						7.25
					],
					"texture": "#0"
				},
				"down": {
					"uv": [
						7.625,
						5.25,
						7.25,
						5.5
					],
					"texture": "#0"
				}
			}
		},
		{
			"from": [
				7.85,
				2.34767,
				12.55233
			],
			"to": [
				8.15,
				3.14767,
				13.25233
			],
			"rotation": {
				"angle": 0,
				"axis": "y",
				"origin": [
					8,
					4.74767,
					11.25233
				]
			},
			"faces": {
				"north": {
					"uv": [
						8.25,
						1,
						8.375,
						1.25
					],
					"texture": "#0"
				},
				"east": {
					"uv": [
						8.25,
						1.25,
						8.375,
						1.5
					],
					"texture": "#0"
				},
				"south": {
					"uv": [
						1.5,
						8.25,
						1.625,
						8.5
					],
					"texture": "#0"
				},
				"west": {
					"uv": [
						1.75,
						8.25,
						1.875,
						8.5
					],
					"texture": "#0"
				},
				"up": {
					"uv": [
						7.625,
						8.375,
						7.5,
						8.25
					],
					"texture": "#0"
				},
				"down": {
					"uv": [
						7.875,
						8.25,
						7.75,
						8.375
					],
					"texture": "#0"
				}
			}
		},
		{
			"from": [
				7.75,
				2.14767,
				12.25233
			],
			"to": [
				8.25,
				3.14767,
				12.55233
			],
			"rotation": {
				"angle": 0,
				"axis": "y",
				"origin": [
					8,
					4.74767,
					11.25233
				]
			},
			"faces": {
				"north": {
					"uv": [
						8.25,
						1.75,
						8.375,
						2
					],
					"texture": "#0"
				},
				"east": {
					"uv": [
						8.25,
						2,
						8.375,
						2.25
					],
					"texture": "#0"
				},
				"south": {
					"uv": [
						8.25,
						2.25,
						8.375,
						2.5
					],
					"texture": "#0"
				},
				"west": {
					"uv": [
						8.25,
						2.5,
						8.375,
						2.75
					],
					"texture": "#0"
				},
				"up": {
					"uv": [
						8.375,
						7.875,
						8.25,
						7.75
					],
					"texture": "#0"
				},
				"down": {
					"uv": [
						8.125,
						8.25,
						8,
						8.375
					],
					"texture": "#0"
				}
			}
		},
		{
			"from": [
				7.36,
				4.14767,
				12.95233
			],
			"to": [
				8.64,
				5.14767,
				13.75233
			],
			"rotation": {
				"angle": 0,
				"axis": "y",
				"origin": [
					8,
					4.74767,
					11.25233
				]
			},
			"faces": {
				"north": {
					"uv": [
						7.25,
						5.5,
						7.625,
						5.75
					],
					"texture": "#0"
				},
				"east": {
					"uv": [
						6,
						0.75,
						6.25,
						1
					],
					"texture": "#0"
				},
				"south": {
					"uv": [
						7.25,
						5.75,
						7.625,
						6
					],
					"texture": "#0"
				},
				"west": {
					"uv": [
						6.25,
						2.25,
						6.5,
						2.5
					],
					"texture": "#0"
				},
				"up": {
					"uv": [
						6.875,
						7.5,
						6.5,
						7.25
					],
					"texture": "#0"
				},
				"down": {
					"uv": [
						7.375,
						7.25,
						7,
						7.5
					],
					"texture": "#0"
				}
			}
		},
		{
			"from": [
				7.51,
				4.49767,
				12.05233
			],
			"to": [
				8.49,
				5.59767,
				13.95233
			],
			"rotation": {
				"angle": 0,
				"axis": "y",
				"origin": [
					8,
					4.74767,
					11.25233
				]
			},
			"faces": {
				"north": {
					"uv": [
						0,
						7.75,
						0.25,
						8
					],
					"texture": "#0"
				},
				"east": {
					"uv": [
						6.5,
						3,
						7,
						3.25
					],
					"texture": "#0"
				},
				"south": {
					"uv": [
						7.75,
						0,
						8,
						0.25
					],
					"texture": "#0"
				},
				"west": {
					"uv": [
						7.25,
						1.75,
						7.75,
						2
					],
					"texture": "#0"
				},
				"up": {
					"uv": [
						5.75,
						4,
						5.5,
						3.5
					],
					"texture": "#0"
				},
				"down": {
					"uv": [
						6,
						4.5,
						5.75,
						5
					],
					"texture": "#0"
				}
			}
		},
		{
			"from": [
				7.61,
				4.59767,
				13.95233
			],
			"to": [
				8.39,
				5.39767,
				14.20233
			],
			"rotation": {
				"angle": 0,
				"axis": "y",
				"origin": [
					8,
					4.74767,
					11.25233
				]
			},
			"faces": {
				"north": {
					"uv": [
						0.25,
						7.75,
						0.5,
						8
					],
					"texture": "#0"
				},
				"east": {
					"uv": [
						2.75,
						8.25,
						2.875,
						8.5
					],
					"texture": "#0"
				},
				"south": {
					"uv": [
						7.75,
						0.25,
						8,
						0.5
					],
					"texture": "#0"
				},
				"west": {
					"uv": [
						8.25,
						2.75,
						8.375,
						3
					],
					"texture": "#0"
				},
				"up": {
					"uv": [
						3.25,
						8.375,
						3,
						8.25
					],
					"texture": "#0"
				},
				"down": {
					"uv": [
						8.5,
						3,
						8.25,
						3.125
					],
					"texture": "#0"
				}
			}
		},
		{
			"from": [
				7.27259,
				3.19351,
				-2.71183
			],
			"to": [
				8.72741,
				3.78996,
				6.61929
			],
			"rotation": {
				"angle": 0,
				"axis": "y",
				"origin": [
					8,
					2.33398,
					7.62217
				]
			},
			"faces": {
				"north": {
					"uv": [
						6,
						0.5,
						6.375,
						0.625
					],
					"texture": "#0"
				},
				"east": {
					"uv": [
						8.75,
						3.5,
						11.125,
						3.625
					],
					"texture": "#0"
				},
				"south": {
					"uv": [
						0,
						6.5,
						0.375,
						6.625
					],
					"texture": "#0"
				},
				"west": {
					"uv": [
						8.75,
						3.75,
						11.125,
						3.875
					],
					"texture": "#0"
				},
				"up": {
					"uv": [
						2.125,
						11.125,
						1.75,
						8.75
					],
					"texture": "#0"
				},
				"down": {
					"uv": [
						2.625,
						8.75,
						2.25,
						11.125
					],
					"texture": "#0"
				}
			}
		},
		{
			"from": [
				7.07259,
				3.36851,
				-1.41183
			],
			"to": [
				8.92741,
				4.51496,
				6.61929
			],
			"rotation": {
				"angle": 0,
				"axis": "y",
				"origin": [
					8,
					2.33398,
					7.62217
				]
			},
			"faces": {
				"north": {
					"uv": [
						6,
						0,
						6.5,
						0.375
					],
					"texture": "#0"
				},
				"east": {
					"uv": [
						2.75,
						8.75,
						4.75,
						9.125
					],
					"texture": "#0"
				},
				"south": {
					"uv": [
						2,
						6,
						2.5,
						6.375
					],
					"texture": "#0"
				},
				"west": {
					"uv": [
						8.75,
						3,
						10.75,
						3.375
					],
					"texture": "#0"
				},
				"up": {
					"uv": [
						9.25,
						3,
						8.75,
						1
					],
					"texture": "#0"
				},
				"down": {
					"uv": [
						1.75,
						8.75,
						1.25,
						10.75
					],
					"texture": "#0"
				}
			}
		},
		{
			"from": [
				7.17759,
				3.45101,
				-4.09058
			],
			"to": [
				8.82241,
				4.43996,
				-1.38946
			],
			"rotation": {
				"angle": 0,
				"axis": "y",
				"origin": [
					8,
					2.33398,
					7.62217
				]
			},
			"faces": {
				"north": {
					"uv": [
						6,
						7,
						6.375,
						7.375
					],
					"texture": "#0"
				},
				"east": {
					"uv": [
						6.5,
						1.25,
						7.125,
						1.625
					],
					"texture": "#0"
				},
				"south": {
					"uv": [
						7,
						6.25,
						7.375,
						6.625
					],
					"texture": "#0"
				},
				"west": {
					"uv": [
						6.5,
						1.75,
						7.125,
						2.125
					],
					"texture": "#0"
				},
				"up": {
					"uv": [
						6.875,
						2.875,
						6.5,
						2.25
					],
					"texture": "#0"
				},
				"down": {
					"uv": [
						6.875,
						3.5,
						6.5,
						4.125
					],
					"texture": "#0"
				}
			}
		},
		{
			"from": [
				7.17759,
				3.13601,
				-4.09058
			],
			"to": [
				8.82241,
				3.44996,
				-2.70446
			],
			"rotation": {
				"angle": 0,
				"axis": "y",
				"origin": [
					8,
					2.33398,
					7.62217
				]
			},
			"faces": {
				"north": {
					"uv": [
						7.5,
						8,
						7.875,
						8.125
					],
					"texture": "#0"
				},
				"east": {
					"uv": [
						8,
						7.5,
						8.375,
						7.625
					],
					"texture": "#0"
				},
				"south": {
					"uv": [
						8,
						8,
						8.375,
						8.125
					],
					"texture": "#0"
				},
				"west": {
					"uv": [
						0,
						8.25,
						0.375,
						8.375
					],
					"texture": "#0"
				},
				"up": {
					"uv": [
						7.625,
						1.625,
						7.25,
						1.25
					],
					"texture": "#0"
				},
				"down": {
					"uv": [
						2.125,
						7.25,
						1.75,
						7.625
					],
					"texture": "#0"
				}
			}
		},
		{
			"from": [
				7.35,
				5.74767,
				10.25233
			],
			"to": [
				8.65,
				5.94767,
				11.15233
			],
			"rotation": {
				"angle": 0,
				"axis": "y",
				"origin": [
					8,
					4.74767,
					11.25233
				]
			},
			"faces": {
				"north": {
					"uv": [
						1.5,
						8,
						1.875,
						8.125
					],
					"texture": "#0"
				},
				"east": {
					"uv": [
						3.25,
						8.25,
						3.5,
						8.375
					],
					"texture": "#0"
				},
				"south": {
					"uv": [
						8,
						1.5,
						8.375,
						1.625
					],
					"texture": "#0"
				},
				"west": {
					"uv": [
						8.25,
						3.25,
						8.5,
						3.375
					],
					"texture": "#0"
				},
				"up": {
					"uv": [
						0.375,
						7.75,
						0,
						7.5
					],
					"texture": "#0"
				},
				"down": {
					"uv": [
						7.875,
						2.5,
						7.5,
						2.75
					],
					"texture": "#0"
				}
			}
		},
		{
			"from": [
				7.45,
				5.64767,
				8.70233
			],
			"to": [
				8.55,
				5.84767,
				12.25233
			],
			"rotation": {
				"angle": 0,
				"axis": "y",
				"origin": [
					8,
					4.74767,
					11.25233
				]
			},
			"faces": {
				"north": {
					"uv": [
						3.5,
						8.25,
						3.75,
						8.375
					],
					"texture": "#0"
				},
				"east": {
					"uv": [
						7.25,
						3.25,
						8.125,
						3.375
					],
					"texture": "#0"
				},
				"south": {
					"uv": [
						8.25,
						3.5,
						8.5,
						3.625
					],
					"texture": "#0"
				},
				"west": {
					"uv": [
						7.25,
						5,
						8.125,
						5.125
					],
					"texture": "#0"
				},
				"up": {
					"uv": [
						1,
						7.375,
						0.75,
						6.5
					],
					"texture": "#0"
				},
				"down": {
					"uv": [
						6.75,
						4.25,
						6.5,
						5.125
					],
					"texture": "#0"
				}
			}
		},
		{
			"from": [
				7.7,
				5.74767,
				10.35233
			],
			"to": [
				7.9,
				6.14767,
				10.85233
			],
			"rotation": {
				"angle": 0,
				"axis": "z",
				"origin": [
					7.75,
					6.04767,
					10.60233
				]
			},
			"faces": {
				"north": {
					"uv": [
						8.25,
						8.25,
						8.375,
						8.375
					],
					"texture": "#0"
				},
				"east": {
					"uv": [
						0,
						8.5,
						0.125,
						8.625
					],
					"texture": "#0"
				},
				"south": {
					"uv": [
						8.5,
						0,
						8.625,
						0.125
					],
					"texture": "#0"
				},
				"west": {
					"uv": [
						0.25,
						8.5,
						0.375,
						8.625
					],
					"texture": "#0"
				},
				"up": {
					"uv": [
						8.625,
						0.375,
						8.5,
						0.25
					],
					"texture": "#0"
				},
				"down": {
					"uv": [
						8.625,
						0.5,
						8.5,
						0.625
					],
					"texture": "#0"
				}
			}
		},
		{
			"from": [
				8.1,
				5.74767,
				10.35233
			],
			"to": [
				8.3,
				6.14767,
				10.85233
			],
			"rotation": {
				"angle": 0,
				"axis": "z",
				"origin": [
					8.25,
					6.04767,
					10.60233
				]
			},
			"faces": {
				"north": {
					"uv": [
						0.75,
						8.5,
						0.875,
						8.625
					],
					"texture": "#0"
				},
				"east": {
					"uv": [
						8.5,
						0.75,
						8.625,
						0.875
					],
					"texture": "#0"
				},
				"south": {
					"uv": [
						1,
						8.5,
						1.125,
						8.625
					],
					"texture": "#0"
				},
				"west": {
					"uv": [
						8.5,
						1,
						8.625,
						1.125
					],
					"texture": "#0"
				},
				"up": {
					"uv": [
						1.375,
						8.625,
						1.25,
						8.5
					],
					"texture": "#0"
				},
				"down": {
					"uv": [
						8.625,
						1.25,
						8.5,
						1.375
					],
					"texture": "#0"
				}
			}
		},
		{
			"from": [
				7.85,
				5.94767,
				10.45233
			],
			"to": [
				8.15,
				6.04767,
				10.85233
			],
			"rotation": {
				"angle": 0,
				"axis": "y",
				"origin": [
					8,
					4.74767,
					11.25233
				]
			},
			"faces": {
				"north": {
					"uv": [
						1.5,
						8.5,
						1.625,
						8.625
					],
					"texture": "#0"
				},
				"east": {
					"uv": [
						8.5,
						1.5,
						8.625,
						1.625
					],
					"texture": "#0"
				},
				"south": {
					"uv": [
						1.75,
						8.5,
						1.875,
						8.625
					],
					"texture": "#0"
				},
				"west": {
					"uv": [
						8.5,
						1.75,
						8.625,
						1.875
					],
					"texture": "#0"
				},
				"up": {
					"uv": [
						2.125,
						8.625,
						2,
						8.5
					],
					"texture": "#0"
				},
				"down": {
					"uv": [
						8.625,
						2,
						8.5,
						2.125
					],
					"texture": "#0"
				}
			}
		},
		{
			"from": [
				8.05,
				5.74767,
				10.85233
			],
			"to": [
				8.15,
				6.04767,
				11.05233
			],
			"rotation": {
				"angle": 0,
				"axis": "y",
				"origin": [
					8.25,
					5.99767,
					10.95233
				]
			},
			"faces": {
				"north": {
					"uv": [
						2.25,
						8.5,
						2.375,
						8.625
					],
					"texture": "#0"
				},
				"east": {
					"uv": [
						8.5,
						2.25,
						8.625,
						2.375
					],
					"texture": "#0"
				},
				"south": {
					"uv": [
						2.5,
						8.5,
						2.625,
						8.625
					],
					"texture": "#0"
				},
				"west": {
					"uv": [
						8.5,
						2.5,
						8.625,
						2.625
					],
					"texture": "#0"
				},
				"up": {
					"uv": [
						2.875,
						8.625,
						2.75,
						8.5
					],
					"texture": "#0"
				},
				"down": {
					"uv": [
						8.625,
						2.75,
						8.5,
						2.875
					],
					"texture": "#0"
				}
			}
		},
		{
			"from": [
				7.85,
				5.74767,
				10.85233
			],
			"to": [
				7.95,
				6.04767,
				11.05233
			],
			"rotation": {
				"angle": 0,
				"axis": "y",
				"origin": [
					7.75,
					5.99767,
					10.95233
				]
			},
			"faces": {
				"north": {
					"uv": [
						3,
						8.5,
						3.125,
						8.625
					],
					"texture": "#0"
				},
				"east": {
					"uv": [
						8.5,
						3,
						8.625,
						3.125
					],
					"texture": "#0"
				},
				"south": {
					"uv": [
						3.25,
						8.5,
						3.375,
						8.625
					],
					"texture": "#0"
				},
				"west": {
					"uv": [
						8.5,
						3.25,
						8.625,
						3.375
					],
					"texture": "#0"
				},
				"up": {
					"uv": [
						3.625,
						8.625,
						3.5,
						8.5
					],
					"texture": "#0"
				},
				"down": {
					"uv": [
						8.625,
						3.5,
						8.5,
						3.625
					],
					"texture": "#0"
				}
			}
		},
		{
			"from": [
				7.1225,
				4.51482,
				7.69518
			],
			"to": [
				8.8775,
				5.78982,
				8.33018
			],
			"rotation": {
				"angle": 0,
				"axis": "y",
				"origin": [
					8,
					5.45982,
					11.74018
				]
			},
			"faces": {
				"north": {
					"uv": [
						7.25,
						2,
						7.75,
						2.25
					],
					"texture": "#0"
				},
				"east": {
					"uv": [
						8.25,
						3.75,
						8.375,
						4
					],
					"texture": "#0"
				},
				"south": {
					"uv": [
						7.25,
						2.25,
						7.75,
						2.5
					],
					"texture": "#0"
				},
				"west": {
					"uv": [
						4,
						8.25,
						4.125,
						8.5
					],
					"texture": "#0"
				},
				"up": {
					"uv": [
						8.25,
						0.875,
						7.75,
						0.75
					],
					"texture": "#0"
				},
				"down": {
					"uv": [
						8.25,
						1,
						7.75,
						1.125
					],
					"texture": "#0"
				}
			}
		},
		{
			"from": [
				7.04759,
				3.10648,
				3.51929
			],
			"to": [
				8.95241,
				5.78726,
				4.06267
			],
			"rotation": {
				"angle": 0,
				"axis": "y",
				"origin": [
					8,
					5.15953,
					11.53447
				]
			},
			"faces": {
				"north": {
					"uv": [
						6,
						2.5,
						6.5,
						3.125
					],
					"texture": "#0"
				},
				"east": {
					"uv": [
						4,
						7.5,
						4.125,
						8.125
					],
					"texture": "#0"
				},
				"south": {
					"uv": [
						3.25,
						6,
						3.75,
						6.625
					],
					"texture": "#0"
				},
				"west": {
					"uv": [
						5.5,
						7.5,
						5.625,
						8.125
					],
					"texture": "#0"
				},
				"up": {
					"uv": [
						1.75,
						7.875,
						1.25,
						7.75
					],
					"texture": "#0"
				},
				"down": {
					"uv": [
						8.25,
						1.25,
						7.75,
						1.375
					],
					"texture": "#0"
				}
			}
		},
		{
			"from": [
				7.07259,
				3.14148,
				-1.94071
			],
			"to": [
				8.92741,
				5.78726,
				-1.39733
			],
			"rotation": {
				"angle": 0,
				"axis": "y",
				"origin": [
					8,
					5.15953,
					11.53447
				]
			},
			"faces": {
				"north": {
					"uv": [
						3.75,
						6,
						4.25,
						6.625
					],
					"texture": "#0"
				},
				"east": {
					"uv": [
						7.25,
						7.5,
						7.375,
						8.125
					],
					"texture": "#0"
				},
				"south": {
					"uv": [
						4.25,
						6,
						4.75,
						6.625
					],
					"texture": "#0"
				},
				"west": {
					"uv": [
						7.5,
						7.25,
						7.625,
						7.875
					],
					"texture": "#0"
				},
				"up": {
					"uv": [
						8.25,
						2.375,
						7.75,
						2.25
					],
					"texture": "#0"
				},
				"down": {
					"uv": [
						3,
						7.75,
						2.5,
						7.875
					],
					"texture": "#0"
				}
			}
		},
		{
			"from": [
				7.29361,
				4.16763,
				-6.96916
			],
			"to": [
				8.70639,
				5.68908,
				7.72087
			],
			"rotation": {
				"angle": 0,
				"axis": "y",
				"origin": [
					8,
					5.15953,
					11.53447
				]
			},
			"faces": {
				"north": {
					"uv": [
						6.5,
						6.75,
						6.875,
						7.125
					],
					"texture": "#0"
				},
				"east": {
					"uv": [
						0,
						0,
						3.625,
						0.375
					],
					"texture": "#0"
				},
				"south": {
					"uv": [
						0,
						7,
						0.375,
						7.375
					],
					"texture": "#0"
				},
				"west": {
					"uv": [
						0,
						0.5,
						3.625,
						0.875
					],
					"texture": "#0"
				},
				"up": {
					"uv": [
						0.375,
						4.625,
						0,
						1
					],
					"texture": "#0"
				},
				"down": {
					"uv": [
						0.875,
						1,
						0.5,
						4.625
					],
					"texture": "#0"
				}
			}
		},
		{
			"from": [
				7.52725,
				4.53584,
				-8.15634
			],
			"to": [
				8.47275,
				5.38484,
				-6.96584
			],
			"rotation": {
				"angle": 0,
				"axis": "y",
				"origin": [
					8,
					4.91384,
					11.36616
				]
			},
			"faces": {
				"north": {
					"uv": [
						2,
						7.75,
						2.25,
						8
					],
					"texture": "#0"
				},
				"east": {
					"uv": [
						3,
						7.75,
						3.25,
						8
					],
					"texture": "#0"
				},
				"south": {
					"uv": [
						3.5,
						7.75,
						3.75,
						8
					],
					"texture": "#0"
				},
				"west": {
					"uv": [
						3.75,
						7.75,
						4,
						8
					],
					"texture": "#0"
				},
				"up": {
					"uv": [
						4.5,
						8,
						4.25,
						7.75
					],
					"texture": "#0"
				},
				"down": {
					"uv": [
						4.75,
						7.75,
						4.5,
						8
					],
					"texture": "#0"
				}
			}
		},
		{
			"from": [
				7.50361,
				5.63763,
				-6.91666
			],
			"to": [
				8.49639,
				5.89908,
				-6.06038
			],
			"rotation": {
				"angle": 0,
				"axis": "y",
				"origin": [
					8,
					5.15953,
					11.53447
				]
			},
			"faces": {
				"north": {
					"uv": [
						6.5,
						8.25,
						6.75,
						8.375
					],
					"texture": "#0"
				},
				"east": {
					"uv": [
						8.25,
						6.5,
						8.5,
						6.625
					],
					"texture": "#0"
				},
				"south": {
					"uv": [
						6.75,
						8.25,
						7,
						8.375
					],
					"texture": "#0"
				},
				"west": {
					"uv": [
						8.25,
						6.75,
						8.5,
						6.875
					],
					"texture": "#0"
				},
				"up": {
					"uv": [
						6.5,
						8,
						6.25,
						7.75
					],
					"texture": "#0"
				},
				"down": {
					"uv": [
						6.75,
						7.75,
						6.5,
						8
					],
					"texture": "#0"
				}
			}
		},
		{
			"from": [
				7.92361,
				5.90013,
				-6.81166
			],
			"to": [
				8.07639,
				6.42408,
				-6.48038
			],
			"rotation": {
				"angle": 0,
				"axis": "y",
				"origin": [
					8,
					5.15953,
					11.53447
				]
			},
			"faces": {
				"north": {
					"uv": [
						5.75,
						8.5,
						5.875,
						8.625
					],
					"texture": "#0"
				},
				"east": {
					"uv": [
						8.5,
						5.75,
						8.625,
						5.875
					],
					"texture": "#0"
				},
				"south": {
					"uv": [
						6,
						8.5,
						6.125,
						8.625
					],
					"texture": "#0"
				},
				"west": {
					"uv": [
						8.5,
						6,
						8.625,
						6.125
					],
					"texture": "#0"
				},
				"up": {
					"uv": [
						6.375,
						8.625,
						6.25,
						8.5
					],
					"texture": "#0"
				},
				"down": {
					"uv": [
						8.625,
						6.25,
						8.5,
						6.375
					],
					"texture": "#0"
				}
			}
		},
		{
			"from": [
				7.42725,
				4.43584,
				-9.35634
			],
			"to": [
				8.57275,
				5.48484,
				-8.16584
			],
			"rotation": {
				"angle": 0,
				"axis": "y",
				"origin": [
					8,
					4.91384,
					11.36616
				]
			},
			"faces": {
				"north": {
					"uv": [
						4.75,
						7.75,
						5,
						8
					],
					"texture": "#0"
				},
				"east": {
					"uv": [
						5,
						7.75,
						5.25,
						8
					],
					"texture": "#0"
				},
				"south": {
					"uv": [
						5.25,
						7.75,
						5.5,
						8
					],
					"texture": "#0"
				},
				"west": {
					"uv": [
						7.75,
						5.25,
						8,
						5.5
					],
					"texture": "#0"
				},
				"up": {
					"uv": [
						8,
						5.75,
						7.75,
						5.5
					],
					"texture": "#0"
				},
				"down": {
					"uv": [
						6,
						7.75,
						5.75,
						8
					],
					"texture": "#0"
				}
			}
		},
		{
			"from": [
				7.32725,
				4.33584,
				-9.53134
			],
			"to": [
				8.67275,
				5.58484,
				-9.34084
			],
			"rotation": {
				"angle": 0,
				"axis": "y",
				"origin": [
					8,
					4.91384,
					11.36616
				]
			},
			"faces": {
				"north": {
					"uv": [
						7.5,
						2.75,
						7.875,
						3
					],
					"texture": "#0"
				},
				"east": {
					"uv": [
						8.25,
						6,
						8.375,
						6.25
					],
					"texture": "#0"
				},
				"south": {
					"uv": [
						3.5,
						7.5,
						3.875,
						7.75
					],
					"texture": "#0"
				},
				"west": {
					"uv": [
						8.25,
						6.25,
						8.375,
						6.5
					],
					"texture": "#0"
				},
				"up": {
					"uv": [
						8.375,
						4.375,
						8,
						4.25
					],
					"texture": "#0"
				},
				"down": {
					"uv": [
						5.125,
						8,
						4.75,
						8.125
					],
					"texture": "#0"
				}
			}
		},
		{
			"from": [
				7.22725,
				4.23584,
				-9.70634
			],
			"to": [
				8.77275,
				5.68484,
				-9.51584
			],
			"rotation": {
				"angle": 0,
				"axis": "y",
				"origin": [
					8,
					4.91384,
					11.36616
				]
			},
			"faces": {
				"north": {
					"uv": [
						7,
						6.75,
						7.375,
						7.125
					],
					"texture": "#0"
				},
				"east": {
					"uv": [
						5.25,
						8,
						5.375,
						8.375
					],
					"texture": "#0"
				},
				"south": {
					"uv": [
						7.25,
						0,
						7.625,
						0.375
					],
					"texture": "#0"
				},
				"west": {
					"uv": [
						8,
						5.25,
						8.125,
						5.625
					],
					"texture": "#0"
				},
				"up": {
					"uv": [
						6.125,
						8.125,
						5.75,
						8
					],
					"texture": "#0"
				},
				"down": {
					"uv": [
						8.375,
						5.75,
						8,
						5.875
					],
					"texture": "#0"
				}
			}
		},
		{
			"from": [
				7.12725,
				4.13584,
				-9.88134
			],
			"to": [
				8.87275,
				5.78484,
				-9.69084
			],
			"rotation": {
				"angle": 0,
				"axis": "y",
				"origin": [
					8,
					4.91384,
					11.36616
				]
			},
			"faces": {
				"north": {
					"uv": [
						7.25,
						0.75,
						7.625,
						1.125
					],
					"texture": "#0"
				},
				"east": {
					"uv": [
						8,
						6,
						8.125,
						6.375
					],
					"texture": "#0"
				},
				"south": {
					"uv": [
						1.25,
						7.25,
						1.625,
						7.625
					],
					"texture": "#0"
				},
				"west": {
					"uv": [
						6.25,
						8,
						6.375,
						8.375
					],
					"texture": "#0"
				},
				"up": {
					"uv": [
						6.875,
						8.125,
						6.5,
						8
					],
					"texture": "#0"
				},
				"down": {
					"uv": [
						8.375,
						7.25,
						8,
						7.375
					],
					"texture": "#0"
				}
			}
		},
		{
			"from": [
				7.61964,
				3.63161,
				-6.26093
			],
			"to": [
				8.38036,
				4.27631,
				-3.73463
			],
			"rotation": {
				"angle": 0,
				"axis": "y",
				"origin": [
					8,
					5.15953,
					11.53447
				]
			},
			"faces": {
				"north": {
					"uv": [
						4.25,
						8.25,
						4.5,
						8.375
					],
					"texture": "#0"
				},
				"east": {
					"uv": [
						6.5,
						7.5,
						7.125,
						7.625
					],
					"texture": "#0"
				},
				"south": {
					"uv": [
						4.5,
						8.25,
						4.75,
						8.375
					],
					"texture": "#0"
				},
				"west": {
					"uv": [
						7.5,
						6.5,
						8.125,
						6.625
					],
					"texture": "#0"
				},
				"up": {
					"uv": [
						7,
						4.875,
						6.75,
						4.25
					],
					"texture": "#0"
				},
				"down": {
					"uv": [
						4.75,
						6.75,
						4.5,
						7.375
					],
					"texture": "#0"
				}
			}
		},
		{
			"from": [
				7.51464,
				3.42161,
				-6.68093
			],
			"to": [
				8.48536,
				4.27631,
				-6.14963
			],
			"rotation": {
				"angle": 0,
				"axis": "y",
				"origin": [
					8,
					5.15953,
					11.53447
				]
			},
			"faces": {
				"north": {
					"uv": [
						7.75,
						5.75,
						8,
						6
					],
					"texture": "#0"
				},
				"east": {
					"uv": [
						5.5,
						8.25,
						5.625,
						8.5
					],
					"texture": "#0"
				},
				"south": {
					"uv": [
						6,
						7.75,
						6.25,
						8
					],
					"texture": "#0"
				},
				"west": {
					"uv": [
						8.25,
						5.5,
						8.375,
						5.75
					],
					"texture": "#0"
				},
				"up": {
					"uv": [
						6,
						8.375,
						5.75,
						8.25
					],
					"texture": "#0"
				},
				"down": {
					"uv": [
						6.25,
						8.25,
						6,
						8.375
					],
					"texture": "#0"
				}
			}
		},
		{
			"from": [
				7.72464,
				3.10661,
				-6.57593
			],
			"to": [
				8.27536,
				3.43631,
				-6.25463
			],
			"rotation": {
				"angle": 0,
				"axis": "y",
				"origin": [
					8,
					5.15953,
					11.53447
				]
			},
			"faces": {
				"north": {
					"uv": [
						5,
						8.5,
						5.125,
						8.625
					],
					"texture": "#0"
				},
				"east": {
					"uv": [
						8.5,
						5,
						8.625,
						5.125
					],
					"texture": "#0"
				},
				"south": {
					"uv": [
						5.25,
						8.5,
						5.375,
						8.625
					],
					"texture": "#0"
				},
				"west": {
					"uv": [
						8.5,
						5.25,
						8.625,
						5.375
					],
					"texture": "#0"
				},
				"up": {
					"uv": [
						5.625,
						8.625,
						5.5,
						8.5
					],
					"texture": "#0"
				},
				"down": {
					"uv": [
						8.625,
						5.5,
						8.5,
						5.625
					],
					"texture": "#0"
				}
			}
		},
		{
			"from": [
				7.11675,
				2.88934,
				6.60266
			],
			"to": [
				8.88325,
				4.51234,
				13.31216
			],
			"rotation": {
				"angle": 0,
				"axis": "y",
				"origin": [
					8,
					2.22284,
					7.64016
				]
			},
			"faces": {
				"north": {
					"uv": [
						5.5,
						6,
						6,
						6.5
					],
					"texture": "#0"
				},
				"east": {
					"uv": [
						1,
						1,
						2.75,
						1.5
					],
					"texture": "#0"
				},
				"south": {
					"uv": [
						6.25,
						0.75,
						6.75,
						1.25
					],
					"texture": "#0"
				},
				"west": {
					"uv": [
						1,
						1.5,
						2.75,
						2
					],
					"texture": "#0"
				},
				"up": {
					"uv": [
						1.5,
						3.75,
						1,
						2
					],
					"texture": "#0"
				},
				"down": {
					"uv": [
						2,
						2,
						1.5,
						3.75
					],
					"texture": "#0"
				}
			}
		},
		{
			"from": [
				7.72092,
				1.57198,
				11.3649
			],
			"to": [
				8.251,
				2.89798,
				11.8131
			],
			"rotation": {
				"angle": 0,
				"axis": "y",
				"origin": [
					7.98596,
					2.42248,
					11.3015
				]
			},
			"faces": {
				"north": {
					"uv": [
						2,
						8,
						2.125,
						8.375
					],
					"texture": "#0"
				},
				"east": {
					"uv": [
						2.25,
						8,
						2.375,
						8.375
					],
					"texture": "#0"
				},
				"south": {
					"uv": [
						2.5,
						8,
						2.625,
						8.375
					],
					"texture": "#0"
				},
				"west": {
					"uv": [
						8,
						2.5,
						8.125,
						2.875
					],
					"texture": "#0"
				},
				"up": {
					"uv": [
						3.875,
						8.625,
						3.75,
						8.5
					],
					"texture": "#0"
				},
				"down": {
					"uv": [
						8.625,
						3.75,
						8.5,
						3.875
					],
					"texture": "#0"
				}
			}
		},
		{
			"from": [
				7.22092,
				2.52198,
				7.2399
			],
			"to": [
				8.751,
				2.87298,
				11.4631
			],
			"rotation": {
				"angle": 0,
				"axis": "y",
				"origin": [
					7.98596,
					2.42248,
					11.3015
				]
			},
			"faces": {
				"north": {
					"uv": [
						8,
						4,
						8.375,
						4.125
					],
					"texture": "#0"
				},
				"east": {
					"uv": [
						7.25,
						3,
						8.25,
						3.125
					],
					"texture": "#0"
				},
				"south": {
					"uv": [
						4.25,
						8,
						4.625,
						8.125
					],
					"texture": "#0"
				},
				"west": {
					"uv": [
						3.25,
						7.25,
						4.25,
						7.375
					],
					"texture": "#0"
				},
				"up": {
					"uv": [
						5.375,
						6,
						5,
						5
					],
					"texture": "#0"
				},
				"down": {
					"uv": [
						5.625,
						1.5,
						5.25,
						2.5
					],
					"texture": "#0"
				}
			}
		},
		{
			"from": [
				7.23,
				0.37198,
				7.3149
			],
			"to": [
				8.75,
				2.52298,
				11.3631
			],
			"rotation": {
				"angle": 0,
				"axis": "y",
				"origin": [
					7.98596,
					2.42248,
					11.3015
				]
			},
			"faces": {
				"north": {
					"uv": [
						3.5,
						6.75,
						3.875,
						7.25
					],
					"texture": "#0"
				},
				"east": {
					"uv": [
						4.5,
						3,
						5.5,
						3.5
					],
					"texture": "#0"
				},
				"south": {
					"uv": [
						4,
						6.75,
						4.375,
						7.25
					],
					"texture": "#0"
				},
				"west": {
					"uv": [
						4.5,
						3.5,
						5.5,
						4
					],
					"texture": "#0"
				},
				"up": {
					"uv": [
						0.375,
						6.5,
						0,
						5.5
					],
					"texture": "#0"
				},
				"down": {
					"uv": [
						0.875,
						5.5,
						0.5,
						6.5
					],
					"texture": "#0"
				}
			}
		},
		{
			"from": [
				7.225,
				-0.60302,
				6.4399
			],
			"to": [
				8.775,
				1.12298,
				10.8131
			],
			"rotation": {
				"angle": 22.5,
				"axis": "x",
				"origin": [
					7.98596,
					-0.65252,
					9.1765
				]
			},
			"faces": {
				"north": {
					"uv": [
						7,
						3.5,
						7.375,
						3.875
					],
					"texture": "#0"
				},
				"east": {
					"uv": [
						0,
						5,
						1.125,
						5.375
					],
					"texture": "#0"
				},
				"south": {
					"uv": [
						7,
						4,
						7.375,
						4.375
					],
					"texture": "#0"
				},
				"west": {
					"uv": [
						5,
						1,
						6.125,
						1.375
					],
					"texture": "#0"
				},
				"up": {
					"uv": [
						1.625,
						6.125,
						1.25,
						5
					],
					"texture": "#0"
				},
				"down": {
					"uv": [
						2.875,
						5,
						2.5,
						6.125
					],
					"texture": "#0"
				}
			}
		},
		{
			"from": [
				7.125,
				-1.12802,
				6.2899
			],
			"to": [
				8.875,
				-0.60202,
				10.9131
			],
			"rotation": {
				"angle": 22.5,
				"axis": "x",
				"origin": [
					7.98596,
					-0.65252,
					9.1765
				]
			},
			"faces": {
				"north": {
					"uv": [
						7.75,
						1.75,
						8.25,
						1.875
					],
					"texture": "#0"
				},
				"east": {
					"uv": [
						7,
						4.5,
						8.125,
						4.625
					],
					"texture": "#0"
				},
				"south": {
					"uv": [
						7.75,
						2,
						8.25,
						2.125
					],
					"texture": "#0"
				},
				"west": {
					"uv": [
						7,
						4.75,
						8.125,
						4.875
					],
					"texture": "#0"
				},
				"up": {
					"uv": [
						3,
						4.875,
						2.5,
						3.75
					],
					"texture": "#0"
				},
				"down": {
					"uv": [
						3.5,
						3.75,
						3,
						4.875
					],
					"texture": "#0"
				}
			}
		},
		{
			"from": [
				7.73496,
				1.6358,
				11.785
			],
			"to": [
				8.26504,
				1.9868,
				13.289
			],
			"rotation": {
				"angle": 0,
				"axis": "y",
				"origin": [
					8,
					0.5828,
					17.1048
				]
			},
			"faces": {
				"north": {
					"uv": [
						4,
						8.5,
						4.125,
						8.625
					],
					"texture": "#0"
				},
				"east": {
					"uv": [
						2.75,
						8,
						3.125,
						8.125
					],
					"texture": "#0"
				},
				"south": {
					"uv": [
						8.5,
						4,
						8.625,
						4.125
					],
					"texture": "#0"
				},
				"west": {
					"uv": [
						3.25,
						8,
						3.625,
						8.125
					],
					"texture": "#0"
				},
				"up": {
					"uv": [
						8.125,
						3.875,
						8,
						3.5
					],
					"texture": "#0"
				},
				"down": {
					"uv": [
						3.875,
						8,
						3.75,
						8.375
					],
					"texture": "#0"
				}
			}
		},
		{
			"from": [
				7.75996,
				1.7608,
				13.235
			],
			"to": [
				8.24004,
				2.0868,
				13.739
			],
			"rotation": {
				"angle": -22.5,
				"axis": "x",
				"origin": [
					8,
					1.8113,
					13.537
				]
			},
			"faces": {
				"north": {
					"uv": [
						4.25,
						8.5,
						4.375,
						8.625
					],
					"texture": "#0"
				},
				"east": {
					"uv": [
						8.5,
						4.25,
						8.625,
						4.375
					],
					"texture": "#0"
				},
				"south": {
					"uv": [
						4.5,
						8.5,
						4.625,
						8.625
					],
					"texture": "#0"
				},
				"west": {
					"uv": [
						8.5,
						4.5,
						8.625,
						4.625
					],
					"texture": "#0"
				},
				"up": {
					"uv": [
						4.875,
						8.625,
						4.75,
						8.5
					],
					"texture": "#0"
				},
				"down": {
					"uv": [
						8.625,
						4.75,
						8.5,
						4.875
					],
					"texture": "#0"
				}
			}
		},
		{
			"from": [
				7.505,
				0.41,
				19.4
			],
			"to": [
				8.495,
				1.18,
				23.58
			],
			"rotation": {
				"angle": 0,
				"axis": "y",
				"origin": [
					8,
					2.17,
					14.56
				]
			},
			"faces": {
				"north": {
					"uv": [
						7.75,
						1.5,
						8,
						1.75
					],
					"texture": "#0"
				},
				"east": {
					"uv": [
						0,
						4.75,
						1,
						5
					],
					"texture": "#0"
				},
				"south": {
					"uv": [
						1.75,
						7.75,
						2,
						8
					],
					"texture": "#0"
				},
				"west": {
					"uv": [
						6,
						3.25,
						7,
						3.5
					],
					"texture": "#0"
				},
				"up": {
					"uv": [
						1.5,
						7.25,
						1.25,
						6.25
					],
					"texture": "#0"
				},
				"down": {
					"uv": [
						6.5,
						1.25,
						6.25,
						2.25
					],
					"texture": "#0"
				}
			}
		},
		{
			"from": [
				7.505,
				2.005,
				15.22
			],
			"to": [
				8.495,
				3.6,
				23.58
			],
			"rotation": {
				"angle": 0,
				"axis": "y",
				"origin": [
					8,
					2.17,
					14.56
				]
			},
			"faces": {
				"north": {
					"uv": [
						4.25,
						7.25,
						4.5,
						7.625
					],
					"texture": "#0"
				},
				"east": {
					"uv": [
						2.75,
						1,
						4.875,
						1.375
					],
					"texture": "#0"
				},
				"south": {
					"uv": [
						5.75,
						7.25,
						6,
						7.625
					],
					"texture": "#0"
				},
				"west": {
					"uv": [
						2.75,
						1.5,
						4.875,
						1.875
					],
					"texture": "#0"
				},
				"up": {
					"uv": [
						3.75,
						5.875,
						3.5,
						3.75
					],
					"texture": "#0"
				},
				"down": {
					"uv": [
						4,
						3.75,
						3.75,
						5.875
					],
					"texture": "#0"
				}
			}
		},
		{
			"from": [
				7.395,
				-0.58,
				21.49
			],
			"to": [
				8.605,
				3.27,
				23.7
			],
			"rotation": {
				"angle": 0,
				"axis": "y",
				"origin": [
					8,
					2.17,
					14.56
				]
			},
			"faces": {
				"north": {
					"uv": [
						1.5,
						6.25,
						1.75,
						7.25
					],
					"texture": "#0"
				},
				"east": {
					"uv": [
						4,
						4,
						4.5,
						5
					],
					"texture": "#0"
				},
				"south": {
					"uv": [
						2.5,
						6.25,
						2.75,
						7.25
					],
					"texture": "#0"
				},
				"west": {
					"uv": [
						4.25,
						0,
						4.75,
						1
					],
					"texture": "#0"
				},
				"up": {
					"uv": [
						2.75,
						7.75,
						2.5,
						7.25
					],
					"texture": "#0"
				},
				"down": {
					"uv": [
						7.5,
						2.5,
						7.25,
						3
					],
					"texture": "#0"
				}
			}
		},
		{
			"from": [
				7.295,
				1.62,
				21.99
			],
			"to": [
				8.705,
				2.87,
				23.2
			],
			"rotation": {
				"angle": 0,
				"axis": "x",
				"origin": [
					8,
					2.345,
					22.895
				]
			},
			"faces": {
				"north": {
					"uv": [
						1,
						3.75,
						1.375,
						4.125
					],
					"texture": "#0"
				},
				"east": {
					"uv": [
						1,
						4.25,
						1.25,
						4.625
					],
					"texture": "#0"
				},
				"south": {
					"uv": [
						1.5,
						3.75,
						1.875,
						4.125
					],
					"texture": "#0"
				},
				"west": {
					"uv": [
						1.25,
						4.25,
						1.5,
						4.625
					],
					"texture": "#0"
				},
				"up": {
					"uv": [
						1.875,
						4.5,
						1.5,
						4.25
					],
					"texture": "#0"
				},
				"down": {
					"uv": [
						1.875,
						4.5,
						1.5,
						4.75
					],
					"texture": "#0"
				}
			}
		},
		{
			"from": [
				7.295,
				0.15223,
				22.10287
			],
			"to": [
				8.705,
				1.20223,
				23.11287
			],
			"rotation": {
				"angle": 0,
				"axis": "x",
				"origin": [
					8,
					0.57723,
					22.68287
				]
			},
			"faces": {
				"north": {
					"uv": [
						4.75,
						0,
						5.125,
						0.25
					],
					"texture": "#0"
				},
				"east": {
					"uv": [
						1,
						4.75,
						1.25,
						5
					],
					"texture": "#0"
				},
				"south": {
					"uv": [
						4.75,
						0.25,
						5.125,
						0.5
					],
					"texture": "#0"
				},
				"west": {
					"uv": [
						1.25,
						4.75,
						1.5,
						5
					],
					"texture": "#0"
				},
				"up": {
					"uv": [
						5.125,
						0.75,
						4.75,
						0.5
					],
					"texture": "#0"
				},
				"down": {
					"uv": [
						5.125,
						0.75,
						4.75,
						1
					],
					"texture": "#0"
				}
			}
		},
		{
			"from": [
				7.195,
				1.72,
				22.09
			],
			"to": [
				8.805,
				2.77,
				23.1
			],
			"rotation": {
				"angle": 0,
				"axis": "x",
				"origin": [
					8,
					2.345,
					22.895
				]
			},
			"faces": {
				"north": {
					"uv": [
						7.5,
						3.5,
						7.875,
						3.75
					],
					"texture": "#0"
				},
				"east": {
					"uv": [
						6.75,
						7.75,
						7,
						8
					],
					"texture": "#0"
				},
				"south": {
					"uv": [
						7.5,
						3.75,
						7.875,
						4
					],
					"texture": "#0"
				},
				"west": {
					"uv": [
						7,
						7.75,
						7.25,
						8
					],
					"texture": "#0"
				},
				"up": {
					"uv": [
						7.875,
						4.25,
						7.5,
						4
					],
					"texture": "#0"
				},
				"down": {
					"uv": [
						7.875,
						4.25,
						7.5,
						4.5
					],
					"texture": "#0"
				}
			}
		},
		{
			"from": [
				7.195,
				0.25223,
				22.20287
			],
			"to": [
				8.805,
				1.10223,
				23.01287
			],
			"rotation": {
				"angle": 0,
				"axis": "x",
				"origin": [
					8,
					0.57723,
					22.68287
				]
			},
			"faces": {
				"north": {
					"uv": [
						4.5,
						7.5,
						4.875,
						7.75
					],
					"texture": "#0"
				},
				"east": {
					"uv": [
						7.75,
						7.25,
						8,
						7.5
					],
					"texture": "#0"
				},
				"south": {
					"uv": [
						5,
						7.5,
						5.375,
						7.75
					],
					"texture": "#0"
				},
				"west": {
					"uv": [
						7.75,
						7.5,
						8,
						7.75
					],
					"texture": "#0"
				},
				"up": {
					"uv": [
						6.375,
						7.75,
						6,
						7.5
					],
					"texture": "#0"
				},
				"down": {
					"uv": [
						7.875,
						6.25,
						7.5,
						6.5
					],
					"texture": "#0"
				}
			}
		},
		{
			"from": [
				7.615,
				-0.91,
				21.38
			],
			"to": [
				8.385,
				-0.58,
				23.8
			],
			"rotation": {
				"angle": 0,
				"axis": "y",
				"origin": [
					8,
					2.17,
					14.56
				]
			},
			"faces": {
				"north": {
					"uv": [
						8.25,
						4.5,
						8.5,
						4.625
					],
					"texture": "#0"
				},
				"east": {
					"uv": [
						7.5,
						6.75,
						8.125,
						6.875
					],
					"texture": "#0"
				},
				"south": {
					"uv": [
						4.75,
						8.25,
						5,
						8.375
					],
					"texture": "#0"
				},
				"west": {
					"uv": [
						7.5,
						7,
						8.125,
						7.125
					],
					"texture": "#0"
				},
				"up": {
					"uv": [
						5,
						7.375,
						4.75,
						6.75
					],
					"texture": "#0"
				},
				"down": {
					"uv": [
						5.25,
						6.75,
						5,
						7.375
					],
					"texture": "#0"
				}
			}
		},
		{
			"from": [
				7.384,
				0.3,
				13.36
			],
			"to": [
				8.616,
				1.95,
				22.15
			],
			"rotation": {
				"angle": 22.5,
				"axis": "x",
				"origin": [
					8,
					1.345,
					19.565
				]
			},
			"faces": {
				"north": {
					"uv": [
						0.75,
						7.5,
						1,
						7.875
					],
					"texture": "#0"
				},
				"east": {
					"uv": [
						2,
						2,
						4.25,
						2.375
					],
					"texture": "#0"
				},
				"south": {
					"uv": [
						3.25,
						7.5,
						3.5,
						7.875
					],
					"texture": "#0"
				},
				"west": {
					"uv": [
						2,
						2.5,
						4.25,
						2.875
					],
					"texture": "#0"
				},
				"up": {
					"uv": [
						2.25,
						6,
						2,
						3.75
					],
					"texture": "#0"
				},
				"down": {
					"uv": [
						2.5,
						3.75,
						2.25,
						6
					],
					"texture": "#0"
				}
			}
		},
		{
			"from": [
				7.626,
				-0.03,
				15.77
			],
			"to": [
				8.418,
				0.3,
				22.1225
			],
			"rotation": {
				"angle": 22.5,
				"axis": "x",
				"origin": [
					8,
					1.345,
					19.565
				]
			},
			"faces": {
				"north": {
					"uv": [
						8.25,
						4.75,
						8.5,
						4.875
					],
					"texture": "#0"
				},
				"east": {
					"uv": [
						6.25,
						6,
						7.875,
						6.125
					],
					"texture": "#0"
				},
				"south": {
					"uv": [
						5,
						8.25,
						5.25,
						8.375
					],
					"texture": "#0"
				},
				"west": {
					"uv": [
						6.5,
						0.5,
						8.125,
						0.625
					],
					"texture": "#0"
				},
				"up": {
					"uv": [
						2,
						6.625,
						1.75,
						5
					],
					"texture": "#0"
				},
				"down": {
					"uv": [
						3.25,
						5,
						3,
						6.625
					],
					"texture": "#0"
				}
			}
		},
		{
			"from": [
				7.395,
				1.07,
				17.64
			],
			"to": [
				8.605,
				3.27,
				21.49
			],
			"rotation": {
				"angle": 0,
				"axis": "y",
				"origin": [
					8,
					2.17,
					14.56
				]
			},
			"faces": {
				"north": {
					"uv": [
						2.75,
						7.25,
						3,
						7.75
					],
					"texture": "#0"
				},
				"east": {
					"uv": [
						4.25,
						2,
						5.25,
						2.5
					],
					"texture": "#0"
				},
				"south": {
					"uv": [
						3,
						7.25,
						3.25,
						7.75
					],
					"texture": "#0"
				},
				"west": {
					"uv": [
						4.25,
						2.5,
						5.25,
						3
					],
					"texture": "#0"
				},
				"up": {
					"uv": [
						3,
						7.25,
						2.75,
						6.25
					],
					"texture": "#0"
				},
				"down": {
					"uv": [
						6.5,
						3.5,
						6.25,
						4.5
					],
					"texture": "#0"
				}
			}
		},
		{
			"from": [
				7.495,
				-0.88,
				23.565
			],
			"to": [
				8.505,
				3.57,
				24
			],
			"rotation": {
				"angle": 0,
				"axis": "y",
				"origin": [
					8,
					2.17,
					14.56
				]
			},
			"faces": {
				"north": {
					"uv": [
						1,
						5.5,
						1.25,
						6.625
					],
					"texture": "#0"
				},
				"east": {
					"uv": [
						0.5,
						7,
						0.625,
						8.125
					],
					"texture": "#0"
				},
				"south": {
					"uv": [
						5.25,
						6,
						5.5,
						7.125
					],
					"texture": "#0"
				},
				"west": {
					"uv": [
						7,
						2.25,
						7.125,
						3.375
					],
					"texture": "#0"
				},
				"up": {
					"uv": [
						8.5,
						5.125,
						8.25,
						5
					],
					"texture": "#0"
				},
				"down": {
					"uv": [
						8.5,
						5.25,
						8.25,
						5.375
					],
					"texture": "#0"
				}
			}
		}
	],
	"display": {
		"thirdperson_righthand": {
			"translation": [
				0,
				5.75,
				-4.25
			],
			"scale": [
				1.12,
				1.12,
				1.12
			]
		},
		"thirdperson_lefthand": {
			"translation": [
				0,
				5.75,
				-4.25
			],
			"scale": [
				-1.12,
				1.12,
				1.12
			]
		},
		"firstperson_righthand": {
			"translation": [
				-2.5,
				10,
				-1.5
			],
			"scale": [
				1.26,
				1.26,
				1.26
			]
		},
		"firstperson_lefthand": {
			"translation": [
				-2.25,
				10,
				-1.5
			],
			"scale": [
				-1.26,
				1.26,
				1.26
			]
		},
		"ground": {
			"translation": [
				0,
				6.75,
				0
			]
		},
		"gui": {
			"rotation": [
				-167.94,
				-25.19,
				179.86
			],
			"translation": [
				-0.5,
				4.75,
				-1
			],
			"scale": [
				0.95,
				0.95,
				0.95
			]
		},
		"fixed": {
			"rotation": [
				0,
				89.25,
				0
			],
			"translation": [
				1.5,
				6.25,
				-1
			],
			"scale": [
				1.38,
				1.38,
				1.38
			]
		}
	}
}