{
	"credit": "Made with Blockbench",
	"texture_size": [
		32,
		32
	],
	"textures": {
		"0": "scguns_laf:item/soul_drummer_texture",
		"particle": "scguns_laf:item/soul_drummer_texture"
	},
	"elements": [
		{
			"from": [
				7,
				2.8,
				10.1
			],
			"to": [
				9,
				4.5,
				13.25
			],
			"rotation": {
				"angle": 0,
				"axis": "y",
				"origin": [
					0,
					0.2,
					4.5
				]
			},
			"faces": {
				"north": {
					"uv": [
						12.5,
						1,
						13.5,
						1.75
					],
					"texture": "#0"
				},
				"east": {
					"uv": [
						11,
						0,
						12.5,
						0.75
					],
					"texture": "#0"
				},
				"south": {
					"uv": [
						12.5,
						2,
						13.5,
						2.75
					],
					"texture": "#0"
				},
				"west": {
					"uv": [
						11,
						4,
						12.5,
						4.75
					],
					"texture": "#0"
				},
				"up": {
					"uv": [
						10.5,
						9.5,
						9.5,
						8
					],
					"texture": "#0"
				},
				"down": {
					"uv": [
						10.5,
						9.5,
						9.5,
						11
					],
					"texture": "#0"
				}
			}
		},
		{
			"from": [
				7.75,
				2.5,
				9.55
			],
			"to": [
				8.25,
				2.8,
				13.1
			],
			"rotation": {
				"angle": 0,
				"axis": "y",
				"origin": [
					0,
					0.2,
					4.5
				]
			},
			"faces": {
				"north": {
					"uv": [
						14,
						11.5,
						14.25,
						11.75
					],
					"texture": "#0"
				},
				"east": {
					"uv": [
						13.5,
						1.5,
						15.25,
						1.75
					],
					"texture": "#0"
				},
				"south": {
					"uv": [
						12,
						14,
						12.25,
						14.25
					],
					"texture": "#0"
				},
				"west": {
					"uv": [
						2,
						13.5,
						3.75,
						13.75
					],
					"texture": "#0"
				},
				"up": {
					"uv": [
						9.75,
						14.25,
						9.5,
						12.5
					],
					"texture": "#0"
				},
				"down": {
					"uv": [
						7.75,
						13,
						7.5,
						14.75
					],
					"texture": "#0"
				}
			}
		},
		{
			"from": [
				7.75,
				4.7,
				2.8
			],
			"to": [
				8.25,
				5.2,
				4
			],
			"rotation": {
				"angle": 0,
				"axis": "y",
				"origin": [
					0,
					-0.3,
					4.5
				]
			},
			"faces": {
				"north": {
					"uv": [
						14,
						12,
						14.25,
						12.25
					],
					"texture": "#0"
				},
				"east": {
					"uv": [
						14,
						4,
						14.5,
						4.25
					],
					"texture": "#0"
				},
				"south": {
					"uv": [
						12.5,
						14,
						12.75,
						14.25
					],
					"texture": "#0"
				},
				"west": {
					"uv": [
						14,
						4.5,
						14.5,
						4.75
					],
					"texture": "#0"
				},
				"up": {
					"uv": [
						14.25,
						5.5,
						14,
						5
					],
					"texture": "#0"
				},
				"down": {
					"uv": [
						14.25,
						5.5,
						14,
						6
					],
					"texture": "#0"
				}
			}
		},
		{
			"from": [
				7.65,
				4.95,
				13.3
			],
			"to": [
				8.35,
				5.45,
				14.5
			],
			"rotation": {
				"angle": 0,
				"axis": "y",
				"origin": [
					0,
					0.2,
					4.5
				]
			},
			"faces": {
				"north": {
					"uv": [
						14.5,
						4.5,
						14.75,
						4.75
					],
					"texture": "#0"
				},
				"east": {
					"uv": [
						10.5,
						14,
						11,
						14.25
					],
					"texture": "#0"
				},
				"south": {
					"uv": [
						5,
						14.5,
						5.25,
						14.75
					],
					"texture": "#0"
				},
				"west": {
					"uv": [
						11,
						14,
						11.5,
						14.25
					],
					"texture": "#0"
				},
				"up": {
					"uv": [
						14.25,
						11.5,
						14,
						11
					],
					"texture": "#0"
				},
				"down": {
					"uv": [
						11.75,
						14,
						11.5,
						14.5
					],
					"texture": "#0"
				}
			}
		},
		{
			"from": [
				7.7,
				5.45,
				13.75
			],
			"to": [
				7.9,
				5.7,
				14.25
			],
			"rotation": {
				"angle": 0,
				"axis": "y",
				"origin": [
					0,
					0.2,
					4.5
				]
			},
			"faces": {
				"north": {
					"uv": [
						13,
						14,
						13.25,
						14.25
					],
					"texture": "#0"
				},
				"east": {
					"uv": [
						13.5,
						14,
						13.75,
						14.25
					],
					"texture": "#0"
				},
				"south": {
					"uv": [
						14,
						13.5,
						14.25,
						13.75
					],
					"texture": "#0"
				},
				"west": {
					"uv": [
						14,
						14,
						14.25,
						14.25
					],
					"texture": "#0"
				},
				"up": {
					"uv": [
						0.25,
						14.75,
						0,
						14.5
					],
					"texture": "#0"
				},
				"down": {
					"uv": [
						14.75,
						0,
						14.5,
						0.25
					],
					"texture": "#0"
				}
			}
		},
		{
			"from": [
				8.1,
				5.45,
				13.75
			],
			"to": [
				8.3,
				5.7,
				14.25
			],
			"rotation": {
				"angle": 0,
				"axis": "y",
				"origin": [
					0,
					0.2,
					4.5
				]
			},
			"faces": {
				"north": {
					"uv": [
						13,
						14,
						13.25,
						14.25
					],
					"texture": "#0"
				},
				"east": {
					"uv": [
						13.5,
						14,
						13.75,
						14.25
					],
					"texture": "#0"
				},
				"south": {
					"uv": [
						14,
						13.5,
						14.25,
						13.75
					],
					"texture": "#0"
				},
				"west": {
					"uv": [
						14,
						14,
						14.25,
						14.25
					],
					"texture": "#0"
				},
				"up": {
					"uv": [
						0.25,
						14.75,
						0,
						14.5
					],
					"texture": "#0"
				},
				"down": {
					"uv": [
						14.75,
						0,
						14.5,
						0.25
					],
					"texture": "#0"
				}
			}
		},
		{
			"from": [
				7.925,
				5.2,
				3.25
			],
			"to": [
				8.075,
				5.45,
				3.75
			],
			"rotation": {
				"angle": 0,
				"axis": "y",
				"origin": [
					0,
					-0.3,
					4.5
				]
			},
			"faces": {
				"north": {
					"uv": [
						14.5,
						3,
						14.75,
						3.25
					],
					"texture": "#0"
				},
				"east": {
					"uv": [
						3.5,
						14.5,
						3.75,
						14.75
					],
					"texture": "#0"
				},
				"south": {
					"uv": [
						14.5,
						3.5,
						14.75,
						3.75
					],
					"texture": "#0"
				},
				"west": {
					"uv": [
						4,
						14.5,
						4.25,
						14.75
					],
					"texture": "#0"
				},
				"up": {
					"uv": [
						14.75,
						4.25,
						14.5,
						4
					],
					"texture": "#0"
				},
				"down": {
					"uv": [
						4.75,
						14.5,
						4.5,
						14.75
					],
					"texture": "#0"
				}
			}
		},
		{
			"from": [
				7,
				2.95,
				13.25
			],
			"to": [
				9,
				4.7,
				16.5
			],
			"rotation": {
				"angle": 0,
				"axis": "y",
				"origin": [
					0,
					0.2,
					4.5
				]
			},
			"faces": {
				"north": {
					"uv": [
						8,
						11,
						9,
						12
					],
					"texture": "#0"
				},
				"east": {
					"uv": [
						9.5,
						3,
						11.25,
						4
					],
					"texture": "#0"
				},
				"south": {
					"uv": [
						9,
						11,
						10,
						12
					],
					"texture": "#0"
				},
				"west": {
					"uv": [
						4,
						9.5,
						5.75,
						10.5
					],
					"texture": "#0"
				},
				"up": {
					"uv": [
						7,
						11.25,
						6,
						9.5
					],
					"texture": "#0"
				},
				"down": {
					"uv": [
						8,
						9.5,
						7,
						11.25
					],
					"texture": "#0"
				}
			}
		},
		{
			"from": [
				6.75,
				3.05,
				10.25
			],
			"to": [
				9.25,
				5.3,
				14
			],
			"rotation": {
				"angle": 0,
				"axis": "y",
				"origin": [
					0,
					0.45,
					-0.5
				]
			},
			"faces": {
				"north": {
					"uv": [
						3.5,
						10.5,
						4.75,
						11.5
					],
					"texture": "#0"
				},
				"east": {
					"uv": [
						9,
						0,
						11,
						1
					],
					"texture": "#0"
				},
				"south": {
					"uv": [
						10.5,
						8,
						11.75,
						9
					],
					"texture": "#0",
					"cullface": "south"
				},
				"west": {
					"uv": [
						1,
						9,
						3,
						10
					],
					"texture": "#0"
				},
				"up": {
					"uv": [
						5.25,
						9,
						4,
						7
					],
					"texture": "#0"
				},
				"down": {
					"uv": [
						8.25,
						5,
						7,
						7
					],
					"texture": "#0"
				}
			}
		},
		{
			"from": [
				7.45,
				2.25,
				9.05
			],
			"to": [
				8.65,
				2.5,
				13.05
			],
			"rotation": {
				"angle": 0,
				"axis": "y",
				"origin": [
					8.25,
					2.20625,
					6
				]
			},
			"faces": {
				"north": {
					"uv": [
						6,
						14,
						6.5,
						14.25
					],
					"texture": "#0"
				},
				"east": {
					"uv": [
						4.5,
						13,
						6.5,
						13.25
					],
					"texture": "#0"
				},
				"south": {
					"uv": [
						6.5,
						14,
						7,
						14.25
					],
					"texture": "#0",
					"cullface": "down"
				},
				"west": {
					"uv": [
						13.5,
						1,
						15.5,
						1.25
					],
					"texture": "#0"
				},
				"up": {
					"uv": [
						2.5,
						13,
						2,
						11
					],
					"texture": "#0"
				},
				"down": {
					"uv": [
						10.5,
						11,
						10,
						13
					],
					"texture": "#0"
				}
			}
		},
		{
			"from": [
				7.25,
				1.75,
				12.85
			],
			"to": [
				8.85,
				2.8,
				13.2
			],
			"rotation": {
				"angle": 0,
				"axis": "y",
				"origin": [
					8.25,
					2.20625,
					6
				]
			},
			"faces": {
				"north": {
					"uv": [
						13.5,
						3.5,
						14.25,
						4
					],
					"texture": "#0"
				},
				"east": {
					"uv": [
						14,
						8.5,
						14.25,
						9
					],
					"texture": "#0"
				},
				"south": {
					"uv": [
						4,
						13.5,
						4.75,
						14
					],
					"texture": "#0",
					"cullface": "down"
				},
				"west": {
					"uv": [
						14,
						9.5,
						14.25,
						10
					],
					"texture": "#0"
				},
				"up": {
					"uv": [
						14.25,
						12.75,
						13.5,
						12.5
					],
					"texture": "#0"
				},
				"down": {
					"uv": [
						13.75,
						13.5,
						13,
						13.75
					],
					"texture": "#0"
				}
			}
		},
		{
			"from": [
				7.55,
				1.75,
				13.2
			],
			"to": [
				8.55,
				2.2,
				14.65
			],
			"rotation": {
				"angle": 0,
				"axis": "y",
				"origin": [
					8.25,
					2.20625,
					6
				]
			},
			"faces": {
				"north": {
					"uv": [
						10,
						14,
						10.5,
						14.25
					],
					"texture": "#0"
				},
				"east": {
					"uv": [
						13.5,
						13,
						14.25,
						13.25
					],
					"texture": "#0"
				},
				"south": {
					"uv": [
						14,
						10,
						14.5,
						10.25
					],
					"texture": "#0",
					"cullface": "down"
				},
				"west": {
					"uv": [
						0,
						14,
						0.75,
						14.25
					],
					"texture": "#0"
				},
				"up": {
					"uv": [
						10.5,
						13.75,
						10,
						13
					],
					"texture": "#0"
				},
				"down": {
					"uv": [
						5.5,
						13.5,
						5,
						14.25
					],
					"texture": "#0"
				}
			}
		},
		{
			"from": [
				7.4,
				2.6,
				8.6
			],
			"to": [
				8.7,
				3.35,
				10
			],
			"rotation": {
				"angle": 0,
				"axis": "y",
				"origin": [
					8.25,
					3.30625,
					6
				]
			},
			"faces": {
				"north": {
					"uv": [
						0,
						13.5,
						0.75,
						14
					],
					"texture": "#0"
				},
				"east": {
					"uv": [
						10.5,
						2.5,
						11.5,
						3
					],
					"texture": "#0"
				},
				"south": {
					"uv": [
						13.5,
						2,
						14.25,
						2.5
					],
					"texture": "#0"
				},
				"west": {
					"uv": [
						6.5,
						13,
						7.5,
						13.5
					],
					"texture": "#0"
				},
				"up": {
					"uv": [
						13.25,
						4,
						12.5,
						3
					],
					"texture": "#0"
				},
				"down": {
					"uv": [
						4.25,
						12.5,
						3.5,
						13.5
					],
					"texture": "#0"
				}
			}
		},
		{
			"from": [
				6.45,
				3.85,
				7.5
			],
			"to": [
				9.45,
				4.9,
				10.25
			],
			"rotation": {
				"angle": 0,
				"axis": "y",
				"origin": [
					8.25,
					1.70625,
					6
				]
			},
			"faces": {
				"north": {
					"uv": [
						6,
						1,
						7.5,
						1.5
					],
					"texture": "#0"
				},
				"east": {
					"uv": [
						4,
						9,
						5.5,
						9.5
					],
					"texture": "#0"
				},
				"south": {
					"uv": [
						12.5,
						4,
						14,
						4.5
					],
					"texture": "#0"
				},
				"west": {
					"uv": [
						12.5,
						4.5,
						14,
						5
					],
					"texture": "#0"
				},
				"up": {
					"uv": [
						8.5,
						8.5,
						7,
						7
					],
					"texture": "#0"
				},
				"down": {
					"uv": [
						1.5,
						7.5,
						0,
						9
					],
					"texture": "#0"
				}
			}
		},
		{
			"from": [
				7.5,
				4.2,
				12.75
			],
			"to": [
				8.5,
				5.2,
				16.3
			],
			"rotation": {
				"angle": 0,
				"axis": "y",
				"origin": [
					0.25,
					0.5,
					-0.25
				]
			},
			"faces": {
				"north": {
					"uv": [
						11.5,
						7.5,
						12,
						8
					],
					"texture": "#0"
				},
				"east": {
					"uv": [
						12.5,
						0,
						14.25,
						0.5
					],
					"texture": "#0"
				},
				"south": {
					"uv": [
						2,
						13,
						2.5,
						13.5
					],
					"texture": "#0"
				},
				"west": {
					"uv": [
						12.5,
						0.5,
						14.25,
						1
					],
					"texture": "#0"
				},
				"up": {
					"uv": [
						11.5,
						13.75,
						11,
						12
					],
					"texture": "#0"
				},
				"down": {
					"uv": [
						1.5,
						12.5,
						1,
						14.25
					],
					"texture": "#0"
				}
			}
		},
		{
			"from": [
				6.66289,
				-2.03888,
				7.98889
			],
			"to": [
				9.22417,
				3.8344,
				9.62281
			],
			"rotation": {
				"angle": 0,
				"axis": "y",
				"origin": [
					7.87448,
					1.08362,
					8.8191
				]
			},
			"faces": {
				"north": {
					"uv": [
						3,
						1.5,
						4.25,
						4.5
					],
					"texture": "#0"
				},
				"east": {
					"uv": [
						8.5,
						8,
						9.25,
						11
					],
					"texture": "#0"
				},
				"south": {
					"uv": [
						0,
						4.5,
						1.25,
						7.5
					],
					"texture": "#0"
				},
				"west": {
					"uv": [
						0,
						9,
						0.75,
						12
					],
					"texture": "#0"
				},
				"up": {
					"uv": [
						5.75,
						12.75,
						4.5,
						12
					],
					"texture": "#0"
				},
				"down": {
					"uv": [
						13.25,
						7.5,
						12,
						8.25
					],
					"texture": "#0"
				}
			}
		},
		{
			"from": [
				6.66289,
				-2.03888,
				9.57865
			],
			"to": [
				9.22417,
				3.8344,
				9.71113
			],
			"rotation": {
				"angle": 0,
				"axis": "y",
				"origin": [
					7.87448,
					1.08362,
					8.8191
				]
			},
			"faces": {
				"north": {
					"uv": [
						4.5,
						3,
						5.75,
						6
					],
					"texture": "#0"
				},
				"east": {
					"uv": [
						1.5,
						12.5,
						1.75,
						15.5
					],
					"texture": "#0"
				},
				"south": {
					"uv": [
						1.5,
						6,
						2.75,
						9
					],
					"texture": "#0"
				},
				"west": {
					"uv": [
						8,
						12.5,
						8.25,
						15.5
					],
					"texture": "#0"
				},
				"up": {
					"uv": [
						14.75,
						6.75,
						13.5,
						6.5
					],
					"texture": "#0"
				},
				"down": {
					"uv": [
						14.75,
						7.5,
						13.5,
						7.75
					],
					"texture": "#0"
				}
			}
		},
		{
			"from": [
				4.99688,
				-0.14566,
				8.01539
			],
			"to": [
				11.0468,
				2.06234,
				9.64931
			],
			"rotation": {
				"angle": -45,
				"axis": "z",
				"origin": [
					7.87448,
					1.08362,
					8.8191
				]
			},
			"faces": {
				"north": {
					"uv": [
						6,
						0,
						9,
						1
					],
					"texture": "#0"
				},
				"east": {
					"uv": [
						12.5,
						5,
						13.25,
						6
					],
					"texture": "#0"
				},
				"south": {
					"uv": [
						3,
						6,
						6,
						7
					],
					"texture": "#0"
				},
				"west": {
					"uv": [
						12.5,
						6,
						13.25,
						7
					],
					"texture": "#0"
				},
				"up": {
					"uv": [
						11.5,
						6.75,
						8.5,
						6
					],
					"texture": "#0"
				},
				"down": {
					"uv": [
						11.5,
						7,
						8.5,
						7.75
					],
					"texture": "#0"
				}
			}
		},
		{
			"from": [
				4.99688,
				-0.42502,
				7.99773
			],
			"to": [
				10.87016,
				2.22458,
				9.54333
			],
			"rotation": {
				"angle": 0,
				"axis": "y",
				"origin": [
					7.87448,
					1.08362,
					8.8191
				]
			},
			"faces": {
				"north": {
					"uv": [
						0,
						0,
						3,
						1.25
					],
					"texture": "#0"
				},
				"east": {
					"uv": [
						7,
						11.5,
						7.75,
						12.75
					],
					"texture": "#0"
				},
				"south": {
					"uv": [
						0,
						1.5,
						3,
						2.75
					],
					"texture": "#0"
				},
				"west": {
					"uv": [
						11.5,
						11,
						12.25,
						12.25
					],
					"texture": "#0"
				},
				"up": {
					"uv": [
						10.5,
						1.75,
						7.5,
						1
					],
					"texture": "#0"
				},
				"down": {
					"uv": [
						10.5,
						2,
						7.5,
						2.75
					],
					"texture": "#0"
				}
			}
		},
		{
			"from": [
				4.99688,
				-0.42502,
				9.55696
			],
			"to": [
				10.87016,
				2.22458,
				9.68944
			],
			"rotation": {
				"angle": 0,
				"axis": "y",
				"origin": [
					7.87448,
					1.08362,
					8.8191
				]
			},
			"faces": {
				"north": {
					"uv": [
						1.5,
						4.5,
						4.5,
						5.75
					],
					"texture": "#0"
				},
				"east": {
					"uv": [
						7,
						13.5,
						7.25,
						14.75
					],
					"texture": "#0"
				},
				"south": {
					"uv": [
						4.5,
						1.5,
						7.5,
						2.75
					],
					"texture": "#0"
				},
				"west": {
					"uv": [
						8.5,
						13.5,
						8.75,
						14.75
					],
					"texture": "#0"
				},
				"up": {
					"uv": [
						15.5,
						7.25,
						12.5,
						7
					],
					"texture": "#0"
				},
				"down": {
					"uv": [
						15.5,
						9,
						12.5,
						9.25
					],
					"texture": "#0"
				}
			}
		},
		{
			"from": [
				4.80256,
				-0.29821,
				8.00656
			],
			"to": [
				10.80832,
				2.08643,
				9.64048
			],
			"rotation": {
				"angle": 45,
				"axis": "z",
				"origin": [
					7.87448,
					1.08362,
					8.8191
				]
			},
			"faces": {
				"north": {
					"uv": [
						0,
						3,
						3,
						4.25
					],
					"texture": "#0"
				},
				"east": {
					"uv": [
						0,
						12,
						0.75,
						13.25
					],
					"texture": "#0"
				},
				"south": {
					"uv": [
						3,
						0,
						6,
						1.25
					],
					"texture": "#0"
				},
				"west": {
					"uv": [
						2.5,
						12,
						3.25,
						13.25
					],
					"texture": "#0"
				},
				"up": {
					"uv": [
						11.5,
						5.75,
						8.5,
						5
					],
					"texture": "#0"
				},
				"down": {
					"uv": [
						8.5,
						8.5,
						5.5,
						9.25
					],
					"texture": "#0"
				}
			}
		},
		{
			"from": [
				7.35,
				0.025,
				14.475
			],
			"to": [
				8.65,
				2.475,
				15.475
			],
			"rotation": {
				"angle": -22.5,
				"axis": "x",
				"origin": [
					8,
					1.7,
					15.125
				]
			},
			"faces": {
				"north": {
					"uv": [
						6,
						11.5,
						6.75,
						12.75
					],
					"texture": "#0"
				},
				"east": {
					"uv": [
						5.5,
						7,
						6,
						8.25
					],
					"texture": "#0"
				},
				"south": {
					"uv": [
						11.5,
						6,
						12.25,
						7.25
					],
					"texture": "#0",
					"cullface": "south"
				},
				"west": {
					"uv": [
						8,
						9.5,
						8.5,
						10.75
					],
					"texture": "#0"
				},
				"up": {
					"uv": [
						14.25,
						3,
						13.5,
						2.5
					],
					"texture": "#0"
				},
				"down": {
					"uv": [
						14.25,
						3,
						13.5,
						3.5
					],
					"texture": "#0",
					"cullface": "down"
				}
			}
		},
		{
			"from": [
				7.351,
				2.025,
				13.975
			],
			"to": [
				8.651,
				3.475,
				14.975
			],
			"rotation": {
				"angle": 45,
				"axis": "x",
				"origin": [
					8,
					1.7,
					15.125
				]
			},
			"faces": {
				"north": {
					"uv": [
						8.5,
						12.5,
						9.25,
						13.25
					],
					"texture": "#0"
				},
				"east": {
					"uv": [
						13.5,
						5,
						14,
						5.75
					],
					"texture": "#0"
				},
				"south": {
					"uv": [
						12.5,
						9.5,
						13.25,
						10.25
					],
					"texture": "#0",
					"cullface": "south"
				},
				"west": {
					"uv": [
						5.5,
						13.5,
						6,
						14.25
					],
					"texture": "#0"
				},
				"up": {
					"uv": [
						6.75,
						14,
						6,
						13.5
					],
					"texture": "#0"
				},
				"down": {
					"uv": [
						14.25,
						6,
						13.5,
						6.5
					],
					"texture": "#0",
					"cullface": "down"
				}
			}
		},
		{
			"from": [
				7.45,
				2.175,
				14.125
			],
			"to": [
				8.55,
				3.075,
				15.125
			],
			"rotation": {
				"angle": 0,
				"axis": "y",
				"origin": [
					8,
					1.7,
					15.125
				]
			},
			"faces": {
				"north": {
					"uv": [
						13.5,
						11,
						14,
						11.5
					],
					"texture": "#0"
				},
				"east": {
					"uv": [
						11.5,
						13.5,
						12,
						14
					],
					"texture": "#0"
				},
				"south": {
					"uv": [
						13.5,
						11.5,
						14,
						12
					],
					"texture": "#0",
					"cullface": "south"
				},
				"west": {
					"uv": [
						12,
						13.5,
						12.5,
						14
					],
					"texture": "#0"
				},
				"up": {
					"uv": [
						14,
						12.5,
						13.5,
						12
					],
					"texture": "#0"
				},
				"down": {
					"uv": [
						13,
						13.5,
						12.5,
						14
					],
					"texture": "#0",
					"cullface": "down"
				}
			}
		},
		{
			"from": [
				7.75,
				2.5,
				13.75
			],
			"to": [
				8.25,
				3,
				14.25
			],
			"rotation": {
				"angle": 0,
				"axis": "y",
				"origin": [
					0,
					-2.3,
					8.5
				]
			},
			"faces": {
				"north": {
					"uv": [
						0.5,
						14.5,
						0.75,
						14.75
					],
					"texture": "#0"
				},
				"east": {
					"uv": [
						14.5,
						0.5,
						14.75,
						0.75
					],
					"texture": "#0"
				},
				"south": {
					"uv": [
						1,
						14.5,
						1.25,
						14.75
					],
					"texture": "#0"
				},
				"west": {
					"uv": [
						14.5,
						2,
						14.75,
						2.25
					],
					"texture": "#0"
				},
				"up": {
					"uv": [
						14.75,
						2.75,
						14.5,
						2.5
					],
					"texture": "#0"
				},
				"down": {
					"uv": [
						3.25,
						14.5,
						3,
						14.75
					],
					"texture": "#0"
				}
			}
		},
		{
			"from": [
				7.075,
				3.453,
				7.06
			],
			"to": [
				8.925,
				5.303,
				7.63
			],
			"rotation": {
				"angle": 0,
				"axis": "y",
				"origin": [
					0.48,
					0,
					0.48
				]
			},
			"faces": {
				"north": {
					"uv": [
						10.5,
						11,
						11.5,
						12
					],
					"texture": "#0"
				},
				"east": {
					"uv": [
						9,
						13.5,
						9.25,
						14.5
					],
					"texture": "#0"
				},
				"south": {
					"uv": [
						11.5,
						1,
						12.5,
						2
					],
					"texture": "#0"
				},
				"west": {
					"uv": [
						13.5,
						9.5,
						13.75,
						10.5
					],
					"texture": "#0"
				},
				"up": {
					"uv": [
						14.5,
						8.25,
						13.5,
						8
					],
					"texture": "#0"
				},
				"down": {
					"uv": [
						14.5,
						10.5,
						13.5,
						10.75
					],
					"texture": "#0"
				}
			}
		},
		{
			"from": [
				7.275,
				3.653,
				2.56
			],
			"to": [
				8.725,
				5.103,
				3.13
			],
			"rotation": {
				"angle": 0,
				"axis": "y",
				"origin": [
					0.48,
					0,
					0.48
				]
			},
			"faces": {
				"north": {
					"uv": [
						12.5,
						11.5,
						13.25,
						12.25
					],
					"texture": "#0"
				},
				"east": {
					"uv": [
						2,
						14,
						2.25,
						14.75
					],
					"texture": "#0"
				},
				"south": {
					"uv": [
						12.5,
						12.5,
						13.25,
						13.25
					],
					"texture": "#0"
				},
				"west": {
					"uv": [
						2.5,
						14,
						2.75,
						14.75
					],
					"texture": "#0"
				},
				"up": {
					"uv": [
						3.75,
						14.25,
						3,
						14
					],
					"texture": "#0"
				},
				"down": {
					"uv": [
						4.75,
						14,
						4,
						14.25
					],
					"texture": "#0"
				}
			}
		},
		{
			"from": [
				7.06,
				3.288,
				7.49
			],
			"to": [
				8.94,
				5.168,
				10.262
			],
			"rotation": {
				"angle": 0,
				"axis": "y",
				"origin": [
					0.48,
					0,
					0.48
				]
			},
			"faces": {
				"north": {
					"uv": [
						11.5,
						2,
						12.5,
						3
					],
					"texture": "#0"
				},
				"east": {
					"uv": [
						9.5,
						4,
						11,
						5
					],
					"texture": "#0"
				},
				"south": {
					"uv": [
						11.5,
						3,
						12.5,
						4
					],
					"texture": "#0"
				},
				"west": {
					"uv": [
						1,
						10,
						2.5,
						11
					],
					"texture": "#0"
				},
				"up": {
					"uv": [
						11.5,
						2.5,
						10.5,
						1
					],
					"texture": "#0"
				},
				"down": {
					"uv": [
						3.5,
						10.5,
						2.5,
						12
					],
					"texture": "#0"
				}
			}
		},
		{
			"from": [
				7.36,
				3.638,
				3.09
			],
			"to": [
				8.64,
				4.918,
				10.262
			],
			"rotation": {
				"angle": 0,
				"axis": "y",
				"origin": [
					0.48,
					0,
					0.48
				]
			},
			"faces": {
				"north": {
					"uv": [
						12.5,
						10.5,
						13.25,
						11.25
					],
					"texture": "#0"
				},
				"east": {
					"uv": [
						6,
						3,
						9.5,
						3.75
					],
					"texture": "#0"
				},
				"south": {
					"uv": [
						11.5,
						12.5,
						12.25,
						13.25
					],
					"texture": "#0"
				},
				"west": {
					"uv": [
						6,
						4,
						9.5,
						4.75
					],
					"texture": "#0"
				},
				"up": {
					"uv": [
						6.75,
						8.5,
						6,
						5
					],
					"texture": "#0"
				},
				"down": {
					"uv": [
						3.75,
						7,
						3,
						10.5
					],
					"texture": "#0"
				}
			}
		},
		{
			"from": [
				6.96,
				1.838,
				7.59
			],
			"to": [
				9.04,
				3.818,
				10.062
			],
			"rotation": {
				"angle": 0,
				"axis": "y",
				"origin": [
					0.48,
					0,
					0.48
				]
			},
			"faces": {
				"north": {
					"uv": [
						3.5,
						11.5,
						4.5,
						12.5
					],
					"texture": "#0"
				},
				"east": {
					"uv": [
						10.5,
						9,
						11.75,
						10
					],
					"texture": "#0"
				},
				"south": {
					"uv": [
						11.5,
						5,
						12.5,
						6
					],
					"texture": "#0"
				},
				"west": {
					"uv": [
						10.5,
						10,
						11.75,
						11
					],
					"texture": "#0"
				},
				"up": {
					"uv": [
						6,
						11.75,
						5,
						10.5
					],
					"texture": "#0"
				},
				"down": {
					"uv": [
						2,
						11,
						1,
						12.25
					],
					"texture": "#0"
				}
			}
		}
	],
	"groups": [
		0,
		1,
		2,
		3,
		4,
		5,
		6,
		7,
		8,
		{
			"name": "group",
			"origin": [
				8,
				1.93452,
				13.74784
			],
			"color": 0,
			"children": [
				9,
				10,
				11,
				12,
				13,
				14,
				{
					"name": "group",
					"origin": [
						0,
						0,
						0
					],
					"color": 0,
					"children": [
						15,
						16,
						17,
						18,
						19,
						20
					]
				}
			]
		},
		21,
		22,
		23,
		24,
		25,
		26,
		27,
		28,
		29,
		{
			"name": "group",
			"origin": [
				0,
				0,
				0
			],
			"color": 0,
			"children": []
		}
	],
	"display": {
		"thirdperson_righthand": {
			"translation": [
				0,
				5,
				-5
			]
		},
		"thirdperson_lefthand": {
			"translation": [
				0,
				5,
				-5
			],
			"scale": [
				-1,
				1,
				1
			]
		},
		"firstperson_righthand": {
			"translation": [
				-3.75,
				9.5,
				-0.5
			],
			"scale": [
				1,
				1,
				0.88
			]
		},
		"firstperson_lefthand": {
			"translation": [
				-3.75,
				9.5,
				-0.5
			],
			"scale": [
				-1,
				1,
				0.88
			]
		},
		"ground": {
			"translation": [
				0,
				6,
				-1
			]
		},
		"gui": {
			"rotation": [
				20,
				-150,
				0
			],
			"translation": [
				1.25,
				5.25,
				-1
			],
			"scale": [
				1.2,
				1.2,
				1.2
			]
		},
		"fixed": {
			"rotation": [
				0,
				90,
				0
			],
			"translation": [
				-3,
				9.25,
				-2.75
			],
			"scale": [
				1.59,
				1.59,
				1.59
			]
		}
	}
}