{
	"credit": "Made with Blockbench",
	"texture_size": [
		64,
		64
	],
	"textures": {
		"1": "scguns_laf:item/new_spitfire_texture",
		"particle": "scguns_laf:item/new_spitfire_texture"
	},
	"elements": [
		{
			"from": [
				7,
				2.5,
				3.5
			],
			"to": [
				9,
				4.5,
				9.25
			],
			"rotation": {
				"angle": 0,
				"axis": "y",
				"origin": [
					0,
					-0.05,
					-0.5
				]
			},
			"faces": {
				"east": {
					"uv": [
						0,
						2.5,
						1.5,
						3
					],
					"texture": "#1"
				},
				"west": {
					"uv": [
						2.75,
						0,
						4.25,
						0.5
					],
					"texture": "#1"
				},
				"up": {
					"uv": [
						2,
						4.25,
						1.5,
						2.75
					],
					"texture": "#1"
				},
				"down": {
					"uv": [
						2.5,
						2.75,
						2,
						4.25
					],
					"texture": "#1"
				}
			}
		},
		{
			"from": [
				6.75,
				0.7,
				11.25
			],
			"to": [
				9.25,
				2.95,
				16
			],
			"rotation": {
				"angle": 0,
				"axis": "y",
				"origin": [
					0,
					-0.05,
					-0.5
				]
			},
			"faces": {
				"north": {
					"uv": [
						6.5,
						1,
						7.125,
						1.625
					],
					"texture": "#1"
				},
				"east": {
					"uv": [
						1.5,
						0,
						2.75,
						0.625
					],
					"texture": "#1"
				},
				"south": {
					"uv": [
						2,
						6.5,
						2.625,
						7.125
					],
					"texture": "#1",
					"cullface": "south"
				},
				"west": {
					"uv": [
						1.5,
						0.75,
						2.75,
						1.375
					],
					"texture": "#1"
				},
				"up": {
					"uv": [
						2.125,
						2.75,
						1.5,
						1.5
					],
					"texture": "#1"
				},
				"down": {
					"uv": [
						2.875,
						1.5,
						2.25,
						2.75
					],
					"texture": "#1"
				}
			}
		},
		{
			"from": [
				10,
				3.5,
				10.5
			],
			"to": [
				10.5,
				8.25,
				11
			],
			"faces": {
				"north": {
					"uv": [
						3,
						8,
						3.125,
						9.25
					],
					"texture": "#1"
				},
				"east": {
					"uv": [
						3.25,
						8,
						3.375,
						9.25
					],
					"texture": "#1"
				},
				"south": {
					"uv": [
						3.5,
						8,
						3.625,
						9.25
					],
					"texture": "#1"
				},
				"west": {
					"uv": [
						3.75,
						8,
						3.875,
						9.25
					],
					"texture": "#1"
				},
				"up": {
					"uv": [
						8.875,
						7.875,
						8.75,
						7.75
					],
					"texture": "#1"
				},
				"down": {
					"uv": [
						8.125,
						8.75,
						8,
						8.875
					],
					"texture": "#1"
				}
			}
		},
		{
			"from": [
				5,
				7,
				10.25
			],
			"to": [
				10.75,
				8,
				11.25
			],
			"rotation": {
				"angle": 0,
				"axis": "y",
				"origin": [
					0,
					4,
					0
				]
			},
			"faces": {
				"north": {
					"uv": [
						6.75,
						0.75,
						8.25,
						1
					],
					"texture": "#1"
				},
				"east": {
					"uv": [
						5.75,
						4.5,
						6,
						4.75
					],
					"texture": "#1"
				},
				"south": {
					"uv": [
						6.75,
						2.5,
						8.25,
						2.75
					],
					"texture": "#1"
				},
				"west": {
					"uv": [
						6.25,
						2.75,
						6.5,
						3
					],
					"texture": "#1"
				},
				"up": {
					"uv": [
						8.25,
						3.75,
						6.75,
						3.5
					],
					"texture": "#1"
				},
				"down": {
					"uv": [
						8.25,
						3.75,
						6.75,
						4
					],
					"texture": "#1"
				}
			}
		},
		{
			"from": [
				9.25,
				3.75,
				10.25
			],
			"to": [
				10.75,
				4.75,
				11.25
			],
			"rotation": {
				"angle": 0,
				"axis": "y",
				"origin": [
					0,
					4,
					0
				]
			},
			"faces": {
				"north": {
					"uv": [
						8.5,
						0,
						8.875,
						0.25
					],
					"texture": "#1"
				},
				"east": {
					"uv": [
						5.25,
						8.5,
						5.5,
						8.75
					],
					"texture": "#1"
				},
				"south": {
					"uv": [
						8.5,
						0.25,
						8.875,
						0.5
					],
					"texture": "#1"
				},
				"west": {
					"uv": [
						5.5,
						8.5,
						5.75,
						8.75
					],
					"texture": "#1"
				},
				"up": {
					"uv": [
						8.875,
						0.75,
						8.5,
						0.5
					],
					"texture": "#1"
				},
				"down": {
					"uv": [
						1.375,
						8.5,
						1,
						8.75
					],
					"texture": "#1"
				}
			}
		},
		{
			"from": [
				5,
				3.75,
				10.25
			],
			"to": [
				6.75,
				4.75,
				11.25
			],
			"rotation": {
				"angle": 0,
				"axis": "y",
				"origin": [
					0,
					4,
					0
				]
			},
			"faces": {
				"north": {
					"uv": [
						6,
						5.5,
						6.5,
						5.75
					],
					"texture": "#1"
				},
				"east": {
					"uv": [
						8.5,
						7.5,
						8.75,
						7.75
					],
					"texture": "#1"
				},
				"south": {
					"uv": [
						8,
						8,
						8.5,
						8.25
					],
					"texture": "#1"
				},
				"west": {
					"uv": [
						8.5,
						7.75,
						8.75,
						8
					],
					"texture": "#1"
				},
				"up": {
					"uv": [
						0.5,
						8.5,
						0,
						8.25
					],
					"texture": "#1"
				},
				"down": {
					"uv": [
						1,
						8.25,
						0.5,
						8.5
					],
					"texture": "#1"
				}
			}
		},
		{
			"from": [
				5.25,
				3.5,
				10.5
			],
			"to": [
				5.75,
				8.25,
				11
			],
			"rotation": {
				"angle": 0,
				"axis": "y",
				"origin": [
					-6,
					0,
					0
				]
			},
			"faces": {
				"north": {
					"uv": [
						4.25,
						8,
						4.375,
						9.25
					],
					"texture": "#1"
				},
				"east": {
					"uv": [
						4.5,
						8,
						4.625,
						9.25
					],
					"texture": "#1"
				},
				"south": {
					"uv": [
						4.75,
						8,
						4.875,
						9.25
					],
					"texture": "#1"
				},
				"west": {
					"uv": [
						5,
						8,
						5.125,
						9.25
					],
					"texture": "#1"
				},
				"up": {
					"uv": [
						8.375,
						8.875,
						8.25,
						8.75
					],
					"texture": "#1"
				},
				"down": {
					"uv": [
						8.625,
						8.75,
						8.5,
						8.875
					],
					"texture": "#1"
				}
			}
		},
		{
			"from": [
				6.75,
				8.2,
				14
			],
			"to": [
				9.25,
				11.7,
				16
			],
			"rotation": {
				"angle": 22.5,
				"axis": "x",
				"origin": [
					0,
					-0.05,
					0.5
				]
			},
			"faces": {
				"north": {
					"uv": [
						5.25,
						4.75,
						5.875,
						5.625
					],
					"texture": "#1"
				},
				"east": {
					"uv": [
						6,
						6.25,
						6.5,
						7.125
					],
					"texture": "#1"
				},
				"south": {
					"uv": [
						5.5,
						0,
						6.125,
						0.875
					],
					"texture": "#1"
				},
				"west": {
					"uv": [
						1.5,
						6.5,
						2,
						7.375
					],
					"texture": "#1"
				},
				"up": {
					"uv": [
						7.375,
						4.5,
						6.75,
						4
					],
					"texture": "#1"
				},
				"down": {
					"uv": [
						7.875,
						1,
						7.25,
						1.5
					],
					"texture": "#1"
				}
			}
		},
		{
			"from": [
				9,
				-0.45,
				3.75
			],
			"to": [
				11,
				-0.2,
				8.25
			],
			"rotation": {
				"angle": 45,
				"axis": "z",
				"origin": [
					8,
					0.70625,
					6.25
				]
			},
			"faces": {
				"north": {
					"uv": [
						8.5,
						8,
						9,
						8.125
					],
					"texture": "#1"
				},
				"east": {
					"uv": [
						8,
						6,
						9.125,
						6.125
					],
					"texture": "#1"
				},
				"south": {
					"uv": [
						8.25,
						8.5,
						8.75,
						8.625
					],
					"texture": "#1",
					"cullface": "down"
				},
				"west": {
					"uv": [
						8,
						6.25,
						9.125,
						6.375
					],
					"texture": "#1"
				},
				"up": {
					"uv": [
						0.5,
						5.625,
						0,
						4.5
					],
					"texture": "#1"
				},
				"down": {
					"uv": [
						5.5,
						0,
						5,
						1.125
					],
					"texture": "#1"
				}
			}
		},
		{
			"from": [
				9.25,
				-0.2,
				4
			],
			"to": [
				10.75,
				0.8,
				8
			],
			"rotation": {
				"angle": 45,
				"axis": "z",
				"origin": [
					8,
					0.70625,
					6.25
				]
			},
			"faces": {
				"north": {
					"uv": [
						8.5,
						1,
						8.875,
						1.25
					],
					"texture": "#1"
				},
				"east": {
					"uv": [
						5.25,
						1.75,
						6.25,
						2
					],
					"texture": "#1"
				},
				"south": {
					"uv": [
						8.5,
						1.25,
						8.875,
						1.5
					],
					"texture": "#1"
				},
				"west": {
					"uv": [
						5.5,
						1,
						6.5,
						1.25
					],
					"texture": "#1"
				}
			}
		},
		{
			"from": [
				7.25,
				4.825,
				14.375
			],
			"to": [
				8.75,
				8.575,
				15.375
			],
			"rotation": {
				"angle": 22.5,
				"axis": "x",
				"origin": [
					8,
					1.2,
					15.125
				]
			},
			"faces": {
				"north": {
					"uv": [
						0.5,
						7.25,
						0.875,
						8.125
					],
					"texture": "#1"
				},
				"east": {
					"uv": [
						6.5,
						7.75,
						6.75,
						8.625
					],
					"texture": "#1"
				},
				"south": {
					"uv": [
						1,
						7.25,
						1.375,
						8.125
					],
					"texture": "#1"
				},
				"west": {
					"uv": [
						6.75,
						7.75,
						7,
						8.625
					],
					"texture": "#1"
				},
				"up": {
					"uv": [
						1.875,
						8.75,
						1.5,
						8.5
					],
					"texture": "#1"
				},
				"down": {
					"uv": [
						8.875,
						1.5,
						8.5,
						1.75
					],
					"texture": "#1"
				}
			}
		},
		{
			"from": [
				7.25,
				4.45,
				10.75
			],
			"to": [
				8.75,
				5.45,
				14.5
			],
			"rotation": {
				"angle": 0,
				"axis": "y",
				"origin": [
					8,
					1.2,
					15.125
				]
			},
			"faces": {
				"east": {
					"uv": [
						3,
						7.25,
						4,
						7.5
					],
					"texture": "#1"
				},
				"south": {
					"uv": [
						8.5,
						1.75,
						8.875,
						2
					],
					"texture": "#1",
					"cullface": "down"
				},
				"west": {
					"uv": [
						7.25,
						3,
						8.25,
						3.25
					],
					"texture": "#1"
				},
				"up": {
					"uv": [
						0.375,
						7.75,
						0,
						6.75
					],
					"texture": "#1",
					"cullface": "south"
				},
				"down": {
					"uv": [
						6.875,
						6.75,
						6.5,
						7.75
					],
					"texture": "#1"
				}
			}
		},
		{
			"from": [
				7.25,
				0.95,
				15.75
			],
			"to": [
				8.75,
				1.95,
				19.5
			],
			"rotation": {
				"angle": -45,
				"axis": "x",
				"origin": [
					8,
					1.2,
					15.125
				]
			},
			"faces": {
				"north": {
					"uv": [
						2,
						8.5,
						2.375,
						8.75
					],
					"texture": "#1",
					"cullface": "down"
				},
				"east": {
					"uv": [
						7.25,
						3.25,
						8.25,
						3.5
					],
					"texture": "#1"
				},
				"west": {
					"uv": [
						7.25,
						4.5,
						8.25,
						4.75
					],
					"texture": "#1"
				},
				"up": {
					"uv": [
						4.625,
						8,
						4.25,
						7
					],
					"texture": "#1"
				},
				"down": {
					"uv": [
						5.125,
						7,
						4.75,
						8
					],
					"texture": "#1",
					"cullface": "south"
				}
			}
		},
		{
			"from": [
				6,
				2.95,
				8.25
			],
			"to": [
				10,
				3.95,
				10.25
			],
			"rotation": {
				"angle": -22.5,
				"axis": "z",
				"origin": [
					8,
					3.45,
					9.25
				]
			},
			"faces": {
				"north": {
					"uv": [
						7.25,
						4.75,
						8.25,
						5
					],
					"texture": "#1"
				},
				"east": {
					"uv": [
						8.25,
						0.75,
						8.75,
						1
					],
					"texture": "#1"
				},
				"south": {
					"uv": [
						7.25,
						5,
						8.25,
						5.25
					],
					"texture": "#1"
				},
				"west": {
					"uv": [
						1,
						8.25,
						1.5,
						8.5
					],
					"texture": "#1"
				},
				"up": {
					"uv": [
						6.75,
						4,
						5.75,
						3.5
					],
					"texture": "#1"
				},
				"down": {
					"uv": [
						6.75,
						4,
						5.75,
						4.5
					],
					"texture": "#1"
				}
			}
		},
		{
			"from": [
				6,
				2.95,
				8.25
			],
			"to": [
				10,
				3.95,
				10.25
			],
			"rotation": {
				"angle": 22.5,
				"axis": "z",
				"origin": [
					8,
					3.45,
					9.25
				]
			},
			"faces": {
				"north": {
					"uv": [
						7.25,
						5.25,
						8.25,
						5.5
					],
					"texture": "#1"
				},
				"east": {
					"uv": [
						2,
						8.25,
						2.5,
						8.5
					],
					"texture": "#1"
				},
				"south": {
					"uv": [
						7.25,
						5.5,
						8.25,
						5.75
					],
					"texture": "#1"
				},
				"west": {
					"uv": [
						2.5,
						8.25,
						3,
						8.5
					],
					"texture": "#1"
				},
				"up": {
					"uv": [
						5.5,
						6.25,
						4.5,
						5.75
					],
					"texture": "#1"
				},
				"down": {
					"uv": [
						6.5,
						5.75,
						5.5,
						6.25
					],
					"texture": "#1"
				}
			}
		},
		{
			"from": [
				7.5,
				1.45,
				8.25
			],
			"to": [
				8.5,
				5.45,
				10.25
			],
			"rotation": {
				"angle": -22.5,
				"axis": "z",
				"origin": [
					8,
					3.45,
					9.25
				]
			},
			"faces": {
				"north": {
					"uv": [
						4,
						7.25,
						4.25,
						8.25
					],
					"texture": "#1"
				},
				"east": {
					"uv": [
						0,
						5.75,
						0.5,
						6.75
					],
					"texture": "#1"
				},
				"south": {
					"uv": [
						7.25,
						5.75,
						7.5,
						6.75
					],
					"texture": "#1"
				},
				"west": {
					"uv": [
						6,
						4.5,
						6.5,
						5.5
					],
					"texture": "#1"
				},
				"up": {
					"uv": [
						4.5,
						7,
						4.25,
						6.5
					],
					"texture": "#1"
				},
				"down": {
					"uv": [
						8.5,
						3,
						8.25,
						3.5
					],
					"texture": "#1"
				}
			}
		},
		{
			"from": [
				7.5,
				1.45,
				8.25
			],
			"to": [
				8.5,
				5.45,
				10.25
			],
			"rotation": {
				"angle": 22.5,
				"axis": "z",
				"origin": [
					8,
					3.45,
					9.25
				]
			},
			"faces": {
				"north": {
					"uv": [
						6,
						7.25,
						6.25,
						8.25
					],
					"texture": "#1"
				},
				"east": {
					"uv": [
						6.25,
						0,
						6.75,
						1
					],
					"texture": "#1"
				},
				"south": {
					"uv": [
						6.25,
						7.25,
						6.5,
						8.25
					],
					"texture": "#1"
				},
				"west": {
					"uv": [
						0.5,
						6.25,
						1,
						7.25
					],
					"texture": "#1"
				},
				"up": {
					"uv": [
						8.5,
						4,
						8.25,
						3.5
					],
					"texture": "#1"
				},
				"down": {
					"uv": [
						4.25,
						8.25,
						4,
						8.75
					],
					"texture": "#1"
				}
			}
		},
		{
			"from": [
				6.5,
				4.5,
				4
			],
			"to": [
				9.5,
				5,
				8.25
			],
			"faces": {
				"north": {
					"uv": [
						8.5,
						2,
						9.25,
						2.125
					],
					"texture": "#1"
				},
				"east": {
					"uv": [
						8,
						6.5,
						9.125,
						6.625
					],
					"texture": "#1"
				},
				"south": {
					"uv": [
						8.5,
						2.25,
						9.25,
						2.375
					],
					"texture": "#1"
				},
				"west": {
					"uv": [
						8,
						6.75,
						9.125,
						6.875
					],
					"texture": "#1"
				},
				"up": {
					"uv": [
						0.75,
						1.125,
						0,
						0
					],
					"texture": "#1"
				},
				"down": {
					"uv": [
						1.5,
						0,
						0.75,
						1.125
					],
					"texture": "#1"
				}
			}
		},
		{
			"from": [
				6.5,
				1.3,
				3.5
			],
			"to": [
				9.5,
				3.8,
				8
			],
			"rotation": {
				"angle": 0,
				"axis": "y",
				"origin": [
					8,
					1.70625,
					6.25
				]
			},
			"faces": {
				"north": {
					"uv": [
						4.5,
						6.25,
						5.25,
						6.875
					],
					"texture": "#1"
				},
				"east": {
					"uv": [
						3,
						1.5,
						4.125,
						2.125
					],
					"texture": "#1"
				},
				"south": {
					"uv": [
						5.25,
						6.25,
						6,
						6.875
					],
					"texture": "#1"
				},
				"west": {
					"uv": [
						3,
						2.25,
						4.125,
						2.875
					],
					"texture": "#1"
				},
				"up": {
					"uv": [
						0.75,
						2.375,
						0,
						1.25
					],
					"texture": "#1"
				},
				"down": {
					"uv": [
						1.5,
						1.25,
						0.75,
						2.375
					],
					"texture": "#1"
				}
			}
		},
		{
			"from": [
				5.25,
				-0.7,
				4.25
			],
			"to": [
				6.75,
				-0.45,
				7.75
			],
			"rotation": {
				"angle": -45,
				"axis": "z",
				"origin": [
					8,
					0.70625,
					6
				]
			},
			"faces": {
				"north": {
					"uv": [
						5.25,
						8.75,
						5.625,
						8.875
					],
					"texture": "#1"
				},
				"east": {
					"uv": [
						7.5,
						8.25,
						8.375,
						8.375
					],
					"texture": "#1"
				},
				"south": {
					"uv": [
						8.75,
						5.25,
						9.125,
						5.375
					],
					"texture": "#1",
					"cullface": "down"
				},
				"west": {
					"uv": [
						0,
						8.5,
						0.875,
						8.625
					],
					"texture": "#1"
				},
				"up": {
					"uv": [
						2.375,
						8.125,
						2,
						7.25
					],
					"texture": "#1"
				},
				"down": {
					"uv": [
						2.875,
						7.25,
						2.5,
						8.125
					],
					"texture": "#1",
					"cullface": "down"
				}
			}
		},
		{
			"from": [
				9.25,
				-0.7,
				4.25
			],
			"to": [
				10.75,
				-0.45,
				8
			],
			"rotation": {
				"angle": 45,
				"axis": "z",
				"origin": [
					8,
					0.70625,
					6
				]
			},
			"faces": {
				"north": {
					"uv": [
						8.75,
						5.5,
						9.125,
						5.625
					],
					"texture": "#1"
				},
				"east": {
					"uv": [
						8.25,
						2.5,
						9.25,
						2.625
					],
					"texture": "#1"
				},
				"south": {
					"uv": [
						5.75,
						8.75,
						6.125,
						8.875
					],
					"texture": "#1",
					"cullface": "down"
				},
				"west": {
					"uv": [
						8.25,
						4.5,
						9.25,
						4.625
					],
					"texture": "#1"
				},
				"up": {
					"uv": [
						5.625,
						8,
						5.25,
						7
					],
					"texture": "#1"
				},
				"down": {
					"uv": [
						7.375,
						6.75,
						7,
						7.75
					],
					"texture": "#1",
					"cullface": "down"
				}
			}
		},
		{
			"from": [
				5.25,
				-3.2,
				4
			],
			"to": [
				7.75,
				-0.7,
				8
			],
			"rotation": {
				"angle": -45,
				"axis": "z",
				"origin": [
					8,
					0.70625,
					6
				]
			},
			"faces": {
				"north": {
					"uv": [
						2.75,
						6.5,
						3.375,
						7.125
					],
					"texture": "#1"
				},
				"east": {
					"uv": [
						0.5,
						4.25,
						1.5,
						4.875
					],
					"texture": "#1"
				},
				"south": {
					"uv": [
						6.5,
						2.75,
						7.125,
						3.375
					],
					"texture": "#1",
					"cullface": "down"
				},
				"west": {
					"uv": [
						4.25,
						1.25,
						5.25,
						1.875
					],
					"texture": "#1"
				},
				"up": {
					"uv": [
						2.125,
						5.25,
						1.5,
						4.25
					],
					"texture": "#1"
				},
				"down": {
					"uv": [
						4.875,
						2,
						4.25,
						3
					],
					"texture": "#1",
					"cullface": "down"
				}
			}
		},
		{
			"from": [
				9.40625,
				0.95625,
				4
			],
			"to": [
				11.90625,
				3.45625,
				8
			],
			"rotation": {
				"angle": -45,
				"axis": "z",
				"origin": [
					8,
					0.70625,
					6
				]
			},
			"faces": {
				"north": {
					"uv": [
						3.5,
						6.5,
						4.125,
						7.125
					],
					"texture": "#1"
				},
				"east": {
					"uv": [
						4.25,
						3,
						5.25,
						3.625
					],
					"texture": "#1",
					"cullface": "down"
				},
				"south": {
					"uv": [
						6.5,
						4.5,
						7.125,
						5.125
					],
					"texture": "#1",
					"cullface": "down"
				},
				"west": {
					"uv": [
						4.25,
						3.75,
						5.25,
						4.375
					],
					"texture": "#1"
				},
				"up": {
					"uv": [
						2.875,
						5.25,
						2.25,
						4.25
					],
					"texture": "#1"
				},
				"down": {
					"uv": [
						3.625,
						4.5,
						3,
						5.5
					],
					"texture": "#1"
				}
			}
		},
		{
			"from": [
				5,
				-0.45,
				3.75
			],
			"to": [
				7,
				-0.2,
				8.25
			],
			"rotation": {
				"angle": -45,
				"axis": "z",
				"origin": [
					8,
					0.70625,
					6
				]
			},
			"faces": {
				"north": {
					"uv": [
						8.5,
						8.25,
						9,
						8.375
					],
					"texture": "#1"
				},
				"east": {
					"uv": [
						8,
						7,
						9.125,
						7.125
					],
					"texture": "#1"
				},
				"south": {
					"uv": [
						0,
						8.75,
						0.5,
						8.875
					],
					"texture": "#1",
					"cullface": "down"
				},
				"west": {
					"uv": [
						8,
						7.25,
						9.125,
						7.375
					],
					"texture": "#1"
				},
				"up": {
					"uv": [
						1,
						6.125,
						0.5,
						5
					],
					"texture": "#1"
				},
				"down": {
					"uv": [
						1.5,
						5,
						1,
						6.125
					],
					"texture": "#1"
				}
			}
		},
		{
			"from": [
				5.25,
				-0.2,
				4
			],
			"to": [
				6.75,
				0.8,
				8
			],
			"rotation": {
				"angle": -45,
				"axis": "z",
				"origin": [
					8,
					0.70625,
					6
				]
			},
			"faces": {
				"north": {
					"uv": [
						2.5,
						8.5,
						2.875,
						8.75
					],
					"texture": "#1"
				},
				"east": {
					"uv": [
						7.5,
						0,
						8.5,
						0.25
					],
					"texture": "#1"
				},
				"south": {
					"uv": [
						8.5,
						2.75,
						8.875,
						3
					],
					"texture": "#1"
				},
				"west": {
					"uv": [
						7.5,
						0.25,
						8.5,
						0.5
					],
					"texture": "#1"
				}
			}
		},
		{
			"from": [
				7,
				2.5,
				11.25
			],
			"to": [
				9,
				4.5,
				17
			],
			"faces": {
				"north": {
					"uv": [
						1.5,
						7.5,
						2,
						8
					],
					"texture": "#1"
				},
				"east": {
					"uv": [
						2.75,
						0.5,
						4.25,
						1
					],
					"texture": "#1"
				},
				"south": {
					"uv": [
						7.5,
						1.75,
						8,
						2.25
					],
					"texture": "#1"
				},
				"west": {
					"uv": [
						2.75,
						1,
						4.25,
						1.5
					],
					"texture": "#1"
				},
				"up": {
					"uv": [
						3,
						4.25,
						2.5,
						2.75
					],
					"texture": "#1"
				},
				"down": {
					"uv": [
						0.5,
						3,
						0,
						4.5
					],
					"texture": "#1"
				}
			}
		},
		{
			"from": [
				6.75,
				4.5,
				13.25
			],
			"to": [
				9.25,
				5.5,
				17
			],
			"faces": {
				"north": {
					"uv": [
						4.5,
						5.5,
						5.125,
						5.75
					],
					"texture": "#1"
				},
				"east": {
					"uv": [
						7.5,
						0.5,
						8.5,
						0.75
					],
					"texture": "#1"
				},
				"south": {
					"uv": [
						8,
						4,
						8.625,
						4.25
					],
					"texture": "#1"
				},
				"west": {
					"uv": [
						7.5,
						2.25,
						8.5,
						2.5
					],
					"texture": "#1"
				},
				"up": {
					"uv": [
						4.375,
						5.5,
						3.75,
						4.5
					],
					"texture": "#1"
				},
				"down": {
					"uv": [
						5.125,
						4.5,
						4.5,
						5.5
					],
					"texture": "#1"
				}
			}
		},
		{
			"from": [
				7,
				5,
				4.25
			],
			"to": [
				9,
				5.5,
				8
			],
			"faces": {
				"north": {
					"uv": [
						0.5,
						8.75,
						1,
						8.875
					],
					"texture": "#1"
				},
				"east": {
					"uv": [
						8.25,
						4.75,
						9.25,
						4.875
					],
					"texture": "#1"
				},
				"south": {
					"uv": [
						8.75,
						0.75,
						9.25,
						0.875
					],
					"texture": "#1"
				},
				"west": {
					"uv": [
						8.25,
						5,
						9.25,
						5.125
					],
					"texture": "#1"
				},
				"up": {
					"uv": [
						1.5,
						7.25,
						1,
						6.25
					],
					"texture": "#1"
				},
				"down": {
					"uv": [
						6.75,
						1.75,
						6.25,
						2.75
					],
					"texture": "#1"
				}
			}
		},
		{
			"from": [
				5.5,
				-4,
				3.75
			],
			"to": [
				7.25,
				-2,
				8.25
			],
			"rotation": {
				"angle": 45,
				"axis": "z",
				"origin": [
					0,
					0,
					-0.25
				]
			},
			"faces": {
				"north": {
					"uv": [
						3,
						7.5,
						3.5,
						8
					],
					"texture": "#1"
				},
				"east": {
					"uv": [
						5,
						2,
						6.125,
						2.5
					],
					"texture": "#1"
				},
				"south": {
					"uv": [
						3.5,
						7.5,
						4,
						8
					],
					"texture": "#1"
				},
				"west": {
					"uv": [
						5,
						2.5,
						6.125,
						3
					],
					"texture": "#1"
				},
				"up": {
					"uv": [
						2,
						6.375,
						1.5,
						5.25
					],
					"texture": "#1"
				},
				"down": {
					"uv": [
						2.5,
						5.25,
						2,
						6.375
					],
					"texture": "#1"
				}
			}
		},
		{
			"from": [
				7.25,
				-5.75,
				3.75
			],
			"to": [
				9.25,
				-4,
				8.25
			],
			"rotation": {
				"angle": 45,
				"axis": "z",
				"origin": [
					0,
					0,
					-0.25
				]
			},
			"faces": {
				"north": {
					"uv": [
						7.5,
						4,
						8,
						4.5
					],
					"texture": "#1"
				},
				"east": {
					"uv": [
						5.25,
						1.25,
						6.375,
						1.75
					],
					"texture": "#1"
				},
				"south": {
					"uv": [
						7.5,
						5.75,
						8,
						6.25
					],
					"texture": "#1"
				},
				"west": {
					"uv": [
						5.25,
						3,
						6.375,
						3.5
					],
					"texture": "#1"
				},
				"up": {
					"uv": [
						3,
						6.375,
						2.5,
						5.25
					],
					"texture": "#1"
				},
				"down": {
					"uv": [
						5.75,
						3.5,
						5.25,
						4.625
					],
					"texture": "#1"
				}
			}
		},
		{
			"from": [
				7.66,
				1.25,
				-1.5
			],
			"to": [
				8.41,
				2,
				3.25
			],
			"faces": {
				"north": {
					"uv": [
						1,
						8.75,
						1.25,
						9
					],
					"texture": "#1"
				},
				"east": {
					"uv": [
						7.25,
						1.5,
						8.5,
						1.75
					],
					"texture": "#1"
				},
				"south": {
					"uv": [
						1.25,
						8.75,
						1.5,
						9
					],
					"texture": "#1"
				},
				"west": {
					"uv": [
						7.25,
						2.75,
						8.5,
						3
					],
					"texture": "#1"
				},
				"up": {
					"uv": [
						1.5,
						4.25,
						1.25,
						3
					],
					"texture": "#1"
				},
				"down": {
					"uv": [
						6,
						7,
						5.75,
						8.25
					],
					"texture": "#1"
				}
			}
		},
		{
			"from": [
				7.66,
				0.5,
				-4
			],
			"to": [
				8.41,
				1.25,
				-2
			],
			"rotation": {
				"angle": 22.5,
				"axis": "x",
				"origin": [
					0,
					0,
					0
				]
			},
			"faces": {
				"north": {
					"uv": [
						1.5,
						8.75,
						1.75,
						9
					],
					"texture": "#1"
				},
				"east": {
					"uv": [
						8.25,
						5.25,
						8.75,
						5.5
					],
					"texture": "#1"
				},
				"south": {
					"uv": [
						1.75,
						8.75,
						2,
						9
					],
					"texture": "#1"
				},
				"west": {
					"uv": [
						8.25,
						5.5,
						8.75,
						5.75
					],
					"texture": "#1"
				},
				"up": {
					"uv": [
						6,
						8.75,
						5.75,
						8.25
					],
					"texture": "#1"
				},
				"down": {
					"uv": [
						6.25,
						8.25,
						6,
						8.75
					],
					"texture": "#1"
				}
			}
		},
		{
			"from": [
				7.91,
				2,
				-3.5
			],
			"to": [
				8.16,
				3.25,
				-3.25
			],
			"faces": {
				"north": {
					"uv": [
						6.5,
						8.75,
						6.625,
						9.125
					],
					"texture": "#1"
				},
				"east": {
					"uv": [
						6.75,
						8.75,
						6.875,
						9.125
					],
					"texture": "#1"
				},
				"south": {
					"uv": [
						7,
						8.75,
						7.125,
						9.125
					],
					"texture": "#1"
				},
				"west": {
					"uv": [
						7.25,
						8.75,
						7.375,
						9.125
					],
					"texture": "#1"
				},
				"up": {
					"uv": [
						8.875,
						8.625,
						8.75,
						8.5
					],
					"texture": "#1"
				},
				"down": {
					"uv": [
						8.875,
						8.75,
						8.75,
						8.875
					],
					"texture": "#1"
				}
			}
		},
		{
			"from": [
				7.41,
				1,
				3.25
			],
			"to": [
				8.66,
				2.25,
				5.25
			],
			"faces": {
				"north": {
					"uv": [
						5.25,
						8,
						5.625,
						8.375
					],
					"texture": "#1"
				},
				"east": {
					"uv": [
						7.5,
						7.75,
						8,
						8.125
					],
					"texture": "#1"
				},
				"south": {
					"uv": [
						8,
						7.5,
						8.375,
						7.875
					],
					"texture": "#1"
				},
				"west": {
					"uv": [
						8,
						1,
						8.5,
						1.375
					],
					"texture": "#1"
				},
				"up": {
					"uv": [
						1.875,
						8.5,
						1.5,
						8
					],
					"texture": "#1"
				},
				"down": {
					"uv": [
						8.375,
						1.75,
						8,
						2.25
					],
					"texture": "#1"
				}
			}
		},
		{
			"from": [
				7.75,
				-1.25,
				16.5
			],
			"to": [
				8.25,
				-0.25,
				17
			],
			"rotation": {
				"angle": -22.5,
				"axis": "x",
				"origin": [
					0,
					0,
					0
				]
			},
			"faces": {
				"north": {
					"uv": [
						8.75,
						5.75,
						8.875,
						6
					],
					"texture": "#1"
				},
				"east": {
					"uv": [
						7.5,
						8.75,
						7.625,
						9
					],
					"texture": "#1"
				},
				"south": {
					"uv": [
						8.75,
						7.5,
						8.875,
						7.75
					],
					"texture": "#1"
				},
				"west": {
					"uv": [
						7.75,
						8.75,
						7.875,
						9
					],
					"texture": "#1"
				},
				"up": {
					"uv": [
						0.125,
						9.125,
						0,
						9
					],
					"texture": "#1"
				},
				"down": {
					"uv": [
						9.125,
						0,
						9,
						0.125
					],
					"texture": "#1"
				}
			}
		},
		{
			"from": [
				6.75,
				2,
				10.25
			],
			"to": [
				9.25,
				5.5,
				11.25
			],
			"faces": {
				"north": {
					"uv": [
						3,
						5.5,
						3.625,
						6.375
					],
					"texture": "#1"
				},
				"east": {
					"uv": [
						7,
						7.75,
						7.25,
						8.625
					],
					"texture": "#1"
				},
				"south": {
					"uv": [
						3.75,
						5.5,
						4.375,
						6.375
					],
					"texture": "#1"
				},
				"west": {
					"uv": [
						7.25,
						7.75,
						7.5,
						8.625
					],
					"texture": "#1"
				},
				"up": {
					"uv": [
						8.625,
						4.5,
						8,
						4.25
					],
					"texture": "#1"
				},
				"down": {
					"uv": [
						8.625,
						5.75,
						8,
						6
					],
					"texture": "#1"
				}
			}
		},
		{
			"from": [
				6.75,
				2.45,
				3
			],
			"to": [
				9.25,
				4.95,
				3.5
			],
			"faces": {
				"north": {
					"uv": [
						6.5,
						5.25,
						7.125,
						5.875
					],
					"texture": "#1"
				},
				"east": {
					"uv": [
						6.25,
						8.25,
						6.375,
						8.875
					],
					"texture": "#1"
				},
				"south": {
					"uv": [
						6.5,
						6,
						7.125,
						6.625
					],
					"texture": "#1"
				},
				"west": {
					"uv": [
						8.5,
						3,
						8.625,
						3.625
					],
					"texture": "#1"
				},
				"up": {
					"uv": [
						9.125,
						3.875,
						8.5,
						3.75
					],
					"texture": "#1"
				},
				"down": {
					"uv": [
						8.125,
						8.5,
						7.5,
						8.625
					],
					"texture": "#1"
				}
			}
		},
		{
			"from": [
				7,
				2.7,
				2.5
			],
			"to": [
				9,
				4.7,
				3
			],
			"faces": {
				"north": {
					"uv": [
						7.5,
						6.25,
						8,
						6.75
					],
					"texture": "#1"
				},
				"east": {
					"uv": [
						2,
						8.75,
						2.125,
						9.25
					],
					"texture": "#1"
				},
				"south": {
					"uv": [
						7.5,
						6.75,
						8,
						7.25
					],
					"texture": "#1"
				},
				"west": {
					"uv": [
						2.25,
						8.75,
						2.375,
						9.25
					],
					"texture": "#1"
				},
				"up": {
					"uv": [
						3,
						8.875,
						2.5,
						8.75
					],
					"texture": "#1"
				},
				"down": {
					"uv": [
						9.25,
						3,
						8.75,
						3.125
					],
					"texture": "#1"
				}
			}
		},
		{
			"from": [
				6.75,
				2.45,
				-2
			],
			"to": [
				9.25,
				4.95,
				2.5
			],
			"faces": {
				"north": {
					"uv": [
						6.75,
						0,
						7.375,
						0.625
					],
					"texture": "#1"
				},
				"east": {
					"uv": [
						3,
						3,
						4.125,
						3.625
					],
					"texture": "#1"
				},
				"south": {
					"uv": [
						6.75,
						1.75,
						7.375,
						2.375
					],
					"texture": "#1"
				},
				"west": {
					"uv": [
						3,
						3.75,
						4.125,
						4.375
					],
					"texture": "#1"
				},
				"up": {
					"uv": [
						1.125,
						4.125,
						0.5,
						3
					],
					"texture": "#1"
				},
				"down": {
					"uv": [
						4.875,
						0,
						4.25,
						1.125
					],
					"texture": "#1"
				}
			}
		},
		{
			"from": [
				7,
				2.7,
				-2.5
			],
			"to": [
				9,
				4.7,
				-2
			],
			"faces": {
				"north": {
					"uv": [
						7.5,
						7.25,
						8,
						7.75
					],
					"texture": "#1"
				},
				"east": {
					"uv": [
						8.75,
						3.25,
						8.875,
						3.75
					],
					"texture": "#1"
				},
				"south": {
					"uv": [
						0,
						7.75,
						0.5,
						8.25
					],
					"texture": "#1"
				},
				"west": {
					"uv": [
						4,
						8.75,
						4.125,
						9.25
					],
					"texture": "#1"
				},
				"up": {
					"uv": [
						9.25,
						4.125,
						8.75,
						4
					],
					"texture": "#1"
				},
				"down": {
					"uv": [
						9.25,
						4.25,
						8.75,
						4.375
					],
					"texture": "#1"
				}
			}
		}
	],
	"groups": [
		0,
		1,
		2,
		3,
		4,
		5,
		6,
		7,
		{
			"name": "group",
			"origin": [
				8,
				1.93452,
				13.74784
			],
			"color": 0,
			"children": [
				8,
				9
			]
		},
		10,
		11,
		12,
		{
			"name": "cog",
			"origin": [
				8,
				2.95,
				9.25
			],
			"color": 0,
			"children": [
				13,
				14,
				15,
				16
			]
		},
		{
			"name": "group",
			"origin": [
				0,
				0,
				0
			],
			"color": 0,
			"children": []
		},
		17,
		18,
		{
			"name": "group",
			"origin": [
				8,
				1.93452,
				13.74784
			],
			"color": 0,
			"children": [
				19,
				20,
				21,
				22,
				23,
				24
			]
		},
		25,
		26,
		27,
		28,
		29,
		30,
		31,
		32,
		33,
		34,
		35,
		{
			"name": "group",
			"origin": [
				0,
				0,
				0
			],
			"color": 0,
			"children": [
				36,
				37,
				38,
				39
			]
		}
	],
	"display": {
		"thirdperson_righthand": {
			"rotation": [
				54,
				3,
				8
			],
			"translation": [
				-1,
				7,
				-3.25
			]
		},
		"thirdperson_lefthand": {
			"rotation": [
				54,
				3,
				8
			],
			"translation": [
				-1,
				7,
				-3.25
			],
			"scale": [
				-1,
				1,
				1
			]
		},
		"firstperson_righthand": {
			"rotation": [
				4,
				-3,
				7
			],
			"translation": [
				-3.75,
				7,
				1.75
			],
			"scale": [
				1.04,
				1,
				1.09
			]
		},
		"firstperson_lefthand": {
			"rotation": [
				4,
				-3,
				7
			],
			"translation": [
				-3.75,
				7,
				1.75
			],
			"scale": [
				-1.04,
				1,
				1.09
			]
		},
		"ground": {
			"translation": [
				0,
				6,
				0
			]
		},
		"gui": {
			"rotation": [
				20,
				-147,
				0
			],
			"translation": [
				0.25,
				4.25,
				-1
			]
		},
		"fixed": {
			"rotation": [
				0,
				90,
				0
			],
			"translation": [
				1.5,
				9.25,
				-2.75
			],
			"scale": [
				1.48,
				1.48,
				1.48
			]
		}
	}
}