{
	"credit": "Made with Blockbench",
	"texture_size": [
		32,
		32
	],
	"textures": {
		"1": "scguns_laf:item/new_steyr_smg_texture",
		"particle": "scguns_laf:item/new_steyr_smg_texture"
	},
	"elements": [
		{
			"from": [
				7.7,
				0.75,
				13.75
			],
			"to": [
				8.3,
				4.75,
				15.35
			],
			"rotation": {
				"angle": -22.5,
				"axis": "x",
				"origin": [
					8,
					1.4,
					14.8
				]
			},
			"faces": {
				"north": {
					"uv": [
						0.5,
						6.5,
						0.75,
						8.5
					],
					"texture": "#1"
				},
				"east": {
					"uv": [
						3,
						2.5,
						3.75,
						4.5
					],
					"texture": "#1"
				},
				"south": {
					"uv": [
						1,
						6.5,
						1.25,
						8.5
					],
					"texture": "#1"
				},
				"west": {
					"uv": [
						4,
						0,
						4.75,
						2
					],
					"texture": "#1"
				},
				"up": {
					"uv": [
						6.75,
						8.75,
						6.5,
						8
					],
					"texture": "#1"
				},
				"down": {
					"uv": [
						7.25,
						8,
						7,
						8.75
					],
					"texture": "#1"
				}
			}
		},
		{
			"from": [
				7.65,
				0.2,
				14
			],
			"to": [
				8.35,
				0.5,
				15.1
			],
			"rotation": {
				"angle": -22.5,
				"axis": "x",
				"origin": [
					8,
					1.4,
					14.8
				]
			},
			"faces": {
				"north": {
					"uv": [
						2,
						10,
						2.25,
						10.25
					],
					"texture": "#1"
				},
				"east": {
					"uv": [
						9,
						3.5,
						9.5,
						3.75
					],
					"texture": "#1"
				},
				"south": {
					"uv": [
						10,
						2,
						10.25,
						2.25
					],
					"texture": "#1"
				},
				"west": {
					"uv": [
						9,
						4,
						9.5,
						4.25
					],
					"texture": "#1"
				},
				"up": {
					"uv": [
						5.25,
						9.5,
						5,
						9
					],
					"texture": "#1"
				},
				"down": {
					"uv": [
						5.75,
						9,
						5.5,
						9.5
					],
					"texture": "#1"
				}
			}
		},
		{
			"from": [
				7.44,
				0.5,
				13.9
			],
			"to": [
				8.56,
				3.9,
				15.2
			],
			"rotation": {
				"angle": -22.5,
				"axis": "x",
				"origin": [
					8,
					1.4,
					14.8
				]
			},
			"faces": {
				"north": {
					"uv": [
						2.5,
						0,
						3,
						1.75
					],
					"texture": "#1"
				},
				"east": {
					"uv": [
						0.5,
						4.5,
						1.25,
						6.25
					],
					"texture": "#1"
				},
				"south": {
					"uv": [
						3,
						4.5,
						3.5,
						6.25
					],
					"texture": "#1"
				},
				"west": {
					"uv": [
						1.5,
						4.5,
						2.25,
						6.25
					],
					"texture": "#1"
				},
				"up": {
					"uv": [
						7.5,
						2.25,
						7,
						1.5
					],
					"texture": "#1"
				},
				"down": {
					"uv": [
						3,
						7,
						2.5,
						7.75
					],
					"texture": "#1"
				}
			}
		},
		{
			"from": [
				7.35,
				3.54767,
				8.85233
			],
			"to": [
				8.65,
				4.04767,
				13.45233
			],
			"rotation": {
				"angle": 0,
				"axis": "y",
				"origin": [
					8,
					4.74767,
					11.25233
				]
			},
			"faces": {
				"north": {
					"uv": [
						8,
						4,
						8.75,
						4.25
					],
					"texture": "#1"
				},
				"east": {
					"uv": [
						5.5,
						5,
						7.75,
						5.25
					],
					"texture": "#1"
				},
				"south": {
					"uv": [
						8,
						7,
						8.75,
						7.25
					],
					"texture": "#1"
				},
				"west": {
					"uv": [
						5.5,
						5.5,
						7.75,
						5.75
					],
					"texture": "#1"
				},
				"up": {
					"uv": [
						2.75,
						4.25,
						2,
						2
					],
					"texture": "#1"
				},
				"down": {
					"uv": [
						3.75,
						0,
						3,
						2.25
					],
					"texture": "#1"
				}
			}
		},
		{
			"from": [
				7.55,
				4.14767,
				8.25233
			],
			"to": [
				8.45,
				5.64767,
				8.55233
			],
			"rotation": {
				"angle": 0,
				"axis": "y",
				"origin": [
					8,
					4.74767,
					11.25233
				]
			},
			"faces": {
				"north": {
					"uv": [
						7,
						2.5,
						7.5,
						3.25
					],
					"texture": "#1"
				},
				"east": {
					"uv": [
						7.5,
						8,
						7.75,
						8.75
					],
					"texture": "#1"
				},
				"south": {
					"uv": [
						3.5,
						7,
						4,
						7.75
					],
					"texture": "#1"
				},
				"west": {
					"uv": [
						8,
						7.5,
						8.25,
						8.25
					],
					"texture": "#1"
				},
				"up": {
					"uv": [
						9.5,
						5.75,
						9,
						5.5
					],
					"texture": "#1"
				},
				"down": {
					"uv": [
						6.5,
						9,
						6,
						9.25
					],
					"texture": "#1"
				}
			}
		},
		{
			"from": [
				7.45,
				5.24767,
				8.55233
			],
			"to": [
				8.55,
				5.74767,
				14.45233
			],
			"rotation": {
				"angle": 0,
				"axis": "y",
				"origin": [
					8,
					4.74767,
					11.25233
				]
			},
			"faces": {
				"north": {
					"uv": [
						9,
						6,
						9.5,
						6.25
					],
					"texture": "#1"
				},
				"east": {
					"uv": [
						4.5,
						4.5,
						7.5,
						4.75
					],
					"texture": "#1"
				},
				"south": {
					"uv": [
						6.5,
						9,
						7,
						9.25
					],
					"texture": "#1"
				},
				"west": {
					"uv": [
						5,
						0,
						8,
						0.25
					],
					"texture": "#1"
				},
				"up": {
					"uv": [
						4.5,
						5,
						4,
						2
					],
					"texture": "#1"
				},
				"down": {
					"uv": [
						0.5,
						4.5,
						0,
						7.5
					],
					"texture": "#1"
				}
			}
		},
		{
			"from": [
				7.85,
				2.34767,
				11.35233
			],
			"to": [
				8.15,
				2.74767,
				12.45233
			],
			"rotation": {
				"angle": 0,
				"axis": "y",
				"origin": [
					8,
					5.24767,
					11.05233
				]
			},
			"faces": {
				"north": {
					"uv": [
						2.5,
						10,
						2.75,
						10.25
					],
					"texture": "#1"
				},
				"east": {
					"uv": [
						7,
						9,
						7.5,
						9.25
					],
					"texture": "#1"
				},
				"south": {
					"uv": [
						10,
						2.5,
						10.25,
						2.75
					],
					"texture": "#1"
				},
				"west": {
					"uv": [
						9,
						7,
						9.5,
						7.25
					],
					"texture": "#1"
				},
				"up": {
					"uv": [
						7.75,
						9.5,
						7.5,
						9
					],
					"texture": "#1"
				},
				"down": {
					"uv": [
						9.25,
						7.5,
						9,
						8
					],
					"texture": "#1"
				}
			}
		},
		{
			"from": [
				7.75,
				2.04767,
				11.15233
			],
			"to": [
				8.25,
				3.64767,
				11.55233
			],
			"rotation": {
				"angle": 0,
				"axis": "y",
				"origin": [
					8,
					3.04767,
					11.25233
				]
			},
			"faces": {
				"north": {
					"uv": [
						0,
						8.5,
						0.25,
						9.25
					],
					"texture": "#1"
				},
				"east": {
					"uv": [
						8.5,
						0,
						8.75,
						0.75
					],
					"texture": "#1"
				},
				"south": {
					"uv": [
						0.5,
						8.5,
						0.75,
						9.25
					],
					"texture": "#1"
				},
				"west": {
					"uv": [
						1,
						8.5,
						1.25,
						9.25
					],
					"texture": "#1"
				},
				"up": {
					"uv": [
						3.25,
						10.25,
						3,
						10
					],
					"texture": "#1"
				},
				"down": {
					"uv": [
						10.25,
						3,
						10,
						3.25
					],
					"texture": "#1"
				}
			}
		},
		{
			"from": [
				7.75,
				3.24767,
				9.75233
			],
			"to": [
				8.25,
				3.54767,
				11.15233
			],
			"rotation": {
				"angle": 0,
				"axis": "y",
				"origin": [
					8,
					5.24767,
					11.05233
				]
			},
			"faces": {
				"north": {
					"uv": [
						3.5,
						10,
						3.75,
						10.25
					],
					"texture": "#1"
				},
				"east": {
					"uv": [
						8.5,
						1,
						9.25,
						1.25
					],
					"texture": "#1"
				},
				"south": {
					"uv": [
						10,
						3.5,
						10.25,
						3.75
					],
					"texture": "#1"
				},
				"west": {
					"uv": [
						1.5,
						8.5,
						2.25,
						8.75
					],
					"texture": "#1"
				},
				"up": {
					"uv": [
						8.75,
						2.25,
						8.5,
						1.5
					],
					"texture": "#1"
				},
				"down": {
					"uv": [
						2.75,
						8.5,
						2.5,
						9.25
					],
					"texture": "#1"
				}
			}
		},
		{
			"from": [
				7.85,
				2.34767,
				9.95233
			],
			"to": [
				8.15,
				3.24767,
				11.15233
			],
			"rotation": {
				"angle": 0,
				"axis": "y",
				"origin": [
					8,
					5.24767,
					11.05233
				]
			},
			"faces": {
				"north": {
					"uv": [
						8,
						9,
						8.25,
						9.5
					],
					"texture": "#1"
				},
				"east": {
					"uv": [
						3.5,
						4.5,
						4,
						5
					],
					"texture": "#1"
				},
				"south": {
					"uv": [
						9,
						8,
						9.25,
						8.5
					],
					"texture": "#1"
				},
				"west": {
					"uv": [
						6.5,
						7.5,
						7,
						8
					],
					"texture": "#1"
				},
				"up": {
					"uv": [
						8.75,
						9.5,
						8.5,
						9
					],
					"texture": "#1"
				},
				"down": {
					"uv": [
						9.25,
						8.5,
						9,
						9
					],
					"texture": "#1"
				}
			}
		},
		{
			"from": [
				7.25,
				3.84767,
				9.55233
			],
			"to": [
				8.75,
				5.24767,
				14.35233
			],
			"rotation": {
				"angle": 0,
				"axis": "y",
				"origin": [
					8,
					2.14767,
					7.65233
				]
			},
			"faces": {
				"north": {
					"uv": [
						6,
						0.5,
						6.75,
						1.25
					],
					"texture": "#1"
				},
				"east": {
					"uv": [
						0,
						0,
						2.5,
						0.75
					],
					"texture": "#1"
				},
				"south": {
					"uv": [
						6,
						1.5,
						6.75,
						2.25
					],
					"texture": "#1"
				},
				"west": {
					"uv": [
						0,
						1,
						2.5,
						1.75
					],
					"texture": "#1"
				},
				"up": {
					"uv": [
						0.75,
						4.5,
						0,
						2
					],
					"texture": "#1"
				},
				"down": {
					"uv": [
						1.75,
						2,
						1,
						4.5
					],
					"texture": "#1"
				}
			}
		},
		{
			"from": [
				7.35,
				3.84767,
				14.35233
			],
			"to": [
				8.65,
				5.24767,
				15.30233
			],
			"rotation": {
				"angle": 0,
				"axis": "y",
				"origin": [
					8,
					2.14767,
					7.65233
				]
			},
			"faces": {
				"north": {
					"uv": [
						6,
						2.5,
						6.75,
						3.25
					],
					"texture": "#1"
				},
				"east": {
					"uv": [
						7,
						3.5,
						7.5,
						4.25
					],
					"texture": "#1"
				},
				"south": {
					"uv": [
						3.5,
						6,
						4.25,
						6.75
					],
					"texture": "#1"
				},
				"west": {
					"uv": [
						4,
						7,
						4.5,
						7.75
					],
					"texture": "#1"
				},
				"up": {
					"uv": [
						5.25,
						7.5,
						4.5,
						7
					],
					"texture": "#1"
				},
				"down": {
					"uv": [
						7.25,
						7,
						6.5,
						7.5
					],
					"texture": "#1"
				}
			}
		},
		{
			"from": [
				7.25,
				4.04767,
				6.15233
			],
			"to": [
				8.75,
				5.74767,
				8.25233
			],
			"rotation": {
				"angle": 0,
				"axis": "y",
				"origin": [
					8,
					2.14767,
					7.65233
				]
			},
			"faces": {
				"north": {
					"uv": [
						6,
						3.5,
						6.75,
						4.25
					],
					"texture": "#1"
				},
				"east": {
					"uv": [
						5,
						0.5,
						6,
						1.25
					],
					"texture": "#1"
				},
				"south": {
					"uv": [
						4.5,
						6,
						5.25,
						6.75
					],
					"texture": "#1"
				},
				"west": {
					"uv": [
						5,
						1.5,
						6,
						2.25
					],
					"texture": "#1"
				},
				"up": {
					"uv": [
						5.75,
						3.5,
						5,
						2.5
					],
					"texture": "#1"
				},
				"down": {
					"uv": [
						4.25,
						5,
						3.5,
						6
					],
					"texture": "#1"
				}
			}
		},
		{
			"from": [
				7.45,
				4.34767,
				5.15233
			],
			"to": [
				8.55,
				5.54767,
				6.15233
			],
			"rotation": {
				"angle": 0,
				"axis": "y",
				"origin": [
					8,
					2.14767,
					7.65233
				]
			},
			"faces": {
				"north": {
					"uv": [
						7,
						7.5,
						7.5,
						8
					],
					"texture": "#1"
				},
				"east": {
					"uv": [
						7.5,
						7,
						8,
						7.5
					],
					"texture": "#1"
				},
				"south": {
					"uv": [
						7.5,
						7.5,
						8,
						8
					],
					"texture": "#1"
				},
				"west": {
					"uv": [
						8,
						0,
						8.5,
						0.5
					],
					"texture": "#1"
				},
				"up": {
					"uv": [
						8.5,
						1,
						8,
						0.5
					],
					"texture": "#1"
				},
				"down": {
					"uv": [
						8.5,
						1,
						8,
						1.5
					],
					"texture": "#1"
				}
			}
		},
		{
			"from": [
				7.55,
				4.54767,
				4.95233
			],
			"to": [
				8.45,
				5.44767,
				5.15233
			],
			"rotation": {
				"angle": 0,
				"axis": "y",
				"origin": [
					8,
					2.14767,
					7.65233
				]
			},
			"faces": {
				"north": {
					"uv": [
						8,
						1.5,
						8.5,
						2
					],
					"texture": "#1"
				},
				"east": {
					"uv": [
						9,
						9,
						9.25,
						9.5
					],
					"texture": "#1"
				},
				"south": {
					"uv": [
						8,
						2,
						8.5,
						2.5
					],
					"texture": "#1"
				},
				"west": {
					"uv": [
						0,
						9.5,
						0.25,
						10
					],
					"texture": "#1"
				},
				"up": {
					"uv": [
						1,
						9.75,
						0.5,
						9.5
					],
					"texture": "#1"
				},
				"down": {
					"uv": [
						1.5,
						9.5,
						1,
						9.75
					],
					"texture": "#1"
				}
			}
		},
		{
			"from": [
				7.65,
				4.74767,
				0.85233
			],
			"to": [
				8.35,
				5.44767,
				4.95233
			],
			"rotation": {
				"angle": 0,
				"axis": "y",
				"origin": [
					8,
					2.14767,
					7.65233
				]
			},
			"faces": {
				"north": {
					"uv": [
						4,
						10,
						4.25,
						10.25
					],
					"texture": "#1"
				},
				"east": {
					"uv": [
						6.5,
						6,
						8.5,
						6.25
					],
					"texture": "#1"
				},
				"south": {
					"uv": [
						10,
						4,
						10.25,
						4.25
					],
					"texture": "#1"
				},
				"west": {
					"uv": [
						6.5,
						6.5,
						8.5,
						6.75
					],
					"texture": "#1"
				},
				"up": {
					"uv": [
						1.75,
						8.5,
						1.5,
						6.5
					],
					"texture": "#1"
				},
				"down": {
					"uv": [
						2.25,
						6.5,
						2,
						8.5
					],
					"texture": "#1"
				}
			}
		},
		{
			"from": [
				7.85,
				4.44767,
				1.35233
			],
			"to": [
				8.15,
				4.74767,
				2.85233
			],
			"rotation": {
				"angle": 0,
				"axis": "y",
				"origin": [
					8,
					2.14767,
					7.65233
				]
			},
			"faces": {
				"north": {
					"uv": [
						4.5,
						10,
						4.75,
						10.25
					],
					"texture": "#1"
				},
				"east": {
					"uv": [
						8.5,
						2.5,
						9.25,
						2.75
					],
					"texture": "#1"
				},
				"south": {
					"uv": [
						10,
						4.5,
						10.25,
						4.75
					],
					"texture": "#1"
				},
				"west": {
					"uv": [
						3,
						8.5,
						3.75,
						8.75
					],
					"texture": "#1"
				},
				"up": {
					"uv": [
						4.25,
						9.25,
						4,
						8.5
					],
					"texture": "#1"
				},
				"down": {
					"uv": [
						4.75,
						8.5,
						4.5,
						9.25
					],
					"texture": "#1"
				}
			}
		},
		{
			"from": [
				7.55,
				4.64767,
				1.15233
			],
			"to": [
				8.45,
				5.54767,
				1.75233
			],
			"rotation": {
				"angle": 0,
				"axis": "y",
				"origin": [
					8,
					2.14767,
					7.65233
				]
			},
			"faces": {
				"north": {
					"uv": [
						2.5,
						8,
						3,
						8.5
					],
					"texture": "#1"
				},
				"east": {
					"uv": [
						9.5,
						1,
						9.75,
						1.5
					],
					"texture": "#1"
				},
				"south": {
					"uv": [
						8,
						2.5,
						8.5,
						3
					],
					"texture": "#1"
				},
				"west": {
					"uv": [
						1.5,
						9.5,
						1.75,
						10
					],
					"texture": "#1"
				},
				"up": {
					"uv": [
						2.5,
						9.75,
						2,
						9.5
					],
					"texture": "#1"
				},
				"down": {
					"uv": [
						3,
						9.5,
						2.5,
						9.75
					],
					"texture": "#1"
				}
			}
		},
		{
			"from": [
				7.55,
				4.64767,
				0.65233
			],
			"to": [
				8.45,
				5.54767,
				0.95233
			],
			"rotation": {
				"angle": 0,
				"axis": "y",
				"origin": [
					8,
					2.14767,
					7.65233
				]
			},
			"faces": {
				"north": {
					"uv": [
						8,
						3,
						8.5,
						3.5
					],
					"texture": "#1"
				},
				"east": {
					"uv": [
						9.5,
						2.5,
						9.75,
						3
					],
					"texture": "#1"
				},
				"south": {
					"uv": [
						3.5,
						8,
						4,
						8.5
					],
					"texture": "#1"
				},
				"west": {
					"uv": [
						3,
						9.5,
						3.25,
						10
					],
					"texture": "#1"
				},
				"up": {
					"uv": [
						10,
						3.25,
						9.5,
						3
					],
					"texture": "#1"
				},
				"down": {
					"uv": [
						4,
						9.5,
						3.5,
						9.75
					],
					"texture": "#1"
				}
			}
		},
		{
			"from": [
				7.45,
				3.54767,
				6.25233
			],
			"to": [
				8.55,
				4.04767,
				8.15233
			],
			"rotation": {
				"angle": 0,
				"axis": "y",
				"origin": [
					8,
					2.14767,
					7.65233
				]
			},
			"faces": {
				"north": {
					"uv": [
						9.5,
						3.5,
						10,
						3.75
					],
					"texture": "#1"
				},
				"east": {
					"uv": [
						8,
						3.5,
						9,
						3.75
					],
					"texture": "#1"
				},
				"south": {
					"uv": [
						4,
						9.5,
						4.5,
						9.75
					],
					"texture": "#1"
				},
				"west": {
					"uv": [
						4,
						8,
						5,
						8.25
					],
					"texture": "#1"
				},
				"up": {
					"uv": [
						3.5,
						7.5,
						3,
						6.5
					],
					"texture": "#1"
				},
				"down": {
					"uv": [
						7.5,
						0.5,
						7,
						1.5
					],
					"texture": "#1"
				}
			}
		},
		{
			"from": [
				7.45,
				3.04767,
				6.35233
			],
			"to": [
				8.55,
				3.54767,
				7.65233
			],
			"rotation": {
				"angle": 0,
				"axis": "y",
				"origin": [
					8,
					2.14767,
					7.65233
				]
			},
			"faces": {
				"north": {
					"uv": [
						9.5,
						4,
						10,
						4.25
					],
					"texture": "#1"
				},
				"east": {
					"uv": [
						8.5,
						3,
						9.25,
						3.25
					],
					"texture": "#1"
				},
				"south": {
					"uv": [
						4.5,
						9.5,
						5,
						9.75
					],
					"texture": "#1"
				},
				"west": {
					"uv": [
						8.5,
						4.5,
						9.25,
						4.75
					],
					"texture": "#1"
				},
				"up": {
					"uv": [
						0.5,
						8.25,
						0,
						7.5
					],
					"texture": "#1"
				},
				"down": {
					"uv": [
						8,
						0.5,
						7.5,
						1.25
					],
					"texture": "#1"
				}
			}
		},
		{
			"from": [
				7.75,
				3.14767,
				6.85233
			],
			"to": [
				8.25,
				3.54767,
				8.05233
			],
			"rotation": {
				"angle": 0,
				"axis": "y",
				"origin": [
					8,
					2.14767,
					7.65233
				]
			},
			"faces": {
				"north": {
					"uv": [
						5,
						10,
						5.25,
						10.25
					],
					"texture": "#1"
				},
				"east": {
					"uv": [
						9.5,
						4.5,
						10,
						4.75
					],
					"texture": "#1"
				},
				"south": {
					"uv": [
						10,
						5,
						10.25,
						5.25
					],
					"texture": "#1"
				},
				"west": {
					"uv": [
						5,
						9.5,
						5.5,
						9.75
					],
					"texture": "#1"
				},
				"up": {
					"uv": [
						9.75,
						5.5,
						9.5,
						5
					],
					"texture": "#1"
				},
				"down": {
					"uv": [
						5.75,
						9.5,
						5.5,
						10
					],
					"texture": "#1"
				}
			}
		},
		{
			"from": [
				7.65,
				-1.65233,
				6.45233
			],
			"to": [
				8.35,
				3.04767,
				7.55233
			],
			"rotation": {
				"angle": 0,
				"axis": "y",
				"origin": [
					8,
					2.14767,
					7.65233
				]
			},
			"faces": {
				"north": {
					"uv": [
						5.5,
						6,
						5.75,
						8.25
					],
					"texture": "#1"
				},
				"east": {
					"uv": [
						4.5,
						2,
						5,
						4.25
					],
					"texture": "#1"
				},
				"south": {
					"uv": [
						6,
						6,
						6.25,
						8.25
					],
					"texture": "#1"
				},
				"west": {
					"uv": [
						2.5,
						4.5,
						3,
						6.75
					],
					"texture": "#1"
				},
				"up": {
					"uv": [
						9.75,
						6,
						9.5,
						5.5
					],
					"texture": "#1"
				},
				"down": {
					"uv": [
						6.25,
						9.5,
						6,
						10
					],
					"texture": "#1"
				}
			}
		},
		{
			"from": [
				7.75,
				-2.15233,
				6.65233
			],
			"to": [
				8.25,
				-1.65233,
				7.55233
			],
			"rotation": {
				"angle": 0,
				"axis": "y",
				"origin": [
					8,
					2.14767,
					7.65233
				]
			},
			"faces": {
				"north": {
					"uv": [
						5.5,
						10,
						5.75,
						10.25
					],
					"texture": "#1"
				},
				"east": {
					"uv": [
						9.5,
						6,
						10,
						6.25
					],
					"texture": "#1"
				},
				"south": {
					"uv": [
						10,
						5.5,
						10.25,
						5.75
					],
					"texture": "#1"
				},
				"west": {
					"uv": [
						6.5,
						9.5,
						7,
						9.75
					],
					"texture": "#1"
				},
				"up": {
					"uv": [
						9.75,
						7,
						9.5,
						6.5
					],
					"texture": "#1"
				},
				"down": {
					"uv": [
						7.25,
						9.5,
						7,
						10
					],
					"texture": "#1"
				}
			}
		},
		{
			"from": [
				7.45,
				3.54767,
				13.45233
			],
			"to": [
				8.55,
				4.04767,
				15.15233
			],
			"rotation": {
				"angle": 0,
				"axis": "y",
				"origin": [
					8,
					2.14767,
					7.65233
				]
			},
			"faces": {
				"north": {
					"uv": [
						9.5,
						7,
						10,
						7.25
					],
					"texture": "#1"
				},
				"east": {
					"uv": [
						8.5,
						5,
						9.25,
						5.25
					],
					"texture": "#1"
				},
				"south": {
					"uv": [
						7.5,
						9.5,
						8,
						9.75
					],
					"texture": "#1"
				},
				"west": {
					"uv": [
						5.5,
						8.5,
						6.25,
						8.75
					],
					"texture": "#1"
				},
				"up": {
					"uv": [
						8,
						2.25,
						7.5,
						1.5
					],
					"texture": "#1"
				},
				"down": {
					"uv": [
						8,
						2.5,
						7.5,
						3.25
					],
					"texture": "#1"
				}
			}
		},
		{
			"from": [
				7.55,
				3.94767,
				15.15233
			],
			"to": [
				8.45,
				5.44767,
				15.65233
			],
			"rotation": {
				"angle": 0,
				"axis": "y",
				"origin": [
					8,
					2.14767,
					7.65233
				]
			},
			"faces": {
				"north": {
					"uv": [
						3,
						7.5,
						3.5,
						8.25
					],
					"texture": "#1"
				},
				"east": {
					"uv": [
						8.5,
						5.5,
						8.75,
						6.25
					],
					"texture": "#1"
				},
				"south": {
					"uv": [
						7.5,
						3.5,
						8,
						4.25
					],
					"texture": "#1"
				},
				"west": {
					"uv": [
						8.5,
						7.5,
						8.75,
						8.25
					],
					"texture": "#1"
				},
				"up": {
					"uv": [
						10,
						7.75,
						9.5,
						7.5
					],
					"texture": "#1"
				},
				"down": {
					"uv": [
						8.5,
						9.5,
						8,
						9.75
					],
					"texture": "#1"
				}
			}
		},
		{
			"from": [
				7.45,
				5.04767,
				14.45233
			],
			"to": [
				8.55,
				5.64767,
				15.15233
			],
			"rotation": {
				"angle": 0,
				"axis": "y",
				"origin": [
					8,
					2.14767,
					7.65233
				]
			},
			"faces": {
				"north": {
					"uv": [
						9.5,
						8,
						10,
						8.25
					],
					"texture": "#1"
				},
				"east": {
					"uv": [
						6,
						10,
						6.25,
						10.25
					],
					"texture": "#1"
				},
				"south": {
					"uv": [
						8.5,
						9.5,
						9,
						9.75
					],
					"texture": "#1"
				},
				"west": {
					"uv": [
						10,
						6,
						10.25,
						6.25
					],
					"texture": "#1"
				},
				"up": {
					"uv": [
						10,
						8.75,
						9.5,
						8.5
					],
					"texture": "#1"
				},
				"down": {
					"uv": [
						9.5,
						9.5,
						9,
						9.75
					],
					"texture": "#1"
				}
			}
		},
		{
			"from": [
				7.35,
				5.24767,
				13.60233
			],
			"to": [
				8.65,
				5.84767,
				14.30233
			],
			"rotation": {
				"angle": 0,
				"axis": "y",
				"origin": [
					8,
					2.14767,
					7.65233
				]
			},
			"faces": {
				"north": {
					"uv": [
						8.5,
						6.5,
						9.25,
						6.75
					],
					"texture": "#1"
				},
				"east": {
					"uv": [
						6.5,
						10,
						6.75,
						10.25
					],
					"texture": "#1"
				},
				"south": {
					"uv": [
						8,
						8.5,
						8.75,
						8.75
					],
					"texture": "#1"
				},
				"west": {
					"uv": [
						10,
						6.5,
						10.25,
						6.75
					],
					"texture": "#1"
				},
				"up": {
					"uv": [
						9.75,
						0.25,
						9,
						0
					],
					"texture": "#1"
				},
				"down": {
					"uv": [
						9.75,
						0.5,
						9,
						0.75
					],
					"texture": "#1"
				}
			}
		},
		{
			"from": [
				8.75,
				4.4,
				12.90233
			],
			"to": [
				9.25,
				4.7,
				13.20233
			],
			"rotation": {
				"angle": 0,
				"axis": "y",
				"origin": [
					8,
					2.14767,
					7.65233
				]
			},
			"faces": {
				"north": {
					"uv": [
						7,
						10,
						7.25,
						10.25
					],
					"texture": "#1"
				},
				"east": {
					"uv": [
						10,
						7,
						10.25,
						7.25
					],
					"texture": "#1"
				},
				"south": {
					"uv": [
						7.5,
						10,
						7.75,
						10.25
					],
					"texture": "#1"
				},
				"west": {
					"uv": [
						10,
						7.5,
						10.25,
						7.75
					],
					"texture": "#1"
				},
				"up": {
					"uv": [
						8.25,
						10.25,
						8,
						10
					],
					"texture": "#1"
				},
				"down": {
					"uv": [
						10.25,
						8,
						10,
						8.25
					],
					"texture": "#1"
				}
			}
		},
		{
			"from": [
				9.25,
				4.34767,
				12.90233
			],
			"to": [
				9.45,
				4.74767,
				13.20233
			],
			"rotation": {
				"angle": 0,
				"axis": "y",
				"origin": [
					8,
					2.14767,
					7.65233
				]
			},
			"faces": {
				"north": {
					"uv": [
						8.5,
						10,
						8.75,
						10.25
					],
					"texture": "#1"
				},
				"east": {
					"uv": [
						10,
						8.5,
						10.25,
						8.75
					],
					"texture": "#1"
				},
				"south": {
					"uv": [
						9,
						10,
						9.25,
						10.25
					],
					"texture": "#1"
				},
				"west": {
					"uv": [
						10,
						9,
						10.25,
						9.25
					],
					"texture": "#1"
				},
				"up": {
					"uv": [
						9.75,
						10.25,
						9.5,
						10
					],
					"texture": "#1"
				},
				"down": {
					"uv": [
						10.25,
						9.5,
						10,
						9.75
					],
					"texture": "#1"
				}
			}
		},
		{
			"from": [
				7.35,
				4.04767,
				8.90233
			],
			"to": [
				8.65,
				5.84767,
				9.60233
			],
			"rotation": {
				"angle": 0,
				"axis": "y",
				"origin": [
					8,
					2.14767,
					7.65233
				]
			},
			"faces": {
				"north": {
					"uv": [
						5,
						3.5,
						5.75,
						4.5
					],
					"texture": "#1"
				},
				"east": {
					"uv": [
						5,
						8,
						5.25,
						9
					],
					"texture": "#1"
				},
				"south": {
					"uv": [
						4.5,
						5,
						5.25,
						6
					],
					"texture": "#1"
				},
				"west": {
					"uv": [
						8,
						5,
						8.25,
						6
					],
					"texture": "#1"
				},
				"up": {
					"uv": [
						2.25,
						9.25,
						1.5,
						9
					],
					"texture": "#1"
				},
				"down": {
					"uv": [
						9.75,
						1.5,
						9,
						1.75
					],
					"texture": "#1"
				}
			}
		},
		{
			"from": [
				7.35,
				4.04767,
				8.50233
			],
			"to": [
				8.65,
				5.24767,
				8.90233
			],
			"rotation": {
				"angle": 0,
				"axis": "y",
				"origin": [
					8,
					2.14767,
					7.65233
				]
			},
			"faces": {
				"north": {
					"uv": [
						4.5,
						7.5,
						5.25,
						8
					],
					"texture": "#1"
				},
				"east": {
					"uv": [
						9.5,
						9,
						9.75,
						9.5
					],
					"texture": "#1"
				},
				"south": {
					"uv": [
						7.5,
						4.5,
						8.25,
						5
					],
					"texture": "#1"
				},
				"west": {
					"uv": [
						9.5,
						9.5,
						9.75,
						10
					],
					"texture": "#1"
				},
				"up": {
					"uv": [
						9.75,
						2.25,
						9,
						2
					],
					"texture": "#1"
				},
				"down": {
					"uv": [
						3.75,
						9,
						3,
						9.25
					],
					"texture": "#1"
				}
			}
		},
		{
			"from": [
				7.45,
				5.74767,
				6.70233
			],
			"to": [
				8.55,
				5.84767,
				7.20233
			],
			"rotation": {
				"angle": 0,
				"axis": "y",
				"origin": [
					8,
					2.14767,
					7.65233
				]
			},
			"faces": {
				"north": {
					"uv": [
						0,
						10,
						0.5,
						10.25
					],
					"texture": "#1"
				},
				"east": {
					"uv": [
						10,
						10,
						10.25,
						10.25
					],
					"texture": "#1"
				},
				"south": {
					"uv": [
						10,
						0,
						10.5,
						0.25
					],
					"texture": "#1"
				},
				"west": {
					"uv": [
						0,
						10.5,
						0.25,
						10.75
					],
					"texture": "#1"
				},
				"up": {
					"uv": [
						1,
						10.25,
						0.5,
						10
					],
					"texture": "#1"
				},
				"down": {
					"uv": [
						10.5,
						0.5,
						10,
						0.75
					],
					"texture": "#1"
				}
			}
		},
		{
			"from": [
				7.95,
				5.84767,
				6.80233
			],
			"to": [
				8.05,
				5.94767,
				7.10233
			],
			"rotation": {
				"angle": 0,
				"axis": "y",
				"origin": [
					8,
					2.14767,
					7.65233
				]
			},
			"faces": {
				"north": {
					"uv": [
						10.5,
						0,
						10.75,
						0.25
					],
					"texture": "#1"
				},
				"east": {
					"uv": [
						0.5,
						10.5,
						0.75,
						10.75
					],
					"texture": "#1"
				},
				"south": {
					"uv": [
						10.5,
						0.5,
						10.75,
						0.75
					],
					"texture": "#1"
				},
				"west": {
					"uv": [
						1,
						10.5,
						1.25,
						10.75
					],
					"texture": "#1"
				},
				"up": {
					"uv": [
						10.75,
						1.25,
						10.5,
						1
					],
					"texture": "#1"
				},
				"down": {
					"uv": [
						1.75,
						10.5,
						1.5,
						10.75
					],
					"texture": "#1"
				}
			}
		},
		{
			"from": [
				8.1,
				5.74767,
				1.35233
			],
			"to": [
				8.2,
				6.04767,
				1.65233
			],
			"rotation": {
				"angle": 0,
				"axis": "y",
				"origin": [
					8,
					2.14767,
					7.65233
				]
			},
			"faces": {
				"north": {
					"uv": [
						10.5,
						1.5,
						10.75,
						1.75
					],
					"texture": "#1"
				},
				"east": {
					"uv": [
						2,
						10.5,
						2.25,
						10.75
					],
					"texture": "#1"
				},
				"south": {
					"uv": [
						10.5,
						2,
						10.75,
						2.25
					],
					"texture": "#1"
				},
				"west": {
					"uv": [
						2.5,
						10.5,
						2.75,
						10.75
					],
					"texture": "#1"
				},
				"up": {
					"uv": [
						10.75,
						2.75,
						10.5,
						2.5
					],
					"texture": "#1"
				},
				"down": {
					"uv": [
						3.25,
						10.5,
						3,
						10.75
					],
					"texture": "#1"
				}
			}
		},
		{
			"from": [
				7.75,
				5.54767,
				1.25233
			],
			"to": [
				8.25,
				5.74767,
				1.75233
			],
			"rotation": {
				"angle": 0,
				"axis": "y",
				"origin": [
					8,
					2.14767,
					7.65233
				]
			},
			"faces": {
				"north": {
					"uv": [
						10.5,
						3,
						10.75,
						3.25
					],
					"texture": "#1"
				},
				"east": {
					"uv": [
						3.5,
						10.5,
						3.75,
						10.75
					],
					"texture": "#1"
				},
				"south": {
					"uv": [
						10.5,
						3.5,
						10.75,
						3.75
					],
					"texture": "#1"
				},
				"west": {
					"uv": [
						4,
						10.5,
						4.25,
						10.75
					],
					"texture": "#1"
				},
				"up": {
					"uv": [
						10.75,
						4.25,
						10.5,
						4
					],
					"texture": "#1"
				},
				"down": {
					"uv": [
						4.75,
						10.5,
						4.5,
						10.75
					],
					"texture": "#1"
				}
			}
		},
		{
			"from": [
				7.85,
				6.04767,
				1.35233
			],
			"to": [
				8.15,
				6.14767,
				1.65233
			],
			"rotation": {
				"angle": 0,
				"axis": "y",
				"origin": [
					8,
					2.14767,
					7.65233
				]
			},
			"faces": {
				"north": {
					"uv": [
						10.5,
						4.5,
						10.75,
						4.75
					],
					"texture": "#1"
				},
				"east": {
					"uv": [
						5,
						10.5,
						5.25,
						10.75
					],
					"texture": "#1"
				},
				"south": {
					"uv": [
						10.5,
						5,
						10.75,
						5.25
					],
					"texture": "#1"
				},
				"west": {
					"uv": [
						5.5,
						10.5,
						5.75,
						10.75
					],
					"texture": "#1"
				},
				"up": {
					"uv": [
						10.75,
						5.75,
						10.5,
						5.5
					],
					"texture": "#1"
				},
				"down": {
					"uv": [
						6.25,
						10.5,
						6,
						10.75
					],
					"texture": "#1"
				}
			}
		},
		{
			"from": [
				7.8,
				5.74767,
				1.35233
			],
			"to": [
				7.9,
				6.04767,
				1.65233
			],
			"rotation": {
				"angle": 0,
				"axis": "y",
				"origin": [
					8,
					2.14767,
					7.65233
				]
			},
			"faces": {
				"north": {
					"uv": [
						10.5,
						6,
						10.75,
						6.25
					],
					"texture": "#1"
				},
				"east": {
					"uv": [
						6.5,
						10.5,
						6.75,
						10.75
					],
					"texture": "#1"
				},
				"south": {
					"uv": [
						10.5,
						6.5,
						10.75,
						6.75
					],
					"texture": "#1"
				},
				"west": {
					"uv": [
						7,
						10.5,
						7.25,
						10.75
					],
					"texture": "#1"
				},
				"up": {
					"uv": [
						10.75,
						7.25,
						10.5,
						7
					],
					"texture": "#1"
				},
				"down": {
					"uv": [
						7.75,
						10.5,
						7.5,
						10.75
					],
					"texture": "#1"
				}
			}
		},
		{
			"from": [
				7.75,
				2.54767,
				12.65233
			],
			"to": [
				8.25,
				3.74767,
				13.05233
			],
			"rotation": {
				"angle": 45,
				"axis": "x",
				"origin": [
					8,
					3.14767,
					12.55233
				]
			},
			"faces": {
				"north": {
					"uv": [
						1,
						10,
						1.25,
						10.5
					],
					"texture": "#1"
				},
				"east": {
					"uv": [
						10,
						1,
						10.25,
						1.5
					],
					"texture": "#1"
				},
				"south": {
					"uv": [
						1.5,
						10,
						1.75,
						10.5
					],
					"texture": "#1"
				},
				"west": {
					"uv": [
						10,
						1.5,
						10.25,
						2
					],
					"texture": "#1"
				},
				"up": {
					"uv": [
						10.75,
						7.75,
						10.5,
						7.5
					],
					"texture": "#1"
				},
				"down": {
					"uv": [
						8.25,
						10.5,
						8,
						10.75
					],
					"texture": "#1"
				}
			}
		},
		{
			"from": [
				7.75,
				3.04767,
				12.15233
			],
			"to": [
				8.25,
				3.74767,
				12.45233
			],
			"rotation": {
				"angle": 0,
				"axis": "y",
				"origin": [
					8,
					5.24767,
					11.05233
				]
			},
			"faces": {
				"north": {
					"uv": [
						10.5,
						8,
						10.75,
						8.25
					],
					"texture": "#1"
				},
				"east": {
					"uv": [
						8.5,
						10.5,
						8.75,
						10.75
					],
					"texture": "#1"
				},
				"south": {
					"uv": [
						10.5,
						8.5,
						10.75,
						8.75
					],
					"texture": "#1"
				},
				"west": {
					"uv": [
						9,
						10.5,
						9.25,
						10.75
					],
					"texture": "#1"
				},
				"up": {
					"uv": [
						10.75,
						9.25,
						10.5,
						9
					],
					"texture": "#1"
				},
				"down": {
					"uv": [
						9.75,
						10.5,
						9.5,
						10.75
					],
					"texture": "#1"
				}
			}
		},
		{
			"from": [
				7.95,
				3.14767,
				12.45233
			],
			"to": [
				8.05,
				3.74767,
				12.85233
			],
			"rotation": {
				"angle": 0,
				"axis": "y",
				"origin": [
					8,
					5.24767,
					11.05233
				]
			},
			"faces": {
				"north": {
					"uv": [
						10.5,
						9.5,
						10.75,
						9.75
					],
					"texture": "#1"
				},
				"east": {
					"uv": [
						10,
						10.5,
						10.25,
						10.75
					],
					"texture": "#1"
				},
				"south": {
					"uv": [
						10.5,
						10,
						10.75,
						10.25
					],
					"texture": "#1"
				},
				"west": {
					"uv": [
						10.5,
						10.5,
						10.75,
						10.75
					],
					"texture": "#1"
				},
				"up": {
					"uv": [
						0.25,
						11.25,
						0,
						11
					],
					"texture": "#1"
				},
				"down": {
					"uv": [
						11.25,
						0,
						11,
						0.25
					],
					"texture": "#1"
				}
			}
		}
	],
	"display": {
		"thirdperson_righthand": {
			"translation": [
				0,
				5,
				-5
			],
			"scale": [
				1.13,
				1.13,
				1.13
			]
		},
		"thirdperson_lefthand": {
			"translation": [
				0,
				5,
				-5
			],
			"scale": [
				-1.13,
				1.13,
				1.13
			]
		},
		"firstperson_righthand": {
			"translation": [
				-4.75,
				10.25,
				-1.5
			],
			"scale": [
				1.3,
				1.3,
				1.3
			]
		},
		"firstperson_lefthand": {
			"translation": [
				-4.75,
				10.25,
				-1.5
			],
			"scale": [
				-1.3,
				1.3,
				1.3
			]
		},
		"ground": {
			"translation": [
				0,
				6.75,
				-3.5
			]
		},
		"gui": {
			"rotation": [
				-167.4,
				-21.74,
				-179
			],
			"translation": [
				0.5,
				7.25,
				-1
			],
			"scale": [
				1.35,
				1.35,
				1.35
			]
		},
		"fixed": {
			"rotation": [
				0,
				89.25,
				0
			],
			"translation": [
				-2.25,
				7.25,
				-1
			],
			"scale": [
				1.51,
				1.51,
				1.51
			]
		}
	}
}