{
	"credit": "Made with Blockbench",
	"texture_size": [
		32,
		32
	],
	"textures": {
		"3": "scguns_laf:item/new_thumper_texture",
		"particle": "scguns_laf:item/new_thumper_texture"
	},
	"elements": [
		{
			"from": [
				7.75,
				1.45,
				15.1
			],
			"to": [
				8.25,
				2.05,
				15.5
			],
			"rotation": {
				"angle": 0,
				"axis": "y",
				"origin": [
					0,
					-0.5,
					1.55
				]
			},
			"faces": {
				"north": {
					"uv": [
						9.5,
						4.5,
						9.75,
						4.75
					],
					"texture": "#3"
				},
				"east": {
					"uv": [
						5,
						9.5,
						5.25,
						9.75
					],
					"texture": "#3"
				},
				"south": {
					"uv": [
						7.5,
						9.5,
						7.75,
						9.75
					],
					"texture": "#3"
				},
				"west": {
					"uv": [
						8,
						9.5,
						8.25,
						9.75
					],
					"texture": "#3"
				},
				"up": {
					"uv": [
						8.75,
						9.75,
						8.5,
						9.5
					],
					"texture": "#3"
				},
				"down": {
					"uv": [
						9.25,
						9.5,
						9,
						9.75
					],
					"texture": "#3"
				}
			}
		},
		{
			"from": [
				7.95,
				1.55,
				15.5
			],
			"to": [
				8.05,
				2.05,
				16
			],
			"rotation": {
				"angle": 0,
				"axis": "y",
				"origin": [
					0,
					-0.5,
					1.55
				]
			},
			"faces": {
				"north": {
					"uv": [
						9.5,
						9,
						9.75,
						9.25
					],
					"texture": "#3"
				},
				"east": {
					"uv": [
						9.5,
						9.5,
						9.75,
						9.75
					],
					"texture": "#3"
				},
				"south": {
					"uv": [
						0,
						10,
						0.25,
						10.25
					],
					"texture": "#3"
				},
				"west": {
					"uv": [
						0.5,
						10,
						0.75,
						10.25
					],
					"texture": "#3"
				},
				"up": {
					"uv": [
						10.25,
						1.25,
						10,
						1
					],
					"texture": "#3"
				},
				"down": {
					"uv": [
						10.25,
						1.5,
						10,
						1.75
					],
					"texture": "#3"
				}
			}
		},
		{
			"from": [
				7.75,
				1.05,
				14.6
			],
			"to": [
				8.25,
				1.35,
				16.7
			],
			"rotation": {
				"angle": 0,
				"axis": "y",
				"origin": [
					0,
					-0.5,
					1.55
				]
			},
			"faces": {
				"north": {
					"uv": [
						2,
						10,
						2.25,
						10.25
					],
					"texture": "#3"
				},
				"east": {
					"uv": [
						4.5,
						1.5,
						5.5,
						1.75
					],
					"texture": "#3"
				},
				"south": {
					"uv": [
						2.5,
						10,
						2.75,
						10.25
					],
					"texture": "#3"
				},
				"west": {
					"uv": [
						6,
						1,
						7,
						1.25
					],
					"texture": "#3"
				},
				"up": {
					"uv": [
						4.75,
						7.5,
						4.5,
						6.5
					],
					"texture": "#3"
				},
				"down": {
					"uv": [
						3.75,
						9,
						3.5,
						10
					],
					"texture": "#3"
				}
			}
		},
		{
			"from": [
				7.75,
				0.95,
				12.6
			],
			"to": [
				8.25,
				1.55,
				14.6
			],
			"rotation": {
				"angle": 0,
				"axis": "y",
				"origin": [
					0,
					-0.5,
					1.55
				]
			},
			"faces": {
				"north": {
					"uv": [
						3,
						10,
						3.25,
						10.25
					],
					"texture": "#3"
				},
				"east": {
					"uv": [
						9,
						5,
						10,
						5.25
					],
					"texture": "#3"
				},
				"south": {
					"uv": [
						10,
						3,
						10.25,
						3.25
					],
					"texture": "#3"
				},
				"west": {
					"uv": [
						9,
						5.5,
						10,
						5.75
					],
					"texture": "#3"
				},
				"up": {
					"uv": [
						6.75,
						10,
						6.5,
						9
					],
					"texture": "#3"
				},
				"down": {
					"uv": [
						7.25,
						9,
						7,
						10
					],
					"texture": "#3"
				}
			}
		},
		{
			"from": [
				7.35,
				-1,
				16.25
			],
			"to": [
				8.65,
				2.75,
				17.95
			],
			"rotation": {
				"angle": -22.5,
				"axis": "x",
				"origin": [
					8,
					0.55,
					17.25
				]
			},
			"faces": {
				"north": {
					"uv": [
						6.5,
						4,
						7.25,
						6
					],
					"texture": "#3"
				},
				"east": {
					"uv": [
						6.5,
						6,
						7.25,
						8
					],
					"texture": "#3"
				},
				"south": {
					"uv": [
						1,
						7,
						1.75,
						9
					],
					"texture": "#3"
				},
				"west": {
					"uv": [
						7,
						1,
						7.75,
						3
					],
					"texture": "#3"
				},
				"up": {
					"uv": [
						7.25,
						8.75,
						6.5,
						8
					],
					"texture": "#3"
				},
				"down": {
					"uv": [
						8.25,
						8,
						7.5,
						8.75
					],
					"texture": "#3"
				}
			}
		},
		{
			"from": [
				7.25,
				-0.5,
				16.35
			],
			"to": [
				8.75,
				2.75,
				17.85
			],
			"rotation": {
				"angle": -22.5,
				"axis": "x",
				"origin": [
					8,
					0.55,
					17.25
				]
			},
			"faces": {
				"north": {
					"uv": [
						2,
						7,
						2.75,
						8.75
					],
					"texture": "#3"
				},
				"east": {
					"uv": [
						7.5,
						3,
						8.25,
						4.75
					],
					"texture": "#3"
				},
				"south": {
					"uv": [
						4.5,
						7.5,
						5.25,
						9.25
					],
					"texture": "#3"
				},
				"west": {
					"uv": [
						7.5,
						5,
						8.25,
						6.75
					],
					"texture": "#3"
				},
				"up": {
					"uv": [
						9.25,
						3.75,
						8.5,
						3
					],
					"texture": "#3"
				},
				"down": {
					"uv": [
						9.25,
						4,
						8.5,
						4.75
					],
					"texture": "#3"
				}
			}
		},
		{
			"from": [
				7,
				2,
				12
			],
			"to": [
				9,
				4,
				17
			],
			"rotation": {
				"angle": 0,
				"axis": "y",
				"origin": [
					0,
					-0.75,
					-0.45
				]
			},
			"faces": {
				"north": {
					"uv": [
						3,
						4.5,
						4,
						5.5
					],
					"texture": "#3"
				},
				"east": {
					"uv": [
						2,
						0,
						4.5,
						1
					],
					"texture": "#3"
				},
				"south": {
					"uv": [
						5.5,
						7.5,
						6.5,
						8.5
					],
					"texture": "#3"
				},
				"west": {
					"uv": [
						2,
						1,
						4.5,
						2
					],
					"texture": "#3"
				},
				"up": {
					"uv": [
						3,
						4.5,
						2,
						2
					],
					"texture": "#3"
				},
				"down": {
					"uv": [
						4,
						2,
						3,
						4.5
					],
					"texture": "#3"
				}
			}
		},
		{
			"from": [
				7.25,
				4.75,
				9.45
			],
			"to": [
				7.65,
				5.65,
				9.95
			],
			"rotation": {
				"angle": 0,
				"axis": "y",
				"origin": [
					0,
					-0.75,
					-0.45
				]
			},
			"faces": {
				"north": {
					"uv": [
						1.5,
						4,
						1.75,
						4.5
					],
					"texture": "#3"
				},
				"east": {
					"uv": [
						5,
						5.5,
						5.25,
						6
					],
					"texture": "#3"
				},
				"south": {
					"uv": [
						3,
						9.5,
						3.25,
						10
					],
					"texture": "#3"
				},
				"west": {
					"uv": [
						9.5,
						3,
						9.75,
						3.5
					],
					"texture": "#3"
				},
				"up": {
					"uv": [
						3.75,
						10.25,
						3.5,
						10
					],
					"texture": "#3"
				},
				"down": {
					"uv": [
						10.25,
						3.5,
						10,
						3.75
					],
					"texture": "#3"
				}
			}
		},
		{
			"from": [
				8.35,
				4.75,
				9.45
			],
			"to": [
				8.75,
				5.65,
				9.95
			],
			"rotation": {
				"angle": 0,
				"axis": "y",
				"origin": [
					0,
					-0.75,
					-0.45
				]
			},
			"faces": {
				"north": {
					"uv": [
						9.5,
						3.5,
						9.75,
						4
					],
					"texture": "#3"
				},
				"east": {
					"uv": [
						4,
						9.5,
						4.25,
						10
					],
					"texture": "#3"
				},
				"south": {
					"uv": [
						9.5,
						4,
						9.75,
						4.5
					],
					"texture": "#3"
				},
				"west": {
					"uv": [
						4.5,
						9.5,
						4.75,
						10
					],
					"texture": "#3"
				},
				"up": {
					"uv": [
						4.25,
						10.25,
						4,
						10
					],
					"texture": "#3"
				},
				"down": {
					"uv": [
						10.25,
						4,
						10,
						4.25
					],
					"texture": "#3"
				}
			}
		},
		{
			"from": [
				7.15,
				4.75,
				9.35
			],
			"to": [
				8.85,
				4.95,
				10.05
			],
			"rotation": {
				"angle": 0,
				"axis": "y",
				"origin": [
					0,
					-0.75,
					-0.45
				]
			},
			"faces": {
				"north": {
					"uv": [
						8.5,
						9,
						9.25,
						9.25
					],
					"texture": "#3"
				},
				"east": {
					"uv": [
						4.5,
						10,
						4.75,
						10.25
					],
					"texture": "#3"
				},
				"south": {
					"uv": [
						0,
						9.5,
						0.75,
						9.75
					],
					"texture": "#3"
				},
				"west": {
					"uv": [
						10,
						4.5,
						10.25,
						4.75
					],
					"texture": "#3"
				},
				"up": {
					"uv": [
						10.25,
						0.25,
						9.5,
						0
					],
					"texture": "#3"
				},
				"down": {
					"uv": [
						10.25,
						0.5,
						9.5,
						0.75
					],
					"texture": "#3"
				}
			}
		},
		{
			"from": [
				6.75,
				2.5,
				12.5
			],
			"to": [
				9.25,
				4.5,
				16.5
			],
			"rotation": {
				"angle": 0,
				"axis": "y",
				"origin": [
					0,
					-0.75,
					-0.45
				]
			},
			"faces": {
				"north": {
					"uv": [
						7.5,
						7,
						8.75,
						8
					],
					"texture": "#3"
				},
				"east": {
					"uv": [
						3,
						5.5,
						5,
						6.5
					],
					"texture": "#3"
				},
				"south": {
					"uv": [
						8,
						0,
						9.25,
						1
					],
					"texture": "#3"
				},
				"west": {
					"uv": [
						5.5,
						3,
						7.5,
						4
					],
					"texture": "#3"
				},
				"up": {
					"uv": [
						1.25,
						6,
						0,
						4
					],
					"texture": "#3"
				},
				"down": {
					"uv": [
						5.25,
						2,
						4,
						4
					],
					"texture": "#3"
				}
			}
		},
		{
			"from": [
				6.75,
				1.75,
				12
			],
			"to": [
				9.25,
				4.25,
				12.5
			],
			"faces": {
				"north": {
					"uv": [
						5,
						6,
						6.25,
						7.25
					],
					"texture": "#3"
				},
				"east": {
					"uv": [
						9,
						1,
						9.25,
						2.25
					],
					"texture": "#3"
				},
				"south": {
					"uv": [
						3,
						6.5,
						4.25,
						7.75
					],
					"texture": "#3"
				},
				"west": {
					"uv": [
						1.5,
						9,
						1.75,
						10.25
					],
					"texture": "#3"
				},
				"up": {
					"uv": [
						3.25,
						9.25,
						2,
						9
					],
					"texture": "#3"
				},
				"down": {
					"uv": [
						10.25,
						2.5,
						9,
						2.75
					],
					"texture": "#3"
				}
			}
		},
		{
			"from": [
				6.5,
				1.5,
				11.5
			],
			"to": [
				9.5,
				4.5,
				12
			],
			"faces": {
				"north": {
					"uv": [
						4,
						4,
						5.5,
						5.5
					],
					"texture": "#3"
				},
				"east": {
					"uv": [
						4,
						8,
						4.25,
						9.5
					],
					"texture": "#3"
				},
				"south": {
					"uv": [
						4.5,
						0,
						6,
						1.5
					],
					"texture": "#3"
				},
				"west": {
					"uv": [
						8.5,
						5,
						8.75,
						6.5
					],
					"texture": "#3"
				},
				"up": {
					"uv": [
						10,
						6.75,
						8.5,
						6.5
					],
					"texture": "#3"
				},
				"down": {
					"uv": [
						10,
						8,
						8.5,
						8.25
					],
					"texture": "#3"
				}
			}
		},
		{
			"from": [
				6.5,
				1.5,
				8.8
			],
			"to": [
				9.5,
				4.5,
				9.3
			],
			"faces": {
				"north": {
					"uv": [
						1.5,
						4.5,
						3,
						6
					],
					"texture": "#3"
				},
				"east": {
					"uv": [
						5.5,
						8.5,
						5.75,
						10
					],
					"texture": "#3"
				},
				"south": {
					"uv": [
						5.5,
						1.5,
						7,
						3
					],
					"texture": "#3"
				},
				"west": {
					"uv": [
						6,
						8.5,
						6.25,
						10
					],
					"texture": "#3"
				},
				"up": {
					"uv": [
						10,
						8.75,
						8.5,
						8.5
					],
					"texture": "#3"
				},
				"down": {
					"uv": [
						1.5,
						9,
						0,
						9.25
					],
					"texture": "#3"
				}
			}
		},
		{
			"from": [
				6.25,
				1.25,
				9.3
			],
			"to": [
				9.75,
				4.75,
				11.5
			],
			"faces": {
				"north": {
					"uv": [
						0,
						0,
						1.75,
						1.75
					],
					"texture": "#3"
				},
				"east": {
					"uv": [
						5.5,
						4,
						6.5,
						5.75
					],
					"texture": "#3"
				},
				"south": {
					"uv": [
						0,
						2,
						1.75,
						3.75
					],
					"texture": "#3"
				},
				"west": {
					"uv": [
						0,
						6,
						1,
						7.75
					],
					"texture": "#3"
				},
				"up": {
					"uv": [
						7.75,
						1,
						6,
						0
					],
					"texture": "#3"
				},
				"down": {
					"uv": [
						2.75,
						6,
						1,
						7
					],
					"texture": "#3"
				}
			}
		},
		{
			"from": [
				7,
				2.25,
				17
			],
			"to": [
				9,
				3.75,
				17.5
			],
			"faces": {
				"north": {
					"uv": [
						0,
						8,
						1,
						8.75
					],
					"texture": "#3"
				},
				"east": {
					"uv": [
						1,
						9.5,
						1.25,
						10.25
					],
					"texture": "#3"
				},
				"south": {
					"uv": [
						8,
						1,
						9,
						1.75
					],
					"texture": "#3"
				},
				"west": {
					"uv": [
						9.5,
						1,
						9.75,
						1.75
					],
					"texture": "#3"
				},
				"up": {
					"uv": [
						10,
						6.25,
						9,
						6
					],
					"texture": "#3"
				},
				"down": {
					"uv": [
						10,
						7,
						9,
						7.25
					],
					"texture": "#3"
				}
			}
		},
		{
			"from": [
				7.25,
				1.5,
				12.5
			],
			"to": [
				8.75,
				2,
				14.65
			],
			"faces": {
				"north": {
					"uv": [
						2,
						9.5,
						2.75,
						9.75
					],
					"texture": "#3"
				},
				"east": {
					"uv": [
						7.5,
						9,
						8.5,
						9.25
					],
					"texture": "#3"
				},
				"south": {
					"uv": [
						9.5,
						2,
						10.25,
						2.25
					],
					"texture": "#3"
				},
				"west": {
					"uv": [
						9,
						7.5,
						10,
						7.75
					],
					"texture": "#3"
				},
				"up": {
					"uv": [
						8.75,
						3,
						8,
						2
					],
					"texture": "#3"
				},
				"down": {
					"uv": [
						3.75,
						8,
						3,
						9
					],
					"texture": "#3"
				}
			}
		}
	],
	"display": {
		"thirdperson_righthand": {
			"translation": [
				0,
				5.75,
				-6.75
			]
		},
		"thirdperson_lefthand": {
			"translation": [
				0,
				5.75,
				-6.75
			],
			"scale": [
				-1,
				1,
				1
			]
		},
		"firstperson_righthand": {
			"translation": [
				-4.75,
				8.75,
				-3.5
			],
			"scale": [
				1,
				1,
				0.79
			]
		},
		"firstperson_lefthand": {
			"translation": [
				-4.75,
				8.75,
				-3.5
			],
			"scale": [
				-1,
				1,
				0.79
			]
		},
		"ground": {
			"translation": [
				-0.25,
				5.5,
				-7.75
			]
		},
		"gui": {
			"rotation": [
				-165.43,
				-30.34,
				-173.82
			],
			"translation": [
				4.5,
				5.25,
				0
			],
			"scale": [
				1.38,
				1.38,
				1.38
			]
		},
		"fixed": {
			"rotation": [
				0,
				93,
				0
			],
			"translation": [
				-9,
				9.75,
				-2.5
			],
			"scale": [
				1.81,
				1.81,
				1.81
			]
		}
	}
}