{
	"credit": "Made with Blockbench",
	"texture_size": [
		64,
		64
	],
	"textures": {
		"1": "scguns_laf:item/new_tt_jorm_keg_texture",
		"particle": "scguns_laf:item/new_tt_jorm_keg_texture"
	},
	"elements": [
		{
			"from": [
				7.5,
				-0.025,
				13.875
			],
			"to": [
				8.5,
				4.575,
				15.725
			],
			"rotation": {
				"angle": -22.5,
				"axis": "x",
				"origin": [
					8,
					1.525,
					15.35
				]
			},
			"faces": {
				"north": {
					"uv": [
						6.5,
						8.25,
						6.75,
						9.375
					],
					"texture": "#1"
				},
				"east": {
					"uv": [
						5.5,
						2,
						6,
						3.125
					],
					"texture": "#1"
				},
				"south": {
					"uv": [
						8.5,
						0,
						8.75,
						1.125
					],
					"texture": "#1"
				},
				"west": {
					"uv": [
						2.75,
						5.5,
						3.25,
						6.625
					],
					"texture": "#1"
				},
				"up": {
					"uv": [
						9.5,
						0.5,
						9.25,
						0
					],
					"texture": "#1"
				},
				"down": {
					"uv": [
						0.75,
						9.25,
						0.5,
						9.75
					],
					"texture": "#1"
				}
			}
		},
		{
			"from": [
				7.7,
				-0.25,
				13.975
			],
			"to": [
				8.3,
				0.875,
				15.575
			],
			"rotation": {
				"angle": -22.5,
				"axis": "x",
				"origin": [
					8,
					1.525,
					15.35
				]
			},
			"faces": {
				"north": {
					"uv": [
						1,
						10.5,
						1.125,
						10.75
					],
					"texture": "#1"
				},
				"east": {
					"uv": [
						9.5,
						0.25,
						9.875,
						0.5
					],
					"texture": "#1"
				},
				"south": {
					"uv": [
						10.5,
						1,
						10.625,
						1.25
					],
					"texture": "#1"
				},
				"west": {
					"uv": [
						9.5,
						0.5,
						9.875,
						0.75
					],
					"texture": "#1"
				},
				"up": {
					"uv": [
						10.375,
						3.375,
						10.25,
						3
					],
					"texture": "#1"
				},
				"down": {
					"uv": [
						3.375,
						10.25,
						3.25,
						10.625
					],
					"texture": "#1"
				}
			}
		},
		{
			"from": [
				7.34,
				0.225,
				14
			],
			"to": [
				8.66,
				4.125,
				15.5
			],
			"rotation": {
				"angle": -22.5,
				"axis": "x",
				"origin": [
					8,
					1.525,
					15.35
				]
			},
			"faces": {
				"north": {
					"uv": [
						6.75,
						2,
						7.125,
						3
					],
					"texture": "#1"
				},
				"east": {
					"uv": [
						3,
						6.75,
						3.375,
						7.75
					],
					"texture": "#1"
				},
				"south": {
					"uv": [
						6.75,
						6.5,
						7.125,
						7.5
					],
					"texture": "#1"
				},
				"west": {
					"uv": [
						1,
						7,
						1.375,
						8
					],
					"texture": "#1"
				},
				"up": {
					"uv": [
						1.375,
						9.375,
						1,
						9
					],
					"texture": "#1"
				},
				"down": {
					"uv": [
						3.875,
						9,
						3.5,
						9.375
					],
					"texture": "#1"
				}
			}
		},
		{
			"from": [
				7.25,
				3.84767,
				6.30233
			],
			"to": [
				8.75,
				5.69767,
				13.65233
			],
			"rotation": {
				"angle": 0,
				"axis": "y",
				"origin": [
					8,
					5.09767,
					12.55233
				]
			},
			"faces": {
				"north": {
					"uv": [
						0,
						8.75,
						0.375,
						9.25
					],
					"texture": "#1"
				},
				"east": {
					"uv": [
						3.5,
						2.25,
						5.375,
						2.75
					],
					"texture": "#1"
				},
				"south": {
					"uv": [
						8.75,
						0,
						9.125,
						0.5
					],
					"texture": "#1"
				},
				"west": {
					"uv": [
						3.5,
						2.75,
						5.375,
						3.25
					],
					"texture": "#1"
				},
				"up": {
					"uv": [
						5.375,
						5.125,
						5,
						3.25
					],
					"texture": "#1"
				},
				"down": {
					"uv": [
						4.375,
						5.25,
						4,
						7.125
					],
					"texture": "#1"
				}
			}
		},
		{
			"from": [
				7.55,
				4.47267,
				8.75233
			],
			"to": [
				8.45,
				6.32267,
				14.85233
			],
			"rotation": {
				"angle": 0,
				"axis": "y",
				"origin": [
					8,
					5.09767,
					12.55233
				]
			},
			"faces": {
				"north": {
					"uv": [
						9.25,
						0.5,
						9.5,
						1
					],
					"texture": "#1"
				},
				"east": {
					"uv": [
						4.75,
						0,
						6.25,
						0.5
					],
					"texture": "#1"
				},
				"south": {
					"uv": [
						0.75,
						9.25,
						1,
						9.75
					],
					"texture": "#1"
				},
				"west": {
					"uv": [
						4.75,
						0.5,
						6.25,
						1
					],
					"texture": "#1"
				},
				"up": {
					"uv": [
						3.75,
						8.25,
						3.5,
						6.75
					],
					"texture": "#1"
				},
				"down": {
					"uv": [
						1.75,
						7,
						1.5,
						8.5
					],
					"texture": "#1"
				}
			}
		},
		{
			"from": [
				7.125,
				4.17267,
				6.77733
			],
			"to": [
				8.875,
				5.82267,
				11.05233
			],
			"rotation": {
				"angle": 0,
				"axis": "y",
				"origin": [
					8,
					5.09767,
					13.95233
				]
			},
			"faces": {
				"north": {
					"uv": [
						0.5,
						8.75,
						1,
						9.125
					],
					"texture": "#1"
				},
				"east": {
					"uv": [
						6,
						3.5,
						7.125,
						3.875
					],
					"texture": "#1"
				},
				"south": {
					"uv": [
						8.75,
						0.5,
						9.25,
						0.875
					],
					"texture": "#1"
				},
				"west": {
					"uv": [
						6,
						4,
						7.125,
						4.375
					],
					"texture": "#1"
				},
				"up": {
					"uv": [
						3.75,
						6.625,
						3.25,
						5.5
					],
					"texture": "#1"
				},
				"down": {
					"uv": [
						6,
						3.25,
						5.5,
						4.375
					],
					"texture": "#1"
				}
			}
		},
		{
			"from": [
				8.375,
				4.34767,
				11.05233
			],
			"to": [
				9.05,
				5.64767,
				14.67733
			],
			"rotation": {
				"angle": 0,
				"axis": "y",
				"origin": [
					8,
					5.14767,
					12.67733
				]
			},
			"faces": {
				"north": {
					"uv": [
						3.5,
						10.25,
						3.625,
						10.625
					],
					"texture": "#1"
				},
				"east": {
					"uv": [
						7.25,
						2.5,
						8.125,
						2.875
					],
					"texture": "#1"
				},
				"south": {
					"uv": [
						3.75,
						10.25,
						3.875,
						10.625
					],
					"texture": "#1"
				},
				"west": {
					"uv": [
						7.25,
						6.5,
						8.125,
						6.875
					],
					"texture": "#1"
				},
				"up": {
					"uv": [
						3.375,
						10.125,
						3.25,
						9.25
					],
					"texture": "#1"
				},
				"down": {
					"uv": [
						9.375,
						6.5,
						9.25,
						7.375
					],
					"texture": "#1"
				}
			}
		},
		{
			"from": [
				7.41,
				3.49767,
				13.65233
			],
			"to": [
				8.59,
				5.69767,
				14.57733
			],
			"rotation": {
				"angle": 0,
				"axis": "y",
				"origin": [
					8,
					4.74767,
					12.55233
				]
			},
			"faces": {
				"north": {
					"uv": [
						9.25,
						1.25,
						9.5,
						1.75
					],
					"texture": "#1"
				},
				"east": {
					"uv": [
						1.75,
						9.25,
						2,
						9.75
					],
					"texture": "#1"
				},
				"south": {
					"uv": [
						2,
						9.25,
						2.25,
						9.75
					],
					"texture": "#1"
				},
				"west": {
					"uv": [
						2.25,
						9.25,
						2.5,
						9.75
					],
					"texture": "#1"
				},
				"up": {
					"uv": [
						5.5,
						2.25,
						5.25,
						2
					],
					"texture": "#1"
				},
				"down": {
					"uv": [
						6.5,
						5.5,
						6.25,
						5.75
					],
					"texture": "#1"
				}
			}
		},
		{
			"from": [
				7.8,
				2.39767,
				12.72733
			],
			"to": [
				8.2,
				3.27267,
				13.02733
			],
			"rotation": {
				"angle": 0,
				"axis": "y",
				"origin": [
					8,
					5.44767,
					11.60233
				]
			},
			"faces": {
				"north": {
					"uv": [
						1.25,
						10.5,
						1.375,
						10.75
					],
					"texture": "#1"
				},
				"east": {
					"uv": [
						10.5,
						1.25,
						10.625,
						1.5
					],
					"texture": "#1"
				},
				"south": {
					"uv": [
						1.5,
						10.5,
						1.625,
						10.75
					],
					"texture": "#1"
				},
				"west": {
					"uv": [
						10.5,
						1.5,
						10.625,
						1.75
					],
					"texture": "#1"
				},
				"up": {
					"uv": [
						10.875,
						6.375,
						10.75,
						6.25
					],
					"texture": "#1"
				},
				"down": {
					"uv": [
						6.625,
						10.75,
						6.5,
						10.875
					],
					"texture": "#1"
				}
			}
		},
		{
			"from": [
				7.235,
				3.92267,
				14.25233
			],
			"to": [
				8.765,
				5.37267,
				15.25233
			],
			"rotation": {
				"angle": 0,
				"axis": "y",
				"origin": [
					8,
					4.74767,
					12.55233
				]
			},
			"faces": {
				"north": {
					"uv": [
						9,
						3.5,
						9.375,
						3.875
					],
					"texture": "#1"
				},
				"east": {
					"uv": [
						9.5,
						1.25,
						9.75,
						1.625
					],
					"texture": "#1"
				},
				"south": {
					"uv": [
						4,
						9,
						4.375,
						9.375
					],
					"texture": "#1"
				},
				"west": {
					"uv": [
						9.5,
						2.75,
						9.75,
						3.125
					],
					"texture": "#1"
				},
				"up": {
					"uv": [
						9.875,
						1,
						9.5,
						0.75
					],
					"texture": "#1"
				},
				"down": {
					"uv": [
						3.875,
						9.5,
						3.5,
						9.75
					],
					"texture": "#1"
				}
			}
		},
		{
			"from": [
				7.535,
				3.89767,
				13.40233
			],
			"to": [
				8.465,
				4.79767,
				14.95233
			],
			"rotation": {
				"angle": -45,
				"axis": "x",
				"origin": [
					8,
					4.99767,
					14.75233
				]
			},
			"faces": {
				"north": {
					"uv": [
						9.75,
						7.5,
						10,
						7.75
					],
					"texture": "#1"
				},
				"east": {
					"uv": [
						9.5,
						3.5,
						9.875,
						3.75
					],
					"texture": "#1"
				},
				"south": {
					"uv": [
						9.75,
						7.75,
						10,
						8
					],
					"texture": "#1"
				},
				"west": {
					"uv": [
						9.5,
						3.75,
						9.875,
						4
					],
					"texture": "#1"
				},
				"up": {
					"uv": [
						4.25,
						9.875,
						4,
						9.5
					],
					"texture": "#1"
				},
				"down": {
					"uv": [
						9.75,
						4,
						9.5,
						4.375
					],
					"texture": "#1"
				}
			}
		},
		{
			"from": [
				7.46,
				3.94767,
				13.35233
			],
			"to": [
				8.54,
				5.59767,
				15.75233
			],
			"rotation": {
				"angle": 0,
				"axis": "y",
				"origin": [
					8,
					4.74767,
					12.55233
				]
			},
			"faces": {
				"north": {
					"uv": [
						4.25,
						9.5,
						4.5,
						9.875
					],
					"texture": "#1"
				},
				"east": {
					"uv": [
						8.5,
						1.25,
						9.125,
						1.625
					],
					"texture": "#1"
				},
				"south": {
					"uv": [
						5,
						9.5,
						5.25,
						9.875
					],
					"texture": "#1"
				},
				"west": {
					"uv": [
						8.5,
						5,
						9.125,
						5.375
					],
					"texture": "#1"
				},
				"up": {
					"uv": [
						9,
						6.875,
						8.75,
						6.25
					],
					"texture": "#1"
				},
				"down": {
					"uv": [
						9,
						7,
						8.75,
						7.625
					],
					"texture": "#1"
				}
			}
		},
		{
			"from": [
				7.635,
				4.44767,
				14.70233
			],
			"to": [
				8.365,
				6.09767,
				15.20233
			],
			"rotation": {
				"angle": 0,
				"axis": "y",
				"origin": [
					8,
					4.74767,
					12.55233
				]
			},
			"faces": {
				"north": {
					"uv": [
						4,
						10.25,
						4.125,
						10.625
					],
					"texture": "#1"
				},
				"east": {
					"uv": [
						10.25,
						4,
						10.375,
						4.375
					],
					"texture": "#1"
				},
				"south": {
					"uv": [
						4.25,
						10.25,
						4.375,
						10.625
					],
					"texture": "#1"
				},
				"west": {
					"uv": [
						5.25,
						10.25,
						5.375,
						10.625
					],
					"texture": "#1"
				},
				"up": {
					"uv": [
						10.875,
						6.625,
						10.75,
						6.5
					],
					"texture": "#1"
				},
				"down": {
					"uv": [
						6.875,
						10.75,
						6.75,
						10.875
					],
					"texture": "#1"
				}
			}
		},
		{
			"from": [
				7.635,
				4.44767,
				6.82733
			],
			"to": [
				8.365,
				6.09767,
				10.20233
			],
			"rotation": {
				"angle": 0,
				"axis": "y",
				"origin": [
					8,
					4.74767,
					13.95233
				]
			},
			"faces": {
				"north": {
					"uv": [
						5.5,
						10.25,
						5.625,
						10.625
					],
					"texture": "#1"
				},
				"east": {
					"uv": [
						7.25,
						7,
						8.125,
						7.375
					],
					"texture": "#1"
				},
				"south": {
					"uv": [
						5.75,
						10.25,
						5.875,
						10.625
					],
					"texture": "#1"
				},
				"west": {
					"uv": [
						7.5,
						0,
						8.375,
						0.375
					],
					"texture": "#1"
				},
				"up": {
					"uv": [
						6.875,
						10.125,
						6.75,
						9.25
					],
					"texture": "#1"
				},
				"down": {
					"uv": [
						7.125,
						9.25,
						7,
						10.125
					],
					"texture": "#1"
				}
			}
		},
		{
			"from": [
				7.27259,
				3.06851,
				-2.23683
			],
			"to": [
				8.72741,
				3.66496,
				3.66929
			],
			"rotation": {
				"angle": 0,
				"axis": "y",
				"origin": [
					8,
					2.33398,
					8.92217
				]
			},
			"faces": {
				"north": {
					"uv": [
						10.25,
						4.5,
						10.625,
						4.625
					],
					"texture": "#1"
				},
				"east": {
					"uv": [
						8.75,
						1,
						10.25,
						1.125
					],
					"texture": "#1"
				},
				"south": {
					"uv": [
						10.25,
						5.25,
						10.625,
						5.375
					],
					"texture": "#1"
				},
				"west": {
					"uv": [
						8.75,
						2,
						10.25,
						2.125
					],
					"texture": "#1"
				},
				"up": {
					"uv": [
						0.375,
						7.25,
						0,
						5.75
					],
					"texture": "#1"
				},
				"down": {
					"uv": [
						0.875,
						5.75,
						0.5,
						7.25
					],
					"texture": "#1"
				}
			}
		},
		{
			"from": [
				7.525,
				5.79767,
				6.90233
			],
			"to": [
				8.475,
				6.29767,
				7.60233
			],
			"rotation": {
				"angle": 0,
				"axis": "y",
				"origin": [
					8,
					4.74767,
					12.55233
				]
			},
			"faces": {
				"north": {
					"uv": [
						1.75,
						10.5,
						2,
						10.625
					],
					"texture": "#1"
				},
				"east": {
					"uv": [
						10.75,
						6.75,
						10.875,
						6.875
					],
					"texture": "#1"
				},
				"south": {
					"uv": [
						2,
						10.5,
						2.25,
						10.625
					],
					"texture": "#1"
				},
				"west": {
					"uv": [
						7,
						10.75,
						7.125,
						10.875
					],
					"texture": "#1"
				},
				"up": {
					"uv": [
						10.75,
						2.125,
						10.5,
						2
					],
					"texture": "#1"
				},
				"down": {
					"uv": [
						2.5,
						10.5,
						2.25,
						10.625
					],
					"texture": "#1"
				}
			}
		},
		{
			"from": [
				7.625,
				6.32267,
				10.00233
			],
			"to": [
				8.375,
				6.49767,
				13.55233
			],
			"rotation": {
				"angle": 0,
				"axis": "y",
				"origin": [
					8,
					4.74767,
					12.55233
				]
			},
			"faces": {
				"north": {
					"uv": [
						10.5,
						2.25,
						10.75,
						2.375
					],
					"texture": "#1"
				},
				"east": {
					"uv": [
						9.25,
						8.75,
						10.125,
						8.875
					],
					"texture": "#1"
				},
				"south": {
					"uv": [
						10.5,
						2.5,
						10.75,
						2.625
					],
					"texture": "#1"
				},
				"west": {
					"uv": [
						9.25,
						9,
						10.125,
						9.125
					],
					"texture": "#1"
				},
				"up": {
					"uv": [
						6.5,
						9.375,
						6.25,
						8.5
					],
					"texture": "#1"
				},
				"down": {
					"uv": [
						8,
						8.5,
						7.75,
						9.375
					],
					"texture": "#1"
				}
			}
		},
		{
			"from": [
				7.7,
				6.27267,
				7.10233
			],
			"to": [
				7.85,
				7.27267,
				7.40233
			],
			"rotation": {
				"angle": 0,
				"axis": "z",
				"origin": [
					7.75,
					6.04767,
					11.90233
				]
			},
			"faces": {
				"north": {
					"uv": [
						10.5,
						2.75,
						10.625,
						3
					],
					"texture": "#1"
				},
				"east": {
					"uv": [
						3,
						10.5,
						3.125,
						10.75
					],
					"texture": "#1"
				},
				"south": {
					"uv": [
						10.5,
						3,
						10.625,
						3.25
					],
					"texture": "#1"
				},
				"west": {
					"uv": [
						10.5,
						3.25,
						10.625,
						3.5
					],
					"texture": "#1"
				},
				"up": {
					"uv": [
						10.875,
						7.125,
						10.75,
						7
					],
					"texture": "#1"
				},
				"down": {
					"uv": [
						7.375,
						10.75,
						7.25,
						10.875
					],
					"texture": "#1"
				}
			}
		},
		{
			"from": [
				8.15,
				6.27267,
				7.10233
			],
			"to": [
				8.3,
				7.27267,
				7.40233
			],
			"rotation": {
				"angle": 0,
				"axis": "z",
				"origin": [
					8.25,
					6.04767,
					11.90233
				]
			},
			"faces": {
				"north": {
					"uv": [
						10.5,
						3.5,
						10.625,
						3.75
					],
					"texture": "#1"
				},
				"east": {
					"uv": [
						10.5,
						3.75,
						10.625,
						4
					],
					"texture": "#1"
				},
				"south": {
					"uv": [
						10.5,
						4,
						10.625,
						4.25
					],
					"texture": "#1"
				},
				"west": {
					"uv": [
						10.5,
						4.25,
						10.625,
						4.5
					],
					"texture": "#1"
				},
				"up": {
					"uv": [
						10.875,
						7.375,
						10.75,
						7.25
					],
					"texture": "#1"
				},
				"down": {
					"uv": [
						7.625,
						10.75,
						7.5,
						10.875
					],
					"texture": "#1"
				}
			}
		},
		{
			"from": [
				7.85,
				6.47267,
				7.15233
			],
			"to": [
				8.15,
				6.57267,
				7.32733
			],
			"rotation": {
				"angle": 0,
				"axis": "y",
				"origin": [
					8,
					4.74767,
					12.55233
				]
			},
			"faces": {
				"north": {
					"uv": [
						10.75,
						7.5,
						10.875,
						7.625
					],
					"texture": "#1"
				},
				"east": {
					"uv": [
						7.75,
						10.75,
						7.875,
						10.875
					],
					"texture": "#1"
				},
				"south": {
					"uv": [
						10.75,
						7.75,
						10.875,
						7.875
					],
					"texture": "#1"
				},
				"west": {
					"uv": [
						8,
						10.75,
						8.125,
						10.875
					],
					"texture": "#1"
				},
				"up": {
					"uv": [
						10.875,
						8.125,
						10.75,
						8
					],
					"texture": "#1"
				},
				"down": {
					"uv": [
						8.375,
						10.75,
						8.25,
						10.875
					],
					"texture": "#1"
				}
			}
		},
		{
			"from": [
				7.0475,
				3.88982,
				5.07018
			],
			"to": [
				8.9525,
				5.66482,
				6.33018
			],
			"rotation": {
				"angle": 0,
				"axis": "y",
				"origin": [
					8,
					5.45982,
					13.04018
				]
			},
			"faces": {
				"north": {
					"uv": [
						8.25,
						6.5,
						8.75,
						7
					],
					"texture": "#1"
				},
				"east": {
					"uv": [
						1.75,
						8.75,
						2.125,
						9.25
					],
					"texture": "#1"
				},
				"south": {
					"uv": [
						8.25,
						7,
						8.75,
						7.5
					],
					"texture": "#1"
				},
				"west": {
					"uv": [
						2.25,
						8.75,
						2.625,
						9.25
					],
					"texture": "#1"
				},
				"up": {
					"uv": [
						9.25,
						2.625,
						8.75,
						2.25
					],
					"texture": "#1"
				},
				"down": {
					"uv": [
						3.5,
						8.75,
						3,
						9.125
					],
					"texture": "#1"
				}
			}
		},
		{
			"from": [
				8.7857,
				4.95063,
				5.27157
			],
			"to": [
				9.3883,
				5.83383,
				6.15477
			],
			"rotation": {
				"angle": 22.5,
				"axis": "z",
				"origin": [
					9.0925,
					4.71023,
					5.98817
				]
			},
			"faces": {
				"north": {
					"uv": [
						4.5,
						10.5,
						4.625,
						10.75
					],
					"texture": "#1"
				},
				"east": {
					"uv": [
						9.75,
						8.5,
						10,
						8.75
					],
					"texture": "#1"
				},
				"south": {
					"uv": [
						4.75,
						10.5,
						4.875,
						10.75
					],
					"texture": "#1"
				},
				"west": {
					"uv": [
						10,
						0.25,
						10.25,
						0.5
					],
					"texture": "#1"
				},
				"up": {
					"uv": [
						10.625,
						5,
						10.5,
						4.75
					],
					"texture": "#1"
				},
				"down": {
					"uv": [
						5.125,
						10.5,
						5,
						10.75
					],
					"texture": "#1"
				}
			}
		},
		{
			"from": [
				11.0167,
				5.04263,
				5.29457
			],
			"to": [
				11.6193,
				5.74183,
				6.15477
			],
			"rotation": {
				"angle": 22.5,
				"axis": "z",
				"origin": [
					9.0925,
					4.71023,
					5.98817
				]
			},
			"faces": {
				"north": {
					"uv": [
						10.75,
						8.25,
						10.875,
						8.375
					],
					"texture": "#1"
				},
				"east": {
					"uv": [
						10.5,
						5,
						10.75,
						5.125
					],
					"texture": "#1"
				},
				"south": {
					"uv": [
						8.5,
						10.75,
						8.625,
						10.875
					],
					"texture": "#1"
				},
				"west": {
					"uv": [
						10.5,
						5.5,
						10.75,
						5.625
					],
					"texture": "#1"
				},
				"up": {
					"uv": [
						10.625,
						6,
						10.5,
						5.75
					],
					"texture": "#1"
				},
				"down": {
					"uv": [
						10.625,
						6,
						10.5,
						6.25
					],
					"texture": "#1"
				}
			}
		},
		{
			"from": [
				11.0167,
				5.04263,
				7.70957
			],
			"to": [
				11.6193,
				5.74183,
				8.68477
			],
			"rotation": {
				"angle": 22.5,
				"axis": "z",
				"origin": [
					9.0925,
					4.71023,
					5.98817
				]
			},
			"faces": {
				"north": {
					"uv": [
						10.75,
						8.5,
						10.875,
						8.625
					],
					"texture": "#1"
				},
				"east": {
					"uv": [
						10.5,
						6.25,
						10.75,
						6.375
					],
					"texture": "#1"
				},
				"south": {
					"uv": [
						8.75,
						10.75,
						8.875,
						10.875
					],
					"texture": "#1"
				},
				"west": {
					"uv": [
						10.5,
						6.5,
						10.75,
						6.625
					],
					"texture": "#1"
				},
				"up": {
					"uv": [
						6.875,
						10.75,
						6.75,
						10.5
					],
					"texture": "#1"
				},
				"down": {
					"uv": [
						10.625,
						6.75,
						10.5,
						7
					],
					"texture": "#1"
				}
			}
		},
		{
			"from": [
				10.9477,
				4.99663,
				6.12257
			],
			"to": [
				11.6883,
				5.78783,
				8.13277
			],
			"rotation": {
				"angle": 22.5,
				"axis": "z",
				"origin": [
					9.0925,
					4.71023,
					5.98817
				]
			},
			"faces": {
				"north": {
					"uv": [
						7,
						10.5,
						7.125,
						10.75
					],
					"texture": "#1"
				},
				"east": {
					"uv": [
						9,
						7.5,
						9.5,
						7.75
					],
					"texture": "#1"
				},
				"south": {
					"uv": [
						7.25,
						10.5,
						7.375,
						10.75
					],
					"texture": "#1"
				},
				"west": {
					"uv": [
						9.25,
						2.25,
						9.75,
						2.5
					],
					"texture": "#1"
				},
				"up": {
					"uv": [
						0.625,
						10.5,
						0.5,
						10
					],
					"texture": "#1"
				},
				"down": {
					"uv": [
						10.125,
						0.5,
						10,
						1
					],
					"texture": "#1"
				}
			}
		},
		{
			"from": [
				9.4067,
				5.13463,
				5.45557
			],
			"to": [
				11.2973,
				5.64983,
				5.97077
			],
			"rotation": {
				"angle": 22.5,
				"axis": "z",
				"origin": [
					9.0925,
					4.71023,
					5.98817
				]
			},
			"faces": {
				"north": {
					"uv": [
						1.5,
						10,
						2,
						10.125
					],
					"texture": "#1"
				},
				"east": {
					"uv": [
						10.75,
						8.75,
						10.875,
						8.875
					],
					"texture": "#1"
				},
				"south": {
					"uv": [
						2,
						10,
						2.5,
						10.125
					],
					"texture": "#1"
				},
				"west": {
					"uv": [
						9,
						10.75,
						9.125,
						10.875
					],
					"texture": "#1"
				},
				"up": {
					"uv": [
						3,
						10.125,
						2.5,
						10
					],
					"texture": "#1"
				},
				"down": {
					"uv": [
						4,
						10,
						3.5,
						10.125
					],
					"texture": "#1"
				}
			}
		},
		{
			"from": [
				7.04759,
				2.98148,
				2.69429
			],
			"to": [
				8.95241,
				5.66226,
				3.23767
			],
			"rotation": {
				"angle": 0,
				"axis": "y",
				"origin": [
					8,
					5.15953,
					12.83447
				]
			},
			"faces": {
				"north": {
					"uv": [
						1.75,
						8,
						2.25,
						8.625
					],
					"texture": "#1"
				},
				"east": {
					"uv": [
						9.75,
						6.75,
						9.875,
						7.375
					],
					"texture": "#1"
				},
				"south": {
					"uv": [
						8.25,
						2,
						8.75,
						2.625
					],
					"texture": "#1"
				},
				"west": {
					"uv": [
						8.75,
						9.75,
						8.875,
						10.375
					],
					"texture": "#1"
				},
				"up": {
					"uv": [
						10.5,
						3.625,
						10,
						3.5
					],
					"texture": "#1"
				},
				"down": {
					"uv": [
						10.5,
						3.75,
						10,
						3.875
					],
					"texture": "#1"
				}
			}
		},
		{
			"from": [
				7.29361,
				4.04263,
				-8.96916
			],
			"to": [
				8.70639,
				5.56408,
				5.72087
			],
			"rotation": {
				"angle": 0,
				"axis": "y",
				"origin": [
					8,
					5.15953,
					12.83447
				]
			},
			"faces": {
				"north": {
					"uv": [
						9,
						4,
						9.375,
						4.375
					],
					"texture": "#1"
				},
				"east": {
					"uv": [
						0,
						0,
						3.625,
						0.375
					],
					"texture": "#1"
				},
				"south": {
					"uv": [
						9,
						5.5,
						9.375,
						5.875
					],
					"texture": "#1"
				},
				"west": {
					"uv": [
						0,
						0.5,
						3.625,
						0.875
					],
					"texture": "#1"
				},
				"up": {
					"uv": [
						0.375,
						4.625,
						0,
						1
					],
					"texture": "#1"
				},
				"down": {
					"uv": [
						0.875,
						1,
						0.5,
						4.625
					],
					"texture": "#1"
				}
			}
		},
		{
			"from": [
				7.61964,
				3.50661,
				-8.26093
			],
			"to": [
				8.38036,
				4.15131,
				-3.60963
			],
			"rotation": {
				"angle": 0,
				"axis": "y",
				"origin": [
					8,
					5.15953,
					12.83447
				]
			},
			"faces": {
				"north": {
					"uv": [
						7.5,
						10.5,
						7.75,
						10.625
					],
					"texture": "#1"
				},
				"east": {
					"uv": [
						9,
						4.5,
						10.125,
						4.625
					],
					"texture": "#1"
				},
				"south": {
					"uv": [
						7.75,
						10.5,
						8,
						10.625
					],
					"texture": "#1"
				},
				"west": {
					"uv": [
						9,
						6,
						10.125,
						6.125
					],
					"texture": "#1"
				},
				"up": {
					"uv": [
						1.75,
						9.625,
						1.5,
						8.5
					],
					"texture": "#1"
				},
				"down": {
					"uv": [
						3,
						8.5,
						2.75,
						9.625
					],
					"texture": "#1"
				}
			}
		},
		{
			"from": [
				7.72092,
				1.89698,
				11.4899
			],
			"to": [
				8.251,
				3.27298,
				11.9381
			],
			"rotation": {
				"angle": 0,
				"axis": "y",
				"origin": [
					7.98596,
					3.12248,
					11.6515
				]
			},
			"faces": {
				"north": {
					"uv": [
						6,
						10.25,
						6.125,
						10.625
					],
					"texture": "#1"
				},
				"east": {
					"uv": [
						10.25,
						6,
						10.375,
						6.375
					],
					"texture": "#1"
				},
				"south": {
					"uv": [
						6.25,
						10.25,
						6.375,
						10.625
					],
					"texture": "#1"
				},
				"west": {
					"uv": [
						6.5,
						10.25,
						6.625,
						10.625
					],
					"texture": "#1"
				},
				"up": {
					"uv": [
						10.875,
						9.125,
						10.75,
						9
					],
					"texture": "#1"
				},
				"down": {
					"uv": [
						9.375,
						10.75,
						9.25,
						10.875
					],
					"texture": "#1"
				}
			}
		},
		{
			"from": [
				7.54592,
				3.57198,
				11.4649
			],
			"to": [
				8.426,
				4.04798,
				13.0881
			],
			"rotation": {
				"angle": 0,
				"axis": "y",
				"origin": [
					7.98596,
					2.94748,
					11.6515
				]
			},
			"faces": {
				"north": {
					"uv": [
						8,
						10.5,
						8.25,
						10.625
					],
					"texture": "#1"
				},
				"east": {
					"uv": [
						6.75,
						10.25,
						7.125,
						10.375
					],
					"texture": "#1"
				},
				"south": {
					"uv": [
						8.25,
						10.5,
						8.5,
						10.625
					],
					"texture": "#1"
				},
				"west": {
					"uv": [
						10.25,
						7,
						10.625,
						7.125
					],
					"texture": "#1"
				},
				"up": {
					"uv": [
						5.5,
						9.875,
						5.25,
						9.5
					],
					"texture": "#1"
				},
				"down": {
					"uv": [
						5.75,
						9.5,
						5.5,
						9.875
					],
					"texture": "#1"
				}
			}
		},
		{
			"from": [
				7.67092,
				3.64698,
				10.4149
			],
			"to": [
				8.301,
				3.97298,
				11.4631
			],
			"rotation": {
				"angle": 0,
				"axis": "y",
				"origin": [
					7.98596,
					2.94748,
					11.6515
				]
			},
			"faces": {
				"north": {
					"uv": [
						10.75,
						9.25,
						10.875,
						9.375
					],
					"texture": "#1"
				},
				"east": {
					"uv": [
						8.5,
						10.5,
						8.75,
						10.625
					],
					"texture": "#1"
				},
				"south": {
					"uv": [
						9.5,
						10.75,
						9.625,
						10.875
					],
					"texture": "#1"
				},
				"west": {
					"uv": [
						10.5,
						8.5,
						10.75,
						8.625
					],
					"texture": "#1"
				},
				"up": {
					"uv": [
						8.875,
						10.75,
						8.75,
						10.5
					],
					"texture": "#1"
				},
				"down": {
					"uv": [
						10.625,
						8.75,
						10.5,
						9
					],
					"texture": "#1"
				}
			}
		},
		{
			"from": [
				7.70996,
				1.8858,
				11.935
			],
			"to": [
				8.26504,
				2.2368,
				12.889
			],
			"rotation": {
				"angle": 0,
				"axis": "y",
				"origin": [
					8,
					1.2828,
					17.4548
				]
			},
			"faces": {
				"north": {
					"uv": [
						10.75,
						9.5,
						10.875,
						9.625
					],
					"texture": "#1"
				},
				"east": {
					"uv": [
						9,
						10.5,
						9.25,
						10.625
					],
					"texture": "#1"
				},
				"south": {
					"uv": [
						9.75,
						10.75,
						9.875,
						10.875
					],
					"texture": "#1"
				},
				"west": {
					"uv": [
						10.5,
						9,
						10.75,
						9.125
					],
					"texture": "#1"
				},
				"up": {
					"uv": [
						9.375,
						10.75,
						9.25,
						10.5
					],
					"texture": "#1"
				},
				"down": {
					"uv": [
						10.625,
						9.25,
						10.5,
						9.5
					],
					"texture": "#1"
				}
			}
		},
		{
			"from": [
				7.73496,
				2.0608,
				12.86
			],
			"to": [
				8.24004,
				2.4118,
				13.789
			],
			"rotation": {
				"angle": -22.5,
				"axis": "x",
				"origin": [
					7.9875,
					2.0613,
					13.3245
				]
			},
			"faces": {
				"north": {
					"uv": [
						10.75,
						9.75,
						10.875,
						9.875
					],
					"texture": "#1"
				},
				"east": {
					"uv": [
						9.5,
						10.5,
						9.75,
						10.625
					],
					"texture": "#1"
				},
				"south": {
					"uv": [
						10,
						10.75,
						10.125,
						10.875
					],
					"texture": "#1"
				},
				"west": {
					"uv": [
						9.75,
						10.5,
						10,
						10.625
					],
					"texture": "#1"
				},
				"up": {
					"uv": [
						10.625,
						10,
						10.5,
						9.75
					],
					"texture": "#1"
				},
				"down": {
					"uv": [
						10.125,
						10.5,
						10,
						10.75
					],
					"texture": "#1"
				}
			}
		},
		{
			"from": [
				7.73496,
				3.2358,
				11.51
			],
			"to": [
				8.24004,
				3.5868,
				13.314
			],
			"rotation": {
				"angle": 0,
				"axis": "y",
				"origin": [
					8,
					1.2828,
					17.4548
				]
			},
			"faces": {
				"north": {
					"uv": [
						10.75,
						10,
						10.875,
						10.125
					],
					"texture": "#1"
				},
				"east": {
					"uv": [
						4,
						10,
						4.5,
						10.125
					],
					"texture": "#1"
				},
				"south": {
					"uv": [
						10.25,
						10.75,
						10.375,
						10.875
					],
					"texture": "#1"
				},
				"west": {
					"uv": [
						10,
						4.75,
						10.5,
						4.875
					],
					"texture": "#1"
				},
				"up": {
					"uv": [
						0.875,
						10.5,
						0.75,
						10
					],
					"texture": "#1"
				},
				"down": {
					"uv": [
						5.125,
						10,
						5,
						10.5
					],
					"texture": "#1"
				}
			}
		},
		{
			"from": [
				7.505,
				3.88,
				16.495
			],
			"to": [
				8.495,
				5.475,
				23.73
			],
			"rotation": {
				"angle": 0,
				"axis": "y",
				"origin": [
					8,
					4.045,
					15.835
				]
			},
			"faces": {
				"north": {
					"uv": [
						9.5,
						5.5,
						9.75,
						5.875
					],
					"texture": "#1"
				},
				"east": {
					"uv": [
						4.5,
						5.25,
						6.25,
						5.625
					],
					"texture": "#1"
				},
				"south": {
					"uv": [
						5.75,
						9.5,
						6,
						9.875
					],
					"texture": "#1"
				},
				"west": {
					"uv": [
						1,
						5.5,
						2.75,
						5.875
					],
					"texture": "#1"
				},
				"up": {
					"uv": [
						2.5,
						7.75,
						2.25,
						6
					],
					"texture": "#1"
				},
				"down": {
					"uv": [
						2.75,
						6,
						2.5,
						7.75
					],
					"texture": "#1"
				}
			}
		},
		{
			"from": [
				7.395,
				1.295,
				22.765
			],
			"to": [
				8.605,
				5.145,
				23.85
			],
			"rotation": {
				"angle": 0,
				"axis": "y",
				"origin": [
					8,
					4.045,
					15.835
				]
			},
			"faces": {
				"north": {
					"uv": [
						1.75,
						7,
						2,
						8
					],
					"texture": "#1"
				},
				"east": {
					"uv": [
						5,
						8.5,
						5.25,
						9.5
					],
					"texture": "#1"
				},
				"south": {
					"uv": [
						5.25,
						8.5,
						5.5,
						9.5
					],
					"texture": "#1"
				},
				"west": {
					"uv": [
						5.5,
						8.5,
						5.75,
						9.5
					],
					"texture": "#1"
				},
				"up": {
					"uv": [
						5.5,
						10.25,
						5.25,
						10
					],
					"texture": "#1"
				},
				"down": {
					"uv": [
						5.75,
						10,
						5.5,
						10.25
					],
					"texture": "#1"
				}
			}
		},
		{
			"from": [
				7.615,
				0.965,
				22.655
			],
			"to": [
				8.385,
				1.295,
				23.95
			],
			"rotation": {
				"angle": 0,
				"axis": "y",
				"origin": [
					8,
					4.045,
					15.835
				]
			},
			"faces": {
				"north": {
					"uv": [
						10.5,
						10,
						10.75,
						10.125
					],
					"texture": "#1"
				},
				"east": {
					"uv": [
						7.25,
						10.25,
						7.625,
						10.375
					],
					"texture": "#1"
				},
				"south": {
					"uv": [
						10.5,
						10.25,
						10.75,
						10.375
					],
					"texture": "#1"
				},
				"west": {
					"uv": [
						10.25,
						7.25,
						10.625,
						7.375
					],
					"texture": "#1"
				},
				"up": {
					"uv": [
						6.25,
						9.875,
						6,
						9.5
					],
					"texture": "#1"
				},
				"down": {
					"uv": [
						6.5,
						9.5,
						6.25,
						9.875
					],
					"texture": "#1"
				}
			}
		},
		{
			"from": [
				7.384,
				2.175,
				16.16
			],
			"to": [
				8.616,
				3.825,
				23.425
			],
			"rotation": {
				"angle": 22.5,
				"axis": "x",
				"origin": [
					8,
					3.22,
					20.84
				]
			},
			"faces": {
				"north": {
					"uv": [
						6.5,
						9.5,
						6.75,
						9.875
					],
					"texture": "#1"
				},
				"east": {
					"uv": [
						5,
						1,
						6.875,
						1.375
					],
					"texture": "#1"
				},
				"south": {
					"uv": [
						9.5,
						6.5,
						9.75,
						6.875
					],
					"texture": "#1"
				},
				"west": {
					"uv": [
						5,
						1.5,
						6.875,
						1.875
					],
					"texture": "#1"
				},
				"up": {
					"uv": [
						4,
						7.375,
						3.75,
						5.5
					],
					"texture": "#1"
				},
				"down": {
					"uv": [
						2.25,
						6,
						2,
						7.875
					],
					"texture": "#1"
				}
			}
		},
		{
			"from": [
				7.434,
				3.975,
				15.735
			],
			"to": [
				8.566,
				5.575,
				16.725
			],
			"rotation": {
				"angle": 0,
				"axis": "x",
				"origin": [
					8,
					3.22,
					20.84
				]
			},
			"faces": {
				"north": {
					"uv": [
						9.5,
						7,
						9.75,
						7.375
					],
					"texture": "#1"
				},
				"east": {
					"uv": [
						9.5,
						7.5,
						9.75,
						7.875
					],
					"texture": "#1"
				},
				"south": {
					"uv": [
						7.75,
						9.5,
						8,
						9.875
					],
					"texture": "#1"
				},
				"west": {
					"uv": [
						8,
						9.5,
						8.25,
						9.875
					],
					"texture": "#1"
				},
				"up": {
					"uv": [
						6,
						10.25,
						5.75,
						10
					],
					"texture": "#1"
				},
				"down": {
					"uv": [
						6.25,
						10,
						6,
						10.25
					],
					"texture": "#1"
				}
			}
		},
		{
			"from": [
				7.626,
				1.845,
				17.045
			],
			"to": [
				8.418,
				2.175,
				23.3975
			],
			"rotation": {
				"angle": 22.5,
				"axis": "x",
				"origin": [
					8,
					3.22,
					20.84
				]
			},
			"faces": {
				"north": {
					"uv": [
						10.5,
						10.5,
						10.75,
						10.625
					],
					"texture": "#1"
				},
				"east": {
					"uv": [
						8.5,
						1.75,
						10.125,
						1.875
					],
					"texture": "#1"
				},
				"south": {
					"uv": [
						0,
						10.75,
						0.25,
						10.875
					],
					"texture": "#1"
				},
				"west": {
					"uv": [
						8,
						8.5,
						9.625,
						8.625
					],
					"texture": "#1"
				},
				"up": {
					"uv": [
						6.75,
						8.125,
						6.5,
						6.5
					],
					"texture": "#1"
				},
				"down": {
					"uv": [
						3,
						6.75,
						2.75,
						8.375
					],
					"texture": "#1"
				}
			}
		},
		{
			"from": [
				7.651,
				0.495,
				17.045
			],
			"to": [
				8.393,
				0.825,
				17.8475
			],
			"rotation": {
				"angle": 45,
				"axis": "x",
				"origin": [
					8,
					3.22,
					20.84
				]
			},
			"faces": {
				"north": {
					"uv": [
						10.75,
						10.25,
						10.875,
						10.375
					],
					"texture": "#1"
				},
				"east": {
					"uv": [
						10.75,
						0,
						11,
						0.125
					],
					"texture": "#1"
				},
				"south": {
					"uv": [
						10.5,
						10.75,
						10.625,
						10.875
					],
					"texture": "#1"
				},
				"west": {
					"uv": [
						0.25,
						10.75,
						0.5,
						10.875
					],
					"texture": "#1"
				},
				"up": {
					"uv": [
						10.875,
						0.5,
						10.75,
						0.25
					],
					"texture": "#1"
				},
				"down": {
					"uv": [
						10.875,
						0.5,
						10.75,
						0.75
					],
					"texture": "#1"
				}
			}
		},
		{
			"from": [
				7.395,
				2.945,
				18.915
			],
			"to": [
				8.605,
				5.145,
				22.765
			],
			"rotation": {
				"angle": 0,
				"axis": "y",
				"origin": [
					8,
					4.045,
					15.835
				]
			},
			"faces": {
				"north": {
					"uv": [
						2.5,
						9.25,
						2.75,
						9.75
					],
					"texture": "#1"
				},
				"east": {
					"uv": [
						5.5,
						4.5,
						6.5,
						5
					],
					"texture": "#1"
				},
				"south": {
					"uv": [
						3,
						9.25,
						3.25,
						9.75
					],
					"texture": "#1"
				},
				"west": {
					"uv": [
						5.5,
						5.75,
						6.5,
						6.25
					],
					"texture": "#1"
				},
				"up": {
					"uv": [
						6,
						9.5,
						5.75,
						8.5
					],
					"texture": "#1"
				},
				"down": {
					"uv": [
						6.25,
						8.5,
						6,
						9.5
					],
					"texture": "#1"
				}
			}
		},
		{
			"from": [
				7.495,
				0.995,
				23.665
			],
			"to": [
				8.505,
				5.445,
				24.1
			],
			"rotation": {
				"angle": 0,
				"axis": "y",
				"origin": [
					8,
					4.045,
					15.835
				]
			},
			"faces": {
				"north": {
					"uv": [
						4.5,
						8.5,
						4.75,
						9.625
					],
					"texture": "#1"
				},
				"east": {
					"uv": [
						9,
						6.25,
						9.125,
						7.375
					],
					"texture": "#1"
				},
				"south": {
					"uv": [
						4.75,
						8.5,
						5,
						9.625
					],
					"texture": "#1"
				},
				"west": {
					"uv": [
						8.5,
						9,
						8.625,
						10.125
					],
					"texture": "#1"
				},
				"up": {
					"uv": [
						11,
						0.875,
						10.75,
						0.75
					],
					"texture": "#1"
				},
				"down": {
					"uv": [
						1.25,
						10.75,
						1,
						10.875
					],
					"texture": "#1"
				}
			}
		},
		{
			"from": [
				7.17759,
				3.32601,
				-3.61558
			],
			"to": [
				8.82241,
				4.31496,
				-0.91446
			],
			"rotation": {
				"angle": 0,
				"axis": "y",
				"origin": [
					8,
					2.33398,
					8.92217
				]
			},
			"faces": {
				"north": {
					"uv": [
						9.5,
						4.75,
						9.875,
						5
					],
					"texture": "#1"
				},
				"east": {
					"uv": [
						8.75,
						4.75,
						9.375,
						5
					],
					"texture": "#1"
				},
				"south": {
					"uv": [
						9.5,
						8,
						9.875,
						8.25
					],
					"texture": "#1"
				},
				"west": {
					"uv": [
						8.75,
						7.75,
						9.375,
						8
					],
					"texture": "#1"
				},
				"up": {
					"uv": [
						7.125,
						9.125,
						6.75,
						8.5
					],
					"texture": "#1"
				},
				"down": {
					"uv": [
						7.625,
						8.5,
						7.25,
						9.125
					],
					"texture": "#1"
				}
			}
		},
		{
			"from": [
				7.07259,
				3.01648,
				-1.46571
			],
			"to": [
				8.92741,
				5.66226,
				-0.92233
			],
			"rotation": {
				"angle": 0,
				"axis": "y",
				"origin": [
					8,
					5.15953,
					12.83447
				]
			},
			"faces": {
				"north": {
					"uv": [
						3.5,
						8.25,
						4,
						8.875
					],
					"texture": "#1"
				},
				"east": {
					"uv": [
						9,
						9.75,
						9.125,
						10.375
					],
					"texture": "#1"
				},
				"south": {
					"uv": [
						4,
						8.25,
						4.5,
						8.875
					],
					"texture": "#1"
				},
				"west": {
					"uv": [
						9.25,
						9.75,
						9.375,
						10.375
					],
					"texture": "#1"
				},
				"up": {
					"uv": [
						6.75,
						10.125,
						6.25,
						10
					],
					"texture": "#1"
				},
				"down": {
					"uv": [
						10.5,
						6.75,
						10,
						6.875
					],
					"texture": "#1"
				}
			}
		},
		{
			"from": [
				7.75996,
				2.2858,
				13.585
			],
			"to": [
				8.24004,
				2.6118,
				14.089
			],
			"rotation": {
				"angle": -22.5,
				"axis": "x",
				"origin": [
					8,
					2.3363,
					13.887
				]
			},
			"faces": {
				"north": {
					"uv": [
						10.75,
						10.5,
						10.875,
						10.625
					],
					"texture": "#1"
				},
				"east": {
					"uv": [
						10.75,
						10.75,
						10.875,
						10.875
					],
					"texture": "#1"
				},
				"south": {
					"uv": [
						0,
						11,
						0.125,
						11.125
					],
					"texture": "#1"
				},
				"west": {
					"uv": [
						11,
						0,
						11.125,
						0.125
					],
					"texture": "#1"
				},
				"up": {
					"uv": [
						0.375,
						11.125,
						0.25,
						11
					],
					"texture": "#1"
				},
				"down": {
					"uv": [
						11.125,
						0.25,
						11,
						0.375
					],
					"texture": "#1"
				}
			}
		},
		{
			"from": [
				7.52725,
				4.41084,
				-12.00634
			],
			"to": [
				8.47275,
				5.25984,
				-8.96584
			],
			"rotation": {
				"angle": 0,
				"axis": "y",
				"origin": [
					8,
					4.91384,
					12.66616
				]
			},
			"faces": {
				"north": {
					"uv": [
						10,
						7,
						10.25,
						7.25
					],
					"texture": "#1"
				},
				"east": {
					"uv": [
						5.5,
						5,
						6.25,
						5.25
					],
					"texture": "#1"
				},
				"south": {
					"uv": [
						10,
						7.25,
						10.25,
						7.5
					],
					"texture": "#1"
				},
				"west": {
					"uv": [
						8.75,
						3,
						9.5,
						3.25
					],
					"texture": "#1"
				},
				"up": {
					"uv": [
						4,
						8.25,
						3.75,
						7.5
					],
					"texture": "#1"
				},
				"down": {
					"uv": [
						9,
						3.25,
						8.75,
						4
					],
					"texture": "#1"
				}
			}
		},
		{
			"from": [
				7.42725,
				4.31084,
				-11.35634
			],
			"to": [
				8.57275,
				5.35984,
				-10.16584
			],
			"rotation": {
				"angle": 0,
				"axis": "y",
				"origin": [
					8,
					4.91384,
					12.66616
				]
			},
			"faces": {
				"north": {
					"uv": [
						10,
						7.5,
						10.25,
						7.75
					],
					"texture": "#1"
				},
				"east": {
					"uv": [
						7.75,
						10,
						8,
						10.25
					],
					"texture": "#1"
				},
				"south": {
					"uv": [
						10,
						7.75,
						10.25,
						8
					],
					"texture": "#1"
				},
				"west": {
					"uv": [
						8,
						10,
						8.25,
						10.25
					],
					"texture": "#1"
				},
				"up": {
					"uv": [
						10.25,
						8.25,
						10,
						8
					],
					"texture": "#1"
				},
				"down": {
					"uv": [
						10.25,
						8.25,
						10,
						8.5
					],
					"texture": "#1"
				}
			}
		},
		{
			"from": [
				7.51464,
				3.29661,
				-8.68093
			],
			"to": [
				8.48536,
				4.15131,
				-8.14963
			],
			"rotation": {
				"angle": 0,
				"axis": "y",
				"origin": [
					8,
					5.15953,
					12.83447
				]
			},
			"faces": {
				"north": {
					"uv": [
						10,
						8.5,
						10.25,
						8.75
					],
					"texture": "#1"
				},
				"east": {
					"uv": [
						10.75,
						1,
						10.875,
						1.25
					],
					"texture": "#1"
				},
				"south": {
					"uv": [
						10,
						9.5,
						10.25,
						9.75
					],
					"texture": "#1"
				},
				"west": {
					"uv": [
						1.25,
						10.75,
						1.375,
						11
					],
					"texture": "#1"
				},
				"up": {
					"uv": [
						11,
						1.375,
						10.75,
						1.25
					],
					"texture": "#1"
				},
				"down": {
					"uv": [
						1.75,
						10.75,
						1.5,
						10.875
					],
					"texture": "#1"
				}
			}
		},
		{
			"from": [
				7.72464,
				2.98161,
				-8.57593
			],
			"to": [
				8.27536,
				3.31131,
				-8.25463
			],
			"rotation": {
				"angle": 0,
				"axis": "y",
				"origin": [
					8,
					5.15953,
					12.83447
				]
			},
			"faces": {
				"north": {
					"uv": [
						0.5,
						11,
						0.625,
						11.125
					],
					"texture": "#1"
				},
				"east": {
					"uv": [
						11,
						0.5,
						11.125,
						0.625
					],
					"texture": "#1"
				},
				"south": {
					"uv": [
						0.75,
						11,
						0.875,
						11.125
					],
					"texture": "#1"
				},
				"west": {
					"uv": [
						11,
						0.75,
						11.125,
						0.875
					],
					"texture": "#1"
				},
				"up": {
					"uv": [
						1.125,
						11.125,
						1,
						11
					],
					"texture": "#1"
				},
				"down": {
					"uv": [
						11.125,
						1,
						11,
						1.125
					],
					"texture": "#1"
				}
			}
		},
		{
			"from": [
				7.50361,
				5.51263,
				-8.91666
			],
			"to": [
				8.49639,
				5.77408,
				-8.06038
			],
			"rotation": {
				"angle": 0,
				"axis": "y",
				"origin": [
					8,
					5.15953,
					12.83447
				]
			},
			"faces": {
				"north": {
					"uv": [
						10.75,
						1.5,
						11,
						1.625
					],
					"texture": "#1"
				},
				"east": {
					"uv": [
						1.75,
						10.75,
						2,
						10.875
					],
					"texture": "#1"
				},
				"south": {
					"uv": [
						10.75,
						1.75,
						11,
						1.875
					],
					"texture": "#1"
				},
				"west": {
					"uv": [
						2,
						10.75,
						2.25,
						10.875
					],
					"texture": "#1"
				},
				"up": {
					"uv": [
						10.25,
						10,
						10,
						9.75
					],
					"texture": "#1"
				},
				"down": {
					"uv": [
						10.25,
						10,
						10,
						10.25
					],
					"texture": "#1"
				}
			}
		},
		{
			"from": [
				7.92361,
				5.77513,
				-8.81166
			],
			"to": [
				8.07639,
				6.89908,
				-8.48038
			],
			"rotation": {
				"angle": 0,
				"axis": "y",
				"origin": [
					8,
					5.15953,
					12.83447
				]
			},
			"faces": {
				"north": {
					"uv": [
						10.75,
						2,
						10.875,
						2.25
					],
					"texture": "#1"
				},
				"east": {
					"uv": [
						2.25,
						10.75,
						2.375,
						11
					],
					"texture": "#1"
				},
				"south": {
					"uv": [
						10.75,
						2.25,
						10.875,
						2.5
					],
					"texture": "#1"
				},
				"west": {
					"uv": [
						2.5,
						10.75,
						2.625,
						11
					],
					"texture": "#1"
				},
				"up": {
					"uv": [
						1.375,
						11.125,
						1.25,
						11
					],
					"texture": "#1"
				},
				"down": {
					"uv": [
						11.125,
						1.25,
						11,
						1.375
					],
					"texture": "#1"
				}
			}
		},
		{
			"from": [
				7.17759,
				3.01101,
				-3.61558
			],
			"to": [
				8.82241,
				3.32496,
				-2.22946
			],
			"rotation": {
				"angle": 0,
				"axis": "y",
				"origin": [
					8,
					2.33398,
					8.92217
				]
			},
			"faces": {
				"north": {
					"uv": [
						10.25,
						7.5,
						10.625,
						7.625
					],
					"texture": "#1"
				},
				"east": {
					"uv": [
						7.75,
						10.25,
						8.125,
						10.375
					],
					"texture": "#1"
				},
				"south": {
					"uv": [
						10.25,
						7.75,
						10.625,
						7.875
					],
					"texture": "#1"
				},
				"west": {
					"uv": [
						10.25,
						8,
						10.625,
						8.125
					],
					"texture": "#1"
				},
				"up": {
					"uv": [
						9.125,
						9.375,
						8.75,
						9
					],
					"texture": "#1"
				},
				"down": {
					"uv": [
						0.375,
						9.25,
						0,
						9.625
					],
					"texture": "#1"
				}
			}
		},
		{
			"from": [
				9.3,
				4.79767,
				13.67733
			],
			"to": [
				9.725,
				5.19767,
				14.07733
			],
			"rotation": {
				"angle": 0,
				"axis": "y",
				"origin": [
					7.9,
					5.09767,
					12.47733
				]
			},
			"faces": {
				"north": {
					"uv": [
						1.5,
						11,
						1.625,
						11.125
					],
					"texture": "#1"
				},
				"east": {
					"uv": [
						11,
						1.5,
						11.125,
						1.625
					],
					"texture": "#1"
				},
				"south": {
					"uv": [
						1.75,
						11,
						1.875,
						11.125
					],
					"texture": "#1"
				},
				"west": {
					"uv": [
						11,
						1.75,
						11.125,
						1.875
					],
					"texture": "#1"
				},
				"up": {
					"uv": [
						2.125,
						11.125,
						2,
						11
					],
					"texture": "#1"
				},
				"down": {
					"uv": [
						11.125,
						2,
						11,
						2.125
					],
					"texture": "#1"
				}
			}
		},
		{
			"from": [
				9.35,
				4.79767,
				13.80233
			],
			"to": [
				9.65,
				5.19767,
				14.85233
			],
			"rotation": {
				"angle": 45,
				"axis": "x",
				"origin": [
					9.5,
					4.99767,
					13.87733
				]
			},
			"faces": {
				"north": {
					"uv": [
						2.25,
						11,
						2.375,
						11.125
					],
					"texture": "#1"
				},
				"east": {
					"uv": [
						10.75,
						2.5,
						11,
						2.625
					],
					"texture": "#1"
				},
				"south": {
					"uv": [
						11,
						2.25,
						11.125,
						2.375
					],
					"texture": "#1"
				},
				"west": {
					"uv": [
						2.75,
						10.75,
						3,
						10.875
					],
					"texture": "#1"
				},
				"up": {
					"uv": [
						10.875,
						3,
						10.75,
						2.75
					],
					"texture": "#1"
				},
				"down": {
					"uv": [
						3.125,
						10.75,
						3,
						11
					],
					"texture": "#1"
				}
			}
		},
		{
			"from": [
				9.25,
				3.84767,
				14.45233
			],
			"to": [
				9.75,
				4.19767,
				14.67733
			],
			"rotation": {
				"angle": 0,
				"axis": "x",
				"origin": [
					9.5,
					4.99767,
					13.87733
				]
			},
			"faces": {
				"north": {
					"uv": [
						2.5,
						11,
						2.625,
						11.125
					],
					"texture": "#1"
				},
				"east": {
					"uv": [
						11,
						2.5,
						11.125,
						2.625
					],
					"texture": "#1"
				},
				"south": {
					"uv": [
						2.75,
						11,
						2.875,
						11.125
					],
					"texture": "#1"
				},
				"west": {
					"uv": [
						11,
						2.75,
						11.125,
						2.875
					],
					"texture": "#1"
				},
				"up": {
					"uv": [
						3.125,
						11.125,
						3,
						11
					],
					"texture": "#1"
				},
				"down": {
					"uv": [
						11.125,
						3,
						11,
						3.125
					],
					"texture": "#1"
				}
			}
		},
		{
			"from": [
				9.025,
				4.84767,
				13.72733
			],
			"to": [
				9.85,
				5.14767,
				14.02733
			],
			"rotation": {
				"angle": 0,
				"axis": "y",
				"origin": [
					8.425,
					5.09767,
					12.47733
				]
			},
			"faces": {
				"north": {
					"uv": [
						10.75,
						3,
						11,
						3.125
					],
					"texture": "#1"
				},
				"east": {
					"uv": [
						3.25,
						11,
						3.375,
						11.125
					],
					"texture": "#1"
				},
				"south": {
					"uv": [
						3.25,
						10.75,
						3.5,
						10.875
					],
					"texture": "#1"
				},
				"west": {
					"uv": [
						11,
						3.25,
						11.125,
						3.375
					],
					"texture": "#1"
				},
				"up": {
					"uv": [
						11,
						3.375,
						10.75,
						3.25
					],
					"texture": "#1"
				},
				"down": {
					"uv": [
						3.75,
						10.75,
						3.5,
						10.875
					],
					"texture": "#1"
				}
			}
		},
		{
			"from": [
				9.36,
				3.74767,
				14.40233
			],
			"to": [
				9.64,
				4.44767,
				14.72733
			],
			"rotation": {
				"angle": 0,
				"axis": "x",
				"origin": [
					9.5,
					4.99767,
					13.87733
				]
			},
			"faces": {
				"north": {
					"uv": [
						3.5,
						11,
						3.625,
						11.125
					],
					"texture": "#1"
				},
				"east": {
					"uv": [
						11,
						3.5,
						11.125,
						3.625
					],
					"texture": "#1"
				},
				"south": {
					"uv": [
						3.75,
						11,
						3.875,
						11.125
					],
					"texture": "#1"
				},
				"west": {
					"uv": [
						11,
						3.75,
						11.125,
						3.875
					],
					"texture": "#1"
				},
				"up": {
					"uv": [
						4.125,
						11.125,
						4,
						11
					],
					"texture": "#1"
				},
				"down": {
					"uv": [
						11.125,
						4,
						11,
						4.125
					],
					"texture": "#1"
				}
			}
		},
		{
			"from": [
				7.295,
				3.72,
				22.39
			],
			"to": [
				8.705,
				4.97,
				23.6
			],
			"rotation": {
				"angle": 0,
				"axis": "x",
				"origin": [
					8,
					4.22,
					23.845
				]
			},
			"faces": {
				"north": {
					"uv": [
						9.5,
						8.25,
						9.875,
						8.5
					],
					"texture": "#1"
				},
				"east": {
					"uv": [
						10.25,
						0.25,
						10.5,
						0.5
					],
					"texture": "#1"
				},
				"south": {
					"uv": [
						8.75,
						9.5,
						9.125,
						9.75
					],
					"texture": "#1"
				},
				"west": {
					"uv": [
						10.25,
						0.5,
						10.5,
						0.75
					],
					"texture": "#1"
				},
				"up": {
					"uv": [
						9.625,
						9.75,
						9.25,
						9.5
					],
					"texture": "#1"
				},
				"down": {
					"uv": [
						0.375,
						9.75,
						0,
						10
					],
					"texture": "#1"
				}
			}
		},
		{
			"from": [
				7.295,
				2.25223,
				22.50287
			],
			"to": [
				8.705,
				3.30223,
				23.51287
			],
			"rotation": {
				"angle": 0,
				"axis": "x",
				"origin": [
					8,
					2.45223,
					23.63287
				]
			},
			"faces": {
				"north": {
					"uv": [
						0.5,
						9.75,
						0.875,
						10
					],
					"texture": "#1"
				},
				"east": {
					"uv": [
						10.25,
						0.75,
						10.5,
						1
					],
					"texture": "#1"
				},
				"south": {
					"uv": [
						9.75,
						1.25,
						10.125,
						1.5
					],
					"texture": "#1"
				},
				"west": {
					"uv": [
						10.25,
						1,
						10.5,
						1.25
					],
					"texture": "#1"
				},
				"up": {
					"uv": [
						1.875,
						10,
						1.5,
						9.75
					],
					"texture": "#1"
				},
				"down": {
					"uv": [
						10.125,
						1.5,
						9.75,
						1.75
					],
					"texture": "#1"
				}
			}
		},
		{
			"from": [
				7.07259,
				3.24351,
				-0.91183
			],
			"to": [
				8.92741,
				4.38996,
				3.66929
			],
			"rotation": {
				"angle": 0,
				"axis": "y",
				"origin": [
					8,
					2.33398,
					8.92217
				]
			},
			"faces": {
				"north": {
					"uv": [
						9.25,
						2.5,
						9.75,
						2.75
					],
					"texture": "#1"
				},
				"east": {
					"uv": [
						4,
						2,
						5.125,
						2.25
					],
					"texture": "#1"
				},
				"south": {
					"uv": [
						9.25,
						5,
						9.75,
						5.25
					],
					"texture": "#1"
				},
				"west": {
					"uv": [
						8.25,
						2.75,
						9.375,
						3
					],
					"texture": "#1"
				},
				"up": {
					"uv": [
						5,
						6.875,
						4.5,
						5.75
					],
					"texture": "#1"
				},
				"down": {
					"uv": [
						5.5,
						5.75,
						5,
						6.875
					],
					"texture": "#1"
				}
			}
		},
		{
			"from": [
				7.32259,
				3.31851,
				3.53817
			],
			"to": [
				8.67741,
				4.38996,
				4.26929
			],
			"rotation": {
				"angle": 0,
				"axis": "y",
				"origin": [
					8,
					2.33398,
					8.92217
				]
			},
			"faces": {
				"north": {
					"uv": [
						2,
						9.75,
						2.375,
						10
					],
					"texture": "#1"
				},
				"east": {
					"uv": [
						10.75,
						3.5,
						10.875,
						3.75
					],
					"texture": "#1"
				},
				"south": {
					"uv": [
						9.75,
						2.25,
						10.125,
						2.5
					],
					"texture": "#1"
				},
				"west": {
					"uv": [
						3.75,
						10.75,
						3.875,
						11
					],
					"texture": "#1"
				},
				"up": {
					"uv": [
						8.625,
						10.375,
						8.25,
						10.25
					],
					"texture": "#1"
				},
				"down": {
					"uv": [
						10.625,
						8.25,
						10.25,
						8.375
					],
					"texture": "#1"
				}
			}
		},
		{
			"from": [
				7.195,
				2.35223,
				22.60287
			],
			"to": [
				8.805,
				3.20223,
				23.41287
			],
			"rotation": {
				"angle": 0,
				"axis": "x",
				"origin": [
					8,
					2.45223,
					23.63287
				]
			},
			"faces": {
				"north": {
					"uv": [
						2.5,
						9.75,
						2.875,
						10
					],
					"texture": "#1"
				},
				"east": {
					"uv": [
						10.25,
						1.25,
						10.5,
						1.5
					],
					"texture": "#1"
				},
				"south": {
					"uv": [
						9.75,
						2.5,
						10.125,
						2.75
					],
					"texture": "#1"
				},
				"west": {
					"uv": [
						1.5,
						10.25,
						1.75,
						10.5
					],
					"texture": "#1"
				},
				"up": {
					"uv": [
						10.125,
						3,
						9.75,
						2.75
					],
					"texture": "#1"
				},
				"down": {
					"uv": [
						10.125,
						3,
						9.75,
						3.25
					],
					"texture": "#1"
				}
			}
		},
		{
			"from": [
				7.195,
				3.82,
				22.49
			],
			"to": [
				8.805,
				4.87,
				23.5
			],
			"rotation": {
				"angle": 0,
				"axis": "x",
				"origin": [
					8,
					4.22,
					23.845
				]
			},
			"faces": {
				"north": {
					"uv": [
						9.75,
						3.25,
						10.125,
						3.5
					],
					"texture": "#1"
				},
				"east": {
					"uv": [
						10.25,
						1.5,
						10.5,
						1.75
					],
					"texture": "#1"
				},
				"south": {
					"uv": [
						3.5,
						9.75,
						3.875,
						10
					],
					"texture": "#1"
				},
				"west": {
					"uv": [
						1.75,
						10.25,
						2,
						10.5
					],
					"texture": "#1"
				},
				"up": {
					"uv": [
						10.125,
						4.25,
						9.75,
						4
					],
					"texture": "#1"
				},
				"down": {
					"uv": [
						10.125,
						4.25,
						9.75,
						4.5
					],
					"texture": "#1"
				}
			}
		},
		{
			"from": [
				6.93087,
				4.07113,
				6.911
			],
			"to": [
				9.05212,
				4.55288,
				11.01
			],
			"rotation": {
				"angle": 0,
				"axis": "y",
				"origin": [
					7.392,
					1.36388,
					9.1105
				]
			},
			"faces": {
				"north": {
					"uv": [
						10.25,
						1.75,
						10.75,
						1.875
					],
					"texture": "#1"
				},
				"east": {
					"uv": [
						9.25,
						5.25,
						10.25,
						5.375
					],
					"texture": "#1"
				},
				"south": {
					"uv": [
						2,
						10.25,
						2.5,
						10.375
					],
					"texture": "#1"
				},
				"west": {
					"uv": [
						9.25,
						6.25,
						10.25,
						6.375
					],
					"texture": "#1"
				},
				"up": {
					"uv": [
						1.5,
						7,
						1,
						6
					],
					"texture": "#1"
				},
				"down": {
					"uv": [
						2,
						6,
						1.5,
						7
					],
					"texture": "#1"
				}
			}
		},
		{
			"from": [
				7.37712,
				1.83538,
				7.3525
			],
			"to": [
				8.61837,
				4.42813,
				10.5185
			],
			"rotation": {
				"angle": 0,
				"axis": "y",
				"origin": [
					7.392,
					1.36388,
					9.6855
				]
			},
			"faces": {
				"north": {
					"uv": [
						8,
						8.75,
						8.25,
						9.375
					],
					"texture": "#1"
				},
				"east": {
					"uv": [
						6,
						2,
						6.75,
						2.625
					],
					"texture": "#1"
				},
				"south": {
					"uv": [
						8.25,
						8.75,
						8.5,
						9.375
					],
					"texture": "#1"
				},
				"west": {
					"uv": [
						6,
						2.75,
						6.75,
						3.375
					],
					"texture": "#1"
				},
				"up": {
					"uv": [
						9,
						4.75,
						8.75,
						4
					],
					"texture": "#1"
				},
				"down": {
					"uv": [
						9,
						5.5,
						8.75,
						6.25
					],
					"texture": "#1"
				}
			}
		},
		{
			"from": [
				7.45688,
				2.83313,
				7.2335
			],
			"to": [
				7.78413,
				4.55788,
				10.6375
			],
			"rotation": {
				"angle": 0,
				"axis": "y",
				"origin": [
					7.392,
					1.36388,
					9.6855
				]
			},
			"faces": {
				"north": {
					"uv": [
						10.25,
						8.5,
						10.375,
						8.875
					],
					"texture": "#1"
				},
				"east": {
					"uv": [
						7.5,
						0.5,
						8.375,
						0.875
					],
					"texture": "#1"
				},
				"south": {
					"uv": [
						10.25,
						9,
						10.375,
						9.375
					],
					"texture": "#1"
				},
				"west": {
					"uv": [
						4.5,
						7.5,
						5.375,
						7.875
					],
					"texture": "#1"
				},
				"up": {
					"uv": [
						7.375,
						10.125,
						7.25,
						9.25
					],
					"texture": "#1"
				},
				"down": {
					"uv": [
						7.625,
						9.25,
						7.5,
						10.125
					],
					"texture": "#1"
				}
			}
		},
		{
			"from": [
				7.07962,
				3.18713,
				7.531
			],
			"to": [
				7.37712,
				3.54413,
				10.34
			],
			"rotation": {
				"angle": 0,
				"axis": "y",
				"origin": [
					7.392,
					1.36388,
					9.6855
				]
			},
			"faces": {
				"north": {
					"uv": [
						4.25,
						11,
						4.375,
						11.125
					],
					"texture": "#1"
				},
				"east": {
					"uv": [
						9.75,
						5,
						10.5,
						5.125
					],
					"texture": "#1"
				},
				"south": {
					"uv": [
						11,
						4.25,
						11.125,
						4.375
					],
					"texture": "#1"
				},
				"west": {
					"uv": [
						9.75,
						5.5,
						10.5,
						5.625
					],
					"texture": "#1"
				},
				"up": {
					"uv": [
						8.375,
						10.25,
						8.25,
						9.5
					],
					"texture": "#1"
				},
				"down": {
					"uv": [
						3.125,
						9.75,
						3,
						10.5
					],
					"texture": "#1"
				}
			}
		},
		{
			"from": [
				7.07962,
				3.54413,
				7.531
			],
			"to": [
				7.37712,
				4.33413,
				7.7393
			],
			"rotation": {
				"angle": 0,
				"axis": "y",
				"origin": [
					7.392,
					1.36388,
					9.1105
				]
			},
			"faces": {
				"north": {
					"uv": [
						10.75,
						3.75,
						10.875,
						4
					],
					"texture": "#1"
				},
				"east": {
					"uv": [
						4,
						10.75,
						4.125,
						11
					],
					"texture": "#1"
				},
				"south": {
					"uv": [
						10.75,
						4,
						10.875,
						4.25
					],
					"texture": "#1"
				},
				"west": {
					"uv": [
						4.25,
						10.75,
						4.375,
						11
					],
					"texture": "#1"
				},
				"up": {
					"uv": [
						4.625,
						11.125,
						4.5,
						11
					],
					"texture": "#1"
				},
				"down": {
					"uv": [
						11.125,
						4.5,
						11,
						4.625
					],
					"texture": "#1"
				}
			}
		},
		{
			"from": [
				7.07962,
				3.54413,
				10.10675
			],
			"to": [
				7.37712,
				4.33413,
				10.315
			],
			"rotation": {
				"angle": 0,
				"axis": "y",
				"origin": [
					7.392,
					1.36388,
					9.0855
				]
			},
			"faces": {
				"north": {
					"uv": [
						10.75,
						4.25,
						10.875,
						4.5
					],
					"texture": "#1"
				},
				"east": {
					"uv": [
						4.5,
						10.75,
						4.625,
						11
					],
					"texture": "#1"
				},
				"south": {
					"uv": [
						10.75,
						4.5,
						10.875,
						4.75
					],
					"texture": "#1"
				},
				"west": {
					"uv": [
						4.75,
						10.75,
						4.875,
						11
					],
					"texture": "#1"
				},
				"up": {
					"uv": [
						4.875,
						11.125,
						4.75,
						11
					],
					"texture": "#1"
				},
				"down": {
					"uv": [
						11.125,
						4.75,
						11,
						4.875
					],
					"texture": "#1"
				}
			}
		},
		{
			"from": [
				7.29675,
				3.0166,
				7.73925
			],
			"to": [
				7.59425,
				4.2066,
				10.10675
			],
			"rotation": {
				"angle": 22.5,
				"axis": "z",
				"origin": [
					7.4455,
					3.6116,
					9.6605
				]
			},
			"faces": {
				"north": {
					"uv": [
						10.75,
						4.75,
						10.875,
						5
					],
					"texture": "#1"
				},
				"east": {
					"uv": [
						8.75,
						8,
						9.375,
						8.25
					],
					"texture": "#1"
				},
				"south": {
					"uv": [
						5,
						10.75,
						5.125,
						11
					],
					"texture": "#1"
				},
				"west": {
					"uv": [
						8.75,
						8.25,
						9.375,
						8.5
					],
					"texture": "#1"
				},
				"up": {
					"uv": [
						9.625,
						10.375,
						9.5,
						9.75
					],
					"texture": "#1"
				},
				"down": {
					"uv": [
						9.875,
						9.5,
						9.75,
						10.125
					],
					"texture": "#1"
				}
			}
		},
		{
			"from": [
				7.22462,
				2.61888,
				7.212
			],
			"to": [
				8.75887,
				3.06513,
				10.659
			],
			"rotation": {
				"angle": 0,
				"axis": "y",
				"origin": [
					7.392,
					1.36388,
					9.6855
				]
			},
			"faces": {
				"north": {
					"uv": [
						10.25,
						9.5,
						10.625,
						9.625
					],
					"texture": "#1"
				},
				"east": {
					"uv": [
						9.25,
						9.25,
						10.125,
						9.375
					],
					"texture": "#1"
				},
				"south": {
					"uv": [
						9.75,
						10.25,
						10.125,
						10.375
					],
					"texture": "#1"
				},
				"west": {
					"uv": [
						9.5,
						0,
						10.375,
						0.125
					],
					"texture": "#1"
				},
				"up": {
					"uv": [
						5.875,
						8.375,
						5.5,
						7.5
					],
					"texture": "#1"
				},
				"down": {
					"uv": [
						6.375,
						7.5,
						6,
						8.375
					],
					"texture": "#1"
				}
			}
		},
		{
			"from": [
				8.20687,
				2.83313,
				7.2335
			],
			"to": [
				8.53412,
				4.55788,
				10.6375
			],
			"rotation": {
				"angle": 0,
				"axis": "y",
				"origin": [
					7.392,
					1.36388,
					9.6855
				]
			},
			"faces": {
				"north": {
					"uv": [
						10.25,
						9.75,
						10.375,
						10.125
					],
					"texture": "#1"
				},
				"east": {
					"uv": [
						7.5,
						5,
						8.375,
						5.375
					],
					"texture": "#1"
				},
				"south": {
					"uv": [
						10.25,
						10.25,
						10.375,
						10.625
					],
					"texture": "#1"
				},
				"west": {
					"uv": [
						6.75,
						7.5,
						7.625,
						7.875
					],
					"texture": "#1"
				},
				"up": {
					"uv": [
						1.125,
						10.375,
						1,
						9.5
					],
					"texture": "#1"
				},
				"down": {
					"uv": [
						1.375,
						9.5,
						1.25,
						10.375
					],
					"texture": "#1"
				}
			}
		},
		{
			"from": [
				8.37175,
				2.9416,
				7.73925
			],
			"to": [
				8.66925,
				4.1316,
				10.10675
			],
			"rotation": {
				"angle": -22.5,
				"axis": "z",
				"origin": [
					8.6205,
					3.6116,
					9.6605
				]
			},
			"faces": {
				"north": {
					"uv": [
						10.75,
						5,
						10.875,
						5.25
					],
					"texture": "#1"
				},
				"east": {
					"uv": [
						8.5,
						8.75,
						9.125,
						9
					],
					"texture": "#1"
				},
				"south": {
					"uv": [
						5.25,
						10.75,
						5.375,
						11
					],
					"texture": "#1"
				},
				"west": {
					"uv": [
						9,
						3.25,
						9.625,
						3.5
					],
					"texture": "#1"
				},
				"up": {
					"uv": [
						0.125,
						10.625,
						0,
						10
					],
					"texture": "#1"
				},
				"down": {
					"uv": [
						0.375,
						10,
						0.25,
						10.625
					],
					"texture": "#1"
				}
			}
		},
		{
			"from": [
				8.58187,
				3.54413,
				7.531
			],
			"to": [
				8.87937,
				4.33413,
				7.7393
			],
			"rotation": {
				"angle": 0,
				"axis": "y",
				"origin": [
					7.392,
					1.36388,
					9.1105
				]
			},
			"faces": {
				"north": {
					"uv": [
						10.75,
						5.25,
						10.875,
						5.5
					],
					"texture": "#1"
				},
				"east": {
					"uv": [
						5.5,
						10.75,
						5.625,
						11
					],
					"texture": "#1"
				},
				"south": {
					"uv": [
						10.75,
						5.5,
						10.875,
						5.75
					],
					"texture": "#1"
				},
				"west": {
					"uv": [
						5.75,
						10.75,
						5.875,
						11
					],
					"texture": "#1"
				},
				"up": {
					"uv": [
						5.125,
						11.125,
						5,
						11
					],
					"texture": "#1"
				},
				"down": {
					"uv": [
						11.125,
						5,
						11,
						5.125
					],
					"texture": "#1"
				}
			}
		},
		{
			"from": [
				8.58187,
				3.54413,
				10.10675
			],
			"to": [
				8.87937,
				4.33413,
				10.315
			],
			"rotation": {
				"angle": 0,
				"axis": "y",
				"origin": [
					7.392,
					1.36388,
					9.0855
				]
			},
			"faces": {
				"north": {
					"uv": [
						10.75,
						5.75,
						10.875,
						6
					],
					"texture": "#1"
				},
				"east": {
					"uv": [
						6,
						10.75,
						6.125,
						11
					],
					"texture": "#1"
				},
				"south": {
					"uv": [
						10.75,
						6,
						10.875,
						6.25
					],
					"texture": "#1"
				},
				"west": {
					"uv": [
						6.25,
						10.75,
						6.375,
						11
					],
					"texture": "#1"
				},
				"up": {
					"uv": [
						5.375,
						11.125,
						5.25,
						11
					],
					"texture": "#1"
				},
				"down": {
					"uv": [
						11.125,
						5.25,
						11,
						5.375
					],
					"texture": "#1"
				}
			}
		},
		{
			"from": [
				8.58187,
				3.18713,
				7.531
			],
			"to": [
				8.87937,
				3.54413,
				10.34
			],
			"rotation": {
				"angle": 0,
				"axis": "y",
				"origin": [
					7.392,
					1.36388,
					9.6855
				]
			},
			"faces": {
				"north": {
					"uv": [
						5.5,
						11,
						5.625,
						11.125
					],
					"texture": "#1"
				},
				"east": {
					"uv": [
						9.75,
						5.75,
						10.5,
						5.875
					],
					"texture": "#1"
				},
				"south": {
					"uv": [
						11,
						5.5,
						11.125,
						5.625
					],
					"texture": "#1"
				},
				"west": {
					"uv": [
						9.75,
						6.5,
						10.5,
						6.625
					],
					"texture": "#1"
				},
				"up": {
					"uv": [
						4.625,
						10.5,
						4.5,
						9.75
					],
					"texture": "#1"
				},
				"down": {
					"uv": [
						4.875,
						9.75,
						4.75,
						10.5
					],
					"texture": "#1"
				}
			}
		},
		{
			"from": [
				6.18457,
				0.14245,
				6.95883
			],
			"to": [
				9.91958,
				1.57324,
				10.93411
			],
			"rotation": {
				"angle": -45,
				"axis": "z",
				"origin": [
					7.95297,
					0.90451,
					10.45744
				]
			},
			"faces": {
				"north": {
					"uv": [
						0,
						7.75,
						0.875,
						8.125
					],
					"texture": "#1"
				},
				"east": {
					"uv": [
						6.75,
						3,
						7.75,
						3.375
					],
					"texture": "#1"
				},
				"south": {
					"uv": [
						7.75,
						3,
						8.625,
						3.375
					],
					"texture": "#1"
				},
				"west": {
					"uv": [
						7,
						1,
						8,
						1.375
					],
					"texture": "#1"
				},
				"up": {
					"uv": [
						4.625,
						1,
						3.75,
						0
					],
					"texture": "#1"
				},
				"down": {
					"uv": [
						4.875,
						1,
						4,
						2
					],
					"texture": "#1"
				}
			}
		},
		{
			"from": [
				6.13808,
				0.00026,
				6.94789
			],
			"to": [
				9.84107,
				1.58083,
				10.9459
			],
			"rotation": {
				"angle": 0,
				"axis": "y",
				"origin": [
					7.95297,
					0.90451,
					10.45744
				]
			},
			"faces": {
				"north": {
					"uv": [
						7.75,
						3.5,
						8.625,
						3.875
					],
					"texture": "#1"
				},
				"east": {
					"uv": [
						7,
						1.5,
						8,
						1.875
					],
					"texture": "#1"
				},
				"south": {
					"uv": [
						7.75,
						4,
						8.625,
						4.375
					],
					"texture": "#1"
				},
				"west": {
					"uv": [
						4.5,
						7,
						5.5,
						7.375
					],
					"texture": "#1"
				},
				"up": {
					"uv": [
						4.875,
						4.25,
						4,
						3.25
					],
					"texture": "#1"
				},
				"down": {
					"uv": [
						4.875,
						4.25,
						4,
						5.25
					],
					"texture": "#1"
				}
			}
		},
		{
			"from": [
				6.04861,
				0.04788,
				6.95336
			],
			"to": [
				9.77174,
				1.54168,
				10.92864
			],
			"rotation": {
				"angle": 45,
				"axis": "z",
				"origin": [
					7.95297,
					0.90451,
					10.45744
				]
			},
			"faces": {
				"north": {
					"uv": [
						7.75,
						4.5,
						8.625,
						4.875
					],
					"texture": "#1"
				},
				"east": {
					"uv": [
						0,
						7.25,
						1,
						7.625
					],
					"texture": "#1"
				},
				"south": {
					"uv": [
						7.75,
						5.5,
						8.625,
						5.875
					],
					"texture": "#1"
				},
				"west": {
					"uv": [
						7.25,
						2,
						8.25,
						2.375
					],
					"texture": "#1"
				},
				"up": {
					"uv": [
						1.875,
						5.5,
						1,
						4.5
					],
					"texture": "#1"
				},
				"down": {
					"uv": [
						2.875,
						4.5,
						2,
						5.5
					],
					"texture": "#1"
				}
			}
		},
		{
			"from": [
				7.17088,
				-1.04671,
				6.94241
			],
			"to": [
				8.82068,
				2.64079,
				10.94868
			],
			"rotation": {
				"angle": 0,
				"axis": "y",
				"origin": [
					7.95297,
					0.90451,
					10.45744
				]
			},
			"faces": {
				"north": {
					"uv": [
						2.25,
						7.75,
						2.625,
						8.625
					],
					"texture": "#1"
				},
				"east": {
					"uv": [
						3,
						4.5,
						4,
						5.375
					],
					"texture": "#1"
				},
				"south": {
					"uv": [
						3,
						7.75,
						3.375,
						8.625
					],
					"texture": "#1"
				},
				"west": {
					"uv": [
						0,
						4.75,
						1,
						5.625
					],
					"texture": "#1"
				},
				"up": {
					"uv": [
						7.625,
						4.5,
						7.25,
						3.5
					],
					"texture": "#1"
				},
				"down": {
					"uv": [
						4.375,
						7.25,
						4,
						8.25
					],
					"texture": "#1"
				}
			}
		},
		{
			"from": [
				6.16569,
				0.10432,
				6.69664
			],
			"to": [
				9.66543,
				1.50849,
				11.20305
			],
			"rotation": {
				"angle": 45,
				"axis": "z",
				"origin": [
					7.95579,
					0.90955,
					12.61213
				]
			},
			"faces": {
				"north": {
					"uv": [
						7.75,
						6,
						8.625,
						6.375
					],
					"texture": "#1"
				},
				"east": {
					"uv": [
						6.25,
						0,
						7.375,
						0.375
					],
					"texture": "#1"
				},
				"south": {
					"uv": [
						7.75,
						7.5,
						8.625,
						7.875
					],
					"texture": "#1"
				},
				"west": {
					"uv": [
						6.25,
						0.5,
						7.375,
						0.875
					],
					"texture": "#1"
				},
				"up": {
					"uv": [
						1.875,
						2.125,
						1,
						1
					],
					"texture": "#1"
				},
				"down": {
					"uv": [
						2.875,
						1,
						2,
						2.125
					],
					"texture": "#1"
				}
			}
		},
		{
			"from": [
				7.22063,
				-0.92459,
				6.68635
			],
			"to": [
				8.77144,
				2.54165,
				11.22189
			],
			"rotation": {
				"angle": 0,
				"axis": "y",
				"origin": [
					7.95579,
					0.90955,
					12.61213
				]
			},
			"faces": {
				"north": {
					"uv": [
						1,
						8,
						1.375,
						8.875
					],
					"texture": "#1"
				},
				"east": {
					"uv": [
						1,
						2.25,
						2.125,
						3.125
					],
					"texture": "#1"
				},
				"south": {
					"uv": [
						8,
						1,
						8.375,
						1.875
					],
					"texture": "#1"
				},
				"west": {
					"uv": [
						2.25,
						2.25,
						3.375,
						3.125
					],
					"texture": "#1"
				},
				"up": {
					"uv": [
						5.875,
						7.375,
						5.5,
						6.25
					],
					"texture": "#1"
				},
				"down": {
					"uv": [
						6.375,
						6.25,
						6,
						7.375
					],
					"texture": "#1"
				}
			}
		},
		{
			"from": [
				6.24979,
				0.05956,
				6.6915
			],
			"to": [
				9.7306,
				1.54529,
				11.21928
			],
			"rotation": {
				"angle": 0,
				"axis": "y",
				"origin": [
					7.95579,
					0.90955,
					12.61213
				]
			},
			"faces": {
				"north": {
					"uv": [
						4.5,
						8,
						5.375,
						8.375
					],
					"texture": "#1"
				},
				"east": {
					"uv": [
						6.25,
						5,
						7.375,
						5.375
					],
					"texture": "#1"
				},
				"south": {
					"uv": [
						6.75,
						8,
						7.625,
						8.375
					],
					"texture": "#1"
				},
				"west": {
					"uv": [
						6.5,
						4.5,
						7.625,
						4.875
					],
					"texture": "#1"
				},
				"up": {
					"uv": [
						3.875,
						2.125,
						3,
						1
					],
					"texture": "#1"
				},
				"down": {
					"uv": [
						1.875,
						3.25,
						1,
						4.375
					],
					"texture": "#1"
				}
			}
		},
		{
			"from": [
				6.2935,
				0.19321,
				6.70179
			],
			"to": [
				9.8044,
				1.53815,
				11.2082
			],
			"rotation": {
				"angle": -45,
				"axis": "z",
				"origin": [
					7.95579,
					0.90955,
					12.61213
				]
			},
			"faces": {
				"north": {
					"uv": [
						7.75,
						8,
						8.625,
						8.375
					],
					"texture": "#1"
				},
				"east": {
					"uv": [
						6.5,
						5.5,
						7.625,
						5.875
					],
					"texture": "#1"
				},
				"south": {
					"uv": [
						0,
						8.25,
						0.875,
						8.625
					],
					"texture": "#1"
				},
				"west": {
					"uv": [
						6.5,
						6,
						7.625,
						6.375
					],
					"texture": "#1"
				},
				"up": {
					"uv": [
						2.875,
						4.375,
						2,
						3.25
					],
					"texture": "#1"
				},
				"down": {
					"uv": [
						3.875,
						3.25,
						3,
						4.375
					],
					"texture": "#1"
				}
			}
		},
		{
			"from": [
				7.78757,
				2.11017,
				10.65749
			],
			"to": [
				8.21243,
				3.95568,
				10.99045
			],
			"rotation": {
				"angle": 0,
				"axis": "y",
				"origin": [
					8,
					-1.11202,
					14.92124
				]
			},
			"faces": {
				"north": {
					"uv": [
						10.25,
						2,
						10.375,
						2.5
					],
					"texture": "#1"
				},
				"east": {
					"uv": [
						2.5,
						10.25,
						2.625,
						10.75
					],
					"texture": "#1"
				},
				"south": {
					"uv": [
						10.25,
						2.5,
						10.375,
						3
					],
					"texture": "#1"
				},
				"west": {
					"uv": [
						2.75,
						10.25,
						2.875,
						10.75
					],
					"texture": "#1"
				},
				"up": {
					"uv": [
						5.875,
						11.125,
						5.75,
						11
					],
					"texture": "#1"
				},
				"down": {
					"uv": [
						11.125,
						5.75,
						11,
						5.875
					],
					"texture": "#1"
				}
			}
		},
		{
			"from": [
				7.78757,
				2.58517,
				6.90749
			],
			"to": [
				8.21243,
				4.10568,
				7.24045
			],
			"rotation": {
				"angle": 0,
				"axis": "y",
				"origin": [
					8,
					-0.63702,
					14.92124
				]
			},
			"faces": {
				"north": {
					"uv": [
						10.5,
						0,
						10.625,
						0.375
					],
					"texture": "#1"
				},
				"east": {
					"uv": [
						0.5,
						10.5,
						0.625,
						10.875
					],
					"texture": "#1"
				},
				"south": {
					"uv": [
						10.5,
						0.5,
						10.625,
						0.875
					],
					"texture": "#1"
				},
				"west": {
					"uv": [
						0.75,
						10.5,
						0.875,
						10.875
					],
					"texture": "#1"
				},
				"up": {
					"uv": [
						6.125,
						11.125,
						6,
						11
					],
					"texture": "#1"
				},
				"down": {
					"uv": [
						11.125,
						6,
						11,
						6.125
					],
					"texture": "#1"
				}
			}
		}
	],
	"groups": [
		{
			"name": "group",
			"origin": [
				8,
				2.345,
				22.895
			],
			"color": 0,
			"children": [
				0,
				1,
				2,
				3,
				4,
				5,
				6,
				7,
				8,
				9,
				10,
				11,
				12,
				13,
				14,
				15,
				16,
				17,
				18,
				19,
				20,
				21,
				22,
				23,
				24,
				25,
				26,
				27,
				28,
				29,
				30,
				31,
				32,
				33,
				34,
				35,
				36,
				37,
				38,
				39,
				40,
				41,
				42,
				43,
				44,
				45,
				46,
				47,
				48,
				49,
				50,
				51,
				52,
				53,
				54,
				55,
				56,
				57,
				58,
				59,
				60,
				61,
				62,
				63,
				64
			]
		},
		65,
		66,
		67,
		68,
		69,
		70,
		71,
		72,
		73,
		74,
		75,
		76,
		77,
		78,
		79,
		80,
		81,
		82,
		83,
		84,
		85,
		86,
		87
	],
	"display": {
		"thirdperson_righthand": {
			"translation": [
				0,
				4.75,
				-5.25
			],
			"scale": [
				1.12,
				1.12,
				1.12
			]
		},
		"thirdperson_lefthand": {
			"translation": [
				0,
				4.75,
				-5.25
			],
			"scale": [
				-1.12,
				1.12,
				1.12
			]
		},
		"firstperson_righthand": {
			"translation": [
				-2,
				9.25,
				-1
			],
			"scale": [
				1.26,
				1.26,
				1.26
			]
		},
		"firstperson_lefthand": {
			"translation": [
				-2,
				9.25,
				-1
			],
			"scale": [
				-1.26,
				1.26,
				1.26
			]
		},
		"ground": {
			"translation": [
				0,
				6.75,
				0
			]
		},
		"gui": {
			"rotation": [
				-167.35,
				-27.26,
				-179.02
			],
			"translation": [
				-0.75,
				3.5,
				-1
			],
			"scale": [
				0.85,
				0.85,
				0.85
			]
		},
		"fixed": {
			"rotation": [
				0,
				89.25,
				0
			],
			"translation": [
				1.5,
				6.25,
				-1
			],
			"scale": [
				1.38,
				1.38,
				1.38
			]
		}
	}
}