{
	"credit": "Made with Blockbench",
	"texture_size": [
		32,
		32
	],
	"textures": {
		"1": "scguns_laf:item/new_tunck_37_texture",
		"particle": "scguns_laf:item/new_tunck_37_texture"
	},
	"elements": [
		{
			"from": [
				7.37175,
				1.05828,
				16.38616
			],
			"to": [
				8.62825,
				4.21403,
				17.53316
			],
			"rotation": {
				"angle": -22.5,
				"axis": "x",
				"origin": [
					8,
					2.94203,
					17.38466
				]
			},
			"faces": {
				"north": {
					"uv": [
						4.5,
						7,
						5.25,
						8.5
					],
					"texture": "#1"
				},
				"east": {
					"uv": [
						6.5,
						9,
						7,
						10.5
					],
					"texture": "#1"
				},
				"south": {
					"uv": [
						7.5,
						6,
						8.25,
						7.5
					],
					"texture": "#1"
				},
				"west": {
					"uv": [
						7.5,
						9,
						8,
						10.5
					],
					"texture": "#1"
				},
				"up": {
					"uv": [
						0.75,
						12.5,
						0,
						12
					],
					"texture": "#1"
				},
				"down": {
					"uv": [
						12.75,
						0,
						12,
						0.5
					],
					"texture": "#1"
				}
			}
		},
		{
			"from": [
				7.44675,
				0.80828,
				16.21116
			],
			"to": [
				8.55325,
				3.88903,
				17.63316
			],
			"rotation": {
				"angle": -22.5,
				"axis": "x",
				"origin": [
					8,
					2.94203,
					17.38466
				]
			},
			"faces": {
				"north": {
					"uv": [
						8,
						9,
						8.5,
						10.5
					],
					"texture": "#1"
				},
				"east": {
					"uv": [
						7.5,
						7.5,
						8.25,
						9
					],
					"texture": "#1"
				},
				"south": {
					"uv": [
						0,
						9.5,
						0.5,
						11
					],
					"texture": "#1"
				},
				"west": {
					"uv": [
						0,
						8,
						0.75,
						9.5
					],
					"texture": "#1"
				},
				"up": {
					"uv": [
						12.5,
						1.25,
						12,
						0.5
					],
					"texture": "#1"
				},
				"down": {
					"uv": [
						1.5,
						12,
						1,
						12.75
					],
					"texture": "#1"
				}
			}
		},
		{
			"from": [
				7.34675,
				0.35828,
				15.96116
			],
			"to": [
				8.65325,
				0.91403,
				17.73316
			],
			"rotation": {
				"angle": -22.5,
				"axis": "x",
				"origin": [
					8,
					2.94203,
					17.38466
				]
			},
			"faces": {
				"north": {
					"uv": [
						13.5,
						2,
						14.25,
						2.25
					],
					"texture": "#1"
				},
				"east": {
					"uv": [
						6,
						13,
						7,
						13.25
					],
					"texture": "#1"
				},
				"south": {
					"uv": [
						2.5,
						13.5,
						3.25,
						13.75
					],
					"texture": "#1"
				},
				"west": {
					"uv": [
						9,
						13,
						10,
						13.25
					],
					"texture": "#1"
				},
				"up": {
					"uv": [
						1.25,
						10.5,
						0.5,
						9.5
					],
					"texture": "#1"
				},
				"down": {
					"uv": [
						10.25,
						2.5,
						9.5,
						3.5
					],
					"texture": "#1"
				}
			}
		},
		{
			"from": [
				7.44675,
				0.15893,
				16.93872
			],
			"to": [
				8.55325,
				0.71468,
				18.56072
			],
			"rotation": {
				"angle": -22.5,
				"axis": "x",
				"origin": [
					8,
					0.7868,
					17.74972
				]
			},
			"faces": {
				"north": {
					"uv": [
						6.5,
						14,
						7,
						14.25
					],
					"texture": "#1"
				},
				"east": {
					"uv": [
						13.5,
						2.5,
						14.25,
						2.75
					],
					"texture": "#1"
				},
				"south": {
					"uv": [
						14,
						6.5,
						14.5,
						6.75
					],
					"texture": "#1"
				},
				"west": {
					"uv": [
						13.5,
						4,
						14.25,
						4.25
					],
					"texture": "#1"
				},
				"up": {
					"uv": [
						2,
						12.75,
						1.5,
						12
					],
					"texture": "#1"
				},
				"down": {
					"uv": [
						2.5,
						12,
						2,
						12.75
					],
					"texture": "#1"
				}
			}
		},
		{
			"from": [
				7.21225,
				2.868,
				10.83625
			],
			"to": [
				8.78775,
				3.033,
				13.36
			],
			"rotation": {
				"angle": 0,
				"axis": "y",
				"origin": [
					8,
					-1.45775,
					16.33
				]
			},
			"faces": {
				"north": {
					"uv": [
						13.5,
						4.5,
						14.25,
						4.75
					],
					"texture": "#1"
				},
				"east": {
					"uv": [
						12.5,
						6.5,
						13.75,
						6.75
					],
					"texture": "#1"
				},
				"south": {
					"uv": [
						13.5,
						5,
						14.25,
						5.25
					],
					"texture": "#1"
				},
				"west": {
					"uv": [
						12.5,
						8,
						13.75,
						8.25
					],
					"texture": "#1"
				},
				"up": {
					"uv": [
						4.25,
						10.25,
						3.5,
						9
					],
					"texture": "#1"
				},
				"down": {
					"uv": [
						6.25,
						9,
						5.5,
						10.25
					],
					"texture": "#1"
				}
			}
		},
		{
			"from": [
				7.36225,
				2.768,
				6.08625
			],
			"to": [
				8.63775,
				3.808,
				7.36
			],
			"rotation": {
				"angle": 0,
				"axis": "y",
				"origin": [
					8,
					-1.45775,
					17.18
				]
			},
			"faces": {
				"north": {
					"uv": [
						12,
						1.5,
						12.75,
						2
					],
					"texture": "#1"
				},
				"east": {
					"uv": [
						12,
						2.5,
						12.75,
						3
					],
					"texture": "#1"
				},
				"south": {
					"uv": [
						12,
						3,
						12.75,
						3.5
					],
					"texture": "#1"
				},
				"west": {
					"uv": [
						5.5,
						12,
						6.25,
						12.5
					],
					"texture": "#1"
				},
				"up": {
					"uv": [
						4.25,
						11.25,
						3.5,
						10.5
					],
					"texture": "#1"
				},
				"down": {
					"uv": [
						7.75,
						10.5,
						7,
						11.25
					],
					"texture": "#1"
				}
			}
		},
		{
			"from": [
				7.28725,
				2.643,
				5.48625
			],
			"to": [
				8.71275,
				3.833,
				6.11
			],
			"rotation": {
				"angle": 0,
				"axis": "y",
				"origin": [
					8,
					-1.45775,
					17.18
				]
			},
			"faces": {
				"north": {
					"uv": [
						6.5,
						12,
						7.25,
						12.5
					],
					"texture": "#1"
				},
				"east": {
					"uv": [
						7,
						14,
						7.25,
						14.5
					],
					"texture": "#1"
				},
				"south": {
					"uv": [
						8,
						12,
						8.75,
						12.5
					],
					"texture": "#1"
				},
				"west": {
					"uv": [
						7.5,
						14,
						7.75,
						14.5
					],
					"texture": "#1"
				},
				"up": {
					"uv": [
						6.75,
						13.75,
						6,
						13.5
					],
					"texture": "#1"
				},
				"down": {
					"uv": [
						14.25,
						7,
						13.5,
						7.25
					],
					"texture": "#1"
				}
			}
		},
		{
			"from": [
				7.43725,
				2.21363,
				7.01563
			],
			"to": [
				8.56275,
				2.86238,
				8.33063
			],
			"rotation": {
				"angle": -22.5,
				"axis": "x",
				"origin": [
					8,
					2.1755,
					6.87313
				]
			},
			"faces": {
				"north": {
					"uv": [
						8,
						14,
						8.5,
						14.25
					],
					"texture": "#1"
				},
				"east": {
					"uv": [
						13.5,
						7.5,
						14.25,
						7.75
					],
					"texture": "#1"
				},
				"south": {
					"uv": [
						14,
						8,
						14.5,
						8.25
					],
					"texture": "#1"
				},
				"west": {
					"uv": [
						8.5,
						13.5,
						9.25,
						13.75
					],
					"texture": "#1"
				},
				"up": {
					"uv": [
						3,
						12.75,
						2.5,
						12
					],
					"texture": "#1"
				},
				"down": {
					"uv": [
						9.5,
						12,
						9,
						12.75
					],
					"texture": "#1"
				}
			}
		},
		{
			"from": [
				7.51225,
				-0.46137,
				7.14063
			],
			"to": [
				8.48775,
				2.78738,
				8.20563
			],
			"rotation": {
				"angle": -22.5,
				"axis": "x",
				"origin": [
					8,
					2.1755,
					6.87313
				]
			},
			"faces": {
				"north": {
					"uv": [
						1.5,
						9.5,
						2,
						11
					],
					"texture": "#1"
				},
				"east": {
					"uv": [
						9.5,
						5.5,
						10,
						7
					],
					"texture": "#1"
				},
				"south": {
					"uv": [
						9.5,
						8,
						10,
						9.5
					],
					"texture": "#1"
				},
				"west": {
					"uv": [
						8.5,
						9.5,
						9,
						11
					],
					"texture": "#1"
				},
				"up": {
					"uv": [
						4,
						6,
						3.5,
						5.5
					],
					"texture": "#1"
				},
				"down": {
					"uv": [
						8.5,
						5.5,
						8,
						6
					],
					"texture": "#1"
				}
			}
		},
		{
			"from": [
				7.73725,
				2.66363,
				6.14063
			],
			"to": [
				8.26275,
				2.78738,
				7.15563
			],
			"rotation": {
				"angle": 0,
				"axis": "x",
				"origin": [
					8,
					2.1755,
					6.87313
				]
			},
			"faces": {
				"north": {
					"uv": [
						1,
						15,
						1.25,
						15.25
					],
					"texture": "#1"
				},
				"east": {
					"uv": [
						8.5,
						14,
						9,
						14.25
					],
					"texture": "#1"
				},
				"south": {
					"uv": [
						15,
						1,
						15.25,
						1.25
					],
					"texture": "#1"
				},
				"west": {
					"uv": [
						9,
						14,
						9.5,
						14.25
					],
					"texture": "#1"
				},
				"up": {
					"uv": [
						9.75,
						14.5,
						9.5,
						14
					],
					"texture": "#1"
				},
				"down": {
					"uv": [
						10.25,
						14,
						10,
						14.5
					],
					"texture": "#1"
				}
			}
		},
		{
			"from": [
				7.48725,
				-0.33637,
				6.94063
			],
			"to": [
				8.51275,
				0.18738,
				8.30563
			],
			"rotation": {
				"angle": -22.5,
				"axis": "x",
				"origin": [
					8,
					2.1755,
					6.87313
				]
			},
			"faces": {
				"north": {
					"uv": [
						14,
						10.5,
						14.5,
						10.75
					],
					"texture": "#1"
				},
				"east": {
					"uv": [
						13.5,
						8.5,
						14.25,
						8.75
					],
					"texture": "#1"
				},
				"south": {
					"uv": [
						11,
						14,
						11.5,
						14.25
					],
					"texture": "#1"
				},
				"west": {
					"uv": [
						13.5,
						9,
						14.25,
						9.25
					],
					"texture": "#1"
				},
				"up": {
					"uv": [
						10,
						12.75,
						9.5,
						12
					],
					"texture": "#1"
				},
				"down": {
					"uv": [
						12.5,
						10.5,
						12,
						11.25
					],
					"texture": "#1"
				}
			}
		},
		{
			"from": [
				7.14325,
				2.76675,
				9.13825
			],
			"to": [
				8.85675,
				3.808,
				16.6275
			],
			"rotation": {
				"angle": 0,
				"axis": "y",
				"origin": [
					8,
					-1.45775,
					16.33
				]
			},
			"faces": {
				"north": {
					"uv": [
						12,
						11.5,
						12.75,
						12
					],
					"texture": "#1"
				},
				"east": {
					"uv": [
						4,
						2,
						7.75,
						2.5
					],
					"texture": "#1"
				},
				"south": {
					"uv": [
						12,
						12,
						12.75,
						12.5
					],
					"texture": "#1"
				},
				"west": {
					"uv": [
						4,
						2.5,
						7.75,
						3
					],
					"texture": "#1"
				},
				"up": {
					"uv": [
						0.75,
						3.75,
						0,
						0
					],
					"texture": "#1"
				},
				"down": {
					"uv": [
						1.75,
						0,
						1,
						3.75
					],
					"texture": "#1"
				}
			}
		},
		{
			"from": [
				7.21825,
				2.76675,
				7.36325
			],
			"to": [
				8.78175,
				3.808,
				8.5275
			],
			"rotation": {
				"angle": 0,
				"axis": "y",
				"origin": [
					8,
					-1.45775,
					16.33
				]
			},
			"faces": {
				"north": {
					"uv": [
						0,
						12.5,
						0.75,
						13
					],
					"texture": "#1"
				},
				"east": {
					"uv": [
						8,
						10.5,
						8.5,
						11
					],
					"texture": "#1"
				},
				"south": {
					"uv": [
						12.5,
						0.5,
						13.25,
						1
					],
					"texture": "#1"
				},
				"west": {
					"uv": [
						3,
						11,
						3.5,
						11.5
					],
					"texture": "#1"
				},
				"up": {
					"uv": [
						13.25,
						1.5,
						12.5,
						1
					],
					"texture": "#1"
				},
				"down": {
					"uv": [
						3.75,
						12.5,
						3,
						13
					],
					"texture": "#1"
				}
			}
		},
		{
			"from": [
				7.64,
				1.44337,
				14.39085
			],
			"to": [
				8.36,
				1.6776,
				15.86169
			],
			"rotation": {
				"angle": 0,
				"axis": "y",
				"origin": [
					8,
					-1.96202,
					17.84624
				]
			},
			"faces": {
				"north": {
					"uv": [
						1.5,
						15,
						1.75,
						15.25
					],
					"texture": "#1"
				},
				"east": {
					"uv": [
						9.5,
						13.5,
						10.25,
						13.75
					],
					"texture": "#1"
				},
				"south": {
					"uv": [
						15,
						1.5,
						15.25,
						1.75
					],
					"texture": "#1"
				},
				"west": {
					"uv": [
						13.5,
						9.5,
						14.25,
						9.75
					],
					"texture": "#1"
				},
				"up": {
					"uv": [
						3.75,
						14.25,
						3.5,
						13.5
					],
					"texture": "#1"
				},
				"down": {
					"uv": [
						10.75,
						13.5,
						10.5,
						14.25
					],
					"texture": "#1"
				}
			}
		},
		{
			"from": [
				7.878,
				1.97537,
				15.30835
			],
			"to": [
				8.122,
				2.5666,
				15.60551
			],
			"rotation": {
				"angle": 0,
				"axis": "y",
				"origin": [
					8,
					-1.96202,
					17.84624
				]
			},
			"faces": {
				"north": {
					"uv": [
						2,
						15,
						2.25,
						15.25
					],
					"texture": "#1"
				},
				"east": {
					"uv": [
						15,
						2,
						15.25,
						2.25
					],
					"texture": "#1"
				},
				"south": {
					"uv": [
						2.5,
						15,
						2.75,
						15.25
					],
					"texture": "#1"
				},
				"west": {
					"uv": [
						15,
						2.5,
						15.25,
						2.75
					],
					"texture": "#1"
				},
				"up": {
					"uv": [
						3.25,
						15.25,
						3,
						15
					],
					"texture": "#1"
				},
				"down": {
					"uv": [
						15.25,
						3,
						15,
						3.25
					],
					"texture": "#1"
				}
			}
		},
		{
			"from": [
				7.997,
				2.09437,
				15.60585
			],
			"to": [
				8.003,
				2.5666,
				15.90301
			],
			"rotation": {
				"angle": 0,
				"axis": "y",
				"origin": [
					8,
					-1.96202,
					17.84624
				]
			},
			"faces": {
				"north": {
					"uv": [
						3.5,
						15,
						3.75,
						15.25
					],
					"texture": "#1"
				},
				"east": {
					"uv": [
						15,
						3.5,
						15.25,
						3.75
					],
					"texture": "#1"
				},
				"south": {
					"uv": [
						4,
						15,
						4.25,
						15.25
					],
					"texture": "#1"
				},
				"west": {
					"uv": [
						15,
						4,
						15.25,
						4.25
					],
					"texture": "#1"
				},
				"up": {
					"uv": [
						4.75,
						15.25,
						4.5,
						15
					],
					"texture": "#1"
				},
				"down": {
					"uv": [
						15.25,
						4.5,
						15,
						4.75
					],
					"texture": "#1"
				}
			}
		},
		{
			"from": [
				7.77385,
				1.30686,
				14.39332
			],
			"to": [
				8.22615,
				1.44337,
				16.16954
			],
			"rotation": {
				"angle": 0,
				"axis": "y",
				"origin": [
					8,
					-1.96202,
					17.84624
				]
			},
			"faces": {
				"north": {
					"uv": [
						5,
						15,
						5.25,
						15.25
					],
					"texture": "#1"
				},
				"east": {
					"uv": [
						13,
						10.5,
						14,
						10.75
					],
					"texture": "#1"
				},
				"south": {
					"uv": [
						15,
						5,
						15.25,
						5.25
					],
					"texture": "#1"
				},
				"west": {
					"uv": [
						13,
						11,
						14,
						11.25
					],
					"texture": "#1"
				},
				"up": {
					"uv": [
						7.25,
						14,
						7,
						13
					],
					"texture": "#1"
				},
				"down": {
					"uv": [
						13.25,
						11.5,
						13,
						12.5
					],
					"texture": "#1"
				}
			}
		},
		{
			"from": [
				7.64,
				1.40935,
				15.86316
			],
			"to": [
				8.36,
				2.63068,
				16.23124
			],
			"rotation": {
				"angle": 0,
				"axis": "y",
				"origin": [
					8,
					-1.96202,
					17.51163
				]
			},
			"faces": {
				"north": {
					"uv": [
						14,
						11,
						14.25,
						11.5
					],
					"texture": "#1"
				},
				"east": {
					"uv": [
						11.5,
						14,
						11.75,
						14.5
					],
					"texture": "#1"
				},
				"south": {
					"uv": [
						14,
						11.5,
						14.25,
						12
					],
					"texture": "#1"
				},
				"west": {
					"uv": [
						12,
						14,
						12.25,
						14.5
					],
					"texture": "#1"
				},
				"up": {
					"uv": [
						5.75,
						15.25,
						5.5,
						15
					],
					"texture": "#1"
				},
				"down": {
					"uv": [
						15.25,
						5.5,
						15,
						5.75
					],
					"texture": "#1"
				}
			}
		},
		{
			"from": [
				7.759,
				2.0926,
				16.15591
			],
			"to": [
				8.241,
				2.91643,
				16.86074
			],
			"rotation": {
				"angle": -22.5,
				"axis": "x",
				"origin": [
					8,
					1.84689,
					16.42795
				]
			},
			"faces": {
				"north": {
					"uv": [
						14,
						12,
						14.25,
						12.5
					],
					"texture": "#1"
				},
				"east": {
					"uv": [
						12.5,
						14,
						12.75,
						14.5
					],
					"texture": "#1"
				},
				"south": {
					"uv": [
						14,
						12.5,
						14.25,
						13
					],
					"texture": "#1"
				},
				"west": {
					"uv": [
						14,
						13,
						14.25,
						13.5
					],
					"texture": "#1"
				},
				"up": {
					"uv": [
						6.25,
						15.25,
						6,
						15
					],
					"texture": "#1"
				},
				"down": {
					"uv": [
						15.25,
						6,
						15,
						6.25
					],
					"texture": "#1"
				}
			}
		},
		{
			"from": [
				7.67346,
				2.25491,
				14.17354
			],
			"to": [
				8.32654,
				3.09068,
				14.54162
			],
			"rotation": {
				"angle": -22.5,
				"axis": "x",
				"origin": [
					8,
					2.60549,
					16.19797
				]
			},
			"faces": {
				"north": {
					"uv": [
						14,
						13.5,
						14.25,
						14
					],
					"texture": "#1"
				},
				"east": {
					"uv": [
						14,
						14,
						14.25,
						14.5
					],
					"texture": "#1"
				},
				"south": {
					"uv": [
						0,
						14.5,
						0.25,
						15
					],
					"texture": "#1"
				},
				"west": {
					"uv": [
						14.5,
						0,
						14.75,
						0.5
					],
					"texture": "#1"
				},
				"up": {
					"uv": [
						6.75,
						15.25,
						6.5,
						15
					],
					"texture": "#1"
				},
				"down": {
					"uv": [
						15.25,
						6.5,
						15,
						6.75
					],
					"texture": "#1"
				}
			}
		},
		{
			"from": [
				7.64,
				2.2876,
				14.14008
			],
			"to": [
				8.36,
				2.65568,
				14.50816
			],
			"rotation": {
				"angle": 0,
				"axis": "y",
				"origin": [
					8,
					-1.96202,
					17.92124
				]
			},
			"faces": {
				"north": {
					"uv": [
						7,
						15,
						7.25,
						15.25
					],
					"texture": "#1"
				},
				"east": {
					"uv": [
						15,
						7,
						15.25,
						7.25
					],
					"texture": "#1"
				},
				"south": {
					"uv": [
						7.5,
						15,
						7.75,
						15.25
					],
					"texture": "#1"
				},
				"west": {
					"uv": [
						15,
						7.5,
						15.25,
						7.75
					],
					"texture": "#1"
				},
				"up": {
					"uv": [
						8.25,
						15.25,
						8,
						15
					],
					"texture": "#1"
				},
				"down": {
					"uv": [
						15.25,
						8,
						15,
						8.25
					],
					"texture": "#1"
				}
			}
		},
		{
			"from": [
				7.76257,
				2.26017,
				9.40749
			],
			"to": [
				8.23743,
				2.50568,
				14.21545
			],
			"rotation": {
				"angle": 0,
				"axis": "y",
				"origin": [
					8,
					-1.96202,
					17.84624
				]
			},
			"faces": {
				"north": {
					"uv": [
						8.5,
						15,
						8.75,
						15.25
					],
					"texture": "#1"
				},
				"east": {
					"uv": [
						10,
						6,
						12.5,
						6.25
					],
					"texture": "#1"
				},
				"south": {
					"uv": [
						15,
						8.5,
						15.25,
						8.75
					],
					"texture": "#1"
				},
				"west": {
					"uv": [
						10,
						6.5,
						12.5,
						6.75
					],
					"texture": "#1"
				},
				"up": {
					"uv": [
						4.75,
						12.5,
						4.5,
						10
					],
					"texture": "#1"
				},
				"down": {
					"uv": [
						5.25,
						10,
						5,
						12.5
					],
					"texture": "#1"
				}
			}
		},
		{
			"from": [
				7.78757,
				1.26017,
				13.58249
			],
			"to": [
				8.21243,
				2.28068,
				13.91545
			],
			"rotation": {
				"angle": 0,
				"axis": "y",
				"origin": [
					8,
					-1.96202,
					17.84624
				]
			},
			"faces": {
				"north": {
					"uv": [
						0.5,
						14.5,
						0.75,
						15
					],
					"texture": "#1"
				},
				"east": {
					"uv": [
						14.5,
						0.5,
						14.75,
						1
					],
					"texture": "#1"
				},
				"south": {
					"uv": [
						1,
						14.5,
						1.25,
						15
					],
					"texture": "#1"
				},
				"west": {
					"uv": [
						14.5,
						1,
						14.75,
						1.5
					],
					"texture": "#1"
				},
				"up": {
					"uv": [
						9.25,
						15.25,
						9,
						15
					],
					"texture": "#1"
				},
				"down": {
					"uv": [
						15.25,
						9,
						15,
						9.25
					],
					"texture": "#1"
				}
			}
		},
		{
			"from": [
				7.78757,
				1.26017,
				9.83249
			],
			"to": [
				8.21243,
				2.28068,
				10.16545
			],
			"rotation": {
				"angle": 0,
				"axis": "y",
				"origin": [
					8,
					-1.96202,
					17.84624
				]
			},
			"faces": {
				"north": {
					"uv": [
						1.5,
						14.5,
						1.75,
						15
					],
					"texture": "#1"
				},
				"east": {
					"uv": [
						2,
						14.5,
						2.25,
						15
					],
					"texture": "#1"
				},
				"south": {
					"uv": [
						14.5,
						2,
						14.75,
						2.5
					],
					"texture": "#1"
				},
				"west": {
					"uv": [
						2.5,
						14.5,
						2.75,
						15
					],
					"texture": "#1"
				},
				"up": {
					"uv": [
						9.75,
						15.25,
						9.5,
						15
					],
					"texture": "#1"
				},
				"down": {
					"uv": [
						15.25,
						9.5,
						15,
						9.75
					],
					"texture": "#1"
				}
			}
		},
		{
			"from": [
				7.76257,
				2.41017,
				15.91974
			],
			"to": [
				8.23743,
				2.65568,
				16.86195
			],
			"rotation": {
				"angle": 0,
				"axis": "y",
				"origin": [
					8,
					-1.96202,
					17.57849
				]
			},
			"faces": {
				"north": {
					"uv": [
						10,
						15,
						10.25,
						15.25
					],
					"texture": "#1"
				},
				"east": {
					"uv": [
						14.5,
						2.5,
						15,
						2.75
					],
					"texture": "#1"
				},
				"south": {
					"uv": [
						15,
						10,
						15.25,
						10.25
					],
					"texture": "#1"
				},
				"west": {
					"uv": [
						3,
						14.5,
						3.5,
						14.75
					],
					"texture": "#1"
				},
				"up": {
					"uv": [
						14.75,
						3.5,
						14.5,
						3
					],
					"texture": "#1"
				},
				"down": {
					"uv": [
						3.75,
						14.5,
						3.5,
						15
					],
					"texture": "#1"
				}
			}
		},
		{
			"from": [
				7.57851,
				2.50106,
				9.14901
			],
			"to": [
				8.42149,
				2.94473,
				16.32002
			],
			"rotation": {
				"angle": 0,
				"axis": "y",
				"origin": [
					8,
					-1.666,
					16.74055
				]
			},
			"faces": {
				"north": {
					"uv": [
						4,
						14.5,
						4.5,
						14.75
					],
					"texture": "#1"
				},
				"east": {
					"uv": [
						9,
						5,
						12.5,
						5.25
					],
					"texture": "#1"
				},
				"south": {
					"uv": [
						14.5,
						4,
						15,
						4.25
					],
					"texture": "#1"
				},
				"west": {
					"uv": [
						9.5,
						2,
						13,
						2.25
					],
					"texture": "#1"
				},
				"up": {
					"uv": [
						2.5,
						9,
						2,
						5.5
					],
					"texture": "#1"
				},
				"down": {
					"uv": [
						3,
						5.5,
						2.5,
						9
					],
					"texture": "#1"
				}
			}
		},
		{
			"from": [
				7.37712,
				0.51038,
				10.2775
			],
			"to": [
				8.61837,
				3.10313,
				13.4435
			],
			"rotation": {
				"angle": 0,
				"axis": "y",
				"origin": [
					7.392,
					0.03888,
					12.6105
				]
			},
			"faces": {
				"north": {
					"uv": [
						10,
						7,
						10.5,
						8.25
					],
					"texture": "#1"
				},
				"east": {
					"uv": [
						4,
						3,
						5.5,
						4.25
					],
					"texture": "#1"
				},
				"south": {
					"uv": [
						10,
						8.5,
						10.5,
						9.75
					],
					"texture": "#1"
				},
				"west": {
					"uv": [
						4,
						4.5,
						5.5,
						5.75
					],
					"texture": "#1"
				},
				"up": {
					"uv": [
						9.5,
						11,
						9,
						9.5
					],
					"texture": "#1"
				},
				"down": {
					"uv": [
						10,
						9.5,
						9.5,
						11
					],
					"texture": "#1"
				}
			}
		},
		{
			"from": [
				7.22462,
				1.29388,
				10.137
			],
			"to": [
				8.75887,
				1.74013,
				13.584
			],
			"rotation": {
				"angle": 0,
				"axis": "y",
				"origin": [
					7.392,
					0.03888,
					12.6105
				]
			},
			"faces": {
				"north": {
					"uv": [
						13.5,
						10,
						14.25,
						10.25
					],
					"texture": "#1"
				},
				"east": {
					"uv": [
						11.5,
						8.5,
						13.25,
						8.75
					],
					"texture": "#1"
				},
				"south": {
					"uv": [
						11,
						13.5,
						11.75,
						13.75
					],
					"texture": "#1"
				},
				"west": {
					"uv": [
						11.5,
						9,
						13.25,
						9.25
					],
					"texture": "#1"
				},
				"up": {
					"uv": [
						6.25,
						1.75,
						5.5,
						0
					],
					"texture": "#1"
				},
				"down": {
					"uv": [
						0.75,
						6,
						0,
						7.75
					],
					"texture": "#1"
				}
			}
		},
		{
			"from": [
				7.45688,
				1.50813,
				10.1585
			],
			"to": [
				7.78413,
				3.23288,
				13.5625
			],
			"rotation": {
				"angle": 0,
				"axis": "y",
				"origin": [
					7.392,
					0.03888,
					12.6105
				]
			},
			"faces": {
				"north": {
					"uv": [
						13.5,
						11.5,
						13.75,
						12.25
					],
					"texture": "#1"
				},
				"east": {
					"uv": [
						6,
						3,
						7.75,
						3.75
					],
					"texture": "#1"
				},
				"south": {
					"uv": [
						13,
						13.5,
						13.25,
						14.25
					],
					"texture": "#1"
				},
				"west": {
					"uv": [
						3.5,
						6,
						5.25,
						6.75
					],
					"texture": "#1"
				},
				"up": {
					"uv": [
						10.25,
						13.25,
						10,
						11.5
					],
					"texture": "#1"
				},
				"down": {
					"uv": [
						10.75,
						11.5,
						10.5,
						13.25
					],
					"texture": "#1"
				}
			}
		},
		{
			"from": [
				8.20687,
				1.50813,
				10.1585
			],
			"to": [
				8.53412,
				3.23288,
				13.5625
			],
			"rotation": {
				"angle": 0,
				"axis": "y",
				"origin": [
					7.392,
					0.03888,
					12.6105
				]
			},
			"faces": {
				"north": {
					"uv": [
						13.5,
						13.5,
						13.75,
						14.25
					],
					"texture": "#1"
				},
				"east": {
					"uv": [
						6,
						4,
						7.75,
						4.75
					],
					"texture": "#1"
				},
				"south": {
					"uv": [
						14,
						0.5,
						14.25,
						1.25
					],
					"texture": "#1"
				},
				"west": {
					"uv": [
						6,
						5,
						7.75,
						5.75
					],
					"texture": "#1"
				},
				"up": {
					"uv": [
						11.25,
						13.25,
						11,
						11.5
					],
					"texture": "#1"
				},
				"down": {
					"uv": [
						11.75,
						11.5,
						11.5,
						13.25
					],
					"texture": "#1"
				}
			}
		},
		{
			"from": [
				6.93087,
				2.74613,
				9.836
			],
			"to": [
				9.05212,
				3.22788,
				13.885
			],
			"rotation": {
				"angle": 0,
				"axis": "y",
				"origin": [
					7.392,
					0.03888,
					12.0355
				]
			},
			"faces": {
				"north": {
					"uv": [
						13,
						12.5,
						14,
						12.75
					],
					"texture": "#1"
				},
				"east": {
					"uv": [
						11.5,
						7,
						13.5,
						7.25
					],
					"texture": "#1"
				},
				"south": {
					"uv": [
						13,
						13,
						14,
						13.25
					],
					"texture": "#1"
				},
				"west": {
					"uv": [
						11.5,
						7.5,
						13.5,
						7.75
					],
					"texture": "#1"
				},
				"up": {
					"uv": [
						1,
						6,
						0,
						4
					],
					"texture": "#1"
				},
				"down": {
					"uv": [
						2,
						4,
						1,
						6
					],
					"texture": "#1"
				}
			}
		},
		{
			"from": [
				7.07962,
				1.86213,
				10.456
			],
			"to": [
				7.37712,
				2.21913,
				13.265
			],
			"rotation": {
				"angle": 0,
				"axis": "y",
				"origin": [
					7.392,
					0.03888,
					12.6105
				]
			},
			"faces": {
				"north": {
					"uv": [
						10.5,
						15,
						10.75,
						15.25
					],
					"texture": "#1"
				},
				"east": {
					"uv": [
						12.5,
						3.5,
						14,
						3.75
					],
					"texture": "#1"
				},
				"south": {
					"uv": [
						15,
						10.5,
						15.25,
						10.75
					],
					"texture": "#1"
				},
				"west": {
					"uv": [
						4,
						12.5,
						5.5,
						12.75
					],
					"texture": "#1"
				},
				"up": {
					"uv": [
						12.75,
						5.5,
						12.5,
						4
					],
					"texture": "#1"
				},
				"down": {
					"uv": [
						5.75,
						12.5,
						5.5,
						14
					],
					"texture": "#1"
				}
			}
		},
		{
			"from": [
				7.29675,
				1.6916,
				10.66425
			],
			"to": [
				7.59425,
				2.8816,
				13.03175
			],
			"rotation": {
				"angle": 22.5,
				"axis": "z",
				"origin": [
					7.4455,
					2.2866,
					12.5855
				]
			},
			"faces": {
				"north": {
					"uv": [
						4.5,
						14.5,
						4.75,
						15
					],
					"texture": "#1"
				},
				"east": {
					"uv": [
						10,
						10,
						11.25,
						10.5
					],
					"texture": "#1"
				},
				"south": {
					"uv": [
						14.5,
						4.5,
						14.75,
						5
					],
					"texture": "#1"
				},
				"west": {
					"uv": [
						10.5,
						2.5,
						11.75,
						3
					],
					"texture": "#1"
				},
				"up": {
					"uv": [
						12.25,
						13.75,
						12,
						12.5
					],
					"texture": "#1"
				},
				"down": {
					"uv": [
						12.75,
						12.5,
						12.5,
						13.75
					],
					"texture": "#1"
				}
			}
		},
		{
			"from": [
				7.07962,
				2.21913,
				10.456
			],
			"to": [
				7.37712,
				3.00913,
				10.6643
			],
			"rotation": {
				"angle": 0,
				"axis": "y",
				"origin": [
					7.392,
					0.03888,
					12.0355
				]
			},
			"faces": {
				"north": {
					"uv": [
						5,
						14.5,
						5.25,
						15
					],
					"texture": "#1"
				},
				"east": {
					"uv": [
						14.5,
						5,
						14.75,
						5.5
					],
					"texture": "#1"
				},
				"south": {
					"uv": [
						14.5,
						5.5,
						14.75,
						6
					],
					"texture": "#1"
				},
				"west": {
					"uv": [
						6.5,
						14.5,
						6.75,
						15
					],
					"texture": "#1"
				},
				"up": {
					"uv": [
						11.25,
						15.25,
						11,
						15
					],
					"texture": "#1"
				},
				"down": {
					"uv": [
						15.25,
						11,
						15,
						11.25
					],
					"texture": "#1"
				}
			}
		},
		{
			"from": [
				7.07962,
				2.21913,
				13.03175
			],
			"to": [
				7.37712,
				3.00913,
				13.24
			],
			"rotation": {
				"angle": 0,
				"axis": "y",
				"origin": [
					7.392,
					0.03888,
					12.0105
				]
			},
			"faces": {
				"north": {
					"uv": [
						14.5,
						6.5,
						14.75,
						7
					],
					"texture": "#1"
				},
				"east": {
					"uv": [
						7,
						14.5,
						7.25,
						15
					],
					"texture": "#1"
				},
				"south": {
					"uv": [
						14.5,
						7,
						14.75,
						7.5
					],
					"texture": "#1"
				},
				"west": {
					"uv": [
						7.5,
						14.5,
						7.75,
						15
					],
					"texture": "#1"
				},
				"up": {
					"uv": [
						11.75,
						15.25,
						11.5,
						15
					],
					"texture": "#1"
				},
				"down": {
					"uv": [
						15.25,
						11.5,
						15,
						11.75
					],
					"texture": "#1"
				}
			}
		},
		{
			"from": [
				8.58187,
				1.86213,
				10.456
			],
			"to": [
				8.87937,
				2.21913,
				13.265
			],
			"rotation": {
				"angle": 0,
				"axis": "y",
				"origin": [
					7.392,
					0.03888,
					12.6105
				]
			},
			"faces": {
				"north": {
					"uv": [
						12,
						15,
						12.25,
						15.25
					],
					"texture": "#1"
				},
				"east": {
					"uv": [
						6,
						12.5,
						7.5,
						12.75
					],
					"texture": "#1"
				},
				"south": {
					"uv": [
						15,
						12,
						15.25,
						12.25
					],
					"texture": "#1"
				},
				"west": {
					"uv": [
						12.5,
						6,
						14,
						6.25
					],
					"texture": "#1"
				},
				"up": {
					"uv": [
						7.75,
						14,
						7.5,
						12.5
					],
					"texture": "#1"
				},
				"down": {
					"uv": [
						8.25,
						12.5,
						8,
						14
					],
					"texture": "#1"
				}
			}
		},
		{
			"from": [
				8.58187,
				2.21913,
				13.03175
			],
			"to": [
				8.87937,
				3.00913,
				13.24
			],
			"rotation": {
				"angle": 0,
				"axis": "y",
				"origin": [
					7.392,
					0.03888,
					12.0105
				]
			},
			"faces": {
				"north": {
					"uv": [
						14.5,
						7.5,
						14.75,
						8
					],
					"texture": "#1"
				},
				"east": {
					"uv": [
						8,
						14.5,
						8.25,
						15
					],
					"texture": "#1"
				},
				"south": {
					"uv": [
						14.5,
						8,
						14.75,
						8.5
					],
					"texture": "#1"
				},
				"west": {
					"uv": [
						8.5,
						14.5,
						8.75,
						15
					],
					"texture": "#1"
				},
				"up": {
					"uv": [
						12.75,
						15.25,
						12.5,
						15
					],
					"texture": "#1"
				},
				"down": {
					"uv": [
						15.25,
						12.5,
						15,
						12.75
					],
					"texture": "#1"
				}
			}
		},
		{
			"from": [
				8.58187,
				2.21913,
				10.456
			],
			"to": [
				8.87937,
				3.00913,
				10.6643
			],
			"rotation": {
				"angle": 0,
				"axis": "y",
				"origin": [
					7.392,
					0.03888,
					12.0355
				]
			},
			"faces": {
				"north": {
					"uv": [
						14.5,
						8.5,
						14.75,
						9
					],
					"texture": "#1"
				},
				"east": {
					"uv": [
						9,
						14.5,
						9.25,
						15
					],
					"texture": "#1"
				},
				"south": {
					"uv": [
						14.5,
						9,
						14.75,
						9.5
					],
					"texture": "#1"
				},
				"west": {
					"uv": [
						9.5,
						14.5,
						9.75,
						15
					],
					"texture": "#1"
				},
				"up": {
					"uv": [
						13.25,
						15.25,
						13,
						15
					],
					"texture": "#1"
				},
				"down": {
					"uv": [
						15.25,
						13,
						15,
						13.25
					],
					"texture": "#1"
				}
			}
		},
		{
			"from": [
				7.36708,
				-0.22859,
				10.28275
			],
			"to": [
				8.62647,
				1.33629,
				13.44899
			],
			"rotation": {
				"angle": 0,
				"axis": "y",
				"origin": [
					7.9641,
					-0.06411,
					13.01999
				]
			},
			"faces": {
				"north": {
					"uv": [
						10.5,
						7,
						11.25,
						7.75
					],
					"texture": "#1"
				},
				"east": {
					"uv": [
						8,
						2,
						9.5,
						2.75
					],
					"texture": "#1"
				},
				"south": {
					"uv": [
						10.5,
						8,
						11.25,
						8.75
					],
					"texture": "#1"
				},
				"west": {
					"uv": [
						8,
						3,
						9.5,
						3.75
					],
					"texture": "#1"
				},
				"up": {
					"uv": [
						1.75,
						9.5,
						1,
						8
					],
					"texture": "#1"
				},
				"down": {
					"uv": [
						8.75,
						4,
						8,
						5.5
					],
					"texture": "#1"
				}
			}
		},
		{
			"from": [
				7.36708,
				-2.90359,
				10.88275
			],
			"to": [
				8.62647,
				-1.33871,
				14.04899
			],
			"rotation": {
				"angle": 45,
				"axis": "x",
				"origin": [
					7.9641,
					-0.06411,
					13.01999
				]
			},
			"faces": {
				"north": {
					"uv": [
						10.5,
						9,
						11.25,
						9.75
					],
					"texture": "#1"
				},
				"east": {
					"uv": [
						5.5,
						8,
						7,
						8.75
					],
					"texture": "#1"
				},
				"south": {
					"uv": [
						10,
						10.5,
						10.75,
						11.25
					],
					"texture": "#1"
				},
				"west": {
					"uv": [
						8.5,
						0,
						10,
						0.75
					],
					"texture": "#1"
				},
				"up": {
					"uv": [
						5.25,
						10,
						4.5,
						8.5
					],
					"texture": "#1"
				},
				"down": {
					"uv": [
						9.25,
						5.5,
						8.5,
						7
					],
					"texture": "#1"
				}
			}
		},
		{
			"from": [
				7.29208,
				-3.40359,
				10.78275
			],
			"to": [
				8.70147,
				-2.91371,
				14.14899
			],
			"rotation": {
				"angle": 45,
				"axis": "x",
				"origin": [
					7.9641,
					-0.06411,
					13.01999
				]
			},
			"faces": {
				"north": {
					"uv": [
						14,
						1.5,
						14.75,
						1.75
					],
					"texture": "#1"
				},
				"east": {
					"uv": [
						11.5,
						9.5,
						13.25,
						9.75
					],
					"texture": "#1"
				},
				"south": {
					"uv": [
						2.5,
						14,
						3.25,
						14.25
					],
					"texture": "#1"
				},
				"west": {
					"uv": [
						11.5,
						10,
						13.25,
						10.25
					],
					"texture": "#1"
				},
				"up": {
					"uv": [
						1.75,
						7.75,
						1,
						6
					],
					"texture": "#1"
				},
				"down": {
					"uv": [
						6.25,
						6,
						5.5,
						7.75
					],
					"texture": "#1"
				}
			}
		},
		{
			"from": [
				7.34208,
				-1.62859,
				10.30775
			],
			"to": [
				8.65147,
				-0.06371,
				13.47399
			],
			"rotation": {
				"angle": 22.5,
				"axis": "x",
				"origin": [
					7.9641,
					-0.06411,
					13.01999
				]
			},
			"faces": {
				"north": {
					"uv": [
						11,
						0,
						11.75,
						0.75
					],
					"texture": "#1"
				},
				"east": {
					"uv": [
						8.5,
						1,
						10,
						1.75
					],
					"texture": "#1"
				},
				"south": {
					"uv": [
						11,
						1,
						11.75,
						1.75
					],
					"texture": "#1"
				},
				"west": {
					"uv": [
						8.5,
						7,
						10,
						7.75
					],
					"texture": "#1"
				},
				"up": {
					"uv": [
						9.25,
						9.5,
						8.5,
						8
					],
					"texture": "#1"
				},
				"down": {
					"uv": [
						2.75,
						9,
						2,
						10.5
					],
					"texture": "#1"
				}
			}
		},
		{
			"from": [
				8.37175,
				1.6166,
				10.66425
			],
			"to": [
				8.66925,
				2.8066,
				13.03175
			],
			"rotation": {
				"angle": -22.5,
				"axis": "z",
				"origin": [
					8.6205,
					2.2866,
					12.5855
				]
			},
			"faces": {
				"north": {
					"uv": [
						14.5,
						9.5,
						14.75,
						10
					],
					"texture": "#1"
				},
				"east": {
					"uv": [
						10.5,
						3,
						11.75,
						3.5
					],
					"texture": "#1"
				},
				"south": {
					"uv": [
						10,
						14.5,
						10.25,
						15
					],
					"texture": "#1"
				},
				"west": {
					"uv": [
						5.5,
						10.5,
						6.75,
						11
					],
					"texture": "#1"
				},
				"up": {
					"uv": [
						0.25,
						14.25,
						0,
						13
					],
					"texture": "#1"
				},
				"down": {
					"uv": [
						0.75,
						13,
						0.5,
						14.25
					],
					"texture": "#1"
				}
			}
		},
		{
			"from": [
				7.4205,
				2.7965,
				14.902
			],
			"to": [
				8.5795,
				4.3755,
				16.65725
			],
			"rotation": {
				"angle": 0,
				"axis": "y",
				"origin": [
					8,
					-1.8445,
					16.33
				]
			},
			"faces": {
				"north": {
					"uv": [
						8.5,
						12.5,
						9,
						13.25
					],
					"texture": "#1"
				},
				"east": {
					"uv": [
						10,
						0,
						11,
						0.75
					],
					"texture": "#1"
				},
				"south": {
					"uv": [
						12.5,
						10.5,
						13,
						11.25
					],
					"texture": "#1"
				},
				"west": {
					"uv": [
						10,
						1,
						11,
						1.75
					],
					"texture": "#1"
				},
				"up": {
					"uv": [
						0.5,
						12,
						0,
						11
					],
					"texture": "#1"
				},
				"down": {
					"uv": [
						2,
						11,
						1.5,
						12
					],
					"texture": "#1"
				}
			}
		},
		{
			"from": [
				7.599,
				3.871,
				15.0805
			],
			"to": [
				8.401,
				4.74925,
				17.163
			],
			"rotation": {
				"angle": 0,
				"axis": "y",
				"origin": [
					8,
					-1.8445,
					16.33
				]
			},
			"faces": {
				"north": {
					"uv": [
						6.5,
						11,
						7,
						11.5
					],
					"texture": "#1"
				},
				"east": {
					"uv": [
						6.5,
						11.5,
						7.5,
						12
					],
					"texture": "#1"
				},
				"south": {
					"uv": [
						13.5,
						0.5,
						14,
						1
					],
					"texture": "#1"
				},
				"west": {
					"uv": [
						11.5,
						8,
						12.5,
						8.5
					],
					"texture": "#1"
				},
				"up": {
					"uv": [
						4.5,
						12.5,
						4,
						11.5
					],
					"texture": "#1"
				},
				"down": {
					"uv": [
						8,
						11.5,
						7.5,
						12.5
					],
					"texture": "#1"
				}
			}
		},
		{
			"from": [
				7.718,
				3.99,
				17.163
			],
			"to": [
				8.282,
				4.63025,
				17.3415
			],
			"rotation": {
				"angle": 0,
				"axis": "y",
				"origin": [
					8,
					-1.8445,
					16.33
				]
			},
			"faces": {
				"north": {
					"uv": [
						13.5,
						15,
						13.75,
						15.25
					],
					"texture": "#1"
				},
				"east": {
					"uv": [
						15,
						13.5,
						15.25,
						13.75
					],
					"texture": "#1"
				},
				"south": {
					"uv": [
						14,
						15,
						14.25,
						15.25
					],
					"texture": "#1"
				},
				"west": {
					"uv": [
						15,
						14,
						15.25,
						14.25
					],
					"texture": "#1"
				},
				"up": {
					"uv": [
						14.75,
						15.25,
						14.5,
						15
					],
					"texture": "#1"
				},
				"down": {
					"uv": [
						15.25,
						14.5,
						15,
						14.75
					],
					"texture": "#1"
				}
			}
		},
		{
			"from": [
				7.33125,
				3.42125,
				9.688
			],
			"to": [
				8.66875,
				4.9385,
				16.30025
			],
			"rotation": {
				"angle": 0,
				"axis": "y",
				"origin": [
					8,
					-1.8445,
					16.33
				]
			},
			"faces": {
				"north": {
					"uv": [
						5.5,
						11,
						6.25,
						11.75
					],
					"texture": "#1"
				},
				"east": {
					"uv": [
						2,
						0,
						5.25,
						0.75
					],
					"texture": "#1"
				},
				"south": {
					"uv": [
						8,
						11,
						8.75,
						11.75
					],
					"texture": "#1"
				},
				"west": {
					"uv": [
						2,
						1,
						5.25,
						1.75
					],
					"texture": "#1"
				},
				"up": {
					"uv": [
						2.75,
						5.25,
						2,
						2
					],
					"texture": "#1"
				},
				"down": {
					"uv": [
						3.75,
						2,
						3,
						5.25
					],
					"texture": "#1"
				}
			}
		},
		{
			"from": [
				7.4205,
				2.6225,
				8.5625
			],
			"to": [
				8.5795,
				4.9135,
				9.14425
			],
			"rotation": {
				"angle": 0,
				"axis": "y",
				"origin": [
					8,
					-1.8445,
					16.33
				]
			},
			"faces": {
				"north": {
					"uv": [
						0.5,
						10.5,
						1,
						11.75
					],
					"texture": "#1"
				},
				"east": {
					"uv": [
						1,
						13,
						1.25,
						14.25
					],
					"texture": "#1"
				},
				"south": {
					"uv": [
						1,
						10.5,
						1.5,
						11.75
					],
					"texture": "#1"
				},
				"west": {
					"uv": [
						1.5,
						13,
						1.75,
						14.25
					],
					"texture": "#1"
				},
				"up": {
					"uv": [
						15,
						10.25,
						14.5,
						10
					],
					"texture": "#1"
				},
				"down": {
					"uv": [
						11,
						14.5,
						10.5,
						14.75
					],
					"texture": "#1"
				}
			}
		},
		{
			"from": [
				7.4205,
				2.6225,
				4.9125
			],
			"to": [
				8.5795,
				4.9135,
				5.49425
			],
			"rotation": {
				"angle": 0,
				"axis": "y",
				"origin": [
					8,
					-1.8445,
					16.33
				]
			},
			"faces": {
				"north": {
					"uv": [
						2,
						10.5,
						2.5,
						11.75
					],
					"texture": "#1"
				},
				"east": {
					"uv": [
						13,
						1.5,
						13.25,
						2.75
					],
					"texture": "#1"
				},
				"south": {
					"uv": [
						2.5,
						10.5,
						3,
						11.75
					],
					"texture": "#1"
				},
				"west": {
					"uv": [
						2,
						13,
						2.25,
						14.25
					],
					"texture": "#1"
				},
				"up": {
					"uv": [
						15,
						10.75,
						14.5,
						10.5
					],
					"texture": "#1"
				},
				"down": {
					"uv": [
						11.5,
						14.5,
						11,
						14.75
					],
					"texture": "#1"
				}
			}
		},
		{
			"from": [
				7.48,
				3.6295,
				5.362
			],
			"to": [
				8.52,
				4.8195,
				9.9195
			],
			"rotation": {
				"angle": 0,
				"axis": "y",
				"origin": [
					8,
					-1.8445,
					16.33
				]
			},
			"faces": {
				"north": {
					"uv": [
						13.5,
						1,
						14,
						1.5
					],
					"texture": "#1"
				},
				"east": {
					"uv": [
						9,
						4,
						11.25,
						4.5
					],
					"texture": "#1"
				},
				"south": {
					"uv": [
						13.5,
						1.5,
						14,
						2
					],
					"texture": "#1"
				},
				"west": {
					"uv": [
						9,
						4.5,
						11.25,
						5
					],
					"texture": "#1"
				},
				"up": {
					"uv": [
						7.5,
						10.25,
						7,
						8
					],
					"texture": "#1"
				},
				"down": {
					"uv": [
						3.5,
						8.5,
						3,
						10.75
					],
					"texture": "#1"
				}
			}
		},
		{
			"from": [
				7.60025,
				4.8135,
				5.4965
			],
			"to": [
				8.39975,
				5.1455,
				5.9725
			],
			"rotation": {
				"angle": 0,
				"axis": "y",
				"origin": [
					8,
					-1.8445,
					16.33
				]
			},
			"faces": {
				"north": {
					"uv": [
						14.5,
						11,
						15,
						11.25
					],
					"texture": "#1"
				},
				"east": {
					"uv": [
						15,
						15,
						15.25,
						15.25
					],
					"texture": "#1"
				},
				"south": {
					"uv": [
						11.5,
						14.5,
						12,
						14.75
					],
					"texture": "#1"
				},
				"west": {
					"uv": [
						0,
						15.5,
						0.25,
						15.75
					],
					"texture": "#1"
				},
				"up": {
					"uv": [
						15,
						11.75,
						14.5,
						11.5
					],
					"texture": "#1"
				},
				"down": {
					"uv": [
						12.5,
						14.5,
						12,
						14.75
					],
					"texture": "#1"
				}
			}
		},
		{
			"from": [
				7.45025,
				4.9385,
				15.497
			],
			"to": [
				8.54975,
				5.2955,
				15.973
			],
			"rotation": {
				"angle": 0,
				"axis": "y",
				"origin": [
					8,
					-1.8445,
					16.33
				]
			},
			"faces": {
				"north": {
					"uv": [
						14.5,
						12,
						15,
						12.25
					],
					"texture": "#1"
				},
				"east": {
					"uv": [
						15.5,
						0,
						15.75,
						0.25
					],
					"texture": "#1"
				},
				"south": {
					"uv": [
						12.5,
						14.5,
						13,
						14.75
					],
					"texture": "#1"
				},
				"west": {
					"uv": [
						0.5,
						15.5,
						0.75,
						15.75
					],
					"texture": "#1"
				},
				"up": {
					"uv": [
						15,
						12.75,
						14.5,
						12.5
					],
					"texture": "#1"
				},
				"down": {
					"uv": [
						13.5,
						14.5,
						13,
						14.75
					],
					"texture": "#1"
				}
			}
		},
		{
			"from": [
				7.65025,
				5.2885,
				15.547
			],
			"to": [
				7.84975,
				5.4705,
				15.923
			],
			"rotation": {
				"angle": 0,
				"axis": "y",
				"origin": [
					8,
					-1.8445,
					16.33
				]
			},
			"faces": {
				"north": {
					"uv": [
						15.5,
						0.5,
						15.75,
						0.75
					],
					"texture": "#1"
				},
				"east": {
					"uv": [
						1,
						15.5,
						1.25,
						15.75
					],
					"texture": "#1"
				},
				"south": {
					"uv": [
						15.5,
						1,
						15.75,
						1.25
					],
					"texture": "#1"
				},
				"west": {
					"uv": [
						1.5,
						15.5,
						1.75,
						15.75
					],
					"texture": "#1"
				},
				"up": {
					"uv": [
						15.75,
						1.75,
						15.5,
						1.5
					],
					"texture": "#1"
				},
				"down": {
					"uv": [
						2.25,
						15.5,
						2,
						15.75
					],
					"texture": "#1"
				}
			}
		},
		{
			"from": [
				8.15025,
				5.2885,
				15.547
			],
			"to": [
				8.34975,
				5.4705,
				15.923
			],
			"rotation": {
				"angle": 0,
				"axis": "y",
				"origin": [
					8,
					-1.8445,
					16.33
				]
			},
			"faces": {
				"north": {
					"uv": [
						15.5,
						2,
						15.75,
						2.25
					],
					"texture": "#1"
				},
				"east": {
					"uv": [
						2.5,
						15.5,
						2.75,
						15.75
					],
					"texture": "#1"
				},
				"south": {
					"uv": [
						15.5,
						2.5,
						15.75,
						2.75
					],
					"texture": "#1"
				},
				"west": {
					"uv": [
						3,
						15.5,
						3.25,
						15.75
					],
					"texture": "#1"
				},
				"up": {
					"uv": [
						15.75,
						3.25,
						15.5,
						3
					],
					"texture": "#1"
				},
				"down": {
					"uv": [
						3.75,
						15.5,
						3.5,
						15.75
					],
					"texture": "#1"
				}
			}
		},
		{
			"from": [
				7.975,
				5.1455,
				5.6155
			],
			"to": [
				8.025,
				5.349,
				5.8535
			],
			"rotation": {
				"angle": 0,
				"axis": "y",
				"origin": [
					8,
					-1.8445,
					16.33
				]
			},
			"faces": {
				"north": {
					"uv": [
						15.5,
						3.5,
						15.75,
						3.75
					],
					"texture": "#1"
				},
				"east": {
					"uv": [
						4,
						15.5,
						4.25,
						15.75
					],
					"texture": "#1"
				},
				"south": {
					"uv": [
						15.5,
						4,
						15.75,
						4.25
					],
					"texture": "#1"
				},
				"west": {
					"uv": [
						4.5,
						15.5,
						4.75,
						15.75
					],
					"texture": "#1"
				},
				"up": {
					"uv": [
						15.75,
						4.75,
						15.5,
						4.5
					],
					"texture": "#1"
				},
				"down": {
					"uv": [
						5.25,
						15.5,
						5,
						15.75
					],
					"texture": "#1"
				}
			}
		},
		{
			"from": [
				7.24418,
				3.49109,
				4.41243
			],
			"to": [
				8.75582,
				4.94423,
				4.93454
			],
			"rotation": {
				"angle": 0,
				"axis": "y",
				"origin": [
					8,
					-2.15806,
					17.7461
				]
			},
			"faces": {
				"north": {
					"uv": [
						9,
						11,
						9.75,
						11.75
					],
					"texture": "#1"
				},
				"east": {
					"uv": [
						5.5,
						14,
						5.75,
						14.75
					],
					"texture": "#1"
				},
				"south": {
					"uv": [
						11,
						10.5,
						11.75,
						11.25
					],
					"texture": "#1"
				},
				"west": {
					"uv": [
						6,
						14,
						6.25,
						14.75
					],
					"texture": "#1"
				},
				"up": {
					"uv": [
						14.75,
						3.75,
						14,
						3.5
					],
					"texture": "#1"
				},
				"down": {
					"uv": [
						14.75,
						6,
						14,
						6.25
					],
					"texture": "#1"
				}
			}
		},
		{
			"from": [
				7.56918,
				2.81609,
				4.61243
			],
			"to": [
				8.43082,
				3.54423,
				4.98454
			],
			"rotation": {
				"angle": 0,
				"axis": "y",
				"origin": [
					8,
					-2.15806,
					17.7461
				]
			},
			"faces": {
				"north": {
					"uv": [
						14.5,
						13,
						15,
						13.25
					],
					"texture": "#1"
				},
				"east": {
					"uv": [
						15.5,
						5,
						15.75,
						5.25
					],
					"texture": "#1"
				},
				"south": {
					"uv": [
						13.5,
						14.5,
						14,
						14.75
					],
					"texture": "#1"
				},
				"west": {
					"uv": [
						5.5,
						15.5,
						5.75,
						15.75
					],
					"texture": "#1"
				},
				"up": {
					"uv": [
						15,
						13.75,
						14.5,
						13.5
					],
					"texture": "#1"
				},
				"down": {
					"uv": [
						14.5,
						14.5,
						14,
						14.75
					],
					"texture": "#1"
				}
			}
		},
		{
			"from": [
				7.5955,
				5.0885,
				10.87175
			],
			"to": [
				8.4045,
				5.23725,
				11.15425
			],
			"rotation": {
				"angle": 0,
				"axis": "y",
				"origin": [
					8,
					-1.8445,
					16.33
				]
			},
			"faces": {
				"north": {
					"uv": [
						14.5,
						14,
						15,
						14.25
					],
					"texture": "#1"
				},
				"east": {
					"uv": [
						15.5,
						5.5,
						15.75,
						5.75
					],
					"texture": "#1"
				},
				"south": {
					"uv": [
						14.5,
						14.5,
						15,
						14.75
					],
					"texture": "#1"
				},
				"west": {
					"uv": [
						6,
						15.5,
						6.25,
						15.75
					],
					"texture": "#1"
				},
				"up": {
					"uv": [
						0.5,
						15.25,
						0,
						15
					],
					"texture": "#1"
				},
				"down": {
					"uv": [
						15.5,
						0,
						15,
						0.25
					],
					"texture": "#1"
				}
			}
		},
		{
			"from": [
				7.4205,
				4.9385,
				9.938
			],
			"to": [
				8.5795,
				5.08725,
				16.06225
			],
			"rotation": {
				"angle": 0,
				"axis": "y",
				"origin": [
					8,
					-1.8445,
					16.33
				]
			},
			"faces": {
				"north": {
					"uv": [
						0.5,
						15,
						1,
						15.25
					],
					"texture": "#1"
				},
				"east": {
					"uv": [
						9.5,
						3.5,
						12.5,
						3.75
					],
					"texture": "#1"
				},
				"south": {
					"uv": [
						15,
						0.5,
						15.5,
						0.75
					],
					"texture": "#1"
				},
				"west": {
					"uv": [
						10,
						5.5,
						13,
						5.75
					],
					"texture": "#1"
				},
				"up": {
					"uv": [
						3.5,
						8.5,
						3,
						5.5
					],
					"texture": "#1"
				},
				"down": {
					"uv": [
						6,
						3,
						5.5,
						6
					],
					"texture": "#1"
				}
			}
		},
		{
			"from": [
				7.26696,
				2.86986,
				13.11439
			],
			"to": [
				8.73304,
				4.50611,
				16.37649
			],
			"rotation": {
				"angle": 0,
				"axis": "y",
				"origin": [
					8,
					5.24986,
					12.55319
				]
			},
			"faces": {
				"north": {
					"uv": [
						3,
						11.5,
						3.75,
						12.25
					],
					"texture": "#1"
				},
				"east": {
					"uv": [
						6.5,
						0,
						8.25,
						0.75
					],
					"texture": "#1"
				},
				"south": {
					"uv": [
						11.5,
						4,
						12.25,
						4.75
					],
					"texture": "#1"
				},
				"west": {
					"uv": [
						6.5,
						1,
						8.25,
						1.75
					],
					"texture": "#1"
				},
				"up": {
					"uv": [
						7.25,
						7.75,
						6.5,
						6
					],
					"texture": "#1"
				},
				"down": {
					"uv": [
						4.25,
						7,
						3.5,
						8.75
					],
					"texture": "#1"
				}
			}
		},
		{
			"from": [
				8.26696,
				3.89486,
				10.61439
			],
			"to": [
				8.73304,
				4.50611,
				13.02649
			],
			"rotation": {
				"angle": 0,
				"axis": "y",
				"origin": [
					8,
					5.24986,
					12.55319
				]
			},
			"faces": {
				"north": {
					"uv": [
						15.5,
						6,
						15.75,
						6.25
					],
					"texture": "#1"
				},
				"east": {
					"uv": [
						13,
						0,
						14.25,
						0.25
					],
					"texture": "#1"
				},
				"south": {
					"uv": [
						6.5,
						15.5,
						6.75,
						15.75
					],
					"texture": "#1"
				},
				"west": {
					"uv": [
						2.5,
						13,
						3.75,
						13.25
					],
					"texture": "#1"
				},
				"up": {
					"uv": [
						4.25,
						14.25,
						4,
						13
					],
					"texture": "#1"
				},
				"down": {
					"uv": [
						13.25,
						4,
						13,
						5.25
					],
					"texture": "#1"
				}
			}
		},
		{
			"from": [
				8.26696,
				4.41986,
				10.58939
			],
			"to": [
				8.93304,
				4.70611,
				13.05149
			],
			"rotation": {
				"angle": 0,
				"axis": "y",
				"origin": [
					8,
					5.24986,
					12.55319
				]
			},
			"faces": {
				"north": {
					"uv": [
						15.5,
						6.5,
						15.75,
						6.75
					],
					"texture": "#1"
				},
				"east": {
					"uv": [
						13,
						3,
						14.25,
						3.25
					],
					"texture": "#1"
				},
				"south": {
					"uv": [
						7,
						15.5,
						7.25,
						15.75
					],
					"texture": "#1"
				},
				"west": {
					"uv": [
						13,
						5.5,
						14.25,
						5.75
					],
					"texture": "#1"
				},
				"up": {
					"uv": [
						4.75,
						14.25,
						4.5,
						13
					],
					"texture": "#1"
				},
				"down": {
					"uv": [
						5.25,
						13,
						5,
						14.25
					],
					"texture": "#1"
				}
			}
		}
	],
	"display": {
		"thirdperson_righthand": {
			"translation": [
				0,
				6,
				-9
			],
			"scale": [
				1.22,
				1.22,
				1.22
			]
		},
		"thirdperson_lefthand": {
			"translation": [
				0,
				6,
				-9
			],
			"scale": [
				-1.22,
				1.22,
				1.22
			]
		},
		"firstperson_righthand": {
			"translation": [
				-5,
				9.75,
				-0.5
			],
			"scale": [
				0.97,
				0.97,
				0.97
			]
		},
		"firstperson_lefthand": {
			"translation": [
				-5,
				9.75,
				-0.5
			],
			"scale": [
				-0.97,
				0.97,
				0.97
			]
		},
		"ground": {
			"translation": [
				0,
				6,
				-6
			]
		},
		"gui": {
			"rotation": [
				-166.79,
				-23.09,
				-179.03
			],
			"translation": [
				1.75,
				5.5,
				0
			],
			"scale": [
				1.17,
				1.17,
				1.17
			]
		},
		"fixed": {
			"rotation": [
				0,
				89.5,
				0
			],
			"translation": [
				-5.75,
				6.75,
				-1
			],
			"scale": [
				1.36,
				1.36,
				1.36
			]
		}
	}
}