{
	"credit": "Made with Blockbench",
	"texture_size": [
		32,
		32
	],
	"textures": {
		"1": "scguns_laf:item/new_vidas_smg_texture",
		"particle": "scguns_laf:item/new_vidas_smg_texture"
	},
	"elements": [
		{
			"from": [
				7.44675,
				0.56853,
				17.46266
			],
			"to": [
				8.55325,
				1.39053,
				18.74341
			],
			"rotation": {
				"angle": -22.5,
				"axis": "x",
				"origin": [
					8,
					2.14203,
					17.43466
				]
			},
			"faces": {
				"north": {
					"uv": [
						4.5,
						8.5,
						5,
						9
					],
					"texture": "#1"
				},
				"east": {
					"uv": [
						7.5,
						11.5,
						8.25,
						12
					],
					"texture": "#1"
				},
				"south": {
					"uv": [
						3,
						9,
						3.5,
						9.5
					],
					"texture": "#1"
				},
				"west": {
					"uv": [
						8.5,
						11.5,
						9.25,
						12
					],
					"texture": "#1"
				},
				"up": {
					"uv": [
						10,
						12.25,
						9.5,
						11.5
					],
					"texture": "#1"
				},
				"down": {
					"uv": [
						10.5,
						11.5,
						10,
						12.25
					],
					"texture": "#1"
				}
			}
		},
		{
			"from": [
				7.37175,
				1.56853,
				16.06266
			],
			"to": [
				8.62825,
				2.69053,
				18.86841
			],
			"rotation": {
				"angle": 45,
				"axis": "x",
				"origin": [
					8,
					2.14203,
					17.43466
				]
			},
			"faces": {
				"north": {
					"uv": [
						11.5,
						11,
						12.25,
						11.5
					],
					"texture": "#1"
				},
				"east": {
					"uv": [
						8.5,
						3,
						10,
						3.5
					],
					"texture": "#1"
				},
				"south": {
					"uv": [
						11.5,
						11.5,
						12.25,
						12
					],
					"texture": "#1"
				},
				"west": {
					"uv": [
						8.5,
						3.5,
						10,
						4
					],
					"texture": "#1"
				},
				"up": {
					"uv": [
						1.25,
						8.5,
						0.5,
						7
					],
					"texture": "#1"
				},
				"down": {
					"uv": [
						7.75,
						6,
						7,
						7.5
					],
					"texture": "#1"
				}
			}
		},
		{
			"from": [
				7.46575,
				1.82785,
				18.20699
			],
			"to": [
				8.53425,
				2.37285,
				19.11349
			],
			"rotation": {
				"angle": -22.5,
				"axis": "x",
				"origin": [
					8,
					1.43785,
					18.52274
				]
			},
			"faces": {
				"north": {
					"uv": [
						2,
						14,
						2.5,
						14.25
					],
					"texture": "#1"
				},
				"east": {
					"uv": [
						14,
						2.5,
						14.5,
						2.75
					],
					"texture": "#1"
				},
				"south": {
					"uv": [
						14,
						3,
						14.5,
						3.25
					],
					"texture": "#1"
				},
				"west": {
					"uv": [
						14,
						3.5,
						14.5,
						3.75
					],
					"texture": "#1"
				},
				"up": {
					"uv": [
						13,
						8.5,
						12.5,
						8
					],
					"texture": "#1"
				},
				"down": {
					"uv": [
						13,
						8.5,
						12.5,
						9
					],
					"texture": "#1"
				}
			}
		},
		{
			"from": [
				7.18725,
				2.643,
				10.48625
			],
			"to": [
				8.81275,
				3.933,
				11.085
			],
			"rotation": {
				"angle": 0,
				"axis": "x",
				"origin": [
					8,
					-1.45775,
					16.33
				]
			},
			"faces": {
				"north": {
					"uv": [
						4.5,
						10,
						5.25,
						10.75
					],
					"texture": "#1"
				},
				"east": {
					"uv": [
						6,
						13,
						6.25,
						13.75
					],
					"texture": "#1"
				},
				"south": {
					"uv": [
						5.5,
						10,
						6.25,
						10.75
					],
					"texture": "#1"
				},
				"west": {
					"uv": [
						8,
						13,
						8.25,
						13.75
					],
					"texture": "#1"
				},
				"up": {
					"uv": [
						13.75,
						6.25,
						13,
						6
					],
					"texture": "#1"
				},
				"down": {
					"uv": [
						13.75,
						8,
						13,
						8.25
					],
					"texture": "#1"
				}
			}
		},
		{
			"from": [
				7.21825,
				3.04175,
				11.08825
			],
			"to": [
				8.78175,
				3.933,
				16.6275
			],
			"rotation": {
				"angle": 0,
				"axis": "x",
				"origin": [
					8,
					-1.45775,
					16.33
				]
			},
			"faces": {
				"north": {
					"uv": [
						0,
						12,
						0.75,
						12.5
					],
					"texture": "#1"
				},
				"east": {
					"uv": [
						5,
						4,
						7.75,
						4.5
					],
					"texture": "#1"
				},
				"south": {
					"uv": [
						12,
						0,
						12.75,
						0.5
					],
					"texture": "#1"
				},
				"west": {
					"uv": [
						5,
						4.5,
						7.75,
						5
					],
					"texture": "#1"
				},
				"up": {
					"uv": [
						0.75,
						6.75,
						0,
						4
					],
					"texture": "#1"
				},
				"down": {
					"uv": [
						1.75,
						4,
						1,
						6.75
					],
					"texture": "#1"
				}
			}
		},
		{
			"from": [
				7.64,
				1.66837,
				14.39085
			],
			"to": [
				8.36,
				1.9026,
				15.86169
			],
			"rotation": {
				"angle": 0,
				"axis": "x",
				"origin": [
					8,
					-1.73702,
					17.84624
				]
			},
			"faces": {
				"north": {
					"uv": [
						14.5,
						9.5,
						14.75,
						9.75
					],
					"texture": "#1"
				},
				"east": {
					"uv": [
						8.5,
						13,
						9.25,
						13.25
					],
					"texture": "#1"
				},
				"south": {
					"uv": [
						10,
						14.5,
						10.25,
						14.75
					],
					"texture": "#1"
				},
				"west": {
					"uv": [
						13,
						8.5,
						13.75,
						8.75
					],
					"texture": "#1"
				},
				"up": {
					"uv": [
						9.75,
						13.75,
						9.5,
						13
					],
					"texture": "#1"
				},
				"down": {
					"uv": [
						10.25,
						13,
						10,
						13.75
					],
					"texture": "#1"
				}
			}
		},
		{
			"from": [
				7.878,
				2.20037,
				15.30835
			],
			"to": [
				8.122,
				2.7916,
				15.60551
			],
			"rotation": {
				"angle": 0,
				"axis": "x",
				"origin": [
					8,
					-1.73702,
					17.84624
				]
			},
			"faces": {
				"north": {
					"uv": [
						14.5,
						10,
						14.75,
						10.25
					],
					"texture": "#1"
				},
				"east": {
					"uv": [
						10.5,
						14.5,
						10.75,
						14.75
					],
					"texture": "#1"
				},
				"south": {
					"uv": [
						14.5,
						10.5,
						14.75,
						10.75
					],
					"texture": "#1"
				},
				"west": {
					"uv": [
						11,
						14.5,
						11.25,
						14.75
					],
					"texture": "#1"
				},
				"up": {
					"uv": [
						14.75,
						11.25,
						14.5,
						11
					],
					"texture": "#1"
				},
				"down": {
					"uv": [
						11.75,
						14.5,
						11.5,
						14.75
					],
					"texture": "#1"
				}
			}
		},
		{
			"from": [
				7.997,
				2.31937,
				15.60585
			],
			"to": [
				8.003,
				2.7916,
				15.90301
			],
			"rotation": {
				"angle": 0,
				"axis": "x",
				"origin": [
					8,
					-1.73702,
					17.84624
				]
			},
			"faces": {
				"north": {
					"uv": [
						14.5,
						11.5,
						14.75,
						11.75
					],
					"texture": "#1"
				},
				"east": {
					"uv": [
						12,
						14.5,
						12.25,
						14.75
					],
					"texture": "#1"
				},
				"south": {
					"uv": [
						14.5,
						12,
						14.75,
						12.25
					],
					"texture": "#1"
				},
				"west": {
					"uv": [
						12.5,
						14.5,
						12.75,
						14.75
					],
					"texture": "#1"
				},
				"up": {
					"uv": [
						14.75,
						12.75,
						14.5,
						12.5
					],
					"texture": "#1"
				},
				"down": {
					"uv": [
						13.25,
						14.5,
						13,
						14.75
					],
					"texture": "#1"
				}
			}
		},
		{
			"from": [
				7.77385,
				1.53186,
				14.39332
			],
			"to": [
				8.22615,
				1.66837,
				16.16954
			],
			"rotation": {
				"angle": 0,
				"axis": "x",
				"origin": [
					8,
					-1.73702,
					17.84624
				]
			},
			"faces": {
				"north": {
					"uv": [
						14.5,
						13,
						14.75,
						13.25
					],
					"texture": "#1"
				},
				"east": {
					"uv": [
						12.5,
						9,
						13.5,
						9.25
					],
					"texture": "#1"
				},
				"south": {
					"uv": [
						13.5,
						14.5,
						13.75,
						14.75
					],
					"texture": "#1"
				},
				"west": {
					"uv": [
						9.5,
						12.5,
						10.5,
						12.75
					],
					"texture": "#1"
				},
				"up": {
					"uv": [
						11.25,
						13.5,
						11,
						12.5
					],
					"texture": "#1"
				},
				"down": {
					"uv": [
						12.75,
						11,
						12.5,
						12
					],
					"texture": "#1"
				}
			}
		},
		{
			"from": [
				7.64,
				1.63435,
				15.86316
			],
			"to": [
				8.36,
				2.85568,
				16.23124
			],
			"rotation": {
				"angle": 0,
				"axis": "x",
				"origin": [
					8,
					-1.73702,
					17.51163
				]
			},
			"faces": {
				"north": {
					"uv": [
						14,
						4.5,
						14.25,
						5
					],
					"texture": "#1"
				},
				"east": {
					"uv": [
						14,
						5,
						14.25,
						5.5
					],
					"texture": "#1"
				},
				"south": {
					"uv": [
						6,
						14,
						6.25,
						14.5
					],
					"texture": "#1"
				},
				"west": {
					"uv": [
						14,
						6,
						14.25,
						6.5
					],
					"texture": "#1"
				},
				"up": {
					"uv": [
						14.75,
						13.75,
						14.5,
						13.5
					],
					"texture": "#1"
				},
				"down": {
					"uv": [
						14.25,
						14.5,
						14,
						14.75
					],
					"texture": "#1"
				}
			}
		},
		{
			"from": [
				7.759,
				2.3176,
				16.15591
			],
			"to": [
				8.241,
				3.14143,
				16.86074
			],
			"rotation": {
				"angle": -22.5,
				"axis": "x",
				"origin": [
					8,
					2.07189,
					16.42795
				]
			},
			"faces": {
				"north": {
					"uv": [
						6.5,
						14,
						6.75,
						14.5
					],
					"texture": "#1"
				},
				"east": {
					"uv": [
						7,
						14,
						7.25,
						14.5
					],
					"texture": "#1"
				},
				"south": {
					"uv": [
						14,
						7.5,
						14.25,
						8
					],
					"texture": "#1"
				},
				"west": {
					"uv": [
						8,
						14,
						8.25,
						14.5
					],
					"texture": "#1"
				},
				"up": {
					"uv": [
						14.75,
						14.25,
						14.5,
						14
					],
					"texture": "#1"
				},
				"down": {
					"uv": [
						14.75,
						14.5,
						14.5,
						14.75
					],
					"texture": "#1"
				}
			}
		},
		{
			"from": [
				7.67346,
				2.47991,
				14.17354
			],
			"to": [
				8.32654,
				3.31568,
				14.54162
			],
			"rotation": {
				"angle": -22.5,
				"axis": "x",
				"origin": [
					8,
					2.83049,
					16.19797
				]
			},
			"faces": {
				"north": {
					"uv": [
						14,
						8,
						14.25,
						8.5
					],
					"texture": "#1"
				},
				"east": {
					"uv": [
						8.5,
						14,
						8.75,
						14.5
					],
					"texture": "#1"
				},
				"south": {
					"uv": [
						14,
						8.5,
						14.25,
						9
					],
					"texture": "#1"
				},
				"west": {
					"uv": [
						9,
						14,
						9.25,
						14.5
					],
					"texture": "#1"
				},
				"up": {
					"uv": [
						0.25,
						15.25,
						0,
						15
					],
					"texture": "#1"
				},
				"down": {
					"uv": [
						15.25,
						0,
						15,
						0.25
					],
					"texture": "#1"
				}
			}
		},
		{
			"from": [
				7.64,
				2.5126,
				14.14008
			],
			"to": [
				8.36,
				2.88068,
				14.50816
			],
			"rotation": {
				"angle": 0,
				"axis": "x",
				"origin": [
					8,
					-1.73702,
					17.92124
				]
			},
			"faces": {
				"north": {
					"uv": [
						0.5,
						15,
						0.75,
						15.25
					],
					"texture": "#1"
				},
				"east": {
					"uv": [
						15,
						0.5,
						15.25,
						0.75
					],
					"texture": "#1"
				},
				"south": {
					"uv": [
						1,
						15,
						1.25,
						15.25
					],
					"texture": "#1"
				},
				"west": {
					"uv": [
						15,
						1,
						15.25,
						1.25
					],
					"texture": "#1"
				},
				"up": {
					"uv": [
						1.75,
						15.25,
						1.5,
						15
					],
					"texture": "#1"
				},
				"down": {
					"uv": [
						15.25,
						1.5,
						15,
						1.75
					],
					"texture": "#1"
				}
			}
		},
		{
			"from": [
				7.76257,
				2.53517,
				11.05749
			],
			"to": [
				8.23743,
				2.78068,
				14.21545
			],
			"rotation": {
				"angle": 0,
				"axis": "x",
				"origin": [
					8,
					-1.73702,
					17.84624
				]
			},
			"faces": {
				"north": {
					"uv": [
						2,
						15,
						2.25,
						15.25
					],
					"texture": "#1"
				},
				"east": {
					"uv": [
						12,
						0.5,
						13.5,
						0.75
					],
					"texture": "#1"
				},
				"south": {
					"uv": [
						15,
						2,
						15.25,
						2.25
					],
					"texture": "#1"
				},
				"west": {
					"uv": [
						12,
						1,
						13.5,
						1.25
					],
					"texture": "#1"
				},
				"up": {
					"uv": [
						10.75,
						13,
						10.5,
						11.5
					],
					"texture": "#1"
				},
				"down": {
					"uv": [
						12.25,
						1.5,
						12,
						3
					],
					"texture": "#1"
				}
			}
		},
		{
			"from": [
				7.76257,
				2.63517,
				15.91974
			],
			"to": [
				8.23743,
				2.88068,
				16.86195
			],
			"rotation": {
				"angle": 0,
				"axis": "x",
				"origin": [
					8,
					-1.73702,
					17.57849
				]
			},
			"faces": {
				"north": {
					"uv": [
						2.5,
						15,
						2.75,
						15.25
					],
					"texture": "#1"
				},
				"east": {
					"uv": [
						9.5,
						14,
						10,
						14.25
					],
					"texture": "#1"
				},
				"south": {
					"uv": [
						15,
						2.5,
						15.25,
						2.75
					],
					"texture": "#1"
				},
				"west": {
					"uv": [
						10,
						14,
						10.5,
						14.25
					],
					"texture": "#1"
				},
				"up": {
					"uv": [
						14.25,
						10.5,
						14,
						10
					],
					"texture": "#1"
				},
				"down": {
					"uv": [
						10.75,
						14,
						10.5,
						14.5
					],
					"texture": "#1"
				}
			}
		},
		{
			"from": [
				7.57851,
				2.75106,
				10.92401
			],
			"to": [
				8.42149,
				3.19473,
				16.32002
			],
			"rotation": {
				"angle": 0,
				"axis": "x",
				"origin": [
					8,
					-1.666,
					16.74055
				]
			},
			"faces": {
				"north": {
					"uv": [
						14,
						10.5,
						14.5,
						10.75
					],
					"texture": "#1"
				},
				"east": {
					"uv": [
						10,
						3,
						12.75,
						3.25
					],
					"texture": "#1"
				},
				"south": {
					"uv": [
						11,
						14,
						11.5,
						14.25
					],
					"texture": "#1"
				},
				"west": {
					"uv": [
						10,
						3.5,
						12.75,
						3.75
					],
					"texture": "#1"
				},
				"up": {
					"uv": [
						5.5,
						7.75,
						5,
						5
					],
					"texture": "#1"
				},
				"down": {
					"uv": [
						6,
						5,
						5.5,
						7.75
					],
					"texture": "#1"
				}
			}
		},
		{
			"from": [
				2.17699,
				3.07938,
				11.2525
			],
			"to": [
				7.16974,
				3.87063,
				12.9185
			],
			"rotation": {
				"angle": 22.5,
				"axis": "z",
				"origin": [
					7.05718,
					3.29057,
					12.0855
				]
			},
			"faces": {
				"north": {
					"uv": [
						6.5,
						0,
						9,
						0.5
					],
					"texture": "#1"
				},
				"east": {
					"uv": [
						12,
						4,
						12.75,
						4.5
					],
					"texture": "#1"
				},
				"south": {
					"uv": [
						6.5,
						0.5,
						9,
						1
					],
					"texture": "#1"
				},
				"west": {
					"uv": [
						4.5,
						12,
						5.25,
						12.5
					],
					"texture": "#1"
				},
				"up": {
					"uv": [
						6,
						0.75,
						3.5,
						0
					],
					"texture": "#1"
				},
				"down": {
					"uv": [
						6,
						1,
						3.5,
						1.75
					],
					"texture": "#1"
				}
			}
		},
		{
			"from": [
				4.51049,
				2.98888,
				11.112
			],
			"to": [
				4.95674,
				4.02313,
				13.059
			],
			"rotation": {
				"angle": 22.5,
				"axis": "z",
				"origin": [
					7.05718,
					3.29057,
					12.0855
				]
			},
			"faces": {
				"north": {
					"uv": [
						14,
						11,
						14.25,
						11.5
					],
					"texture": "#1"
				},
				"east": {
					"uv": [
						9,
						11,
						10,
						11.5
					],
					"texture": "#1"
				},
				"south": {
					"uv": [
						11.5,
						14,
						11.75,
						14.5
					],
					"texture": "#1"
				},
				"west": {
					"uv": [
						11,
						9,
						12,
						9.5
					],
					"texture": "#1"
				},
				"up": {
					"uv": [
						11.75,
						13.5,
						11.5,
						12.5
					],
					"texture": "#1"
				},
				"down": {
					"uv": [
						12.25,
						12.5,
						12,
						13.5
					],
					"texture": "#1"
				}
			}
		},
		{
			"from": [
				2.28549,
				2.96388,
				11.162
			],
			"to": [
				2.73174,
				3.94813,
				13.009
			],
			"rotation": {
				"angle": 22.5,
				"axis": "z",
				"origin": [
					7.05718,
					3.29057,
					12.0855
				]
			},
			"faces": {
				"north": {
					"uv": [
						14,
						11.5,
						14.25,
						12
					],
					"texture": "#1"
				},
				"east": {
					"uv": [
						11,
						9.5,
						12,
						10
					],
					"texture": "#1"
				},
				"south": {
					"uv": [
						12,
						14,
						12.25,
						14.5
					],
					"texture": "#1"
				},
				"west": {
					"uv": [
						10,
						11,
						11,
						11.5
					],
					"texture": "#1"
				},
				"up": {
					"uv": [
						12.75,
						13.5,
						12.5,
						12.5
					],
					"texture": "#1"
				},
				"down": {
					"uv": [
						0.25,
						13,
						0,
						14
					],
					"texture": "#1"
				}
			}
		},
		{
			"from": [
				6.96049,
				2.83888,
				11.112
			],
			"to": [
				7.40674,
				4.37313,
				13.059
			],
			"rotation": {
				"angle": 0,
				"axis": "z",
				"origin": [
					7.05718,
					3.29057,
					12.0855
				]
			},
			"faces": {
				"north": {
					"uv": [
						13,
						10,
						13.25,
						10.75
					],
					"texture": "#1"
				},
				"east": {
					"uv": [
						8.5,
						4,
						9.5,
						4.75
					],
					"texture": "#1"
				},
				"south": {
					"uv": [
						10.5,
						13,
						10.75,
						13.75
					],
					"texture": "#1"
				},
				"west": {
					"uv": [
						9,
						0,
						10,
						0.75
					],
					"texture": "#1"
				},
				"up": {
					"uv": [
						0.75,
						14,
						0.5,
						13
					],
					"texture": "#1"
				},
				"down": {
					"uv": [
						1.25,
						13,
						1,
						14
					],
					"texture": "#1"
				}
			}
		},
		{
			"from": [
				6.83549,
				3.81388,
				11.312
			],
			"to": [
				7.48174,
				4.22313,
				12.859
			],
			"rotation": {
				"angle": 22.5,
				"axis": "z",
				"origin": [
					7.05718,
					3.29057,
					12.0855
				]
			},
			"faces": {
				"north": {
					"uv": [
						3,
						15,
						3.25,
						15.25
					],
					"texture": "#1"
				},
				"east": {
					"uv": [
						13,
						11,
						13.75,
						11.25
					],
					"texture": "#1"
				},
				"south": {
					"uv": [
						15,
						3,
						15.25,
						3.25
					],
					"texture": "#1"
				},
				"west": {
					"uv": [
						13,
						11.5,
						13.75,
						11.75
					],
					"texture": "#1"
				},
				"up": {
					"uv": [
						13.25,
						12.75,
						13,
						12
					],
					"texture": "#1"
				},
				"down": {
					"uv": [
						13.25,
						13,
						13,
						13.75
					],
					"texture": "#1"
				}
			}
		},
		{
			"from": [
				5.57474,
				3.46362,
				11.1335
			],
			"to": [
				7.29949,
				3.79087,
				13.0375
			],
			"rotation": {
				"angle": 22.5,
				"axis": "z",
				"origin": [
					7.05718,
					3.29057,
					12.0855
				]
			},
			"faces": {
				"north": {
					"uv": [
						13.5,
						0.5,
						14.25,
						0.75
					],
					"texture": "#1"
				},
				"east": {
					"uv": [
						12.5,
						9.5,
						13.5,
						9.75
					],
					"texture": "#1"
				},
				"south": {
					"uv": [
						13.5,
						1,
						14.25,
						1.25
					],
					"texture": "#1"
				},
				"west": {
					"uv": [
						13,
						0,
						14,
						0.25
					],
					"texture": "#1"
				},
				"up": {
					"uv": [
						9.75,
						2,
						9,
						1
					],
					"texture": "#1"
				},
				"down": {
					"uv": [
						5.25,
						9,
						4.5,
						10
					],
					"texture": "#1"
				}
			}
		},
		{
			"from": [
				5.70374,
				3.87063,
				11.431
			],
			"to": [
				6.06074,
				4.16813,
				12.74
			],
			"rotation": {
				"angle": 22.5,
				"axis": "z",
				"origin": [
					7.05718,
					3.29057,
					12.0855
				]
			},
			"faces": {
				"north": {
					"uv": [
						3.5,
						15,
						3.75,
						15.25
					],
					"texture": "#1"
				},
				"east": {
					"uv": [
						1.5,
						13.5,
						2.25,
						13.75
					],
					"texture": "#1"
				},
				"south": {
					"uv": [
						15,
						3.5,
						15.25,
						3.75
					],
					"texture": "#1"
				},
				"west": {
					"uv": [
						13.5,
						1.5,
						14.25,
						1.75
					],
					"texture": "#1"
				},
				"up": {
					"uv": [
						2.75,
						14.25,
						2.5,
						13.5
					],
					"texture": "#1"
				},
				"down": {
					"uv": [
						3.25,
						13.5,
						3,
						14.25
					],
					"texture": "#1"
				}
			}
		},
		{
			"from": [
				5.58248,
				3.87063,
				11.55
			],
			"to": [
				5.70374,
				4.07887,
				12.621
			],
			"rotation": {
				"angle": 22.5,
				"axis": "z",
				"origin": [
					7.05718,
					3.29057,
					12.0855
				]
			},
			"faces": {
				"north": {
					"uv": [
						4,
						15,
						4.25,
						15.25
					],
					"texture": "#1"
				},
				"east": {
					"uv": [
						14,
						12,
						14.5,
						12.25
					],
					"texture": "#1"
				},
				"south": {
					"uv": [
						15,
						4,
						15.25,
						4.25
					],
					"texture": "#1"
				},
				"west": {
					"uv": [
						12.5,
						14,
						13,
						14.25
					],
					"texture": "#1"
				},
				"up": {
					"uv": [
						14.25,
						13,
						14,
						12.5
					],
					"texture": "#1"
				},
				"down": {
					"uv": [
						13.25,
						14,
						13,
						14.5
					],
					"texture": "#1"
				}
			}
		},
		{
			"from": [
				6.1663,
				2.241,
				11.63925
			],
			"to": [
				6.4638,
				3.431,
				12.53175
			],
			"rotation": {
				"angle": -45,
				"axis": "z",
				"origin": [
					7.05718,
					3.29057,
					12.0855
				]
			},
			"faces": {
				"north": {
					"uv": [
						14,
						13,
						14.25,
						13.5
					],
					"texture": "#1"
				},
				"east": {
					"uv": [
						1.5,
						13,
						2,
						13.5
					],
					"texture": "#1"
				},
				"south": {
					"uv": [
						13.5,
						14,
						13.75,
						14.5
					],
					"texture": "#1"
				},
				"west": {
					"uv": [
						13,
						1.5,
						13.5,
						2
					],
					"texture": "#1"
				},
				"up": {
					"uv": [
						14.25,
						14,
						14,
						13.5
					],
					"texture": "#1"
				},
				"down": {
					"uv": [
						14.25,
						14,
						14,
						14.5
					],
					"texture": "#1"
				}
			}
		},
		{
			"from": [
				6.06074,
				3.87063,
				11.431
			],
			"to": [
				6.82574,
				4.16813,
				11.63925
			],
			"rotation": {
				"angle": 22.5,
				"axis": "z",
				"origin": [
					7.05718,
					3.29057,
					12.0855
				]
			},
			"faces": {
				"north": {
					"uv": [
						0,
						14.5,
						0.5,
						14.75
					],
					"texture": "#1"
				},
				"east": {
					"uv": [
						4.5,
						15,
						4.75,
						15.25
					],
					"texture": "#1"
				},
				"south": {
					"uv": [
						0.5,
						14.5,
						1,
						14.75
					],
					"texture": "#1"
				},
				"west": {
					"uv": [
						15,
						4.5,
						15.25,
						4.75
					],
					"texture": "#1"
				},
				"up": {
					"uv": [
						15,
						0.75,
						14.5,
						0.5
					],
					"texture": "#1"
				},
				"down": {
					"uv": [
						15,
						1,
						14.5,
						1.25
					],
					"texture": "#1"
				}
			}
		},
		{
			"from": [
				6.06074,
				3.87063,
				12.53175
			],
			"to": [
				6.82574,
				4.16813,
				12.74
			],
			"rotation": {
				"angle": 22.5,
				"axis": "z",
				"origin": [
					7.05718,
					3.29057,
					12.0855
				]
			},
			"faces": {
				"north": {
					"uv": [
						14.5,
						1.5,
						15,
						1.75
					],
					"texture": "#1"
				},
				"east": {
					"uv": [
						5,
						15,
						5.25,
						15.25
					],
					"texture": "#1"
				},
				"south": {
					"uv": [
						2,
						14.5,
						2.5,
						14.75
					],
					"texture": "#1"
				},
				"west": {
					"uv": [
						15,
						5,
						15.25,
						5.25
					],
					"texture": "#1"
				},
				"up": {
					"uv": [
						15,
						2.25,
						14.5,
						2
					],
					"texture": "#1"
				},
				"down": {
					"uv": [
						3,
						14.5,
						2.5,
						14.75
					],
					"texture": "#1"
				}
			}
		},
		{
			"from": [
				7.4205,
				2.7965,
				14.902
			],
			"to": [
				8.5795,
				4.7005,
				16.65725
			],
			"rotation": {
				"angle": 0,
				"axis": "x",
				"origin": [
					8,
					-1.8445,
					16.33
				]
			},
			"faces": {
				"north": {
					"uv": [
						5.5,
						2,
						6,
						3
					],
					"texture": "#1"
				},
				"east": {
					"uv": [
						6.5,
						2,
						7.5,
						3
					],
					"texture": "#1"
				},
				"south": {
					"uv": [
						7.5,
						3,
						8,
						4
					],
					"texture": "#1"
				},
				"west": {
					"uv": [
						7.5,
						2,
						8.5,
						3
					],
					"texture": "#1"
				},
				"up": {
					"uv": [
						1.5,
						9.5,
						1,
						8.5
					],
					"texture": "#1"
				},
				"down": {
					"uv": [
						0.5,
						11,
						0,
						12
					],
					"texture": "#1"
				}
			}
		},
		{
			"from": [
				7.599,
				3.871,
				15.0805
			],
			"to": [
				8.401,
				4.84925,
				17.163
			],
			"rotation": {
				"angle": 0,
				"axis": "x",
				"origin": [
					8,
					-1.8445,
					16.33
				]
			},
			"faces": {
				"north": {
					"uv": [
						13,
						2,
						13.5,
						2.5
					],
					"texture": "#1"
				},
				"east": {
					"uv": [
						11,
						10,
						12,
						10.5
					],
					"texture": "#1"
				},
				"south": {
					"uv": [
						13,
						3,
						13.5,
						3.5
					],
					"texture": "#1"
				},
				"west": {
					"uv": [
						11,
						10.5,
						12,
						11
					],
					"texture": "#1"
				},
				"up": {
					"uv": [
						11.5,
						12,
						11,
						11
					],
					"texture": "#1"
				},
				"down": {
					"uv": [
						1.5,
						11.5,
						1,
						12.5
					],
					"texture": "#1"
				}
			}
		},
		{
			"from": [
				7.718,
				3.99,
				17.163
			],
			"to": [
				8.282,
				4.73025,
				17.3415
			],
			"rotation": {
				"angle": 0,
				"axis": "x",
				"origin": [
					8,
					-1.8445,
					16.33
				]
			},
			"faces": {
				"north": {
					"uv": [
						5.5,
						15,
						5.75,
						15.25
					],
					"texture": "#1"
				},
				"east": {
					"uv": [
						15,
						5.5,
						15.25,
						5.75
					],
					"texture": "#1"
				},
				"south": {
					"uv": [
						6,
						15,
						6.25,
						15.25
					],
					"texture": "#1"
				},
				"west": {
					"uv": [
						15,
						6,
						15.25,
						6.25
					],
					"texture": "#1"
				},
				"up": {
					"uv": [
						6.75,
						15.25,
						6.5,
						15
					],
					"texture": "#1"
				},
				"down": {
					"uv": [
						15.25,
						6.5,
						15,
						6.75
					],
					"texture": "#1"
				}
			}
		},
		{
			"from": [
				7.33125,
				3.42125,
				14.188
			],
			"to": [
				8.66875,
				4.9385,
				16.30025
			],
			"rotation": {
				"angle": 0,
				"axis": "x",
				"origin": [
					8,
					-1.8445,
					16.33
				]
			},
			"faces": {
				"north": {
					"uv": [
						10,
						8,
						10.75,
						8.75
					],
					"texture": "#1"
				},
				"east": {
					"uv": [
						5.5,
						9,
						6.5,
						9.75
					],
					"texture": "#1"
				},
				"south": {
					"uv": [
						9,
						10,
						9.75,
						10.75
					],
					"texture": "#1"
				},
				"west": {
					"uv": [
						9,
						8,
						10,
						8.75
					],
					"texture": "#1"
				},
				"up": {
					"uv": [
						9.75,
						10,
						9,
						9
					],
					"texture": "#1"
				},
				"down": {
					"uv": [
						1.75,
						9.5,
						1,
						10.5
					],
					"texture": "#1"
				}
			}
		},
		{
			"from": [
				7.3015,
				3.42125,
				10.24425
			],
			"to": [
				8.6985,
				4.9385,
				12.25425
			],
			"rotation": {
				"angle": 0,
				"axis": "x",
				"origin": [
					8,
					-1.8445,
					16.33
				]
			},
			"faces": {
				"north": {
					"uv": [
						10,
						9,
						10.75,
						9.75
					],
					"texture": "#1"
				},
				"east": {
					"uv": [
						2.5,
						9.5,
						3.5,
						10.25
					],
					"texture": "#1"
				},
				"south": {
					"uv": [
						10,
						10,
						10.75,
						10.75
					],
					"texture": "#1"
				},
				"west": {
					"uv": [
						3.5,
						9.5,
						4.5,
						10.25
					],
					"texture": "#1"
				},
				"up": {
					"uv": [
						10.25,
						5,
						9.5,
						4
					],
					"texture": "#1"
				},
				"down": {
					"uv": [
						10.25,
						5,
						9.5,
						6
					],
					"texture": "#1"
				}
			}
		},
		{
			"from": [
				7.4205,
				3.4725,
				9.8875
			],
			"to": [
				8.5795,
				4.9135,
				10.46925
			],
			"rotation": {
				"angle": 0,
				"axis": "x",
				"origin": [
					8,
					-1.8445,
					16.33
				]
			},
			"faces": {
				"north": {
					"uv": [
						12,
						4.5,
						12.5,
						5.25
					],
					"texture": "#1"
				},
				"east": {
					"uv": [
						13.5,
						3,
						13.75,
						3.75
					],
					"texture": "#1"
				},
				"south": {
					"uv": [
						5.5,
						12,
						6,
						12.75
					],
					"texture": "#1"
				},
				"west": {
					"uv": [
						3.5,
						13.5,
						3.75,
						14.25
					],
					"texture": "#1"
				},
				"up": {
					"uv": [
						15,
						2.75,
						14.5,
						2.5
					],
					"texture": "#1"
				},
				"down": {
					"uv": [
						3.5,
						14.5,
						3,
						14.75
					],
					"texture": "#1"
				}
			}
		},
		{
			"from": [
				7.48,
				3.6295,
				4.862
			],
			"to": [
				8.52,
				4.8195,
				9.9195
			],
			"rotation": {
				"angle": 0,
				"axis": "x",
				"origin": [
					8,
					-1.8445,
					16.33
				]
			},
			"faces": {
				"north": {
					"uv": [
						13,
						3.5,
						13.5,
						4
					],
					"texture": "#1"
				},
				"east": {
					"uv": [
						6.5,
						1,
						9,
						1.5
					],
					"texture": "#1"
				},
				"south": {
					"uv": [
						13,
						4,
						13.5,
						4.5
					],
					"texture": "#1"
				},
				"west": {
					"uv": [
						6.5,
						1.5,
						9,
						2
					],
					"texture": "#1"
				},
				"up": {
					"uv": [
						5,
						8.5,
						4.5,
						6
					],
					"texture": "#1"
				},
				"down": {
					"uv": [
						0.5,
						7,
						0,
						9.5
					],
					"texture": "#1"
				}
			}
		},
		{
			"from": [
				7.361,
				3.5105,
				5.19175
			],
			"to": [
				8.639,
				4.9385,
				5.72725
			],
			"rotation": {
				"angle": 0,
				"axis": "x",
				"origin": [
					8,
					-1.8445,
					16.33
				]
			},
			"faces": {
				"north": {
					"uv": [
						1,
						10.5,
						1.75,
						11.25
					],
					"texture": "#1"
				},
				"east": {
					"uv": [
						4,
						13.5,
						4.25,
						14.25
					],
					"texture": "#1"
				},
				"south": {
					"uv": [
						2.5,
						10.5,
						3.25,
						11.25
					],
					"texture": "#1"
				},
				"west": {
					"uv": [
						4.5,
						13.5,
						4.75,
						14.25
					],
					"texture": "#1"
				},
				"up": {
					"uv": [
						14.25,
						2.25,
						13.5,
						2
					],
					"texture": "#1"
				},
				"down": {
					"uv": [
						14.25,
						4,
						13.5,
						4.25
					],
					"texture": "#1"
				}
			}
		},
		{
			"from": [
				7.336,
				3.4855,
				6.19175
			],
			"to": [
				8.664,
				4.9635,
				9.52725
			],
			"rotation": {
				"angle": 0,
				"axis": "x",
				"origin": [
					8,
					-1.8445,
					16.33
				]
			},
			"faces": {
				"north": {
					"uv": [
						3.5,
						10.5,
						4.25,
						11.25
					],
					"texture": "#1"
				},
				"east": {
					"uv": [
						5.5,
						3,
						7.25,
						3.75
					],
					"texture": "#1"
				},
				"south": {
					"uv": [
						10.5,
						4,
						11.25,
						4.75
					],
					"texture": "#1"
				},
				"west": {
					"uv": [
						6,
						5,
						7.75,
						5.75
					],
					"texture": "#1"
				},
				"up": {
					"uv": [
						4.25,
						7.75,
						3.5,
						6
					],
					"texture": "#1"
				},
				"down": {
					"uv": [
						6.75,
						6,
						6,
						7.75
					],
					"texture": "#1"
				}
			}
		},
		{
			"from": [
				7.45025,
				4.9385,
				5.2215
			],
			"to": [
				8.54975,
				5.2955,
				5.6975
			],
			"rotation": {
				"angle": 0,
				"axis": "x",
				"origin": [
					8,
					-1.8445,
					16.33
				]
			},
			"faces": {
				"north": {
					"uv": [
						14.5,
						3,
						15,
						3.25
					],
					"texture": "#1"
				},
				"east": {
					"uv": [
						7,
						15,
						7.25,
						15.25
					],
					"texture": "#1"
				},
				"south": {
					"uv": [
						3.5,
						14.5,
						4,
						14.75
					],
					"texture": "#1"
				},
				"west": {
					"uv": [
						15,
						7,
						15.25,
						7.25
					],
					"texture": "#1"
				},
				"up": {
					"uv": [
						15,
						3.75,
						14.5,
						3.5
					],
					"texture": "#1"
				},
				"down": {
					"uv": [
						4.5,
						14.5,
						4,
						14.75
					],
					"texture": "#1"
				}
			}
		},
		{
			"from": [
				7.71325,
				5.2955,
				15.52675
			],
			"to": [
				7.8715,
				5.493,
				15.94325
			],
			"rotation": {
				"angle": 0,
				"axis": "y",
				"origin": [
					8,
					-1.8445,
					16.33
				]
			},
			"faces": {
				"north": {
					"uv": [
						7.5,
						15,
						7.75,
						15.25
					],
					"texture": "#1"
				},
				"east": {
					"uv": [
						15,
						7.5,
						15.25,
						7.75
					],
					"texture": "#1"
				},
				"south": {
					"uv": [
						8,
						15,
						8.25,
						15.25
					],
					"texture": "#1"
				},
				"west": {
					"uv": [
						15,
						8,
						15.25,
						8.25
					],
					"texture": "#1"
				},
				"up": {
					"uv": [
						8.75,
						15.25,
						8.5,
						15
					],
					"texture": "#1"
				},
				"down": {
					"uv": [
						15.25,
						8.5,
						15,
						8.75
					],
					"texture": "#1"
				}
			}
		},
		{
			"from": [
				8.1285,
				5.2955,
				15.52675
			],
			"to": [
				8.28675,
				5.493,
				15.94325
			],
			"rotation": {
				"angle": 0,
				"axis": "y",
				"origin": [
					8,
					-1.8445,
					16.33
				]
			},
			"faces": {
				"north": {
					"uv": [
						9,
						15,
						9.25,
						15.25
					],
					"texture": "#1"
				},
				"east": {
					"uv": [
						15,
						9,
						15.25,
						9.25
					],
					"texture": "#1"
				},
				"south": {
					"uv": [
						9.5,
						15,
						9.75,
						15.25
					],
					"texture": "#1"
				},
				"west": {
					"uv": [
						15,
						9.5,
						15.25,
						9.75
					],
					"texture": "#1"
				},
				"up": {
					"uv": [
						10.25,
						15.25,
						10,
						15
					],
					"texture": "#1"
				},
				"down": {
					"uv": [
						15.25,
						10,
						15,
						10.25
					],
					"texture": "#1"
				}
			}
		},
		{
			"from": [
				7.8715,
				5.2955,
				15.52675
			],
			"to": [
				8.1285,
				5.38475,
				15.94325
			],
			"rotation": {
				"angle": 0,
				"axis": "y",
				"origin": [
					8,
					-1.8445,
					16.33
				]
			},
			"faces": {
				"north": {
					"uv": [
						10.5,
						15,
						10.75,
						15.25
					],
					"texture": "#1"
				},
				"east": {
					"uv": [
						15,
						10.5,
						15.25,
						10.75
					],
					"texture": "#1"
				},
				"south": {
					"uv": [
						11,
						15,
						11.25,
						15.25
					],
					"texture": "#1"
				},
				"west": {
					"uv": [
						15,
						11,
						15.25,
						11.25
					],
					"texture": "#1"
				},
				"up": {
					"uv": [
						11.75,
						15.25,
						11.5,
						15
					],
					"texture": "#1"
				},
				"down": {
					"uv": [
						15.25,
						11.5,
						15,
						11.75
					],
					"texture": "#1"
				}
			}
		},
		{
			"from": [
				7.45025,
				4.9385,
				15.497
			],
			"to": [
				8.54975,
				5.2955,
				15.973
			],
			"rotation": {
				"angle": 0,
				"axis": "y",
				"origin": [
					8,
					-1.8445,
					16.33
				]
			},
			"faces": {
				"north": {
					"uv": [
						14.5,
						4,
						15,
						4.25
					],
					"texture": "#1"
				},
				"east": {
					"uv": [
						12,
						15,
						12.25,
						15.25
					],
					"texture": "#1"
				},
				"south": {
					"uv": [
						4.5,
						14.5,
						5,
						14.75
					],
					"texture": "#1"
				},
				"west": {
					"uv": [
						15,
						12,
						15.25,
						12.25
					],
					"texture": "#1"
				},
				"up": {
					"uv": [
						15,
						4.75,
						14.5,
						4.5
					],
					"texture": "#1"
				},
				"down": {
					"uv": [
						5.5,
						14.5,
						5,
						14.75
					],
					"texture": "#1"
				}
			}
		},
		{
			"from": [
				7.68825,
				5.2955,
				5.25125
			],
			"to": [
				7.79175,
				5.6525,
				5.66775
			],
			"rotation": {
				"angle": 0,
				"axis": "x",
				"origin": [
					8,
					-1.8445,
					16.33
				]
			},
			"faces": {
				"north": {
					"uv": [
						12.5,
						15,
						12.75,
						15.25
					],
					"texture": "#1"
				},
				"east": {
					"uv": [
						15,
						12.5,
						15.25,
						12.75
					],
					"texture": "#1"
				},
				"south": {
					"uv": [
						13,
						15,
						13.25,
						15.25
					],
					"texture": "#1"
				},
				"west": {
					"uv": [
						15,
						13,
						15.25,
						13.25
					],
					"texture": "#1"
				},
				"up": {
					"uv": [
						13.75,
						15.25,
						13.5,
						15
					],
					"texture": "#1"
				},
				"down": {
					"uv": [
						15.25,
						13.5,
						15,
						13.75
					],
					"texture": "#1"
				}
			}
		},
		{
			"from": [
				7.975,
				5.2955,
				5.3405
			],
			"to": [
				8.025,
				5.499,
				5.5785
			],
			"rotation": {
				"angle": 0,
				"axis": "x",
				"origin": [
					8,
					-1.8445,
					16.33
				]
			},
			"faces": {
				"north": {
					"uv": [
						14,
						15,
						14.25,
						15.25
					],
					"texture": "#1"
				},
				"east": {
					"uv": [
						15,
						14,
						15.25,
						14.25
					],
					"texture": "#1"
				},
				"south": {
					"uv": [
						14.5,
						15,
						14.75,
						15.25
					],
					"texture": "#1"
				},
				"west": {
					"uv": [
						15,
						14.5,
						15.25,
						14.75
					],
					"texture": "#1"
				},
				"up": {
					"uv": [
						15.25,
						15.25,
						15,
						15
					],
					"texture": "#1"
				},
				"down": {
					"uv": [
						0.25,
						15.5,
						0,
						15.75
					],
					"texture": "#1"
				}
			}
		},
		{
			"from": [
				8.20825,
				5.2955,
				5.25125
			],
			"to": [
				8.31175,
				5.6525,
				5.66775
			],
			"rotation": {
				"angle": 0,
				"axis": "x",
				"origin": [
					8,
					-1.8445,
					16.33
				]
			},
			"faces": {
				"north": {
					"uv": [
						15.5,
						0,
						15.75,
						0.25
					],
					"texture": "#1"
				},
				"east": {
					"uv": [
						0.5,
						15.5,
						0.75,
						15.75
					],
					"texture": "#1"
				},
				"south": {
					"uv": [
						15.5,
						0.5,
						15.75,
						0.75
					],
					"texture": "#1"
				},
				"west": {
					"uv": [
						1,
						15.5,
						1.25,
						15.75
					],
					"texture": "#1"
				},
				"up": {
					"uv": [
						15.75,
						1.25,
						15.5,
						1
					],
					"texture": "#1"
				},
				"down": {
					"uv": [
						1.75,
						15.5,
						1.5,
						15.75
					],
					"texture": "#1"
				}
			}
		},
		{
			"from": [
				7.354,
				3.5035,
				4.41575
			],
			"to": [
				8.646,
				4.9455,
				4.862
			],
			"rotation": {
				"angle": 0,
				"axis": "x",
				"origin": [
					8,
					-1.8445,
					16.33
				]
			},
			"faces": {
				"north": {
					"uv": [
						10.5,
						5,
						11.25,
						5.75
					],
					"texture": "#1"
				},
				"east": {
					"uv": [
						5,
						13.5,
						5.25,
						14.25
					],
					"texture": "#1"
				},
				"south": {
					"uv": [
						10.5,
						6,
						11.25,
						6.75
					],
					"texture": "#1"
				},
				"west": {
					"uv": [
						5.5,
						13.5,
						5.75,
						14.25
					],
					"texture": "#1"
				},
				"up": {
					"uv": [
						14.25,
						5.75,
						13.5,
						5.5
					],
					"texture": "#1"
				},
				"down": {
					"uv": [
						14.25,
						6.5,
						13.5,
						6.75
					],
					"texture": "#1"
				}
			}
		},
		{
			"from": [
				7.4205,
				4.9385,
				10.57175
			],
			"to": [
				8.5795,
				5.08725,
				12.25425
			],
			"rotation": {
				"angle": 0,
				"axis": "x",
				"origin": [
					8,
					-1.8445,
					16.33
				]
			},
			"faces": {
				"north": {
					"uv": [
						14.5,
						5,
						15,
						5.25
					],
					"texture": "#1"
				},
				"east": {
					"uv": [
						13.5,
						7,
						14.25,
						7.25
					],
					"texture": "#1"
				},
				"south": {
					"uv": [
						5.5,
						14.5,
						6,
						14.75
					],
					"texture": "#1"
				},
				"west": {
					"uv": [
						8.5,
						13.5,
						9.25,
						13.75
					],
					"texture": "#1"
				},
				"up": {
					"uv": [
						12.5,
						6.25,
						12,
						5.5
					],
					"texture": "#1"
				},
				"down": {
					"uv": [
						6.5,
						12,
						6,
						12.75
					],
					"texture": "#1"
				}
			}
		},
		{
			"from": [
				7.4205,
				5.0885,
				10.87175
			],
			"to": [
				8.5795,
				5.23725,
				11.15425
			],
			"rotation": {
				"angle": 0,
				"axis": "x",
				"origin": [
					8,
					-1.8445,
					16.33
				]
			},
			"faces": {
				"north": {
					"uv": [
						14.5,
						5.5,
						15,
						5.75
					],
					"texture": "#1"
				},
				"east": {
					"uv": [
						15.5,
						1.5,
						15.75,
						1.75
					],
					"texture": "#1"
				},
				"south": {
					"uv": [
						6,
						14.5,
						6.5,
						14.75
					],
					"texture": "#1"
				},
				"west": {
					"uv": [
						2,
						15.5,
						2.25,
						15.75
					],
					"texture": "#1"
				},
				"up": {
					"uv": [
						15,
						6.25,
						14.5,
						6
					],
					"texture": "#1"
				},
				"down": {
					"uv": [
						7,
						14.5,
						6.5,
						14.75
					],
					"texture": "#1"
				}
			}
		},
		{
			"from": [
				7.4205,
				4.9385,
				14.188
			],
			"to": [
				8.5795,
				5.08725,
				16.06225
			],
			"rotation": {
				"angle": 0,
				"axis": "x",
				"origin": [
					8,
					-1.8445,
					16.33
				]
			},
			"faces": {
				"north": {
					"uv": [
						14.5,
						6.5,
						15,
						6.75
					],
					"texture": "#1"
				},
				"east": {
					"uv": [
						13,
						4.5,
						14,
						4.75
					],
					"texture": "#1"
				},
				"south": {
					"uv": [
						7,
						14.5,
						7.5,
						14.75
					],
					"texture": "#1"
				},
				"west": {
					"uv": [
						13,
						5,
						14,
						5.25
					],
					"texture": "#1"
				},
				"up": {
					"uv": [
						2,
						12.5,
						1.5,
						11.5
					],
					"texture": "#1"
				},
				"down": {
					"uv": [
						2.5,
						11.5,
						2,
						12.5
					],
					"texture": "#1"
				}
			}
		},
		{
			"from": [
				7.3015,
				3.42125,
				12.25425
			],
			"to": [
				8.6985,
				4.791,
				14.188
			],
			"rotation": {
				"angle": 0,
				"axis": "x",
				"origin": [
					8,
					-1.8445,
					16.33
				]
			},
			"faces": {
				"north": {
					"uv": [
						7,
						10.5,
						7.75,
						11.25
					],
					"texture": "#1"
				},
				"east": {
					"uv": [
						9.5,
						6,
						10.5,
						6.75
					],
					"texture": "#1"
				},
				"south": {
					"uv": [
						10.5,
						7,
						11.25,
						7.75
					],
					"texture": "#1"
				},
				"west": {
					"uv": [
						7,
						9.5,
						8,
						10.25
					],
					"texture": "#1"
				},
				"up": {
					"uv": [
						10.25,
						8,
						9.5,
						7
					],
					"texture": "#1"
				},
				"down": {
					"uv": [
						8.75,
						9.5,
						8,
						10.5
					],
					"texture": "#1"
				}
			}
		},
		{
			"from": [
				7.1195,
				3.2095,
				13.22525
			],
			"to": [
				7.21825,
				3.71525,
				14.088
			],
			"rotation": {
				"angle": 0,
				"axis": "x",
				"origin": [
					8,
					-1.8445,
					16.33
				]
			},
			"faces": {
				"north": {
					"uv": [
						15.5,
						2,
						15.75,
						2.25
					],
					"texture": "#1"
				},
				"east": {
					"uv": [
						14.5,
						7,
						15,
						7.25
					],
					"texture": "#1"
				},
				"south": {
					"uv": [
						2.5,
						15.5,
						2.75,
						15.75
					],
					"texture": "#1"
				},
				"west": {
					"uv": [
						7.5,
						14.5,
						8,
						14.75
					],
					"texture": "#1"
				},
				"up": {
					"uv": [
						14.75,
						8,
						14.5,
						7.5
					],
					"texture": "#1"
				},
				"down": {
					"uv": [
						8.25,
						14.5,
						8,
						15
					],
					"texture": "#1"
				}
			}
		},
		{
			"from": [
				7.1195,
				3.2595,
				14.07525
			],
			"to": [
				7.21825,
				3.66525,
				15.738
			],
			"rotation": {
				"angle": 0,
				"axis": "x",
				"origin": [
					8,
					-1.8445,
					16.33
				]
			},
			"faces": {
				"north": {
					"uv": [
						15.5,
						2.5,
						15.75,
						2.75
					],
					"texture": "#1"
				},
				"east": {
					"uv": [
						13.5,
						9,
						14.25,
						9.25
					],
					"texture": "#1"
				},
				"south": {
					"uv": [
						3,
						15.5,
						3.25,
						15.75
					],
					"texture": "#1"
				},
				"west": {
					"uv": [
						13.5,
						9.5,
						14.25,
						9.75
					],
					"texture": "#1"
				},
				"up": {
					"uv": [
						7.75,
						14.25,
						7.5,
						13.5
					],
					"texture": "#1"
				},
				"down": {
					"uv": [
						13.75,
						10,
						13.5,
						10.75
					],
					"texture": "#1"
				}
			}
		},
		{
			"from": [
				8.62863,
				3.94347,
				13.34321
			],
			"to": [
				8.76845,
				4.68608,
				16.11362
			],
			"rotation": {
				"angle": 0,
				"axis": "x",
				"origin": [
					7.9295,
					-1.35883,
					16.3552
				]
			},
			"faces": {
				"north": {
					"uv": [
						15.5,
						3,
						15.75,
						3.25
					],
					"texture": "#1"
				},
				"east": {
					"uv": [
						12,
						6.5,
						13.5,
						6.75
					],
					"texture": "#1"
				},
				"south": {
					"uv": [
						3.5,
						15.5,
						3.75,
						15.75
					],
					"texture": "#1"
				},
				"west": {
					"uv": [
						12,
						7,
						13.5,
						7.25
					],
					"texture": "#1"
				},
				"up": {
					"uv": [
						7.75,
						13.5,
						7.5,
						12
					],
					"texture": "#1"
				},
				"down": {
					"uv": [
						12.25,
						7.5,
						12,
						9
					],
					"texture": "#1"
				}
			}
		},
		{
			"from": [
				7.4205,
				3.42125,
				12.25425
			],
			"to": [
				8.5795,
				5.02775,
				14.188
			],
			"rotation": {
				"angle": 0,
				"axis": "x",
				"origin": [
					8,
					-1.8445,
					16.33
				]
			},
			"faces": {
				"north": {
					"uv": [
						8,
						12,
						8.5,
						12.75
					],
					"texture": "#1"
				},
				"east": {
					"uv": [
						10,
						0,
						11,
						0.75
					],
					"texture": "#1"
				},
				"south": {
					"uv": [
						8.5,
						12,
						9,
						12.75
					],
					"texture": "#1"
				},
				"west": {
					"uv": [
						10,
						1,
						11,
						1.75
					],
					"texture": "#1"
				},
				"up": {
					"uv": [
						3,
						12.5,
						2.5,
						11.5
					],
					"texture": "#1"
				},
				"down": {
					"uv": [
						3.5,
						11.5,
						3,
						12.5
					],
					"texture": "#1"
				}
			}
		},
		{
			"from": [
				7.31105,
				1.81605,
				23.6971
			],
			"to": [
				8.68895,
				3.10355,
				24.937
			],
			"rotation": {
				"angle": 0,
				"axis": "y",
				"origin": [
					8,
					2.7608,
					25.40705
				]
			},
			"faces": {
				"north": {
					"uv": [
						8,
						10.5,
						8.75,
						11.25
					],
					"texture": "#1"
				},
				"east": {
					"uv": [
						9,
						12,
						9.5,
						12.75
					],
					"texture": "#1"
				},
				"south": {
					"uv": [
						11,
						0,
						11.75,
						0.75
					],
					"texture": "#1"
				},
				"west": {
					"uv": [
						12,
						9,
						12.5,
						9.75
					],
					"texture": "#1"
				},
				"up": {
					"uv": [
						12.75,
						10.5,
						12,
						10
					],
					"texture": "#1"
				},
				"down": {
					"uv": [
						12.75,
						10.5,
						12,
						11
					],
					"texture": "#1"
				}
			}
		},
		{
			"from": [
				7.19205,
				1.93505,
				23.8161
			],
			"to": [
				8.80795,
				2.98455,
				24.818
			],
			"rotation": {
				"angle": 0,
				"axis": "y",
				"origin": [
					8,
					2.7608,
					25.40705
				]
			},
			"faces": {
				"north": {
					"uv": [
						11,
						12,
						11.75,
						12.5
					],
					"texture": "#1"
				},
				"east": {
					"uv": [
						5.5,
						13,
						6,
						13.5
					],
					"texture": "#1"
				},
				"south": {
					"uv": [
						12,
						12,
						12.75,
						12.5
					],
					"texture": "#1"
				},
				"west": {
					"uv": [
						13,
						5.5,
						13.5,
						6
					],
					"texture": "#1"
				},
				"up": {
					"uv": [
						0.75,
						13,
						0,
						12.5
					],
					"texture": "#1"
				},
				"down": {
					"uv": [
						1.75,
						12.5,
						1,
						13
					],
					"texture": "#1"
				}
			}
		},
		{
			"from": [
				7.54905,
				-0.83895,
				24.71685
			],
			"to": [
				8.45095,
				3.40555,
				25.175
			],
			"rotation": {
				"angle": 0,
				"axis": "x",
				"origin": [
					8,
					1.91455,
					15.4884
				]
			},
			"faces": {
				"north": {
					"uv": [
						2.5,
						7.5,
						3,
						9.5
					],
					"texture": "#1"
				},
				"east": {
					"uv": [
						3.5,
						11.5,
						3.75,
						13.5
					],
					"texture": "#1"
				},
				"south": {
					"uv": [
						7,
						7.5,
						7.5,
						9.5
					],
					"texture": "#1"
				},
				"west": {
					"uv": [
						4,
						11.5,
						4.25,
						13.5
					],
					"texture": "#1"
				},
				"up": {
					"uv": [
						15,
						8.25,
						14.5,
						8
					],
					"texture": "#1"
				},
				"down": {
					"uv": [
						9,
						14.5,
						8.5,
						14.75
					],
					"texture": "#1"
				}
			}
		},
		{
			"from": [
				7.43005,
				1.2613,
				19.02885
			],
			"to": [
				8.56995,
				3.10455,
				23.59835
			],
			"rotation": {
				"angle": 0,
				"axis": "y",
				"origin": [
					8,
					2.15255,
					15.4884
				]
			},
			"faces": {
				"north": {
					"uv": [
						11.5,
						4,
						12,
						5
					],
					"texture": "#1"
				},
				"east": {
					"uv": [
						3,
						2,
						5.25,
						3
					],
					"texture": "#1"
				},
				"south": {
					"uv": [
						11.5,
						5,
						12,
						6
					],
					"texture": "#1"
				},
				"west": {
					"uv": [
						3,
						3,
						5.25,
						4
					],
					"texture": "#1"
				},
				"up": {
					"uv": [
						2,
						9.25,
						1.5,
						7
					],
					"texture": "#1"
				},
				"down": {
					"uv": [
						2.5,
						7.5,
						2,
						9.75
					],
					"texture": "#1"
				}
			}
		},
		{
			"from": [
				7.54905,
				0.86155,
				18.17185
			],
			"to": [
				8.45095,
				2.47855,
				19.5701
			],
			"rotation": {
				"angle": -22.5,
				"axis": "x",
				"origin": [
					8,
					2.1513,
					16.9521
				]
			},
			"faces": {
				"north": {
					"uv": [
						12.5,
						1.5,
						13,
						2.25
					],
					"texture": "#1"
				},
				"east": {
					"uv": [
						11,
						1,
						11.75,
						1.75
					],
					"texture": "#1"
				},
				"south": {
					"uv": [
						2,
						12.5,
						2.5,
						13.25
					],
					"texture": "#1"
				},
				"west": {
					"uv": [
						4.5,
						11,
						5.25,
						11.75
					],
					"texture": "#1"
				},
				"up": {
					"uv": [
						3,
						13.25,
						2.5,
						12.5
					],
					"texture": "#1"
				},
				"down": {
					"uv": [
						3.5,
						12.5,
						3,
						13.25
					],
					"texture": "#1"
				}
			}
		},
		{
			"from": [
				7.70494,
				0.15355,
				17.5253
			],
			"to": [
				8.34742,
				0.32725,
				24.48778
			],
			"rotation": {
				"angle": 22.5,
				"axis": "x",
				"origin": [
					8,
					1.5708,
					21.44435
				]
			},
			"faces": {
				"north": {
					"uv": [
						15.5,
						3.5,
						15.75,
						3.75
					],
					"texture": "#1"
				},
				"east": {
					"uv": [
						8.5,
						2,
						12,
						2.25
					],
					"texture": "#1"
				},
				"south": {
					"uv": [
						4,
						15.5,
						4.25,
						15.75
					],
					"texture": "#1"
				},
				"west": {
					"uv": [
						8.5,
						2.5,
						12,
						2.75
					],
					"texture": "#1"
				},
				"up": {
					"uv": [
						6.75,
						11.5,
						6.5,
						8
					],
					"texture": "#1"
				},
				"down": {
					"uv": [
						0.75,
						8.5,
						0.5,
						12
					],
					"texture": "#1"
				}
			}
		},
		{
			"from": [
				7.41696,
				0.32725,
				17.9089
			],
			"to": [
				8.58304,
				2.09075,
				24.3695
			],
			"rotation": {
				"angle": 22.5,
				"axis": "x",
				"origin": [
					8,
					1.5708,
					21.44435
				]
			},
			"faces": {
				"north": {
					"uv": [
						11.5,
						6,
						12,
						7
					],
					"texture": "#1"
				},
				"east": {
					"uv": [
						0,
						0,
						3.25,
						1
					],
					"texture": "#1"
				},
				"south": {
					"uv": [
						6.5,
						11.5,
						7,
						12.5
					],
					"texture": "#1"
				},
				"west": {
					"uv": [
						0,
						1,
						3.25,
						2
					],
					"texture": "#1"
				},
				"up": {
					"uv": [
						2.5,
						7.25,
						2,
						4
					],
					"texture": "#1"
				},
				"down": {
					"uv": [
						3,
						4,
						2.5,
						7.25
					],
					"texture": "#1"
				}
			}
		},
		{
			"from": [
				7.53596,
				0.32725,
				16.1634
			],
			"to": [
				8.46404,
				1.74325,
				18.50175
			],
			"rotation": {
				"angle": 22.5,
				"axis": "x",
				"origin": [
					8,
					1.5708,
					22.11935
				]
			},
			"faces": {
				"north": {
					"uv": [
						4.5,
						12.5,
						5,
						13.25
					],
					"texture": "#1"
				},
				"east": {
					"uv": [
						5,
						8,
						6.25,
						8.75
					],
					"texture": "#1"
				},
				"south": {
					"uv": [
						12.5,
						4.5,
						13,
						5.25
					],
					"texture": "#1"
				},
				"west": {
					"uv": [
						8,
						5,
						9.25,
						5.75
					],
					"texture": "#1"
				},
				"up": {
					"uv": [
						0.5,
						10.75,
						0,
						9.5
					],
					"texture": "#1"
				},
				"down": {
					"uv": [
						2.5,
						10,
						2,
						11.25
					],
					"texture": "#1"
				}
			}
		},
		{
			"from": [
				7.34196,
				3.09486,
				14.31439
			],
			"to": [
				8.65804,
				4.50611,
				16.80149
			],
			"rotation": {
				"angle": 0,
				"axis": "x",
				"origin": [
					8,
					5.24986,
					12.55319
				]
			},
			"faces": {
				"north": {
					"uv": [
						5.5,
						11,
						6.25,
						11.75
					],
					"texture": "#1"
				},
				"east": {
					"uv": [
						8,
						6,
						9.25,
						6.75
					],
					"texture": "#1"
				},
				"south": {
					"uv": [
						11,
						8,
						11.75,
						8.75
					],
					"texture": "#1"
				},
				"west": {
					"uv": [
						8,
						7,
						9.25,
						7.75
					],
					"texture": "#1"
				},
				"up": {
					"uv": [
						4.25,
						9.25,
						3.5,
						8
					],
					"texture": "#1"
				},
				"down": {
					"uv": [
						8.75,
						8,
						8,
						9.25
					],
					"texture": "#1"
				}
			}
		},
		{
			"from": [
				7.69185,
				-0.89365,
				23.6042
			],
			"to": [
				8.30815,
				-0.71995,
				25.056
			],
			"rotation": {
				"angle": 0,
				"axis": "y",
				"origin": [
					8,
					2.55255,
					15.4884
				]
			},
			"faces": {
				"north": {
					"uv": [
						15.5,
						4,
						15.75,
						4.25
					],
					"texture": "#1"
				},
				"east": {
					"uv": [
						11,
						13.5,
						11.75,
						13.75
					],
					"texture": "#1"
				},
				"south": {
					"uv": [
						4.5,
						15.5,
						4.75,
						15.75
					],
					"texture": "#1"
				},
				"west": {
					"uv": [
						12,
						13.5,
						12.75,
						13.75
					],
					"texture": "#1"
				},
				"up": {
					"uv": [
						13.75,
						12.75,
						13.5,
						12
					],
					"texture": "#1"
				},
				"down": {
					"uv": [
						13.75,
						13,
						13.5,
						13.75
					],
					"texture": "#1"
				}
			}
		},
		{
			"from": [
				7.4003,
				-0.76995,
				23.57335
			],
			"to": [
				8.5997,
				3.46155,
				25.056
			],
			"rotation": {
				"angle": 0,
				"axis": "x",
				"origin": [
					8,
					2.15255,
					15.4884
				]
			},
			"faces": {
				"north": {
					"uv": [
						7.5,
						7.5,
						8,
						9.5
					],
					"texture": "#1"
				},
				"east": {
					"uv": [
						3,
						4,
						3.75,
						6
					],
					"texture": "#1"
				},
				"south": {
					"uv": [
						8,
						3,
						8.5,
						5
					],
					"texture": "#1"
				},
				"west": {
					"uv": [
						4,
						4,
						4.75,
						6
					],
					"texture": "#1"
				},
				"up": {
					"uv": [
						5.5,
						13.25,
						5,
						12.5
					],
					"texture": "#1"
				},
				"down": {
					"uv": [
						13,
						5.5,
						12.5,
						6.25
					],
					"texture": "#1"
				}
			}
		},
		{
			"from": [
				7.56095,
				1.5682,
				19.2488
			],
			"to": [
				8.43905,
				3.46625,
				24.9132
			],
			"rotation": {
				"angle": 0,
				"axis": "y",
				"origin": [
					8,
					1.76455,
					15.4884
				]
			},
			"faces": {
				"north": {
					"uv": [
						7,
						11.5,
						7.5,
						12.5
					],
					"texture": "#1"
				},
				"east": {
					"uv": [
						0,
						2,
						2.75,
						3
					],
					"texture": "#1"
				},
				"south": {
					"uv": [
						11.5,
						7,
						12,
						8
					],
					"texture": "#1"
				},
				"west": {
					"uv": [
						0,
						3,
						2.75,
						4
					],
					"texture": "#1"
				},
				"up": {
					"uv": [
						6.5,
						2.75,
						6,
						0
					],
					"texture": "#1"
				},
				"down": {
					"uv": [
						3.5,
						6,
						3,
						8.75
					],
					"texture": "#1"
				}
			}
		},
		{
			"from": [
				8.65659,
				4.10185,
				13.53592
			],
			"to": [
				8.85094,
				4.53143,
				15.9865
			],
			"rotation": {
				"angle": 0,
				"axis": "y",
				"origin": [
					7.98543,
					4.4285,
					14.06467
				]
			},
			"faces": {
				"north": {
					"uv": [
						15.5,
						4.5,
						15.75,
						4.75
					],
					"texture": "#1"
				},
				"east": {
					"uv": [
						12.5,
						2.5,
						13.75,
						2.75
					],
					"texture": "#1"
				},
				"south": {
					"uv": [
						5,
						15.5,
						5.25,
						15.75
					],
					"texture": "#1"
				},
				"west": {
					"uv": [
						12.5,
						7.5,
						13.75,
						7.75
					],
					"texture": "#1"
				},
				"up": {
					"uv": [
						6.75,
						13.75,
						6.5,
						12.5
					],
					"texture": "#1"
				},
				"down": {
					"uv": [
						7.25,
						12.5,
						7,
						13.75
					],
					"texture": "#1"
				}
			}
		},
		{
			"from": [
				8.65659,
				4.14885,
				15.46292
			],
			"to": [
				9.57943,
				4.48443,
				15.7985
			],
			"rotation": {
				"angle": 0,
				"axis": "y",
				"origin": [
					7.98543,
					4.4285,
					14.06467
				]
			},
			"faces": {
				"north": {
					"uv": [
						14.5,
						8.5,
						15,
						8.75
					],
					"texture": "#1"
				},
				"east": {
					"uv": [
						15.5,
						5,
						15.75,
						5.25
					],
					"texture": "#1"
				},
				"south": {
					"uv": [
						9,
						14.5,
						9.5,
						14.75
					],
					"texture": "#1"
				},
				"west": {
					"uv": [
						5.5,
						15.5,
						5.75,
						15.75
					],
					"texture": "#1"
				},
				"up": {
					"uv": [
						15,
						9.25,
						14.5,
						9
					],
					"texture": "#1"
				},
				"down": {
					"uv": [
						10,
						14.5,
						9.5,
						14.75
					],
					"texture": "#1"
				}
			}
		},
		{
			"from": [
				9.12847,
				4.09292,
				15.40699
			],
			"to": [
				9.60388,
				4.54036,
				15.85443
			],
			"rotation": {
				"angle": 0,
				"axis": "x",
				"origin": [
					7.56243,
					4.4285,
					14.06467
				]
			},
			"faces": {
				"north": {
					"uv": [
						15.5,
						5.5,
						15.75,
						5.75
					],
					"texture": "#1"
				},
				"east": {
					"uv": [
						6,
						15.5,
						6.25,
						15.75
					],
					"texture": "#1"
				},
				"south": {
					"uv": [
						15.5,
						6,
						15.75,
						6.25
					],
					"texture": "#1"
				},
				"west": {
					"uv": [
						6.5,
						15.5,
						6.75,
						15.75
					],
					"texture": "#1"
				},
				"up": {
					"uv": [
						15.75,
						6.75,
						15.5,
						6.5
					],
					"texture": "#1"
				},
				"down": {
					"uv": [
						7.25,
						15.5,
						7,
						15.75
					],
					"texture": "#1"
				}
			}
		},
		{
			"from": [
				9.1844,
				4.09292,
				15.54682
			],
			"to": [
				9.51998,
				4.54036,
				17.25268
			],
			"rotation": {
				"angle": 45,
				"axis": "x",
				"origin": [
					9.35219,
					4.31664,
					15.63071
				]
			},
			"faces": {
				"north": {
					"uv": [
						15.5,
						7,
						15.75,
						7.25
					],
					"texture": "#1"
				},
				"east": {
					"uv": [
						0,
						14,
						0.75,
						14.25
					],
					"texture": "#1"
				},
				"south": {
					"uv": [
						7.5,
						15.5,
						7.75,
						15.75
					],
					"texture": "#1"
				},
				"west": {
					"uv": [
						14,
						0,
						14.75,
						0.25
					],
					"texture": "#1"
				},
				"up": {
					"uv": [
						1.25,
						14.75,
						1,
						14
					],
					"texture": "#1"
				},
				"down": {
					"uv": [
						1.75,
						14,
						1.5,
						14.75
					],
					"texture": "#1"
				}
			}
		},
		{
			"from": [
				9.19559,
				2.63874,
				16.58152
			],
			"to": [
				9.50879,
				3.3099,
				16.94507
			],
			"rotation": {
				"angle": 0,
				"axis": "x",
				"origin": [
					9.35219,
					4.31664,
					15.63071
				]
			},
			"faces": {
				"north": {
					"uv": [
						15.5,
						7.5,
						15.75,
						7.75
					],
					"texture": "#1"
				},
				"east": {
					"uv": [
						8,
						15.5,
						8.25,
						15.75
					],
					"texture": "#1"
				},
				"south": {
					"uv": [
						15.5,
						8,
						15.75,
						8.25
					],
					"texture": "#1"
				},
				"west": {
					"uv": [
						8.5,
						15.5,
						8.75,
						15.75
					],
					"texture": "#1"
				},
				"up": {
					"uv": [
						15.75,
						8.75,
						15.5,
						8.5
					],
					"texture": "#1"
				},
				"down": {
					"uv": [
						9.25,
						15.5,
						9,
						15.75
					],
					"texture": "#1"
				}
			}
		},
		{
			"from": [
				9.07254,
				2.7506,
				16.63745
			],
			"to": [
				9.63184,
				3.08618,
				16.88914
			],
			"rotation": {
				"angle": 0,
				"axis": "x",
				"origin": [
					9.35219,
					4.31664,
					15.63071
				]
			},
			"faces": {
				"north": {
					"uv": [
						15.5,
						9,
						15.75,
						9.25
					],
					"texture": "#1"
				},
				"east": {
					"uv": [
						9.5,
						15.5,
						9.75,
						15.75
					],
					"texture": "#1"
				},
				"south": {
					"uv": [
						15.5,
						9.5,
						15.75,
						9.75
					],
					"texture": "#1"
				},
				"west": {
					"uv": [
						10,
						15.5,
						10.25,
						15.75
					],
					"texture": "#1"
				},
				"up": {
					"uv": [
						15.75,
						10.25,
						15.5,
						10
					],
					"texture": "#1"
				},
				"down": {
					"uv": [
						10.75,
						15.5,
						10.5,
						15.75
					],
					"texture": "#1"
				}
			}
		}
	],
	"display": {
		"thirdperson_righthand": {
			"translation": [
				0,
				5.5,
				-10
			],
			"scale": [
				1.22,
				1.22,
				1.22
			]
		},
		"thirdperson_lefthand": {
			"translation": [
				0,
				5.5,
				-10
			],
			"scale": [
				-1.22,
				1.22,
				1.22
			]
		},
		"firstperson_righthand": {
			"translation": [
				-5.25,
				9.75,
				-0.5
			],
			"scale": [
				0.97,
				0.97,
				0.97
			]
		},
		"firstperson_lefthand": {
			"translation": [
				-5,
				9.75,
				-0.5
			],
			"scale": [
				-0.97,
				0.97,
				0.97
			]
		},
		"ground": {
			"translation": [
				0,
				6,
				-6
			]
		},
		"gui": {
			"rotation": [
				-166.79,
				-23.09,
				-179.03
			],
			"translation": [
				2.5,
				3.75,
				0
			],
			"scale": [
				1.26,
				1.26,
				1.26
			]
		},
		"fixed": {
			"rotation": [
				0,
				89.5,
				0
			],
			"translation": [
				-9.25,
				6.75,
				-1
			],
			"scale": [
				1.36,
				1.36,
				1.36
			]
		}
	}
}