{
	"credit": "Made with Blockbench",
	"texture_size": [
		32,
		32
	],
	"textures": {
		"0": "scguns_laf:item/waltz_conversion"
	},
	"elements": [
		{
			"from": [
				7.75,
				1.15,
				13.4
			],
			"to": [
				8.27,
				1.4,
				14.2
			],
			"rotation": {
				"angle": 0,
				"axis": "y",
				"origin": [
					8,
					0.1,
					16.5
				]
			},
			"faces": {
				"north": {
					"uv": [
						0.5,
						9,
						0.75,
						9.25
					],
					"texture": "#0"
				},
				"east": {
					"uv": [
						7.5,
						3,
						8,
						3.25
					],
					"texture": "#0"
				},
				"south": {
					"uv": [
						9,
						0.5,
						9.25,
						0.75
					],
					"texture": "#0"
				},
				"west": {
					"uv": [
						4.5,
						7.5,
						5,
						7.75
					],
					"texture": "#0"
				},
				"up": {
					"uv": [
						7.75,
						5,
						7.5,
						4.5
					],
					"texture": "#0"
				},
				"down": {
					"uv": [
						5.25,
						7.5,
						5,
						8
					],
					"texture": "#0"
				}
			}
		},
		{
			"from": [
				7.85,
				1.05,
				13.4
			],
			"to": [
				8.17,
				1.3,
				14.3
			],
			"rotation": {
				"angle": 0,
				"axis": "y",
				"origin": [
					8,
					0.1,
					16.5
				]
			},
			"faces": {
				"north": {
					"uv": [
						4.5,
						9,
						4.75,
						9.25
					],
					"texture": "#0"
				},
				"east": {
					"uv": [
						3,
						8,
						3.5,
						8.25
					],
					"texture": "#0"
				},
				"south": {
					"uv": [
						9,
						4.5,
						9.25,
						4.75
					],
					"texture": "#0"
				},
				"west": {
					"uv": [
						8,
						3,
						8.5,
						3.25
					],
					"texture": "#0"
				},
				"up": {
					"uv": [
						8.25,
						4,
						8,
						3.5
					],
					"texture": "#0"
				},
				"down": {
					"uv": [
						8.25,
						4,
						8,
						4.5
					],
					"texture": "#0"
				}
			}
		},
		{
			"from": [
				7.74,
				0.95,
				14.2
			],
			"to": [
				8.26,
				1.2,
				14.7
			],
			"rotation": {
				"angle": -22.5,
				"axis": "x",
				"origin": [
					8.01,
					1.225,
					13.725
				]
			},
			"faces": {
				"north": {
					"uv": [
						7.5,
						9,
						7.75,
						9.25
					],
					"texture": "#0"
				},
				"east": {
					"uv": [
						9,
						7.5,
						9.25,
						7.75
					],
					"texture": "#0"
				},
				"south": {
					"uv": [
						8,
						9,
						8.25,
						9.25
					],
					"texture": "#0"
				},
				"west": {
					"uv": [
						9,
						8,
						9.25,
						8.25
					],
					"texture": "#0"
				},
				"up": {
					"uv": [
						8.75,
						9.25,
						8.5,
						9
					],
					"texture": "#0"
				},
				"down": {
					"uv": [
						9.25,
						8.5,
						9,
						8.75
					],
					"texture": "#0"
				}
			}
		},
		{
			"from": [
				7.85,
				0.85,
				14.2
			],
			"to": [
				8.15,
				1.1,
				14.9
			],
			"rotation": {
				"angle": -22.5,
				"axis": "x",
				"origin": [
					8.01,
					1.225,
					13.725
				]
			},
			"faces": {
				"north": {
					"uv": [
						6,
						9,
						6.25,
						9.25
					],
					"texture": "#0"
				},
				"east": {
					"uv": [
						9,
						6,
						9.25,
						6.25
					],
					"texture": "#0"
				},
				"south": {
					"uv": [
						6.5,
						9,
						6.75,
						9.25
					],
					"texture": "#0"
				},
				"west": {
					"uv": [
						9,
						6.5,
						9.25,
						6.75
					],
					"texture": "#0"
				},
				"up": {
					"uv": [
						7.25,
						9.25,
						7,
						9
					],
					"texture": "#0"
				},
				"down": {
					"uv": [
						9.25,
						7,
						9,
						7.25
					],
					"texture": "#0"
				}
			}
		},
		{
			"from": [
				7.75,
				1.05,
				13.1
			],
			"to": [
				8.27,
				2.1,
				13.4
			],
			"rotation": {
				"angle": 0,
				"axis": "y",
				"origin": [
					8,
					0.1,
					16.7
				]
			},
			"faces": {
				"north": {
					"uv": [
						8,
						1.5,
						8.25,
						2
					],
					"texture": "#0"
				},
				"east": {
					"uv": [
						8,
						2,
						8.25,
						2.5
					],
					"texture": "#0"
				},
				"south": {
					"uv": [
						2.5,
						8,
						2.75,
						8.5
					],
					"texture": "#0"
				},
				"west": {
					"uv": [
						8,
						2.5,
						8.25,
						3
					],
					"texture": "#0"
				},
				"up": {
					"uv": [
						4.25,
						9.25,
						4,
						9
					],
					"texture": "#0"
				},
				"down": {
					"uv": [
						9.25,
						4,
						9,
						4.25
					],
					"texture": "#0"
				}
			}
		},
		{
			"from": [
				7.76,
				1.4,
				12
			],
			"to": [
				8.26,
				2.05,
				13.2
			],
			"rotation": {
				"angle": 22.5,
				"axis": "x",
				"origin": [
					8.01,
					1.575,
					13.05
				]
			},
			"faces": {
				"north": {
					"uv": [
						5,
						9,
						5.25,
						9.25
					],
					"texture": "#0"
				},
				"east": {
					"uv": [
						4.5,
						8,
						5,
						8.25
					],
					"texture": "#0"
				},
				"south": {
					"uv": [
						9,
						5,
						9.25,
						5.25
					],
					"texture": "#0"
				},
				"west": {
					"uv": [
						8,
						4.5,
						8.5,
						4.75
					],
					"texture": "#0"
				},
				"up": {
					"uv": [
						5.25,
						8.5,
						5,
						8
					],
					"texture": "#0"
				},
				"down": {
					"uv": [
						8.25,
						5,
						8,
						5.5
					],
					"texture": "#0"
				}
			}
		},
		{
			"from": [
				7.84,
				1.525,
				13.95
			],
			"to": [
				8.16,
				2.025,
				14.2
			],
			"rotation": {
				"angle": 0,
				"axis": "y",
				"origin": [
					8.5,
					0.45,
					15.8
				]
			},
			"faces": {
				"north": {
					"uv": [
						1,
						9,
						1.25,
						9.25
					],
					"texture": "#0"
				},
				"east": {
					"uv": [
						9,
						1,
						9.25,
						1.25
					],
					"texture": "#0"
				},
				"south": {
					"uv": [
						1.5,
						9,
						1.75,
						9.25
					],
					"texture": "#0"
				},
				"west": {
					"uv": [
						9,
						1.5,
						9.25,
						1.75
					],
					"texture": "#0"
				},
				"up": {
					"uv": [
						2.25,
						9.25,
						2,
						9
					],
					"texture": "#0"
				},
				"down": {
					"uv": [
						9.25,
						2,
						9,
						2.25
					],
					"texture": "#0"
				}
			}
		},
		{
			"from": [
				7.64,
				0.25,
				15.5
			],
			"to": [
				8.36,
				1.8,
				16.7
			],
			"rotation": {
				"angle": -22.5,
				"axis": "x",
				"origin": [
					8.5,
					0,
					16.2
				]
			},
			"faces": {
				"north": {
					"uv": [
						7,
						1,
						7.25,
						1.75
					],
					"texture": "#0"
				},
				"east": {
					"uv": [
						5,
						5,
						5.5,
						5.75
					],
					"texture": "#0"
				},
				"south": {
					"uv": [
						2.5,
						7,
						2.75,
						7.75
					],
					"texture": "#0"
				},
				"west": {
					"uv": [
						0,
						5.5,
						0.5,
						6.25
					],
					"texture": "#0"
				},
				"up": {
					"uv": [
						7.75,
						5.5,
						7.5,
						5
					],
					"texture": "#0"
				},
				"down": {
					"uv": [
						7.75,
						5.5,
						7.5,
						6
					],
					"texture": "#0"
				}
			}
		},
		{
			"from": [
				7.74,
				-0.35,
				16.1
			],
			"to": [
				8.26,
				-0.15,
				16.8
			],
			"rotation": {
				"angle": -22.5,
				"axis": "x",
				"origin": [
					8.5,
					0,
					16.2
				]
			},
			"faces": {
				"north": {
					"uv": [
						9.5,
						1.5,
						9.75,
						1.75
					],
					"texture": "#0"
				},
				"east": {
					"uv": [
						2,
						9.5,
						2.25,
						9.75
					],
					"texture": "#0"
				},
				"south": {
					"uv": [
						9.5,
						2,
						9.75,
						2.25
					],
					"texture": "#0"
				},
				"west": {
					"uv": [
						2.5,
						9.5,
						2.75,
						9.75
					],
					"texture": "#0"
				},
				"up": {
					"uv": [
						9.75,
						2.75,
						9.5,
						2.5
					],
					"texture": "#0"
				},
				"down": {
					"uv": [
						3.25,
						9.5,
						3,
						9.75
					],
					"texture": "#0"
				}
			}
		},
		{
			"from": [
				7.73,
				-0.45,
				15.3
			],
			"to": [
				8.27,
				0,
				16.9
			],
			"rotation": {
				"angle": 0,
				"axis": "y",
				"origin": [
					8.5,
					0,
					16.2
				]
			},
			"faces": {
				"north": {
					"uv": [
						5.5,
						9,
						5.75,
						9.25
					],
					"texture": "#0"
				},
				"east": {
					"uv": [
						7,
						3.5,
						7.75,
						3.75
					],
					"texture": "#0"
				},
				"south": {
					"uv": [
						9,
						5.5,
						9.25,
						5.75
					],
					"texture": "#0"
				},
				"west": {
					"uv": [
						7,
						4,
						7.75,
						4.25
					],
					"texture": "#0"
				},
				"up": {
					"uv": [
						3.25,
						7.75,
						3,
						7
					],
					"texture": "#0"
				},
				"down": {
					"uv": [
						5.75,
						7,
						5.5,
						7.75
					],
					"texture": "#0"
				}
			}
		},
		{
			"from": [
				7.83,
				-0.65,
				15.4
			],
			"to": [
				8.17,
				-0.4,
				16.8
			],
			"rotation": {
				"angle": 0,
				"axis": "y",
				"origin": [
					8.5,
					0,
					16.2
				]
			},
			"faces": {
				"north": {
					"uv": [
						9.5,
						1,
						9.75,
						1.25
					],
					"texture": "#0"
				},
				"east": {
					"uv": [
						6.5,
						7,
						7.25,
						7.25
					],
					"texture": "#0"
				},
				"south": {
					"uv": [
						1.5,
						9.5,
						1.75,
						9.75
					],
					"texture": "#0"
				},
				"west": {
					"uv": [
						7,
						6.5,
						7.75,
						6.75
					],
					"texture": "#0"
				},
				"up": {
					"uv": [
						0.25,
						8.25,
						0,
						7.5
					],
					"texture": "#0"
				},
				"down": {
					"uv": [
						7.75,
						0,
						7.5,
						0.75
					],
					"texture": "#0"
				}
			}
		},
		{
			"from": [
				7.65,
				1.45,
				16.5
			],
			"to": [
				8.35,
				2.9,
				17.6
			],
			"rotation": {
				"angle": -45,
				"axis": "x",
				"origin": [
					8.5,
					-0.3,
					16.4
				]
			},
			"faces": {
				"north": {
					"uv": [
						7,
						5.5,
						7.25,
						6.25
					],
					"texture": "#0"
				},
				"east": {
					"uv": [
						4,
						5.5,
						4.5,
						6.25
					],
					"texture": "#0"
				},
				"south": {
					"uv": [
						6,
						7,
						6.25,
						7.75
					],
					"texture": "#0"
				},
				"west": {
					"uv": [
						5.5,
						4,
						6,
						4.75
					],
					"texture": "#0"
				},
				"up": {
					"uv": [
						5.75,
						8.5,
						5.5,
						8
					],
					"texture": "#0"
				},
				"down": {
					"uv": [
						8.25,
						5.5,
						8,
						6
					],
					"texture": "#0"
				}
			}
		},
		{
			"from": [
				7.75,
				1.45,
				16.4
			],
			"to": [
				8.25,
				2.9,
				17.7
			],
			"rotation": {
				"angle": -45,
				"axis": "x",
				"origin": [
					8.5,
					-0.3,
					16.4
				]
			},
			"faces": {
				"north": {
					"uv": [
						7.5,
						1,
						7.75,
						1.75
					],
					"texture": "#0"
				},
				"east": {
					"uv": [
						3,
						1,
						3.75,
						1.75
					],
					"texture": "#0"
				},
				"south": {
					"uv": [
						1.5,
						7.5,
						1.75,
						8.25
					],
					"texture": "#0"
				},
				"west": {
					"uv": [
						2,
						3,
						2.75,
						3.75
					],
					"texture": "#0"
				},
				"up": {
					"uv": [
						2.25,
						8.25,
						2,
						7.5
					],
					"texture": "#0"
				},
				"down": {
					"uv": [
						7.75,
						2,
						7.5,
						2.75
					],
					"texture": "#0"
				}
			}
		},
		{
			"from": [
				7.74,
				-0.15,
				15.4
			],
			"to": [
				8.26,
				1.8,
				16.8
			],
			"rotation": {
				"angle": -22.5,
				"axis": "x",
				"origin": [
					8.5,
					0,
					16.2
				]
			},
			"faces": {
				"north": {
					"uv": [
						0,
						6.5,
						0.25,
						7.5
					],
					"texture": "#0"
				},
				"east": {
					"uv": [
						3,
						0,
						3.75,
						1
					],
					"texture": "#0"
				},
				"south": {
					"uv": [
						0.5,
						6.5,
						0.75,
						7.5
					],
					"texture": "#0"
				},
				"west": {
					"uv": [
						1,
						3,
						1.75,
						4
					],
					"texture": "#0"
				},
				"up": {
					"uv": [
						0.75,
						8.25,
						0.5,
						7.5
					],
					"texture": "#0"
				},
				"down": {
					"uv": [
						1.25,
						7.5,
						1,
						8.25
					],
					"texture": "#0"
				}
			}
		},
		{
			"from": [
				7.5,
				1.9,
				12.2
			],
			"to": [
				8.5,
				3.95,
				14.4
			],
			"rotation": {
				"angle": 0,
				"axis": "y",
				"origin": [
					0.5,
					-1.2,
					0.35
				]
			},
			"faces": {
				"north": {
					"uv": [
						0,
						4,
						0.5,
						5
					],
					"texture": "#0"
				},
				"east": {
					"uv": [
						0,
						0,
						1,
						1
					],
					"texture": "#0"
				},
				"south": {
					"uv": [
						4,
						0,
						4.5,
						1
					],
					"texture": "#0"
				},
				"west": {
					"uv": [
						0,
						1,
						1,
						2
					],
					"texture": "#0"
				},
				"up": {
					"uv": [
						1,
						5,
						0.5,
						4
					],
					"texture": "#0"
				},
				"down": {
					"uv": [
						1.5,
						4,
						1,
						5
					],
					"texture": "#0"
				}
			}
		},
		{
			"from": [
				7.5,
				2.65,
				14.4
			],
			"to": [
				8.5,
				3.05,
				15.4
			],
			"rotation": {
				"angle": 0,
				"axis": "y",
				"origin": [
					0.5,
					-1.25,
					0.05
				]
			},
			"faces": {
				"north": {
					"uv": [
						6,
						8,
						6.5,
						8.25
					],
					"texture": "#0"
				},
				"east": {
					"uv": [
						8,
						6,
						8.5,
						6.25
					],
					"texture": "#0"
				},
				"south": {
					"uv": [
						6.5,
						8,
						7,
						8.25
					],
					"texture": "#0"
				},
				"west": {
					"uv": [
						8,
						6.5,
						8.5,
						6.75
					],
					"texture": "#0"
				},
				"up": {
					"uv": [
						6.5,
						3.5,
						6,
						3
					],
					"texture": "#0"
				},
				"down": {
					"uv": [
						6.5,
						3.5,
						6,
						4
					],
					"texture": "#0"
				}
			}
		},
		{
			"from": [
				7.6,
				2.35,
				14.2
			],
			"to": [
				8.4,
				2.75,
				15.4
			],
			"rotation": {
				"angle": -22.5,
				"axis": "x",
				"origin": [
					8,
					2.45,
					14.65
				]
			},
			"faces": {
				"north": {
					"uv": [
						7,
						8,
						7.5,
						8.25
					],
					"texture": "#0"
				},
				"east": {
					"uv": [
						8,
						7,
						8.5,
						7.25
					],
					"texture": "#0"
				},
				"south": {
					"uv": [
						7.5,
						8,
						8,
						8.25
					],
					"texture": "#0"
				},
				"west": {
					"uv": [
						8,
						7.5,
						8.5,
						7.75
					],
					"texture": "#0"
				},
				"up": {
					"uv": [
						6.5,
						4.5,
						6,
						4
					],
					"texture": "#0"
				},
				"down": {
					"uv": [
						6.5,
						4.5,
						6,
						5
					],
					"texture": "#0"
				}
			}
		},
		{
			"from": [
				7.6,
				3.05,
				14
			],
			"to": [
				8.4,
				3.75,
				14.9
			],
			"rotation": {
				"angle": 0,
				"axis": "y",
				"origin": [
					0.5,
					-1.25,
					0.05
				]
			},
			"faces": {
				"north": {
					"uv": [
						8,
						8,
						8.5,
						8.25
					],
					"texture": "#0"
				},
				"east": {
					"uv": [
						0,
						8.5,
						0.5,
						8.75
					],
					"texture": "#0"
				},
				"south": {
					"uv": [
						8.5,
						0,
						9,
						0.25
					],
					"texture": "#0"
				},
				"west": {
					"uv": [
						0.5,
						8.5,
						1,
						8.75
					],
					"texture": "#0"
				},
				"up": {
					"uv": [
						5.5,
						6.5,
						5,
						6
					],
					"texture": "#0"
				},
				"down": {
					"uv": [
						6.5,
						5,
						6,
						5.5
					],
					"texture": "#0"
				}
			}
		},
		{
			"from": [
				7.7,
				3.05,
				14.9
			],
			"to": [
				8.3,
				3.35,
				15.2
			],
			"rotation": {
				"angle": 0,
				"axis": "y",
				"origin": [
					0.5,
					-1.25,
					0.05
				]
			},
			"faces": {
				"north": {
					"uv": [
						9.5,
						7.5,
						9.75,
						7.75
					],
					"texture": "#0"
				},
				"east": {
					"uv": [
						8,
						9.5,
						8.25,
						9.75
					],
					"texture": "#0"
				},
				"south": {
					"uv": [
						9.5,
						8,
						9.75,
						8.25
					],
					"texture": "#0"
				},
				"west": {
					"uv": [
						8.5,
						9.5,
						8.75,
						9.75
					],
					"texture": "#0"
				},
				"up": {
					"uv": [
						9.75,
						8.75,
						9.5,
						8.5
					],
					"texture": "#0"
				},
				"down": {
					"uv": [
						9.25,
						9.5,
						9,
						9.75
					],
					"texture": "#0"
				}
			}
		},
		{
			"from": [
				7.9,
				3.65,
				14.7
			],
			"to": [
				8.1,
				3.95,
				15.5
			],
			"rotation": {
				"angle": -45,
				"axis": "x",
				"origin": [
					8,
					3.7,
					15.35
				]
			},
			"faces": {
				"north": {
					"uv": [
						9.5,
						0,
						9.75,
						0.25
					],
					"texture": "#0"
				},
				"east": {
					"uv": [
						8.5,
						2,
						9,
						2.25
					],
					"texture": "#0"
				},
				"south": {
					"uv": [
						0.5,
						9.5,
						0.75,
						9.75
					],
					"texture": "#0"
				},
				"west": {
					"uv": [
						2.5,
						8.5,
						3,
						8.75
					],
					"texture": "#0"
				},
				"up": {
					"uv": [
						8.75,
						3,
						8.5,
						2.5
					],
					"texture": "#0"
				},
				"down": {
					"uv": [
						3.25,
						8.5,
						3,
						9
					],
					"texture": "#0"
				}
			}
		},
		{
			"from": [
				7.8,
				3.75,
				15
			],
			"to": [
				8.2,
				3.95,
				15.6
			],
			"rotation": {
				"angle": 22.5,
				"axis": "x",
				"origin": [
					8,
					3.7,
					15.35
				]
			},
			"faces": {
				"north": {
					"uv": [
						9.5,
						0.5,
						9.75,
						0.75
					],
					"texture": "#0"
				},
				"east": {
					"uv": [
						8.5,
						3,
						9,
						3.25
					],
					"texture": "#0"
				},
				"south": {
					"uv": [
						1,
						9.5,
						1.25,
						9.75
					],
					"texture": "#0"
				},
				"west": {
					"uv": [
						3.5,
						8.5,
						4,
						8.75
					],
					"texture": "#0"
				},
				"up": {
					"uv": [
						8.75,
						4,
						8.5,
						3.5
					],
					"texture": "#0"
				},
				"down": {
					"uv": [
						4.25,
						8.5,
						4,
						9
					],
					"texture": "#0"
				}
			}
		},
		{
			"from": [
				7.6,
				3.75,
				14
			],
			"to": [
				8.4,
				4.05,
				14.6
			],
			"rotation": {
				"angle": 0,
				"axis": "y",
				"origin": [
					0.5,
					-1.25,
					0.05
				]
			},
			"faces": {
				"north": {
					"uv": [
						8.5,
						0.5,
						9,
						0.75
					],
					"texture": "#0"
				},
				"east": {
					"uv": [
						9,
						9,
						9.25,
						9.25
					],
					"texture": "#0"
				},
				"south": {
					"uv": [
						1,
						8.5,
						1.5,
						8.75
					],
					"texture": "#0"
				},
				"west": {
					"uv": [
						0,
						9.5,
						0.25,
						9.75
					],
					"texture": "#0"
				},
				"up": {
					"uv": [
						9,
						1.25,
						8.5,
						1
					],
					"texture": "#0"
				},
				"down": {
					"uv": [
						2,
						8.5,
						1.5,
						8.75
					],
					"texture": "#0"
				}
			}
		},
		{
			"from": [
				7.6,
				3.75,
				14.6
			],
			"to": [
				8.4,
				4.05,
				14.7
			],
			"rotation": {
				"angle": 0,
				"axis": "y",
				"origin": [
					0.5,
					-1.25,
					0.05
				]
			},
			"faces": {
				"north": {
					"uv": [
						8.5,
						6.5,
						9,
						6.75
					],
					"texture": "#0"
				},
				"east": {
					"uv": [
						9.5,
						9,
						9.75,
						9.25
					],
					"texture": "#0"
				},
				"south": {
					"uv": [
						7,
						8.5,
						7.5,
						8.75
					],
					"texture": "#0"
				},
				"west": {
					"uv": [
						9.5,
						9.5,
						9.75,
						9.75
					],
					"texture": "#0"
				},
				"up": {
					"uv": [
						9,
						7.25,
						8.5,
						7
					],
					"texture": "#0"
				},
				"down": {
					"uv": [
						8,
						8.5,
						7.5,
						8.75
					],
					"texture": "#0"
				}
			}
		},
		{
			"from": [
				7.7,
				4.05,
				14
			],
			"to": [
				7.9,
				4.15,
				14.6
			],
			"rotation": {
				"angle": 0,
				"axis": "y",
				"origin": [
					0.5,
					-1.25,
					0.05
				]
			},
			"faces": {
				"north": {
					"uv": [
						9.5,
						3,
						9.75,
						3.25
					],
					"texture": "#0"
				},
				"east": {
					"uv": [
						3.5,
						9.5,
						3.75,
						9.75
					],
					"texture": "#0"
				},
				"south": {
					"uv": [
						9.5,
						3.5,
						9.75,
						3.75
					],
					"texture": "#0"
				},
				"west": {
					"uv": [
						4,
						9.5,
						4.25,
						9.75
					],
					"texture": "#0"
				},
				"up": {
					"uv": [
						9.75,
						4.25,
						9.5,
						4
					],
					"texture": "#0"
				},
				"down": {
					"uv": [
						4.75,
						9.5,
						4.5,
						9.75
					],
					"texture": "#0"
				}
			}
		},
		{
			"from": [
				8.1,
				4.05,
				14
			],
			"to": [
				8.3,
				4.15,
				14.6
			],
			"rotation": {
				"angle": 0,
				"axis": "y",
				"origin": [
					0.5,
					-1.25,
					0.05
				]
			},
			"faces": {
				"north": {
					"uv": [
						9.5,
						4.5,
						9.75,
						4.75
					],
					"texture": "#0"
				},
				"east": {
					"uv": [
						5,
						9.5,
						5.25,
						9.75
					],
					"texture": "#0"
				},
				"south": {
					"uv": [
						9.5,
						5,
						9.75,
						5.25
					],
					"texture": "#0"
				},
				"west": {
					"uv": [
						5.5,
						9.5,
						5.75,
						9.75
					],
					"texture": "#0"
				},
				"up": {
					"uv": [
						9.75,
						5.75,
						9.5,
						5.5
					],
					"texture": "#0"
				},
				"down": {
					"uv": [
						6.25,
						9.5,
						6,
						9.75
					],
					"texture": "#0"
				}
			}
		},
		{
			"from": [
				7.7,
				3.45,
				12.2
			],
			"to": [
				8.3,
				4,
				14
			],
			"rotation": {
				"angle": 0,
				"axis": "y",
				"origin": [
					0.5,
					-1.25,
					0.35
				]
			},
			"faces": {
				"north": {
					"uv": [
						2.5,
						10,
						2.75,
						10.25
					],
					"texture": "#0"
				},
				"east": {
					"uv": [
						6.5,
						4.5,
						7.5,
						4.75
					],
					"texture": "#0"
				},
				"south": {
					"uv": [
						10,
						2.5,
						10.25,
						2.75
					],
					"texture": "#0"
				},
				"west": {
					"uv": [
						6.5,
						5,
						7.5,
						5.25
					],
					"texture": "#0"
				},
				"up": {
					"uv": [
						5.25,
						7.5,
						5,
						6.5
					],
					"texture": "#0"
				},
				"down": {
					"uv": [
						6.75,
						5.5,
						6.5,
						6.5
					],
					"texture": "#0"
				}
			}
		},
		{
			"from": [
				7.5,
				2.925,
				8.65
			],
			"to": [
				8.45,
				3.875,
				9.05
			],
			"rotation": {
				"angle": 0,
				"axis": "y",
				"origin": [
					0.5,
					-1.25,
					0.35
				]
			},
			"faces": {
				"north": {
					"uv": [
						4.5,
						10,
						5.25,
						10.75
					],
					"texture": "#0"
				},
				"east": {
					"uv": [
						5.5,
						10,
						5.75,
						10.75
					],
					"texture": "#0"
				},
				"south": {
					"uv": [
						10,
						4.5,
						10.75,
						5.25
					],
					"texture": "#0"
				},
				"west": {
					"uv": [
						10,
						5.5,
						10.25,
						6.25
					],
					"texture": "#0"
				},
				"up": {
					"uv": [
						6.75,
						10.25,
						6,
						10
					],
					"texture": "#0"
				},
				"down": {
					"uv": [
						10.75,
						6.5,
						10,
						6.75
					],
					"texture": "#0"
				}
			}
		},
		{
			"from": [
				7.5,
				2.175,
				11.6
			],
			"to": [
				8.5,
				3.925,
				11.9
			],
			"rotation": {
				"angle": 0,
				"axis": "y",
				"origin": [
					0.5,
					-1.25,
					0.35
				]
			},
			"faces": {
				"north": {
					"uv": [
						2,
						4.5,
						2.5,
						5.5
					],
					"texture": "#0"
				},
				"east": {
					"uv": [
						5.5,
						6,
						5.75,
						7
					],
					"texture": "#0"
				},
				"south": {
					"uv": [
						4.5,
						3.5,
						5,
						4.5
					],
					"texture": "#0"
				},
				"west": {
					"uv": [
						6,
						5.5,
						6.25,
						6.5
					],
					"texture": "#0"
				},
				"up": {
					"uv": [
						9,
						1.75,
						8.5,
						1.5
					],
					"texture": "#0"
				},
				"down": {
					"uv": [
						2.5,
						8.5,
						2,
						8.75
					],
					"texture": "#0"
				}
			}
		},
		{
			"from": [
				7.4,
				1.75,
				11.9
			],
			"to": [
				8.6,
				4,
				12.2
			],
			"rotation": {
				"angle": 0,
				"axis": "y",
				"origin": [
					0.5,
					-1.25,
					0.35
				]
			},
			"faces": {
				"north": {
					"uv": [
						4,
						4.5,
						4.5,
						5.5
					],
					"texture": "#0"
				},
				"east": {
					"uv": [
						6.5,
						1,
						6.75,
						2
					],
					"texture": "#0"
				},
				"south": {
					"uv": [
						4.5,
						4.5,
						5,
						5.5
					],
					"texture": "#0"
				},
				"west": {
					"uv": [
						2,
						6.5,
						2.25,
						7.5
					],
					"texture": "#0"
				},
				"up": {
					"uv": [
						9,
						4.25,
						8.5,
						4
					],
					"texture": "#0"
				},
				"down": {
					"uv": [
						5,
						8.5,
						4.5,
						8.75
					],
					"texture": "#0"
				}
			}
		},
		{
			"from": [
				7.4,
				2.25,
				14.2
			],
			"to": [
				8.6,
				3.5,
				14.5
			],
			"rotation": {
				"angle": 0,
				"axis": "y",
				"origin": [
					0.5,
					-1.25,
					0.35
				]
			},
			"faces": {
				"north": {
					"uv": [
						4.5,
						5.5,
						5,
						6.25
					],
					"texture": "#0"
				},
				"east": {
					"uv": [
						3.5,
						7.5,
						3.75,
						8.25
					],
					"texture": "#0"
				},
				"south": {
					"uv": [
						5.5,
						5,
						6,
						5.75
					],
					"texture": "#0"
				},
				"west": {
					"uv": [
						4,
						7.5,
						4.25,
						8.25
					],
					"texture": "#0"
				},
				"up": {
					"uv": [
						9,
						7.75,
						8.5,
						7.5
					],
					"texture": "#0"
				},
				"down": {
					"uv": [
						8.5,
						8.5,
						8,
						8.75
					],
					"texture": "#0"
				}
			}
		},
		{
			"from": [
				7.55,
				2.975,
				11.35
			],
			"to": [
				8.45,
				3.875,
				11.6
			],
			"rotation": {
				"angle": 0,
				"axis": "y",
				"origin": [
					0.5,
					-1.25,
					0.35
				]
			},
			"faces": {
				"north": {
					"uv": [
						2,
						6,
						2.5,
						6.5
					],
					"texture": "#0"
				},
				"east": {
					"uv": [
						7.5,
						7.5,
						7.75,
						8
					],
					"texture": "#0"
				},
				"south": {
					"uv": [
						2.5,
						6,
						3,
						6.5
					],
					"texture": "#0"
				},
				"west": {
					"uv": [
						8,
						0,
						8.25,
						0.5
					],
					"texture": "#0"
				},
				"up": {
					"uv": [
						8.5,
						0.75,
						8,
						0.5
					],
					"texture": "#0"
				},
				"down": {
					"uv": [
						8.5,
						1,
						8,
						1.25
					],
					"texture": "#0"
				}
			}
		},
		{
			"from": [
				7.55,
				3,
				9.95
			],
			"to": [
				8.45,
				3.875,
				10.2
			],
			"rotation": {
				"angle": 0,
				"axis": "y",
				"origin": [
					0.5,
					-1.25,
					0.35
				]
			},
			"faces": {
				"north": {
					"uv": [
						6,
						6.5,
						6.5,
						7
					],
					"texture": "#0"
				},
				"east": {
					"uv": [
						8.5,
						8,
						8.75,
						8.5
					],
					"texture": "#0"
				},
				"south": {
					"uv": [
						6.5,
						6.5,
						7,
						7
					],
					"texture": "#0"
				},
				"west": {
					"uv": [
						8.5,
						8.5,
						8.75,
						9
					],
					"texture": "#0"
				},
				"up": {
					"uv": [
						0.5,
						9.25,
						0,
						9
					],
					"texture": "#0"
				},
				"down": {
					"uv": [
						9.5,
						0,
						9,
						0.25
					],
					"texture": "#0"
				}
			}
		},
		{
			"from": [
				7.55,
				2.975,
				9.95
			],
			"to": [
				7.85,
				3.075,
				10.2
			],
			"rotation": {
				"angle": 0,
				"axis": "y",
				"origin": [
					0.5,
					-1.25,
					0.35
				]
			},
			"faces": {
				"north": {
					"uv": [
						3,
						10,
						3.25,
						10.25
					],
					"texture": "#0"
				},
				"east": {
					"uv": [
						10,
						3,
						10.25,
						3.25
					],
					"texture": "#0"
				},
				"south": {
					"uv": [
						3.5,
						10,
						3.75,
						10.25
					],
					"texture": "#0"
				},
				"west": {
					"uv": [
						10,
						3.5,
						10.25,
						3.75
					],
					"texture": "#0"
				},
				"up": {
					"uv": [
						4.25,
						10.25,
						4,
						10
					],
					"texture": "#0"
				},
				"down": {
					"uv": [
						10.25,
						4,
						10,
						4.25
					],
					"texture": "#0"
				}
			}
		},
		{
			"from": [
				7.6,
				3.025,
				9.05
			],
			"to": [
				8.4,
				3.825,
				13.5
			],
			"rotation": {
				"angle": 0,
				"axis": "y",
				"origin": [
					0.5,
					-1.25,
					0.35
				]
			},
			"faces": {
				"north": {
					"uv": [
						2,
						10,
						2.25,
						10.25
					],
					"texture": "#0"
				},
				"east": {
					"uv": [
						3,
						2,
						5.25,
						2.25
					],
					"texture": "#0"
				},
				"south": {
					"uv": [
						10,
						2,
						10.25,
						2.25
					],
					"texture": "#0"
				},
				"west": {
					"uv": [
						3,
						2.5,
						5.25,
						2.75
					],
					"texture": "#0"
				},
				"up": {
					"uv": [
						3.25,
						5.25,
						3,
						3
					],
					"texture": "#0"
				},
				"down": {
					"uv": [
						3.75,
						3,
						3.5,
						5.25
					],
					"texture": "#0"
				}
			}
		},
		{
			"from": [
				7.85,
				2.375,
				11.45
			],
			"to": [
				8.55,
				3.075,
				11.6
			],
			"rotation": {
				"angle": 0,
				"axis": "y",
				"origin": [
					0.5,
					-1.25,
					0.35
				]
			},
			"faces": {
				"north": {
					"uv": [
						9.5,
						6,
						9.75,
						6.25
					],
					"texture": "#0"
				},
				"east": {
					"uv": [
						6.5,
						9.5,
						6.75,
						9.75
					],
					"texture": "#0"
				},
				"south": {
					"uv": [
						9.5,
						6.5,
						9.75,
						6.75
					],
					"texture": "#0"
				},
				"west": {
					"uv": [
						7,
						9.5,
						7.25,
						9.75
					],
					"texture": "#0"
				},
				"up": {
					"uv": [
						9.75,
						7.25,
						9.5,
						7
					],
					"texture": "#0"
				},
				"down": {
					"uv": [
						7.75,
						9.5,
						7.5,
						9.75
					],
					"texture": "#0"
				}
			}
		},
		{
			"from": [
				7.95,
				2.475,
				9.85
			],
			"to": [
				8.45,
				2.975,
				13
			],
			"rotation": {
				"angle": 0,
				"axis": "y",
				"origin": [
					0.5,
					-1.25,
					0.35
				]
			},
			"faces": {
				"north": {
					"uv": [
						1.5,
						10,
						1.75,
						10.25
					],
					"texture": "#0"
				},
				"east": {
					"uv": [
						6,
						0,
						7.5,
						0.25
					],
					"texture": "#0"
				},
				"south": {
					"uv": [
						10,
						1.5,
						10.25,
						1.75
					],
					"texture": "#0"
				},
				"west": {
					"uv": [
						6,
						0.5,
						7.5,
						0.75
					],
					"texture": "#0"
				},
				"up": {
					"uv": [
						1.25,
						7.5,
						1,
						6
					],
					"texture": "#0"
				},
				"down": {
					"uv": [
						1.75,
						6,
						1.5,
						7.5
					],
					"texture": "#0"
				}
			}
		},
		{
			"from": [
				7.85,
				2.375,
				9.95
			],
			"to": [
				8.55,
				3,
				10.2
			],
			"rotation": {
				"angle": 0,
				"axis": "y",
				"origin": [
					0.5,
					-1.25,
					0.35
				]
			},
			"faces": {
				"north": {
					"uv": [
						0,
						10,
						0.25,
						10.25
					],
					"texture": "#0"
				},
				"east": {
					"uv": [
						10,
						0,
						10.25,
						0.25
					],
					"texture": "#0"
				},
				"south": {
					"uv": [
						0.5,
						10,
						0.75,
						10.25
					],
					"texture": "#0"
				},
				"west": {
					"uv": [
						10,
						0.5,
						10.25,
						0.75
					],
					"texture": "#0"
				},
				"up": {
					"uv": [
						1.25,
						10.25,
						1,
						10
					],
					"texture": "#0"
				},
				"down": {
					"uv": [
						10.25,
						1,
						10,
						1.25
					],
					"texture": "#0"
				}
			}
		},
		{
			"from": [
				7.95,
				3.875,
				8.75
			],
			"to": [
				8.05,
				4.075,
				8.95
			],
			"rotation": {
				"angle": 0,
				"axis": "y",
				"origin": [
					0.5,
					-1.25,
					0.35
				]
			},
			"faces": {
				"north": {
					"uv": [
						2.5,
						9,
						2.75,
						9.25
					],
					"texture": "#0"
				},
				"east": {
					"uv": [
						9,
						2.5,
						9.25,
						2.75
					],
					"texture": "#0"
				},
				"south": {
					"uv": [
						3,
						9,
						3.25,
						9.25
					],
					"texture": "#0"
				},
				"west": {
					"uv": [
						9,
						3,
						9.25,
						3.25
					],
					"texture": "#0"
				},
				"up": {
					"uv": [
						3.75,
						9.25,
						3.5,
						9
					],
					"texture": "#0"
				},
				"down": {
					"uv": [
						9.25,
						3.5,
						9,
						3.75
					],
					"texture": "#0"
				}
			}
		},
		{
			"from": [
				6.98968,
				2.49633,
				12.29248
			],
			"to": [
				9.02008,
				3.30773,
				14.02768
			],
			"rotation": {
				"angle": -22.5,
				"axis": "z",
				"origin": [
					8.00234,
					2.90203,
					13.155
				]
			},
			"faces": {
				"north": {
					"uv": [
						4,
						1,
						5,
						1.5
					],
					"texture": "#0"
				},
				"east": {
					"uv": [
						5,
						1.5,
						5.75,
						2
					],
					"texture": "#0"
				},
				"south": {
					"uv": [
						1.5,
						4,
						2.5,
						4.5
					],
					"texture": "#0"
				},
				"west": {
					"uv": [
						1.5,
						5.5,
						2.25,
						6
					],
					"texture": "#0"
				},
				"up": {
					"uv": [
						2,
						0.75,
						1,
						0
					],
					"texture": "#0"
				},
				"down": {
					"uv": [
						2,
						1,
						1,
						1.75
					],
					"texture": "#0"
				}
			}
		},
		{
			"from": [
				6.98535,
				2.49812,
				12.2874
			],
			"to": [
				9.01575,
				3.30952,
				14.0226
			],
			"rotation": {
				"angle": 22.5,
				"axis": "z",
				"origin": [
					8.00234,
					2.90203,
					13.155
				]
			},
			"faces": {
				"north": {
					"uv": [
						4,
						1.5,
						5,
						2
					],
					"texture": "#0"
				},
				"east": {
					"uv": [
						5.5,
						2,
						6.25,
						2.5
					],
					"texture": "#0"
				},
				"south": {
					"uv": [
						4,
						3,
						5,
						3.5
					],
					"texture": "#0"
				},
				"west": {
					"uv": [
						5.5,
						2.5,
						6.25,
						3
					],
					"texture": "#0"
				},
				"up": {
					"uv": [
						1,
						2.75,
						0,
						2
					],
					"texture": "#0"
				},
				"down": {
					"uv": [
						3,
						0,
						2,
						0.75
					],
					"texture": "#0"
				}
			}
		},
		{
			"from": [
				7.59411,
				1.88683,
				12.28232
			],
			"to": [
				8.40551,
				3.91723,
				14.01752
			],
			"rotation": {
				"angle": -22.5,
				"axis": "z",
				"origin": [
					8.00234,
					2.90203,
					13.155
				]
			},
			"faces": {
				"north": {
					"uv": [
						2.5,
						4,
						3,
						5
					],
					"texture": "#0"
				},
				"east": {
					"uv": [
						1,
						2,
						1.75,
						3
					],
					"texture": "#0"
				},
				"south": {
					"uv": [
						4,
						3.5,
						4.5,
						4.5
					],
					"texture": "#0"
				},
				"west": {
					"uv": [
						2,
						1,
						2.75,
						2
					],
					"texture": "#0"
				},
				"up": {
					"uv": [
						1,
						6.25,
						0.5,
						5.5
					],
					"texture": "#0"
				},
				"down": {
					"uv": [
						3.5,
						5.5,
						3,
						6.25
					],
					"texture": "#0"
				}
			}
		},
		{
			"from": [
				7.61985,
				1.88862,
				12.2874
			],
			"to": [
				8.38125,
				3.91902,
				14.0226
			],
			"rotation": {
				"angle": 22.5,
				"axis": "z",
				"origin": [
					8.00234,
					2.90203,
					13.155
				]
			},
			"faces": {
				"north": {
					"uv": [
						4.5,
						0,
						5,
						1
					],
					"texture": "#0"
				},
				"east": {
					"uv": [
						2,
						2,
						2.75,
						3
					],
					"texture": "#0"
				},
				"south": {
					"uv": [
						1.5,
						4.5,
						2,
						5.5
					],
					"texture": "#0"
				},
				"west": {
					"uv": [
						0,
						3,
						0.75,
						4
					],
					"texture": "#0"
				},
				"up": {
					"uv": [
						6,
						3.75,
						5.5,
						3
					],
					"texture": "#0"
				},
				"down": {
					"uv": [
						4,
						5.5,
						3.5,
						6.25
					],
					"texture": "#0"
				}
			}
		},
		{
			"from": [
				7.08968,
				2.52133,
				13.99248
			],
			"to": [
				8.92008,
				3.28273,
				14.22768
			],
			"rotation": {
				"angle": -22.5,
				"axis": "z",
				"origin": [
					8.00234,
					2.90203,
					13.155
				]
			},
			"faces": {
				"north": {
					"uv": [
						0,
						5,
						1,
						5.5
					],
					"texture": "#0"
				},
				"east": {
					"uv": [
						8.5,
						4.5,
						8.75,
						5
					],
					"texture": "#0"
				},
				"south": {
					"uv": [
						5,
						0,
						6,
						0.5
					],
					"texture": "#0"
				},
				"west": {
					"uv": [
						5,
						8.5,
						5.25,
						9
					],
					"texture": "#0"
				},
				"up": {
					"uv": [
						7.5,
						2.25,
						6.5,
						2
					],
					"texture": "#0"
				},
				"down": {
					"uv": [
						3.5,
						6.5,
						2.5,
						6.75
					],
					"texture": "#0"
				}
			}
		},
		{
			"from": [
				7.08535,
				2.52312,
				13.9874
			],
			"to": [
				8.91575,
				3.28452,
				14.2226
			],
			"rotation": {
				"angle": 22.5,
				"axis": "z",
				"origin": [
					8.00234,
					2.90203,
					13.155
				]
			},
			"faces": {
				"north": {
					"uv": [
						5,
						0.5,
						6,
						1
					],
					"texture": "#0"
				},
				"east": {
					"uv": [
						8.5,
						5,
						8.75,
						5.5
					],
					"texture": "#0"
				},
				"south": {
					"uv": [
						5,
						1,
						6,
						1.5
					],
					"texture": "#0"
				},
				"west": {
					"uv": [
						5.5,
						8.5,
						5.75,
						9
					],
					"texture": "#0"
				},
				"up": {
					"uv": [
						7.5,
						2.75,
						6.5,
						2.5
					],
					"texture": "#0"
				},
				"down": {
					"uv": [
						7.5,
						3,
						6.5,
						3.25
					],
					"texture": "#0"
				}
			}
		},
		{
			"from": [
				7.61911,
				1.98683,
				13.98232
			],
			"to": [
				8.38051,
				3.81723,
				14.21752
			],
			"rotation": {
				"angle": -22.5,
				"axis": "z",
				"origin": [
					8.00234,
					2.90203,
					13.155
				]
			},
			"faces": {
				"north": {
					"uv": [
						1,
						5,
						1.5,
						6
					],
					"texture": "#0"
				},
				"east": {
					"uv": [
						3.5,
						6.5,
						3.75,
						7.5
					],
					"texture": "#0"
				},
				"south": {
					"uv": [
						2.5,
						5,
						3,
						6
					],
					"texture": "#0"
				},
				"west": {
					"uv": [
						6.5,
						3.5,
						6.75,
						4.5
					],
					"texture": "#0"
				},
				"up": {
					"uv": [
						9,
						5.75,
						8.5,
						5.5
					],
					"texture": "#0"
				},
				"down": {
					"uv": [
						6.5,
						8.5,
						6,
						8.75
					],
					"texture": "#0"
				}
			}
		},
		{
			"from": [
				7.61985,
				1.98862,
				13.9874
			],
			"to": [
				8.38125,
				3.81902,
				14.2226
			],
			"rotation": {
				"angle": 22.5,
				"axis": "z",
				"origin": [
					8.00234,
					2.90203,
					13.155
				]
			},
			"faces": {
				"north": {
					"uv": [
						5,
						3,
						5.5,
						4
					],
					"texture": "#0"
				},
				"east": {
					"uv": [
						4,
						6.5,
						4.25,
						7.5
					],
					"texture": "#0"
				},
				"south": {
					"uv": [
						5,
						4,
						5.5,
						5
					],
					"texture": "#0"
				},
				"west": {
					"uv": [
						4.5,
						6.5,
						4.75,
						7.5
					],
					"texture": "#0"
				},
				"up": {
					"uv": [
						9,
						6.25,
						8.5,
						6
					],
					"texture": "#0"
				},
				"down": {
					"uv": [
						7,
						8.5,
						6.5,
						8.75
					],
					"texture": "#0"
				}
			}
		}
	],
	"groups": [
		0,
		1,
		2,
		3,
		4,
		5,
		6,
		7,
		8,
		9,
		10,
		11,
		12,
		13,
		14,
		15,
		16,
		17,
		18,
		19,
		20,
		21,
		22,
		23,
		24,
		25,
		26,
		27,
		28,
		29,
		30,
		31,
		32,
		33,
		34,
		35,
		36,
		37,
		{
			"name": "group",
			"origin": [
				8,
				1.728,
				8.675
			],
			"color": 0,
			"children": [
				38,
				39,
				40,
				41
			]
		},
		{
			"name": "group",
			"origin": [
				8,
				1.728,
				8.675
			],
			"color": 0,
			"children": [
				42,
				43,
				44,
				45
			]
		}
	],
	"display": {
		"thirdperson_righthand": {
			"translation": [
				0,
				8.75,
				-8.25
			],
			"scale": [
				1.47,
				1.47,
				1.47
			]
		},
		"thirdperson_lefthand": {
			"translation": [
				0,
				8.75,
				-8.25
			],
			"scale": [
				-1.47,
				1.47,
				1.47
			]
		},
		"firstperson_righthand": {
			"translation": [
				-6,
				10.75,
				2.5
			],
			"scale": [
				0.83,
				0.83,
				0.83
			]
		},
		"firstperson_lefthand": {
			"translation": [
				-6,
				10.75,
				2.5
			],
			"scale": [
				-0.83,
				0.83,
				0.83
			]
		},
		"ground": {
			"translation": [
				0.75,
				8.25,
				-6.25
			],
			"scale": [
				1.39,
				1.39,
				1.39
			]
		},
		"gui": {
			"rotation": [
				18,
				-144,
				0
			],
			"translation": [
				5.5,
				8.5,
				0
			],
			"scale": [
				2,
				2,
				2
			]
		},
		"fixed": {
			"rotation": [
				0,
				90,
				0
			],
			"translation": [
				-8.25,
				9.5,
				-1.25
			],
			"scale": [
				1.77,
				1.77,
				1.77
			]
		}
	}
}