{
	"credit": "Made with Blockbench",
	"ambientocclusion": false,
	"textures": {
		"2": "block/Lever_cobblestone",
		"lever": "block/lever"
	},
	"elements": [
		{
			"from": [5, 0, 4],
			"to": [11, 3, 12],
			"faces": {
				"north": {"uv": [10, 13, 16, 16], "texture": "#2"},
				"east": {"uv": [0, 13, 8, 16], "texture": "#2"},
				"south": {"uv": [10, 0, 16, 3], "texture": "#2"},
				"west": {"uv": [0, 0, 8, 3], "texture": "#2"},
				"up": {"uv": [7, 4, 13, 12], "texture": "#2"},
				"down": {"uv": [0, 4, 6, 12], "texture": "#2", "cullface": "down"}
			}
		},
		{
			"from": [7, 1, 7],
			"to": [9, 11, 9],
			"rotation": {"angle": -45, "axis": "x", "origin": [8, 1, 8]},
			"faces": {
				"north": {"uv": [7, 3, 9, 13], "texture": "#lever"},
				"east": {"uv": [7, 3, 9, 13], "texture": "#lever"},
				"south": {"uv": [7, 3, 9, 13], "texture": "#lever"},
				"west": {"uv": [7, 3, 9, 13], "texture": "#lever"},
				"up": {"uv": [7, 3, 9, 5], "texture": "#lever"}
			}
		}
	]
}