{
  "general": {
    "rate": 4,
    "gripType": "cgm:two_handed",
    "maxAmmo": 5,
    "reloadAmount": 1,
    "recoilAngle": 10.0,
    "recoilKick": 0.1,
    "recoilAdsReduction": 0.5,
    "alwaysSpread": true,
    "spread": 1.0
  },
  "projectile": {
    "item": "scorchedguns:shotbolt",
    "damage": 7.0,
    "size": 2.0,
    "speed": 4.0,
    "life": 30,
    "gravity": true
  },
  "sounds": {
    "fire": "cgm:item.grenade_launcher.fire",
    "reload": "cgm:item.pistol.reload",
    "cock": "cgm:item.rifle.cock",
    "silencedFire": "cgm:item.rifle.silenced_fire",
    "enchantedFire": "cgm:item.grenade_launcher.enchanted_fire"
  },
  "display": {

  },
  "modules": {
    "zoom": {
      "yOffset": 4.9,
      "zOffset": 0.5,
      "fovModifier": 0.7
    },
    "attachments": {
      "scope": {
        "yOffset": 4.5,
        "zOffset": 6.6,
        "scale": 0.6
      },
      "stock": {
        "yOffset": 3.8,
        "zOffset": 10.5,
        "scale": 0.75
      }
    }
  }
}