{
  "general": {
    "auto": true,
    "rate": 2,
    "gripType": "cgm:two_handed",
    "maxAmmo": 9,
    "reloadAmount": 1,
    "recoilAngle": 7.0,
    "recoilKick": 7.0,
    "recoilAdsReduction": 0.5,
    "alwaysSpread": true,
    "spread": 25.0
  },
  "projectile": {
    "item": "scorchedguns:simple_bullet",
    "damage": 3.0,
    "size": 0.2,
    "speed": 10.0,
    "life": 25
  },
  "sounds": {
    "fire": "cgm:item.pistol.fire",
    "reload": "cgm:item.pistol.reload",
    "cock": "cgm:item.pistol.cock",
    "silencedFire": "cgm:item.pistol.silenced_fire",
    "enchantedFire": "cgm:item.pistol.enchanted_fire"
  },
  "display": {
    "flash": {
      "yOffset": 3.4,
      "zOffset": -9.64
    }
  },
  "modules": {
    "zoom": {
      "yOffset": 4.8,
      "zOffset": 0.5,
      "fovModifier": 0.8
    },
    "attachments": {
      "scope": {
        "yOffset": 4.8,
        "zOffset": 6.0,
        "scale": 0.75
      },
      "stock": {
        "yOffset": 3.0,
        "zOffset": 8.6
      }
    }
  }
}