{
  "general": {
    "auto": true,
    "rate": 5,
    "gripType": "cgm:one_handed",
    "maxAmmo": 12,
    "reloadAmount": 20,
    "recoilAngle": 1.0,
    "alwaysSpread": true,
    "projectileAmount": 6,
    "spread": 8.0
  },
  "projectile": {
    "item": "scorchedguns:encased_fire",
    "damage": 15.0,
    "size": 3.2,
    "speed": 1.5,
    "life": 50,
    "gravity": true
  },
  "sounds": {
    "fire": "scorchedguns:item.flamethrower.fire",
    "reload": "cgm:item.pistol.reload",
    "enchantedFire": "scorchedguns:item.flamethrower.fire"
  },
  "display": {
    "flash": {
    }
  }
}