{
  "general": {
    "rate": 11,
    "gripType": "cgm:two_handed",
    "maxAmmo": 7,
    "reloadAmount": 1,
    "recoilAngle": 10.0,
    "recoilKick": 0.5,
    "recoilAdsReduction": 0.5,
    "alwaysSpread": true,
    "spread": 1.0
  },
  "projectile": {
    "item": "cgm:basic_bullet",
    "damage": 12.0,
    "size": 0.0625,
    "speed": 20.0,
    "life": 30,
    "gravity": true
  },
  "sounds": {
    "fire": "scorchedguns:item.magnum.fire",
    "reload": "cgm:item.pistol.reload",
    "cock": "cgm:item.rifle.cock",
    "silencedFire": "cgm:item.rifle.silenced_fire",
    "enchantedFire": "cgm:item.rifle.enchanted_fire"
  },
  "display": {
    "flash": {
      "yOffset": 4.7,
      "zOffset": -12.0,
      "size": 1.0
    }
  },
  "modules": {
    "zoom": {
      "yOffset": 6.1,
      "zOffset": 1.3,
      "fovModifier": 0.8
    },
    "attachments": {
      "stock": {
        "yOffset": 2.3,
        "zOffset": 9.5,
        "scale": 1.1
      },
      "scope": {
        "yOffset": 5.8,
        "zOffset": 2.2,
        "scale": 0.8
      },
      "barrel": {
        "yOffset": 5.0,
        "zOffset": -10.6,
        "scale": 0.4
      }
    }
  }
}