{
  "general": {
    "rate": 4,
    "auto": true,
    "gripType": "cgm:bazooka",
    "maxAmmo": 7,
    "recoilAngle": 15.0,
    "recoilDurationOffset": 0.25,
    "projectileAmount": 17,
    "alwaysSpread": true,
    "spread": 16.0
  },
  "projectile": {
    "item": "scorchedguns:volatile_scrap",
    "visible": true,
    "damage": 8.0,
    "size": 0.2,
    "speed": 5.0,
    "life": 150
  },
  "sounds": {
    "fire": "cgm:item.shotgun.fire",
    "reload": "cgm:item.pistol.reload",
    "cock": "cgm:item.heavy_rifle.cock"
  },
  "display": {
    "flash": {
      "yOffset": 4.3,
      "zOffset": -8.01,
      "size": 1.5
    }
  },
  "modules": {
    "zoom": {
      "xOffset": 3.04,
      "yOffset": 4.35,
      "zOffset": 4.0,
      "fovModifier": 0.7
    }
  }
}