{
  "general": {
    "rate": 12,
    "gripType": "cgm:one_handed",
    "maxAmmo": 6,
    "reloadAmount": 1,
    "recoilAngle": 10.0,
    "recoilKick": 2.0,
    "recoilAdsReduction": 0.5,
    "alwaysSpread": true,
    "spread": 1.0
  },
  "projectile": {
    "item": "scorchedguns:scorched_big_bullet",
    "damage": 28.0,
    "size": 0.0625,
    "speed": 50.0,
    "life": 60,
    "gravity": true
  },
  "sounds": {
    "fire": "scorchedguns:item.magnum.fire",
    "reload": "cgm:item.pistol.reload",
    "cock": "cgm:item.rifle.cock",
    "silencedFire": "cgm:item.rifle.silenced_fire",
    "enchantedFire": "cgm:item.rifle.enchanted_fire"
  },
  "display": {
    "flash": {
      "yOffset": 4.5,
      "zOffset": -9.9
    }
  },
  "modules": {
    "zoom": {
      "yOffset": 5.5,
      "zOffset": -1.0,
      "fovModifier": 0.7
    },
    "attachments": {
      "scope": {
        "yOffset": 5.3,
        "zOffset": 1.0,
        "scale": 0.75
      },
      "barrel": {
        "yOffset": 4.4,
        "zOffset": -9.2,
        "scale": 0.35
      }
    }
  }
}