{
  "general": {
    "rate": 70,
    "gripType": "cgm:two_handed",
    "maxAmmo": 1,
    "reloadAmount": 1,
    "recoilAngle": 6.0,
    "recoilKick": 0.1,
    "recoilAdsReduction": 0.5,
    "alwaysSpread": true,
    "spread": 6.0
  },
  "projectile": {
    "item": "scorchedguns:shotbolt",
    "damage": 12.0,
    "size": 0.5,
    "speed": 10.0,
    "life": 30,
    "gravity": true
  },
  "sounds": {
    "fire": "cgm:item.grenade_launcher.fire",
    "reload": "cgm:item.pistol.reload",
    "cock": "cgm:item.rifle.cock",
    "silencedFire": "cgm:item.rifle.silenced_fire",
    "enchantedFire": "cgm:item.grenade_launcher.fire"
  },
  "display": {
    "flash": {

    }
  },
  "modules": {
    "zoom": {
      "yOffset": 4.6,
      "zOffset": -1.0,
      "fovModifier": 0.7
    },
    "attachments": {
      "scope": {
        "yOffset": 4.4,
        "zOffset": 4.4,
        "scale": 0.75
      }
    }
  }
}