{
  "general": {
    "auto": true,
    "rate": 3,
    "gripType": "cgm:two_handed",
    "maxAmmo": 12,
    "reloadAmount":12,
    "recoilAngle": 13.0,
    "recoilKick": 15.0,
    "recoilAdsReduction": 0.6,
    "alwaysSpread": true,
    "spread": 28.0,
    "projectileAmount": 12
  },
  "projectile": {
    "item": "cgm:shell",
    "damage": 16.0,
    "size": 0.1,
    "speed": 23.0,
    "life": 25
  },
  "sounds": {
    "fire": "cgm:item.shotgun.fire",
    "reload": "cgm:item.pistol.reload",
    "cock": "cgm:item.pistol.cock",
    "silencedFire": "cgm:item.pistol.silenced_fire",
    "enchantedFire": "cgm:item.pistol.enchanted_fire"
  },
  "display": {
    "flash": {
      "yOffset": 4.0,
      "zOffset": -13.0
    }
  },
    "modules": {
      "zoom": {
        "yOffset": 5.5,
        "zOffset": 2.6,
        "fovModifier": 1.0
      },
      "attachments": {
        "scope": {
          "yOffset": 4.8,
          "zOffset": 4.5,
          "scale": 0.75
        },
        "underBarrel": {
          "yOffset": 1.15,
          "zOffset": -6.4,
          "scale": 0.95
        }
      }
    }}