{
  "general": {
    "rate": 3,
    "gripType": "cgm:two_handed",
    "maxAmmo": 16,
    "reloadAmount": 16,
    "recoilAngle": 2.0,
    "recoilAdsReduction": 0.6,
    "alwaysSpread": true,
    "spread": 1.0
  },
  "projectile": {
    "item": "scorchedguns:experimental_round",
    "damage": 18.0,
    "size": 0.2,
    "speed": 10.0,
    "life": 25
  },
  "sounds": {
    "fire": "scorchedguns:item.pistol.fire",
    "reload": "cgm:item.pistol.reload",
    "cock": "cgm:item.pistol.cock",
    "silencedFire": "cgm:item.pistol.silenced_fire",
    "enchantedFire": "cgm:item.pistol.enchanted_fire"
  },
  "display": {
    "flash": {
      "yOffset": 6.8,
      "zOffset": -4.3
    }
  },
  "modules": {
    "zoom": {
      "yOffset": 7.9,
      "zOffset": -1.5,
      "fovModifier": 0.8
    },
    "attachments": {
      "scope": {
        "yOffset": 7.8,
        "zOffset": 6.0,
        "scale": 0.75
      },
      "barrel": {
        "yOffset": 7.1,
        "zOffset": -3.5,
        "scale": 0.3
      },
      "stock": {
        "yOffset": 5.2,
        "zOffset": 10.5,
        "scale": 1.0
      }
    }
  }
}