{
  "general": {
    "rate": 32,
    "gripType": "cgm:two_handed",
    "maxAmmo": 1,
    "reloadAmount": 1,
    "recoilAngle": 10.0,
    "recoilKick": 0.1,
    "recoilAdsReduction": 0.5,
    "alwaysSpread": true,
    "spread": 2.0
  },
  "projectile": {
    "item": "scorchedguns:powder_and_ball",
    "damage": 7.0,
    "size": 0.0625,
    "speed": 20.0,
    "life": 30,
    "gravity": true
  },
  "sounds": {
    "fire": "scorchedguns:item.pistol.fire",
    "reload": "cgm:item.pistol.reload",
    "cock": "cgm:item.rifle.cock",
    "silencedFire": "cgm:item.rifle.silenced_fire",
    "enchantedFire": "cgm:item.rifle.enchanted_fire"
  },
  "display": {
    "flash": {
      "yOffset": 3.3,
      "zOffset": -7.7
    }
  },
  "modules": {
    "zoom": {
      "yOffset": 4.6,
      "zOffset": -1.0,
      "fovModifier": 0.7
    },
    "attachments": {
      "scope": {
        "yOffset": 4.5,
        "zOffset": 5.0,
        "scale": 0.75
      },
      "barrel": {
        "yOffset": 3.8,
        "zOffset": -9.2,
        "scale": 0.3
      }
    }
  }
}