{
  "general": {
    "rate": 75,
    "gripType": "cgm:two_handed",
    "maxAmmo": 1,
    "recoilAngle": 40.0,
    "recoilKick": 40.0,
    "recoilDurationOffset": 0.5,
    "recoilAdsReduction": 0.4,
    "alwaysSpread": true,
    "projectileAmount": 6,
    "spread": 4.0
  },
  "projectile": {
    "item": "scorchedguns:osborne_slug",
    "damage": 50.0,
    "size": 0.0625,
    "speed": 100.0,
    "life": 100,
    "gravity": true
  },
  "sounds": {
    "fire": "scorchedguns:item.heavy.fire",
    "reload": "cgm:item.pistol.reload",
    "cock": "cgm:item.heavy_rifle.cock",
    "silencedFire": "cgm:item.heavy_rifle.silenced_fire",
    "enchantedFire": "cgm:item.heavy_rifle.enchanted_fire"
  },
  "display": {
    "flash": {
      "yOffset": 3.6,
      "zOffset": -25.41,
      "size": 1.0
    }
  },
  "modules": {
    "zoom": {
      "yOffset": 6.6,
      "zOffset": -15.5,
      "fovModifier": 1.0
    },
    "attachments": {
      "scope": {
        "yOffset": 6.3,
        "zOffset": 15.0
      },
      "underBarrel": {
        "yOffset": 2.2,
        "zOffset": 16.0
      }
    }
  }
}