{
  "general": {
    "rate": 8,
    "auto": true,
    "gripType": "cgm:two_handed",
    "maxAmmo": 15,
    "reloadAmount": 15,
    "recoilAngle": 1.0,
    "recoilKick": 0.01,
    "recoilAdsReduction": 0.5,
    "alwaysSpread": true,
    "spread": 1.0
  },
  "projectile": {
    "item": "scorchedguns:ethereal_ec_round",
    "damage": 40.0,
    "size": 0.0625,
    "speed": 200.0,
    "life": 75,
    "gravity": false
  },
  "sounds": {
    "fire": "cgm:item.heavy_rifle.fire",
    "reload": "cgm:item.pistol.reload",
    "cock": "cgm:item.rifle.cock",
    "silencedFire": "cgm:item.rifle.silenced_fire",
    "enchantedFire": "cgm:item.rifle.enchanted_fire"
  },
  "display": {
    "flash": {
      "yOffset": 3.8365,
      "zOffset": -15.21
    }
  },
  "modules": {
    "zoom": {
      "yOffset": 5.9,
      "zOffset": 5.0,
      "fovModifier": 0.8
    },
    "attachments": {
      "scope": {
        "yOffset": 5.7,
        "zOffset": 2.2
      },
      "underBarrel": {
        "yOffset": 1.5,
        "zOffset": -1.5
      }
    }
  }
}