{
  "general": {
    "rate": 15,
    "gripType": "cgm:two_handed",
    "maxAmmo": 12,
    "reloadAmount": 12,
    "recoilAngle": 1.0,
    "recoilKick": 1.0,
    "recoilDurationOffset": 0.5,
    "recoilAdsReduction": 0.4

  },
  "projectile": {
    "item": "scorchedguns:heavy_pig_round",
    "damage": 32.0,
    "size": 0.0625,
    "speed": 100.0,
    "life": 100,
    "gravity": true
  },
  "sounds": {
    "fire": "scorchedguns:item.heavy.fire",
    "reload": "cgm:item.pistol.reload",
    "cock": "cgm:item.heavy_rifle.cock",
    "silencedFire": "cgm:item.heavy_rifle.silenced_fire",
    "enchantedFire": "cgm:item.heavy_rifle.enchanted_fire"
  },
  "display": {
    "flash": {
      "yOffset": 5.0,
      "zOffset": -19.3
    }
  },
  "modules": {
    "zoom": {
      "yOffset": 6.0,
      "zOffset": -1.0,
      "fovModifier": 1.0
    },
    "attachments": {
      "scope": {
        "yOffset": 6.0,
        "zOffset": 2.5,
        "scale": 0.8
      },
      "barrel": {
        "yOffset": 5.1,
        "zOffset": -18.0,
        "scale": 0.4
      }
    }}}