{
  "general": {
    "auto": true,
    "rate": 3,
    "gripType": "cgm:two_handed",
    "maxAmmo": 46,
    "reloadAmount":46,
    "recoilAngle": 4.0,
    "recoilKick": 0.5,
    "recoilAdsReduction": 0.8,
    "alwaysSpread": false,
    "spread": 3.0
  },
  "projectile": {
    "item": "scorchedguns:pig_round",
    "damage": 16.0,
    "size": 0.001,
    "speed": 50.0,
    "life": 50
  },
  "sounds": {
    "fire": "scorchedguns:item.pistol.fire",
    "reload": "cgm:item.pistol.reload",
    "cock": "cgm:item.pistol.cock",
    "silencedFire": "cgm:item.pistol.silenced_fire",
    "enchantedFire": "cgm:item.pistol.enchanted_fire"
  },
  "display": {
      "flash": {
        "yOffset": 5.1,
        "zOffset": -19.3
      }
  },
  "modules": {
    "zoom": {
      "yOffset": 6.5,
      "zOffset": -1.0,
      "fovModifier": 1.0
    },
    "attachments": {
      "scope": {
        "yOffset": 6.5,
        "zOffset": 4.5,
        "scale": 0.8
      },
      "barrel": {
        "yOffset": 5.0,
        "zOffset": -19.4,
        "scale": 0.4
      },
      "underBarrel": {
        "yOffset": 3.1,
        "zOffset": -0.0,
        "scale": 0.9
      }
    }}}

