{
  "general": {
    "rate": 13,
    "gripType": "cgm:one_handed",
    "maxAmmo": 6,
    "reloadAmount": 1,
    "recoilAngle": 8.0,
    "recoilKick": 0.9,
    "recoilAdsReduction": 0.6,
    "alwaysSpread": false,
    "spread": 1.0
  },
  "projectile": {
    "item": "cgm:basic_bullet",
    "damage": 11.0,
    "size": 0.0625,
    "speed": 40.0,
    "life": 60,
    "gravity": true
  },
  "sounds": {
    "fire": "scorchedguns:item.magnum.fire",
    "reload": "cgm:item.pistol.reload",
    "cock": "cgm:item.rifle.cock",
    "silencedFire": "cgm:item.rifle.silenced_fire",
    "enchantedFire": "cgm:item.rifle.enchanted_fire"
  },
  "display": {
    "flash": {
      "yOffset": 3.1,
      "zOffset": -0.6,
      "scale": 0.5
    }
  },
  "modules": {
    "zoom": {
      "yOffset": 4.1,
      "zOffset": 2.4,
      "fovModifier": 0.8
    },
    "attachments": {
      "scope": {
        "yOffset": 4.1,
        "zOffset": 4.3,
        "scale": 0.5
      },
      "stock": {
        "yOffset": 1.5,
        "zOffset": 8.6,
        "scale": 0.7
      }
    }
  }
}