{
 "providers":
   [
	 {
	   "type":"bitmap",
	   "file":"minecraft:font/nether.png",
	   "ascent":9,
	   "height":12,
	   "chars":["\u2C02"]
	 },
	 {
	   "type":"bitmap",
	   "file":"minecraft:font/end.png",
	   "ascent":9,
	   "height":17,
	   "chars":["\u2C03"]
	 },
	 {
	   "type":"bitmap",
	   "file":"minecraft:font/overworld.png",
	   "ascent":9,
	   "height":12,
	   "chars":["\u2C00"]
	 },
	 {
	   "type":"bitmap",
	   "file":"minecraft:font/bumblezone.png",
	   "ascent":9,
	   "height":12,
	   "chars":["\u2C01"]
	 },
	 {
	   "type":"bitmap",
	   "file":"minecraft:font/atum.png",
	   "ascent":9,
	   "height":12,
	   "chars":["\u2C04"]
	 },
	 {
	   "type":"bitmap",
	   "file":"minecraft:font/afterlight.png",
	   "ascent":9,
	   "height":12,
	   "chars":["\u2C05"]
	 },
	 {
	   "type":"bitmap",
	   "file":"minecraft:font/everdawn.png",
	   "ascent":9,
	   "height":19,
	   "chars":["\u2C06"]
	 },
	 {
	   "type":"bitmap",
	   "file":"minecraft:font/nether_ua.png",
	   "ascent":9,
	   "height":13,
	   "chars":["\u2C07"]
	 },
	 {
	   "type":"bitmap",
	   "file":"minecraft:font/atum_ua.png",
	   "ascent":9,
	   "height":12,
	   "chars":["\u2C08"]
	 },
	 {
	   "type":"bitmap",
	   "file":"minecraft:font/end_ua.png",
	   "ascent":9,
	   "height":17,
	   "chars":["\u2C09"]
	 },
	 {
	   "type":"bitmap",
	   "file":"minecraft:font/everbright.png",
	   "ascent":9,
	   "height":12,
	   "chars":["\u2C10"]
	 }
   ]
}