{
    "providers": [
	{ "type": "bitmap",
            "file": "minecraft:gui2/hunger/apple.png",
            "ascent": 12, "height": 17,
            "chars": ["\uE782"]
        },
	{ "type": "bitmap",
            "file": "minecraft:gui2/hunger/baked_potato.png",
            "ascent": 12, "height": 17,
            "chars": ["\uE783"]
        },
	{ "type": "bitmap",
            "file": "minecraft:gui2/hunger/beetroot.png",
            "ascent": 12, "height": 17,
            "chars": ["\uE784"]
        },
	{ "type": "bitmap",
            "file": "minecraft:gui2/hunger/beetroot_stew.png",
            "ascent": 12, "height": 17,
            "chars": ["\uE785"]
        },
	{ "type": "bitmap",
            "file": "minecraft:gui2/hunger/bread.png",
            "ascent": 12, "height": 17,
            "chars": ["\uE786"]
        },
	{ "type": "bitmap",
            "file": "minecraft:gui2/hunger/cake.png",
            "ascent": 12, "height": 17,
            "chars": ["\uE787"]
        },
	{ "type": "bitmap",
            "file": "minecraft:gui2/hunger/carrot.png",
            "ascent": 12, "height": 17,
            "chars": ["\uE788"]
        },
	{ "type": "bitmap",
            "file": "minecraft:gui2/hunger/chorus_fruit.png",
            "ascent": 12, "height": 33,
            "chars": ["\uE789"]
        },
	{ "type": "bitmap",
            "file": "minecraft:gui2/hunger/cooked_beef.png",
            "ascent": 12, "height": 17,
            "chars": ["\uE790"]
        },
	{ "type": "bitmap",
            "file": "minecraft:gui2/hunger/cooked_chicken.png",
            "ascent": 12, "height": 17,
            "chars": ["\uE791"]
        },
	{ "type": "bitmap",
            "file": "minecraft:gui2/hunger/cooked_cod.png",
            "ascent": 12, "height": 17,
            "chars": ["\uE792"]
        },
	{ "type": "bitmap",
            "file": "minecraft:gui2/hunger/cooked_mutton.png",
            "ascent": 12, "height": 17,
            "chars": ["\uE793"]
        },
	{ "type": "bitmap",
            "file": "minecraft:gui2/hunger/cooked_porkchop.png",
            "ascent": 12, "height": 17,
            "chars": ["\uE794"]
        },
	{ "type": "bitmap",
            "file": "minecraft:gui2/hunger/cooked_rabbit.png",
            "ascent": 12, "height": 17,
            "chars": ["\uE795"]
        },
	{ "type": "bitmap",
            "file": "minecraft:gui2/hunger/cooked_salmon.png",
            "ascent": 12, "height": 17,
            "chars": ["\uE796"]
        },
	{ "type": "bitmap",
            "file": "minecraft:gui2/hunger/cookie.png",
            "ascent": 12, "height": 17,
            "chars": ["\uE797"]
        },
	{ "type": "bitmap",
            "file": "minecraft:gui2/hunger/dried_kelp.png",
            "ascent": 12, "height": 17,
            "chars": ["\uE798"]
        },
	{ "type": "bitmap",
            "file": "minecraft:gui2/hunger/enchanted_golden_apple.png",
            "ascent": 12, "height": 33,
            "chars": ["\uE799"]
        },
	{ "type": "bitmap",
            "file": "minecraft:gui2/hunger/glow_berries.png",
            "ascent": 12, "height": 17,
            "chars": ["\uE800"]
        },
	{ "type": "bitmap",
            "file": "minecraft:gui2/hunger/golden_apple.png",
            "ascent": 12, "height": 33,
            "chars": ["\uE801"]
        },
	{ "type": "bitmap",
            "file": "minecraft:gui2/hunger/honey_bottle.png",
            "ascent": 12, "height": 17,
            "chars": ["\uE802"]
        },
	{ "type": "bitmap",
            "file": "minecraft:gui2/hunger/melon_slice.png",
            "ascent": 12, "height": 17,
            "chars": ["\uE803"]
        },
	{ "type": "bitmap",
            "file": "minecraft:gui2/hunger/mushroom_stew.png",
            "ascent": 12, "height": 17,
            "chars": ["\uE804"]
        },
	{ "type": "bitmap",
            "file": "minecraft:gui2/hunger/poisonous_potato.png",
            "ascent": 12, "height": 17,
            "chars": ["\uE805"]
        },
	{ "type": "bitmap",
            "file": "minecraft:gui2/hunger/potato.png",
            "ascent": 12, "height": 17,
            "chars": ["\uE806"]
        },
	{ "type": "bitmap",
            "file": "minecraft:gui2/hunger/pufferfish.png",
            "ascent": 12, "height": 33,
            "chars": ["\uE807"]
        },
	{ "type": "bitmap",
            "file": "minecraft:gui2/hunger/pumpkin_pie.png",
            "ascent": 12, "height": 17,
            "chars": ["\uE808"]
        },
	{ "type": "bitmap",
            "file": "minecraft:gui2/hunger/rabbit_stew.png",
            "ascent": 12, "height": 17,
            "chars": ["\uE809"]
        },
	{ "type": "bitmap",
            "file": "minecraft:gui2/hunger/raw_beef.png",
            "ascent": 12, "height": 17,
            "chars": ["\uE810"]
        },
	{ "type": "bitmap",
            "file": "minecraft:gui2/hunger/raw_chicken.png",
            "ascent": 12, "height": 33,
            "chars": ["\uE811"]
        },
	{ "type": "bitmap",
            "file": "minecraft:gui2/hunger/raw_cod.png",
            "ascent": 12, "height": 17,
            "chars": ["\uE812"]
        },
	{ "type": "bitmap",
            "file": "minecraft:gui2/hunger/raw_mutton.png",
            "ascent": 12, "height": 17,
            "chars": ["\uE813"]
        },
	{ "type": "bitmap",
            "file": "minecraft:gui2/hunger/raw_porkchop.png",
            "ascent": 12, "height": 17,
            "chars": ["\uE814"]
        },
	{ "type": "bitmap",
            "file": "minecraft:gui2/hunger/raw_rabbit.png",
            "ascent": 12, "height": 17,
            "chars": ["\uE815"]
        },
	{ "type": "bitmap",
            "file": "minecraft:gui2/hunger/raw_salmon.png",
            "ascent": 12, "height": 17,
            "chars": ["\uE816"]
        },
	{ "type": "bitmap",
            "file": "minecraft:gui2/hunger/rotten_flesh.png",
            "ascent": 12, "height": 33,
            "chars": ["\uE817"]
        },
	{ "type": "bitmap",
            "file": "minecraft:gui2/hunger/spider_eye.png",
            "ascent": 12, "height": 33,
            "chars": ["\uE818"]
        },
	{ "type": "bitmap",
            "file": "minecraft:gui2/hunger/suspicious_stew.png",
            "ascent": 12, "height": 17,
            "chars": ["\uE819"]
        },
	{ "type": "bitmap",
            "file": "minecraft:gui2/hunger/sweet_berries.png",
            "ascent": 12, "height": 17,
            "chars": ["\uE820"]
        },
	{ "type": "bitmap",
            "file": "minecraft:gui2/hunger/tropical_fish.png",
            "ascent": 12, "height": 17,
            "chars": ["\uE821"]
        },
	{ "type": "bitmap",
            "file": "minecraft:gui2/slab/brick_slab.png",
            "ascent": 16, "height": 24,
            "chars": ["\uE822"]
        },
	{ "type": "bitmap",
            "file": "minecraft:gui2/slab/cobblestone_slab.png",
            "ascent": 16, "height": 24,
            "chars": ["\uE823"]
        },
	{ "type": "bitmap",
            "file": "minecraft:gui2/slab/cut_copper_slab.png",
            "ascent": 16, "height": 24,
            "chars": ["\uE824"]
        },
	{ "type": "bitmap",
            "file": "minecraft:gui2/slab/cut_red_sandstone_slab.png",
            "ascent": 16, "height": 24,
            "chars": ["\uE825"]
        },
	{ "type": "bitmap",
            "file": "minecraft:gui2/slab/cut_sandstone_slab.png",
            "ascent": 16, "height": 24,
            "chars": ["\uE826"]
        },
	{ "type": "bitmap",
            "file": "minecraft:gui2/slab/exposed_cut_copper_slab.png",
            "ascent": 16, "height": 24,
            "chars": ["\uE827"]
        },
	{ "type": "bitmap",
            "file": "minecraft:gui2/slab/jungle_slab.png",
            "ascent": 16, "height": 24,
            "chars": ["\uE828"]
        },
	{ "type": "bitmap",
            "file": "minecraft:gui2/slab/nether_brick_slab.png",
            "ascent": 16, "height": 24,
            "chars": ["\uE829"]
        },
	{ "type": "bitmap",
            "file": "minecraft:gui2/slab/oxidized_cut_copper_slab.png",
            "ascent": 16, "height": 24,
            "chars": ["\uE830"]
        },
	{ "type": "bitmap",
            "file": "minecraft:gui2/slab/polished_andesite_slab.png",
            "ascent": 16, "height": 24,
            "chars": ["\uE831"]
        },
	{ "type": "bitmap",
            "file": "minecraft:gui2/slab/polished_diorite_slab.png",
            "ascent": 16, "height": 24,
            "chars": ["\uE832"]
        },
	{ "type": "bitmap",
            "file": "minecraft:gui2/slab/polished_granite_slab.png",
            "ascent": 16, "height": 24,
            "chars": ["\uE833"]
        },
	{ "type": "bitmap",
            "file": "minecraft:gui2/slab/prismarine_brick_slab.png",
            "ascent": 16, "height": 24,
            "chars": ["\uE834"]
        },
	{ "type": "bitmap",
            "file": "minecraft:gui2/slab/quartz_slab.png",
            "ascent": 16, "height": 24,
            "chars": ["\uE835"]
        },
	{ "type": "bitmap",
            "file": "minecraft:gui2/slab/red_sandstone_slab.png",
            "ascent": 16, "height": 24,
            "chars": ["\uE836"]
        },
	{ "type": "bitmap",
            "file": "minecraft:gui2/slab/sandstone_slab.png",
            "ascent": 16, "height": 24,
            "chars": ["\uE837"]
        },
	{ "type": "bitmap",
            "file": "minecraft:gui2/slab/smooth_stone_slab.png",
            "ascent": 16, "height": 24,
            "chars": ["\uE838"]
        },
	{ "type": "bitmap",
            "file": "minecraft:gui2/slab/weathered_cut_copper_slab.png",
            "ascent": 16, "height": 24,
            "chars": ["\uE839"]
        },
	{ "type": "bitmap",
            "file": "minecraft:gui2/slab/mossy_cobblestone_slab.png",
            "ascent": 16, "height": 24,
            "chars": ["\uE840"]
        },
	{ "type": "bitmap",
            "file": "minecraft:gui2/minecraft.png",
            "ascent": 28, "height": 43,
            "chars": ["\uE841"]
        },
	{ "type": "bitmap",
            "file": "minecraft:gui2/slab/deepslate_tile_slab.png",
            "ascent": 16, "height": 24,
            "chars": ["\uE842"]
        },
	{ "type": "bitmap",
            "file": "minecraft:gui2/slab/polished_deepslate_slab.png",
            "ascent": 16, "height": 24,
            "chars": ["\uE843"]
        },
	{ "type": "bitmap",
            "file": "minecraft:gui2/slab/polished_blackstone_slab.png",
            "ascent": 16, "height": 24,
            "chars": ["\uE844"]
        },
	{ "type": "bitmap",
            "file": "minecraft:gui2/slab/purpur_slab.png",
            "ascent": 16, "height": 24,
            "chars": ["\uE845"]
        },
	{ "type": "bitmap",
            "file": "minecraft:gui2/slab/oak_slab.png",
            "ascent": 16, "height": 24,
            "chars": ["\uE846"]
        },
	{ "type": "bitmap",
            "file": "minecraft:gui2/slab/birch_slab.png",
            "ascent": 16, "height": 24,
            "chars": ["\uE847"]
        },
	{ "type": "bitmap",
            "file": "minecraft:gui2/slab/spruce_slab.png",
            "ascent": 16, "height": 24,
            "chars": ["\uE848"]
        },
	{ "type": "bitmap",
            "file": "minecraft:gui2/slab/acacia_slab.png",
            "ascent": 16, "height": 24,
            "chars": ["\uE849"]
        },
	{ "type": "bitmap",
            "file": "minecraft:gui2/slab/dark_oak_slab.png",
            "ascent": 16, "height": 24,
            "chars": ["\uE850"]
        },
	{ "type": "bitmap",
            "file": "minecraft:gui2/enchantments/sharpness.png",
            "ascent": 8, "height": 10,
            "chars": ["\uE851"]
        },
	{ "type": "bitmap",
            "file": "minecraft:gui2/enchantments/smite.png",
            "ascent": 8, "height": 10,
            "chars": ["\uE852"]
        },
	{ "type": "bitmap",
            "file": "minecraft:gui2/enchantments/bane_of_arthropods.png",
            "ascent": 8, "height": 10,
            "chars": ["\uE853"]
        },
	{ "type": "bitmap",
            "file": "minecraft:gui2/enchantments/knockback.png",
            "ascent": 8, "height": 10,
            "chars": ["\uE854"]
        },
	{ "type": "bitmap",
            "file": "minecraft:gui2/enchantments/fire_aspect.png",
            "ascent": 8, "height": 10,
            "chars": ["\uE855"]
        },
	{ "type": "bitmap",
            "file": "minecraft:gui2/enchantments/sweeping_edge.png",
            "ascent": 8, "height": 10,
            "chars": ["\uE856"]
        },
	{ "type": "bitmap",
            "file": "minecraft:gui2/enchantments/protection.png",
            "ascent": 8, "height": 10,
            "chars": ["\uE857"]
        },
	{ "type": "bitmap",
            "file": "minecraft:gui2/enchantments/fire_protection.png",
            "ascent": 8, "height": 10,
            "chars": ["\uE858"]
        },
	{ "type": "bitmap",
            "file": "minecraft:gui2/enchantments/feather_falling.png",
            "ascent": 8, "height": 10,
            "chars": ["\uE859"]
        },
	{ "type": "bitmap",
            "file": "minecraft:gui2/enchantments/blast_protection.png",
            "ascent": 8, "height": 10,
            "chars": ["\uE860"]
        },
	{ "type": "bitmap",
            "file": "minecraft:gui2/enchantments/projectile_protection.png",
            "ascent": 8, "height": 10,
            "chars": ["\uE861"]
        },
	{ "type": "bitmap",
            "file": "minecraft:gui2/enchantments/respiration.png",
            "ascent": 8, "height": 10,
            "chars": ["\uE862"]
        },
	{ "type": "bitmap",
            "file": "minecraft:gui2/enchantments/aqua_affinity.png",
            "ascent": 8, "height": 10,
            "chars": ["\uE863"]
        },
	{ "type": "bitmap",
            "file": "minecraft:gui2/enchantments/depth_strider.png",
            "ascent": 8, "height": 10,
            "chars": ["\uE864"]
        },
	{ "type": "bitmap",
            "file": "minecraft:gui2/enchantments/frost_walker.png",
            "ascent": 8, "height": 10,
            "chars": ["\uE865"]
        },
	{ "type": "bitmap",
            "file": "minecraft:gui2/enchantments/soul_speed.png",
            "ascent": 8, "height": 10,
            "chars": ["\uE866"]
        },
	{ "type": "bitmap",
            "file": "minecraft:gui2/enchantments/efficiency.png",
            "ascent": 8, "height": 10,
            "chars": ["\uE867"]
        },
	{ "type": "bitmap",
            "file": "minecraft:gui2/enchantments/silk_touch.png",
            "ascent": 8, "height": 10,
            "chars": ["\uE868"]
        },
	{ "type": "bitmap",
            "file": "minecraft:gui2/enchantments/unbreaking.png",
            "ascent": 8, "height": 10,
            "chars": ["\uE869"]
        },
	{ "type": "bitmap",
            "file": "minecraft:gui2/enchantments/looting.png",
            "ascent": 8, "height": 10,
            "chars": ["\uE870"]
        },
	{ "type": "bitmap",
            "file": "minecraft:gui2/enchantments/fortune.png",
            "ascent": 8, "height": 10,
            "chars": ["\uE871"]
        },
	{ "type": "bitmap",
            "file": "minecraft:gui2/enchantments/luck_of_the_sea.png",
            "ascent": 8, "height": 10,
            "chars": ["\uE872"]
        },
	{ "type": "bitmap",
            "file": "minecraft:gui2/enchantments/lure.png",
            "ascent": 8, "height": 10,
            "chars": ["\uE873"]
        },
	{ "type": "bitmap",
            "file": "minecraft:gui2/enchantments/power.png",
            "ascent": 8, "height": 10,
            "chars": ["\uE874"]
        },
	{ "type": "bitmap",
            "file": "minecraft:gui2/enchantments/flame.png",
            "ascent": 8, "height": 10,
            "chars": ["\uE875"]
        },
	{ "type": "bitmap",
            "file": "minecraft:gui2/enchantments/punch.png",
            "ascent": 8, "height": 10,
            "chars": ["\uE876"]
        },
	{ "type": "bitmap",
            "file": "minecraft:gui2/enchantments/infinity.png",
            "ascent": 8, "height": 10,
            "chars": ["\uE877"]
        },
	{ "type": "bitmap",
            "file": "minecraft:gui2/enchantments/thorns.png",
            "ascent": 8, "height": 10,
            "chars": ["\uE878"]
        },
	{ "type": "bitmap",
            "file": "minecraft:gui2/enchantments/mending.png",
            "ascent": 8, "height": 10,
            "chars": ["\uE879"]
        },
	{ "type": "bitmap",
            "file": "minecraft:gui2/enchantments/curse_of_binding.png",
            "ascent": 8, "height": 10,
            "chars": ["\uE880"]
        },
	{ "type": "bitmap",
            "file": "minecraft:gui2/enchantments/curse_of_vanishing.png",
            "ascent": 8, "height": 10,
            "chars": ["\uE881"]
        },
	{ "type": "bitmap",
            "file": "minecraft:gui2/enchantments/loyalty.png",
            "ascent": 8, "height": 10,
            "chars": ["\uE882"]
        },
	{ "type": "bitmap",
            "file": "minecraft:gui2/enchantments/impaling.png",
            "ascent": 8, "height": 10,
            "chars": ["\uE883"]
        },
	{ "type": "bitmap",
            "file": "minecraft:gui2/enchantments/riptide.png",
            "ascent": 8, "height": 10,
            "chars": ["\uE884"]
        },
	{ "type": "bitmap",
            "file": "minecraft:gui2/enchantments/channeling.png",
            "ascent": 8, "height": 10,
            "chars": ["\uE885"]
        },
	{ "type": "bitmap",
            "file": "minecraft:gui2/enchantments/multishot.png",
            "ascent": 8, "height": 10,
            "chars": ["\uE886"]
        },
	{ "type": "bitmap",
            "file": "minecraft:gui2/enchantments/quick_charge.png",
            "ascent": 8, "height": 10,
            "chars": ["\uE887"]
        },
	{ "type": "bitmap",
            "file": "minecraft:gui2/enchantments/piercing.png",
            "ascent": 8, "height": 10,
            "chars": ["\uE888"]
        },
	{ "type": "bitmap",
            "file": "minecraft:gui2/hunger/golden_carrot.png",
            "ascent": 12, "height": 17,
            "chars": ["\uE889"]
        },
	{ "type": "bitmap",
            "file": "minecraft:gui2/slab/crimson_slab.png",
            "ascent": 16, "height": 24,
            "chars": ["\uE890"]
        },
	{ "type": "bitmap",
            "file": "minecraft:gui2/slab/warped_slab.png",
            "ascent": 16, "height": 24,
            "chars": ["\uE891"]
        },
	{ "type": "bitmap",
            "file": "minecraft:gui2/slab/prismarine_slab.png",
            "ascent": 16, "height": 24,
            "chars": ["\uE892"]
        },
	{ "type": "bitmap",
            "file": "minecraft:gui2/difficulty/peaceful.png",
            "ascent": 9, "height": 10,
            "chars": ["\uE897"]
        },
	{ "type": "bitmap",
            "file": "minecraft:gui2/difficulty/easy.png",
            "ascent": 9, "height": 10,
            "chars": ["\uE898"]
        },
	{ "type": "bitmap",
            "file": "minecraft:gui2/difficulty/medium.png",
            "ascent": 9, "height": 10,
            "chars": ["\uE899"]
        },
	{ "type": "bitmap",
            "file": "minecraft:gui2/difficulty/hard.png",
            "ascent": 9, "height": 10,
            "chars": ["\uE900"]
        },
	{ "type": "bitmap",
            "file": "minecraft:gui2/health/wither.png",
            "ascent": 5, "height": 18,
            "chars": ["\uE901"]
        },
	{ "type": "bitmap",
            "file": "minecraft:gui2/health/dragon.png",
            "ascent": 5, "height": 18,
            "chars": ["\uE902"]
        },
	{ "type": "bitmap",
            "file": "minecraft:gui2/health/raid.png",
            "ascent": 5, "height": 18,
            "chars": ["\uE903"]
        },
	{ "type": "bitmap",
            "file": "minecraft:gui2/game_menu.png",
            "ascent": 0, "height": 32,
            "chars": ["\uE906"]
        },
	{ "type": "bitmap",
            "file": "minecraft:gui2/paused.png",
            "ascent": 0, "height": 32,
            "chars": ["\uE907"]
        },
	{ "type": "bitmap",
            "file": "minecraft:gui2/you_died.png",
            "ascent": 15, "height": 16,
            "chars": ["\uE908"]
        },
	{ "type": "bitmap",
            "file": "minecraft:gui2/game_over.png",
            "ascent": 15, "height": 16,
            "chars": ["\uE909"]
        },
	{ "type": "bitmap",
            "file": "minecraft:gui2/slab/mangrove_slab.png",
            "ascent": 16, "height": 24,
            "chars": ["\uE910"]
        },
	{ "type": "bitmap",
            "file": "minecraft:gui2/brewing_chart.png",
            "ascent": 13, "height": 166,
            "chars": ["\uE911"]
        },
	{ "type": "bitmap",
            "file": "minecraft:gui2/slab/stone_brick_slab.png",
            "ascent": 16, "height": 24,
            "chars": ["\uE912"]
        },
	{ "type": "bitmap",
            "file": "minecraft:gui2/slab/red_nether_brick_slab.png",
            "ascent": 16, "height": 24,
            "chars": ["\uE913"]
        },
	{ "type": "bitmap",
            "file": "minecraft:gui2/slab/end_stone_brick_slab.png",
            "ascent": 16, "height": 24,
            "chars": ["\uE914"]
        },
	{ "type": "bitmap",
            "file": "minecraft:gui2/slab/polished_blackstone_brick_slab.png",
            "ascent": 16, "height": 24,
            "chars": ["\uE915"]
        },
	{ "type": "bitmap",
            "file": "minecraft:gui2/slab/mossy_stone_brick_slab.png",
            "ascent": 16, "height": 24,
            "chars": ["\uE916"]
        },
	{ "type": "bitmap",
            "file": "minecraft:gui2/slab/deepslate_brick_slab.png",
            "ascent": 16, "height": 24,
            "chars": ["\uE917"]
        },
	{ "type": "bitmap",
            "file": "minecraft:gui2/slab/cobbled_deepslate_slab.png",
            "ascent": 16, "height": 24,
            "chars": ["\uE918"]
        },
	{ "type": "bitmap",
            "file": "minecraft:gui2/slab/dark_prismarine_slab.png",
            "ascent": 16, "height": 24,
            "chars": ["\uE919"]
        },
	{ "type": "bitmap",
            "file": "minecraft:gui2/slab/smooth_sandstone_slab.png",
            "ascent": 16, "height": 24,
            "chars": ["\uE920"]
        },
	{ "type": "bitmap",
            "file": "minecraft:gui2/slab/smooth_red_sandstone_slab.png",
            "ascent": 16, "height": 24,
            "chars": ["\uE921"]
        },
	{ "type": "bitmap",
            "file": "minecraft:gui2/slab/stone_slab.png",
            "ascent": 16, "height": 24,
            "chars": ["\uE922"]
        },
	{ "type": "bitmap",
            "file": "minecraft:gui2/slab/smooth_quartz_slab.png",
            "ascent": 16, "height": 24,
            "chars": ["\uE923"]
        },
	{ "type": "bitmap",
            "file": "minecraft:gui2/slab/blackstone_slab.png",
            "ascent": 16, "height": 24,
            "chars": ["\uE924"]
        },
	{ "type": "bitmap",
            "file": "minecraft:gui2/slab/granite_slab.png",
            "ascent": 16, "height": 24,
            "chars": ["\uE925"]
        },
	{ "type": "bitmap",
            "file": "minecraft:gui2/slab/diorite_slab.png",
            "ascent": 16, "height": 24,
            "chars": ["\uE926"]
        },
	{ "type": "bitmap",
            "file": "minecraft:gui2/slab/andesite_slab.png",
            "ascent": 16, "height": 24,
            "chars": ["\uE927"]
        },
	{ "type": "bitmap",
            "file": "minecraft:gui2/slab/mud_brick_slab.png",
            "ascent": 16, "height": 24,
            "chars": ["\uE928"]
        },
	{ "type": "bitmap",
            "file": "minecraft:hypixel/hypixel.png",
            "ascent": 16, "height": 17,
            "chars": ["\uE929"]
        },
	{ "type": "bitmap",
            "file": "minecraft:gui2/ui/achievements.png",
            "ascent": 14, "height": 16,
            "chars": ["\uE893"]
        },
	{ "type": "bitmap",
            "file": "minecraft:gui2/ui/statistics.png",
            "ascent": 14, "height": 16,
            "chars": ["\uE894"]
        },
	{ "type": "bitmap",
            "file": "minecraft:gui2/ui/feedback.png",
            "ascent": 14, "height": 16,
            "chars": ["\uE895"]
        },
	{ "type": "bitmap",
            "file": "minecraft:gui2/ui/report.png",
            "ascent": 14, "height": 16,
            "chars": ["\uE896"]
        },
	{ "type": "bitmap",
            "file": "minecraft:gui2/ui/options.png",
            "ascent": 14, "height": 16,
            "chars": ["\uE930"]
        },
	{ "type": "bitmap",
            "file": "minecraft:gui2/ui/lan.png",
            "ascent": 14, "height": 16,
            "chars": ["\uE931"]
        },
	{ "type": "bitmap",
            "file": "minecraft:gui2/ui/skin.png",
            "ascent": 14, "height": 16,
            "chars": ["\uE932"]
        },
	{ "type": "bitmap",
            "file": "minecraft:gui2/ui/music.png",
            "ascent": 14, "height": 16,
            "chars": ["\uE933"]
        },
	{ "type": "bitmap",
            "file": "minecraft:gui2/ui/video.png",
            "ascent": 14, "height": 16,
            "chars": ["\uE934"]
        },
	{ "type": "bitmap",
            "file": "minecraft:gui2/ui/controls.png",
            "ascent": 14, "height": 16,
            "chars": ["\uE935"]
        },
	{ "type": "bitmap",
            "file": "minecraft:gui2/ui/language.png",
            "ascent": 14, "height": 16,
            "chars": ["\uE936"]
        },
	{ "type": "bitmap",
            "file": "minecraft:gui2/ui/chat.png",
            "ascent": 14, "height": 16,
            "chars": ["\uE937"]
        },
	{ "type": "bitmap",
            "file": "minecraft:gui2/ui/resource_packs.png",
            "ascent": 14, "height": 16,
            "chars": ["\uE938"]
        },
	{ "type": "bitmap",
            "file": "minecraft:gui2/ui/accessibility.png",
            "ascent": 14, "height": 16,
            "chars": ["\uE939"]
        }
    ]
}
