{
  "name": "bungeons:andesite/ends",
  "fallback": "minecraft:empty",
  "elements": [
    {
      "weight": 1,
      "element": {
        "element_type": "minecraft:single_pool_element",
        "location": "bungeons:andesite/rooms/the_cube",
        "projection": "rigid",
        "processors": "minecraft:empty"
      }
    },
    {
      "weight": 5,
      "element": {
        "element_type": "minecraft:single_pool_element",
        "location": "bungeons:andesite/end",
        "projection": "rigid",
        "processors": "minecraft:empty"
      }
    },
    {
      "weight": 4,
      "element": {
        "element_type": "minecraft:single_pool_element",
        "location": "bungeons:andesite/rooms/closet",
        "projection": "rigid",
        "processors": "minecraft:empty"
      }
    }
  ]
}