{
  "name": "bungeons:andesite/halls",
  "fallback": "bungeons:andesite/ends",
  "elements": [
    {
      "weight": 1,
      "element": {
        "element_type": "minecraft:single_pool_element",
        "location": "bungeons:andesite/halls/cross",
        "projection": "rigid",
        "processors": "minecraft:empty"
      }
    },
    {
      "weight": 2,
      "element": {
        "element_type": "minecraft:single_pool_element",
        "location": "bungeons:andesite/halls/left",
        "projection": "rigid",
        "processors": "minecraft:empty"
      }
    },
    {
      "weight": 2,
      "element": {
        "element_type": "minecraft:single_pool_element",
        "location": "bungeons:andesite/halls/right",
        "projection": "rigid",
        "processors": "minecraft:empty"
      }
    },
    {
      "weight": 2,
      "element": {
        "element_type": "minecraft:single_pool_element",
        "location": "bungeons:andesite/halls/straight",
        "projection": "rigid",
        "processors": "minecraft:empty"
      }
    },
    {
      "weight": 1,
      "element": {
        "element_type": "minecraft:single_pool_element",
        "location": "bungeons:andesite/halls/t",
        "projection": "rigid",
        "processors": "minecraft:empty"
      }
    }
  ]
}