﻿{
  "type": "cgm:workbench",
  "materials": [
    {
      "count": 1,
      "item": "scguns:railworker"
    },
    {
      "count": 1,
      "item": "scguns:brass_conversion_kit"
    },
    {
      "count": 4,
      "tag": "forge:ingots/brass"
    },
    {
      "count": 1,
      "item": "scguns:brass_gun_barrel"
    },
    {
      "count": 4,
      "tag": "forge:plates/obsidian"
    },
    {
      "count": 6,
      "tag": "forge:plates/copper"
    }
  ],
  "result": {
    "count":1,
    "item": "scguns:gauss_rifle"
  }
}