﻿{
  "type": "cgm:workbench",
  "materials": [
    {
      "count": 1,
      "item": "scguns:heavy_duty_platform"
    },
    {
      "count": 1,
      "item": "scguns:brass_conversion_kit"
    },
    {
      "count": 64,
      "item": "scguns:rivet"
    },
    {
      "count": 2,
      "item": "scguns:brass_gun_barrel"
    },
    {
      "count": 32,
      "tag": "forge:ingots/brass"
    },
    {
      "count": 16,
      "tag": "forge:plates/obsidian"
    }
  ],
  "result": {
    "count": 1,
    "item": "scguns:thunderhead"
  }
}