{
  "variants": {
    "facing=east": [ 
	{ "model": "minecraft:block/big_dripleaf_stem", "y": 90 },
	{ "model": "minecraft:block/big_dripleaf_stem2", "y": 90 }
	],
    "facing=north": [ 
	{ "model": "minecraft:block/big_dripleaf_stem" },
	{ "model": "minecraft:block/big_dripleaf_stem2" }
	],
    "facing=south": [ 
	{ "model": "minecraft:block/big_dripleaf_stem", "y": 180 },
	{ "model": "minecraft:block/big_dripleaf_stem2", "y": 180 }
	],
    "facing=west": [ 
	{ "model": "minecraft:block/big_dripleaf_stem", "y": 270 },
	{ "model": "minecraft:block/big_dripleaf_stem2", "y": 270 }
	]
  }
}