{
  "multipart": [
    {
      "apply": [
      { "model": "minecraft:block/bookshelf_ends" }
	  ]
    },
    {
      "apply": [
      { "model": "minecraft:block/bookshelf", "uvlock": false },
      { "model": "minecraft:block/bookshelf", "uvlock": false, "y": 90 },
      { "model": "minecraft:block/bookshelf", "uvlock": false, "y": 180 },
      { "model": "minecraft:block/bookshelf", "uvlock": false, "y": 270 },
      { "model": "minecraft:block/bookshelf2", "uvlock": false },
      { "model": "minecraft:block/bookshelf2", "uvlock": false, "y": 90 },
      { "model": "minecraft:block/bookshelf2", "uvlock": false, "y": 180 },
      { "model": "minecraft:block/bookshelf2", "uvlock": false, "y": 270 }
      ]
    }
  ]
}