{
  "multipart": [
    {
      "apply": [
	{ "model": "minecraft:block/brown_mushroom_small", "weight": 2 },
	{ "model": "minecraft:block/brown_mushroom_cluster", "weight": 2 },
	{ "model": "minecraft:block/brown_mushroom_cordyceps", "weight": 2 },
	{ "model": "minecraft:block/brown_mushrooms", "weight": 2 },
	{ "model": "minecraft:block/brown_mushrooms_large", "weight": 1 },
	{ "model": "minecraft:block/brown_mushrooms_large2", "weight": 1 },
	{ "model": "minecraft:block/brown_mushroom", "weight": 2 }
      ]
	},
	{
      "apply": [
	  { "model": "minecraft:block/brown_mushroom_shelf" },
	  { "model": "minecraft:block/brown_mushroom_shelf", "y": 90 },
	  { "model": "minecraft:block/brown_mushroom_shelf", "y": 180 },
	  { "model": "minecraft:block/brown_mushroom_shelf", "y": 270 },
	  { "model": "minecraft:block/air" }
      ]
    }
  ]
}