{
  "variants": {
    "": [
      { "model": "minecraft:block/dirt", "weight": 120 },
      { "model": "minecraft:block/dirt", "weight": 120, "y": 90 },
      { "model": "minecraft:block/dirt", "weight": 120, "y": 180 },
      { "model": "minecraft:block/dirt", "weight": 120, "y": 270 },
      { "model": "minecraft:block/dirt_2", "weight": 5 },
      { "model": "minecraft:block/dirt_2", "weight": 5, "y": 90 },
      { "model": "minecraft:block/dirt_2", "weight": 5, "y": 180 },
      { "model": "minecraft:block/dirt_2", "weight": 5, "y": 270 },
      { "model": "minecraft:block/dirt_3", "weight": 5 },
      { "model": "minecraft:block/dirt_3", "weight": 5, "y": 90 },
      { "model": "minecraft:block/dirt_3", "weight": 5, "y": 180 },
      { "model": "minecraft:block/dirt_3", "weight": 5, "y": 270 },
      { "model": "minecraft:block/dirt_grass", "weight": 5 },
      { "model": "minecraft:block/dirt_grass", "weight": 5, "y": 90 },
      { "model": "minecraft:block/dirt_grass", "weight": 5, "y": 180 },
      { "model": "minecraft:block/dirt_grass", "weight": 5, "y": 270 },
      { "model": "minecraft:block/dirt_bone", "weight": 1 },
      { "model": "minecraft:block/dirt_bone", "weight": 1, "y": 90 },
      { "model": "minecraft:block/dirt_bone", "weight": 1, "y": 180 },
      { "model": "minecraft:block/dirt_bone", "weight": 1, "y": 270 }
    ]
  }
}