{
  "variants": {
    "": [
	{ "model": "minecraft:block/grass", "weight": 1500 },
	{ "model": "minecraft:block/grass_short", "weight": 1500 },
	{ "model": "minecraft:block/grass_clovers", "weight": 1700 },
	{ "model": "minecraft:block/grass_stones_1", "weight": 1 },
	{ "model": "minecraft:block/grass_stones_1", "weight": 1, "y": 90 },
	{ "model": "minecraft:block/grass_stones_1", "weight": 1, "y": 180 },
	{ "model": "minecraft:block/grass_stones_1", "weight": 1, "y": 270 },
	{ "model": "minecraft:block/grass_stones_2", "weight": 3 },
	{ "model": "minecraft:block/grass_stones_2", "weight": 3, "y": 90 },
	{ "model": "minecraft:block/grass_stones_2", "weight": 3, "y": 180 },
	{ "model": "minecraft:block/grass_stones_2", "weight": 3, "y": 270 },
	{ "model": "minecraft:block/grass_stones_3", "weight": 5 },
	{ "model": "minecraft:block/grass_stones_3", "weight": 5, "y": 90 },
	{ "model": "minecraft:block/grass_stones_3", "weight": 5, "y": 180 },
	{ "model": "minecraft:block/grass_stones_3", "weight": 5, "y": 270 },
	{ "model": "minecraft:block/grass_dirt_1", "weight": 3 },
	{ "model": "minecraft:block/grass_dirt_1", "weight": 3, "y": 90 },
	{ "model": "minecraft:block/grass_dirt_1", "weight": 3, "y": 180 },
	{ "model": "minecraft:block/grass_dirt_1", "weight": 3, "y": 270 },
	{ "model": "minecraft:block/grass_dirt_2", "weight": 5 },
	{ "model": "minecraft:block/grass_dirt_2", "weight": 5, "y": 90 },
	{ "model": "minecraft:block/grass_dirt_2", "weight": 5, "y": 180 },
	{ "model": "minecraft:block/grass_dirt_2", "weight": 5, "y": 270 },
	{ "model": "minecraft:block/grass_dirt_3", "weight": 8 },
	{ "model": "minecraft:block/grass_dirt_3", "weight": 8, "y": 90 },
	{ "model": "minecraft:block/grass_dirt_3", "weight": 8, "y": 180 },
	{ "model": "minecraft:block/grass_dirt_3", "weight": 8, "y": 270 }
	]
  }
}