{
  "variants": {
    "facing=east": [
	{ "model": "minecraft:block/jack_o_lantern", "y": 90, "weight": 1 },
	{ "model": "minecraft:block/jack_o_lantern_2", "y": 90, "weight": 4 }
	],
    "facing=north": [
	{ "model": "minecraft:block/jack_o_lantern", "weight": 1 },
	{ "model": "minecraft:block/jack_o_lantern_2", "weight": 4 }
	],
    "facing=south": [
	{ "model": "minecraft:block/jack_o_lantern", "y": 180, "weight": 1 },
	{ "model": "minecraft:block/jack_o_lantern_2", "y": 180, "weight": 4 }
	],
    "facing=west": [
	{ "model": "minecraft:block/jack_o_lantern", "y": 270, "weight": 1 },
	{ "model": "minecraft:block/jack_o_lantern_2", "y": 270, "weight": 4 }
	]
  }
}