{
  "variants": {
    "half=lower": {
      "model": "minecraft:block/large_fern_bottom"
    },
    "half=upper": [
		{ "model": "minecraft:block/large_fern_top", "weight": 80  },
		{ "model": "minecraft:block/large_fern_top_0", "weight": 1  },
		{ "model": "minecraft:block/large_fern_top_22", "weight": 1 },
		{ "model": "minecraft:block/large_fern_top_-22", "weight": 1 },
		{ "model": "minecraft:block/large_fern_top_0", "weight": 1, "y": 90 },
		{ "model": "minecraft:block/large_fern_top_22", "weight": 1, "y": 90 },
		{ "model": "minecraft:block/large_fern_top_-22", "weight": 1, "y": 90 },
		{ "model": "minecraft:block/large_fern_top_0", "weight": 1, "y": 180 },
		{ "model": "minecraft:block/large_fern_top_22", "weight": 1, "y": 180 },
		{ "model": "minecraft:block/large_fern_top_-22", "weight": 1, "y": 180 },
		{ "model": "minecraft:block/large_fern_top_0", "weight": 1, "y": 270 },
		{ "model": "minecraft:block/large_fern_top_22", "weight": 1, "y": 270 },
		{ "model": "minecraft:block/large_fern_top_-22", "weight": 1, "y": 270 }
    ]
  }
}