{
  "variants": {
    "": [
      { "model": "minecraft:block/netherrack", "weight": 50  },
      { "model": "minecraft:block/netherrack", "weight": 50, "y": 90 },
      { "model": "minecraft:block/netherrack", "weight": 50, "y": 180 },
      { "model": "minecraft:block/netherrack", "weight": 50, "y": 270 },
      { "model": "minecraft:block/netherrack_rough", "weight": 50  },
      { "model": "minecraft:block/netherrack_rough", "weight": 50, "y": 90 },
      { "model": "minecraft:block/netherrack_rough", "weight": 50, "y": 180 },
      { "model": "minecraft:block/netherrack_rough", "weight": 50, "y": 270 },
      { "model": "minecraft:block/netherrack_rough_wound", "weight": 20  },
      { "model": "minecraft:block/netherrack_rough_wound", "weight": 20, "y": 90 },
      { "model": "minecraft:block/netherrack_rough_wound", "weight": 20, "y": 180 },
      { "model": "minecraft:block/netherrack_rough_wound", "weight": 20, "y": 270 },
      { "model": "minecraft:block/netherrack_flesh", "weight": 10  },
      { "model": "minecraft:block/netherrack_flesh", "weight": 10, "y": 90 },
      { "model": "minecraft:block/netherrack_flesh", "weight": 10, "y": 180 },
      { "model": "minecraft:block/netherrack_flesh", "weight": 10, "y": 270 },
      { "model": "minecraft:block/netherrack_veins", "weight": 20  },
      { "model": "minecraft:block/netherrack_veins", "weight": 20, "y": 90 },
      { "model": "minecraft:block/netherrack_veins", "weight": 20, "y": 180 },
      { "model": "minecraft:block/netherrack_veins", "weight": 20, "y": 270 },
      { "model": "minecraft:block/netherrack_veins2", "weight": 20  },
      { "model": "minecraft:block/netherrack_veins2", "weight": 20, "y": 90 },
      { "model": "minecraft:block/netherrack_veins2", "weight": 20, "y": 180 },
      { "model": "minecraft:block/netherrack_veins2", "weight": 20, "y": 270 },
      { "model": "minecraft:block/netherrack_nest", "weight": 1  },
      { "model": "minecraft:block/netherrack_nest", "weight": 1, "y": 90 },
      { "model": "minecraft:block/netherrack_nest", "weight": 1, "y": 180 },
      { "model": "minecraft:block/netherrack_nest", "weight": 1, "y": 270 },
      { "model": "minecraft:block/netherrack_nest2", "weight": 3  },
      { "model": "minecraft:block/netherrack_nest2", "weight": 3, "y": 90 },
      { "model": "minecraft:block/netherrack_nest2", "weight": 3, "y": 180 },
      { "model": "minecraft:block/netherrack_nest2", "weight": 3, "y": 270 },
      { "model": "minecraft:block/netherrack_eye", "weight": 1  },
      { "model": "minecraft:block/netherrack_eye", "weight": 1, "y": 90 },
      { "model": "minecraft:block/netherrack_eye", "weight": 1, "y": 180 },
      { "model": "minecraft:block/netherrack_eye", "weight": 1, "y": 270 },
      { "model": "minecraft:block/netherrack_eyes", "weight": 1  },
      { "model": "minecraft:block/netherrack_eyes", "weight": 1, "y": 90 },
      { "model": "minecraft:block/netherrack_eyes", "weight": 1, "y": 180 },
      { "model": "minecraft:block/netherrack_eyes", "weight": 1, "y": 270 },
      { "model": "minecraft:block/netherrack_heart", "weight": 1  },
      { "model": "minecraft:block/netherrack_heart", "weight": 1, "y": 90 },
      { "model": "minecraft:block/netherrack_heart", "weight": 1, "y": 180 },
      { "model": "minecraft:block/netherrack_heart", "weight": 1, "y": 270 },
      { "model": "minecraft:block/netherrack_heart", "weight": 1, "x": 90 },
      { "model": "minecraft:block/netherrack_mouth", "weight": 1  },
      { "model": "minecraft:block/netherrack_mouth", "weight": 1, "y": 90 },
      { "model": "minecraft:block/netherrack_mouth", "weight": 1, "y": 180 },
      { "model": "minecraft:block/netherrack_mouth", "weight": 1, "y": 270 },
      { "model": "minecraft:block/netherrack_mouth", "weight": 1, "x": 90 },
      { "model": "minecraft:block/netherrack_watcher", "weight": 1  },
      { "model": "minecraft:block/netherrack_watcher", "weight": 1, "y": 90 },
      { "model": "minecraft:block/netherrack_watcher", "weight": 1, "y": 180 },
      { "model": "minecraft:block/netherrack_watcher", "weight": 1, "y": 270 },
      { "model": "minecraft:block/netherrack_watcher", "weight": 1, "x": 90 },
      { "model": "minecraft:block/netherrack_lungs", "weight": 1  },
      { "model": "minecraft:block/netherrack_lungs", "weight": 1, "y": 90 },
      { "model": "minecraft:block/netherrack_lungs", "weight": 1, "y": 180 },
      { "model": "minecraft:block/netherrack_lungs", "weight": 1, "y": 270 },
      { "model": "minecraft:block/netherrack_lungs", "weight": 1, "x": 90 },
      { "model": "minecraft:block/netherrack_skull", "weight": 1  },
      { "model": "minecraft:block/netherrack_skull", "weight": 1, "y": 90 },
      { "model": "minecraft:block/netherrack_skull", "weight": 1, "y": 180 },
      { "model": "minecraft:block/netherrack_skull", "weight": 1, "y": 270 },
      { "model": "minecraft:block/netherrack_skull", "weight": 1, "x": 90 },
      { "model": "minecraft:block/netherrack_skull", "weight": 1, "x": 270 }
    ]
  }
}