{
  "multipart": [
    {
      "apply": [
		 { "model": "minecraft:block/red_mushroom_small", "weight": 2 },
		 { "model": "minecraft:block/red_mushroom_cluster", "weight": 2 },
		 { "model": "minecraft:block/red_mushroom_cordyceps", "weight": 2 },
		 { "model": "minecraft:block/red_mushrooms", "weight": 2 },
		 { "model": "minecraft:block/red_mushrooms_large", "weight": 1 },
		 { "model": "minecraft:block/red_mushrooms_large2", "weight": 1 },
		 { "model": "minecraft:block/red_mushroom", "weight": 2 }
      ]
	},
	{
      "apply": [
	  { "model": "minecraft:block/red_mushroom_shelf" },
	  { "model": "minecraft:block/red_mushroom_shelf", "y": 90 },
	  { "model": "minecraft:block/red_mushroom_shelf", "y": 180 },
	  { "model": "minecraft:block/red_mushroom_shelf", "y": 270 },
	  { "model": "minecraft:block/air" }
      ]
    }
  ]
}