{
    "multipart": [
        {   "when": { "attached": "false", "north": "false", "east":  "false", "south": "false", "west":  "false" },
		"apply": { "model": "block/tripwire/dot" }
        },
        {   "when": { "attached": "false", "north": "true", "east":  "true", "south": "true", "west":  "true" },
		"apply": { "model": "block/tripwire/cross" }
        },
        {   "when": { "attached": "false", "north": "true", "east":  "true", "south": "true", "west":  "false" },
		"apply": { "model": "block/tripwire/t" }
        },
        {   "when": { "attached": "false", "north": "false", "east":  "true", "south": "true", "west":  "true" },
		"apply": { "model": "block/tripwire/t", "y": 90 }
        },
        {   "when": { "attached": "false", "north": "true", "east":  "false", "south": "true", "west":  "true" },
		"apply": { "model": "block/tripwire/t", "y": 180 }
        },
        {   "when": { "attached": "false", "north": "true", "east":  "true", "south": "false", "west":  "true" },
		"apply": { "model": "block/tripwire/t", "y": 270 }
        },
        {   "when": { "attached": "false", "north": "true", "east":  "true", "south": "false", "west":  "false" },
		"apply": { "model": "block/tripwire/bend" }
        },
        {   "when": { "attached": "false", "north": "false", "east":  "true", "south": "true", "west":  "false" },
		"apply": { "model": "block/tripwire/bend", "y": 90 }
        },
        {   "when": { "attached": "false", "north": "false", "east":  "false", "south": "true", "west":  "true" },
		"apply": { "model": "block/tripwire/bend", "y": 180 }
        },
        {   "when": { "attached": "false", "north": "true", "east":  "false", "south": "false", "west":  "true" },
		"apply": { "model": "block/tripwire/bend", "y": 270 }
        },
        {   "when": { "attached": "false", "north": "true", "east":  "false", "south": "true", "west":  "false" },
		"apply": { "model": "block/tripwire/line" }
        },
        {   "when": { "attached": "false", "north": "false", "east":  "true", "south": "false", "west":  "true" },
		"apply": { "model": "block/tripwire/line", "y": 90 }
        },
        {   "when": { "attached": "false", "north": "true", "east":  "false", "south": "false", "west":  "false" },
		"apply": { "model": "block/tripwire/line" }
        },
        {   "when": { "attached": "false", "north": "false", "east":  "true", "south": "false", "west":  "false" },
		"apply": { "model": "block/tripwire/line", "y": 90 }
        },
        {   "when": { "attached": "false", "north": "false", "east":  "false", "south": "true", "west":  "false" },
		"apply": { "model": "block/tripwire/line" }
        },
        {   "when": { "attached": "false", "north": "false", "east":  "false", "south": "false", "west":  "true" },
		"apply": { "model": "block/tripwire/line", "y": 90 }
        },
		
		
		
        {   "when": { "attached": "true", "north": "false", "east":  "false", "south": "false", "west":  "false" },
		"apply": { "model": "block/tripwire/dot_attached" }
        },
        {   "when": { "attached": "true", "north": "true", "east":  "true", "south": "true", "west":  "true" },
		"apply": { "model": "block/tripwire/cross_attached" }
        },
        {   "when": { "attached": "true", "north": "true", "east":  "true", "south": "true", "west":  "false" },
		"apply": { "model": "block/tripwire/t_attached" }
        },
        {   "when": { "attached": "true", "north": "false", "east":  "true", "south": "true", "west":  "true" },
		"apply": { "model": "block/tripwire/t_attached", "y": 90 }
        },
        {   "when": { "attached": "true", "north": "true", "east":  "false", "south": "true", "west":  "true" },
		"apply": { "model": "block/tripwire/t_attached", "y": 180 }
        },
        {   "when": { "attached": "true", "north": "true", "east":  "true", "south": "false", "west":  "true" },
		"apply": { "model": "block/tripwire/t_attached", "y": 270 }
        },
        {   "when": { "attached": "true", "north": "true", "east":  "true", "south": "false", "west":  "false" },
		"apply": { "model": "block/tripwire/bend_attached" }
        },
        {   "when": { "attached": "true", "north": "false", "east":  "true", "south": "true", "west":  "false" },
		"apply": { "model": "block/tripwire/bend_attached", "y": 90 }
        },
        {   "when": { "attached": "true", "north": "false", "east":  "false", "south": "true", "west":  "true" },
		"apply": { "model": "block/tripwire/bend_attached", "y": 180 }
        },
        {   "when": { "attached": "true", "north": "true", "east":  "false", "south": "false", "west":  "true" },
		"apply": { "model": "block/tripwire/bend_attached", "y": 270 }
        },
        {   "when": { "attached": "true", "north": "true", "east":  "false", "south": "true", "west":  "false" },
		"apply": { "model": "block/tripwire/line_attached" }
        },
        {   "when": { "attached": "true", "north": "false", "east":  "true", "south": "false", "west":  "true" },
		"apply": { "model": "block/tripwire/line_attached", "y": 90 }
        },
        {   "when": { "attached": "true", "north": "true", "east":  "false", "south": "false", "west":  "false" },
		"apply": { "model": "block/tripwire/line_attached" }
        },
        {   "when": { "attached": "true", "north": "false", "east":  "true", "south": "false", "west":  "false" },
		"apply": { "model": "block/tripwire/line_attached", "y": 90 }
        },
        {   "when": { "attached": "true", "north": "false", "east":  "false", "south": "true", "west":  "false" },
		"apply": { "model": "block/tripwire/line_attached" }
        },
        {   "when": { "attached": "true", "north": "false", "east":  "false", "south": "false", "west":  "true" },
		"apply": { "model": "block/tripwire/line_attached", "y": 90 }
        }
    ]
}
