{
  "name": "bungeons:dripstone/ends",
  "fallback": "minecraft:empty",
  "elements": [
    {
      "weight": 2,
      "element": {
        "element_type": "minecraft:single_pool_element",
        "location": "bungeons:dripstone/end/chest",
        "projection": "rigid",
        "processors": "minecraft:empty"
      }
    },
    {
      "weight": 2,
      "element": {
        "element_type": "minecraft:single_pool_element",
        "location": "bungeons:dripstone/end/open",
        "projection": "rigid",
        "processors": "minecraft:empty"
      }
    }
  ]
}