{
	"definitions": [
		// 3.  Smoke and flames
		{
			"index": 3,
			"startColor": "#912307",
			"endColor": "#818385",
			"selectors": ["%Nether B", "%Nether Q", "%Nether G", "netherrack", "%Nylium", "crimson_fungus", "warped_fungus", "campfire", "fire_charge", "%Firework", "%Lava"]
		},
		// 4.  Water / Ice
		{
			"index": 4,
			"startColor": "#008FCC",
			"endColor": "#044B8A",
			"selectors": ["sea_lantern", "heart_of_the_sea", "%Prismarine", "conduit", "nautilus_shell"]
		},
		// 5.  Rose and vines
		{
			"index": 5,
			"startColor": "#5C4C2D",
			"endColor": "#5C4C2D",
			"selectors": ["$minecraft:small_flowers", "$minecraft:flowers", "$minecraft:leaves", "$minecraft:saplings", "$minecraft:tall_flowers", "%Azalea", "%Dripleaf", "%Vines", "bamboo"]
		},
		// 6.  Bones / death
		{
			"index": 6,
			"startColor": "#705A87",
			"endColor": "#393556",
			"selectors": ["%Skull", "wither_rose", "%Obsidian", "respawn_anchor", "%Soul"]
		},
		// 7.  Iron plating / machinery
		{
			"index": 7,
			"startColor": "#7D8A91",
			"endColor": "#7D8A91",
			"selectors": ["iron_door", "iron_trapdoor", "iron_block", "%Anvil", "%Minecart", "%Rail", "hopper", "observer", "dispenser", "dropper", "%Piston"]
		},
		// 8.  Purple geometric motif
		{
			"index": 8,
			"startColor": "#A591B6",
			"endColor": "#A591B6",
			"selectors": ["%End", "%Purpur", "%Chorus", "%Shulker"]
		},
		// 9.  Holy (halo / wings)
		{
			"index": 9,
			"startColor": "#FFFADB",
			"endColor": "#FFDFAD",
			"selectors": ["elytra", "%Glow", "totem_of_undying", "experience_bottle", "golden_carrot", "golden_apple", "enchanted_golden_apple"]
		},
		// 0.  Gold frame
		{
			"index": 0,
			"startColor": "#996922",
			"endColor": "#5B3B1D",
			"selectors": ["netherite_sword", "netherite_shovel", "netherite_pickaxe", "netherite_axe", "netherite_hoe", "netherite_helmet", "netherite_chestplate", "netherite_leggings", "netherite_boots",
						  "!epic"]
		},
		// 1.  Silver frame
		{
			"index": 1,
			"startColor": "#697C8C",
			"endColor": "#3A4C61",
			"selectors": ["diamond_sword", "diamond_shovel", "diamond_pickaxe", "diamond_axe", "diamond_hoe", "diamond_helmet", "diamond_chestplate", "diamond_leggings", "diamond_boots",
						  "enchanted_book", "turtle_helmet", "tipped_arrow", "spectral_arrow", "!rare"]
		},
		// 2.  Copper frame
		{
			"index": 2,
			"startColor": "#70453D",
			"endColor": "#542323",
			"selectors": ["iron_sword", "iron_shovel", "iron_pickaxe", "iron_axe", "iron_hoe", "iron_helmet", "iron_chestplate", "iron_leggings", "iron_boots",
						  "golden_sword", "golden_shovel", "golden_pickaxe", "golden_axe", "golden_hoe", "golden_helmet", "golden_chestplate", "golden_leggings", "golden_boots",
						  "%Chainmail", "compass", "clock", "spyglass", "shears", "%Bucket", "lead", "name_tag", "flint_and_steel", "bow", "crossbow", "trident", "shield"]
		}
	]
}