{
  "type": "minecraft:jigsaw",
  "biomes": "#bungeons:has_structure/basic",
  "step": "underground_structures",
  "spawn_overrides": {
    "monster": {
      "bounding_box": "piece",
      "spawns": []
    }
  },
  "terrain_adaptation": "none",
  "start_pool": "bungeons:diorite/starts",
  "size": 7,
  "start_height": {
    "type": "minecraft:uniform",
    "max_inclusive": {
      "absolute": 20
    },
    "min_inclusive": {
      "absolute": -40
    }
  },
  "max_distance_from_center": 128,
  "use_expansion_hack": false
}