{
  "type": "minecraft:jigsaw",
  "biomes": "#bungeons:has_structure/midori",
  "step": "underground_structures",
  "spawn_overrides": {
    "monster": {
      "bounding_box": "piece",
      "spawns": []
    }
  },
  "terrain_adaptation": "beard_thin",
  "start_pool": "bungeons:midori/starts",
  "size": 2,
  "start_height": {
    "type": "minecraft:uniform",
    "max_inclusive": {
      "absolute": 40
    },
    "min_inclusive": {
      "absolute": -20
    }
  },
  "max_distance_from_center": 32,
  "use_expansion_hack": false
}