{
  "type": "minecraft:jigsaw",
  "biomes": "#bungeons:has_structure/basic",
  "step": "underground_structures",
  "spawn_overrides": {
    "monster": {
      "bounding_box": "piece",
      "spawns": [
        {
          "type": "minecraft:spider",
          "maxCount": 8,
          "minCount": 4,
          "weight": 80
        },
        {
          "type": "minecraft:zombie",
          "maxCount": 8,
          "minCount": 4,
          "weight": 80
        },
        {
          "type": "minecraft:creeper",
          "maxCount": 8,
          "minCount": 4,
          "weight": 80
        },
        {
          "type": "minecraft:zombie_villager",
          "maxCount": 1,
          "minCount": 1,
          "weight": 20
        },
        {
          "type": "minecraft:skeleton",
          "maxCount": 8,
          "minCount": 4,
          "weight": 80
        },
        {
          "type": "minecraft:slime",
          "maxCount": 8,
          "minCount": 4,
          "weight": 100
        },
        {
          "type": "minecraft:enderman",
          "maxCount": 4,
          "minCount": 1,
          "weight": 20
        },
        {
          "type": "minecraft:witch",
          "maxCount": 1,
          "minCount": 1,
          "weight": 10
        }
	  ]
    }
  },
  "terrain_adaptation": "none",
  "start_pool": "bungeons:tuff/starts",
  "size": 7,
  "start_height": {
    "absolute": -52
  },
  "max_distance_from_center": 128,
  "use_expansion_hack": false
}