{
	"credit": "Made with Blockbench",
	"texture_size": [32, 32],
	"textures": {
		"1": "block/acacia_sapling",
		"particle": "block/oak_sapling"
	},
	"elements": [
		{
			"from": [-1.75, 8, 7],
			"to": [8.25, 14, 7],
			"rotation": {"angle": 45, "axis": "y", "origin": [9, 6, 7]},
			"faces": {
				"north": {"uv": [11, 0, 16, 3], "texture": "#1"},
				"south": {"uv": [16, 0, 11, 3], "texture": "#1"}
			}
		},
		{
			"from": [5, 9, 6],
			"to": [5, 14, 16],
			"rotation": {"angle": 45, "axis": "y", "origin": [5, 11.5, 11]},
			"faces": {
				"east": {"uv": [16, 3, 11, 5.5], "texture": "#1"},
				"west": {"uv": [11, 3, 16, 5.5], "texture": "#1"}
			}
		},
		{
			"from": [9, 0, 3],
			"to": [9, 8, 11],
			"rotation": {"angle": 45, "axis": "y", "origin": [9, 6, 7]},
			"faces": {
				"north": {"uv": [0, 0, 0, 4], "texture": "#1"},
				"east": {"uv": [4, 0, 8, 4], "texture": "#1"},
				"south": {"uv": [0, 0, 0, 4], "texture": "#1"},
				"west": {"uv": [4, 0, 8, 4], "texture": "#1"},
				"up": {"uv": [0, 0, 0, 0], "texture": "#1"},
				"down": {"uv": [0, 0, 0, 0], "texture": "#1"}
			}
		},
		{
			"from": [5, 0, 7],
			"to": [13, 8, 7],
			"rotation": {"angle": 45, "axis": "y", "origin": [9, 6, 7]},
			"faces": {
				"north": {"uv": [4, 0, 8, 4], "texture": "#1"},
				"east": {"uv": [0, 0, 0, 4], "texture": "#1"},
				"south": {"uv": [4, 0, 8, 4], "texture": "#1"},
				"west": {"uv": [0, 0, 0, 4], "texture": "#1"},
				"up": {"uv": [0, 0, 0, 0], "rotation": 90, "texture": "#1"},
				"down": {"uv": [0, 0, 0, 0], "rotation": 270, "texture": "#1"}
			}
		},
		{
			"from": [6, 5, 4],
			"to": [12, 8, 10],
			"rotation": {"angle": 0, "axis": "y", "origin": [1, 0, -1]},
			"faces": {
				"north": {"uv": [0.5, 4.5, 3.5, 6], "texture": "#1"},
				"east": {"uv": [0.5, 4.5, 3.5, 6], "texture": "#1"},
				"south": {"uv": [0.5, 4.5, 3.5, 6], "texture": "#1"},
				"west": {"uv": [0.5, 4.5, 3.5, 6], "texture": "#1"},
				"up": {"uv": [0, 0, 3, 3], "texture": "#1"}
			}
		},
		{
			"from": [1, 10, 7],
			"to": [9, 14, 15],
			"rotation": {"angle": 0, "axis": "y", "origin": [1, 0, -1]},
			"faces": {
				"north": {"uv": [0, 4, 4, 6], "texture": "#1"},
				"east": {"uv": [0, 4, 4, 6], "texture": "#1"},
				"south": {"uv": [0, 4, 4, 6], "texture": "#1"},
				"west": {"uv": [0, 4, 4, 6], "texture": "#1"},
				"up": {"uv": [0, 0, 4, 4], "texture": "#1"}
			}
		}
	],
	"display": {
		"thirdperson_righthand": {
			"translation": [0, 3, 1],
			"scale": [0.55, 0.55, 0.55]
		},
		"thirdperson_lefthand": {
			"translation": [0, 3, 1],
			"scale": [0.55, 0.55, 0.55]
		},
		"firstperson_righthand": {
			"rotation": [-8.5, -90, 0],
			"translation": [1.13, 3.2, 1.13],
			"scale": [0.68, 0.68, 0.68]
		},
		"firstperson_lefthand": {
			"rotation": [-8.5, -90, 0],
			"translation": [1.13, 3.2, 1.13],
			"scale": [0.68, 0.68, 0.68]
		},
		"ground": {
			"translation": [0, 2, 0],
			"scale": [0.5, 0.5, 0.5]
		},
		"gui": {
			"rotation": [30, 135, 0],
			"translation": [-2, 0, 0],
			"scale": [0.9, 0.9, 0.9]
		},
		"head": {
			"rotation": [0, 180, 0],
			"translation": [0, 15.75, 0],
			"scale": [1.2, 1.2, 1.2]
		},
		"fixed": {
			"rotation": [0, 180, 0],
			"translation": [0, 0, -1.25]
		}
	}
}