{
	"credit": "Made with Blockbench",
	"texture_size": [32, 32],
	"textures": {
		"1": "block/acacia_sapling_1",
		"particle": "block/oak_sapling"
	},
	"elements": [
		{
			"from": [0, 12, 0],
			"to": [16, 20, 16],
			"rotation": {"angle": 0, "axis": "y", "origin": [0, -4, 0]},
			"faces": {
				"north": {"uv": [0, 8, 8, 12], "texture": "#1"},
				"east": {"uv": [0, 8, 8, 12], "texture": "#1"},
				"south": {"uv": [0, 8, 8, 12], "texture": "#1"},
				"west": {"uv": [0, 8, 8, 12], "texture": "#1"},
				"up": {"uv": [0, 0, 8, 8], "texture": "#1"}
			}
		},
		{
			"from": [2, 5, 2],
			"to": [10, 9, 10],
			"rotation": {"angle": 0, "axis": "y", "origin": [0, -4, 0]},
			"faces": {
				"north": {"uv": [0, 10, 4, 12], "texture": "#1"},
				"east": {"uv": [0, 10, 4, 12], "texture": "#1"},
				"south": {"uv": [0, 10, 4, 12], "texture": "#1"},
				"west": {"uv": [0, 10, 4, 12], "texture": "#1"},
				"up": {"uv": [0, 0, 4, 4], "texture": "#1"}
			}
		},
		{
			"from": [1, 0, 6],
			"to": [11, 9, 6],
			"rotation": {"angle": -45, "axis": "y", "origin": [6, 7, 6]},
			"faces": {
				"north": {"uv": [8, 6, 13, 10.5], "texture": "#1"},
				"east": {"uv": [0, 10, 0, 14.5], "texture": "#1"},
				"south": {"uv": [8, 6, 13, 10.5], "texture": "#1"},
				"west": {"uv": [0, 10, 0, 14.5], "texture": "#1"},
				"up": {"uv": [0, 0, 4, 4], "texture": "#1"}
			}
		},
		{
			"from": [6, 0, 1],
			"to": [6, 9, 11],
			"rotation": {"angle": -45, "axis": "y", "origin": [6, 7, 6]},
			"faces": {
				"north": {"uv": [0, 10, 0, 14.5], "texture": "#1"},
				"east": {"uv": [8, 6, 13, 10.5], "texture": "#1"},
				"south": {"uv": [0, 10, 0, 14.5], "texture": "#1"},
				"west": {"uv": [8, 6, 13, 10.5], "texture": "#1"},
				"up": {"uv": [0, 0, 4, 4], "rotation": 90, "texture": "#1"}
			}
		},
		{
			"from": [0, 8, 8],
			"to": [16, 20, 8],
			"rotation": {"angle": -45, "axis": "y", "origin": [8, 0, 8], "rescale": true},
			"faces": {
				"north": {"uv": [16, 0, 8, 6], "texture": "#1"},
				"east": {"uv": [0, 0, 0, 16], "texture": "#1"},
				"south": {"uv": [8, 0, 16, 6], "texture": "#1"},
				"west": {"uv": [0, 0, 0, 16], "texture": "#1"},
				"up": {"uv": [0, 0, 0, 16], "rotation": 90, "texture": "#1"},
				"down": {"uv": [0, 0, 0, 16], "rotation": 270, "texture": "#1"}
			}
		},
		{
			"from": [0, 12, 8],
			"to": [16, 20, 8],
			"rotation": {"angle": 45, "axis": "y", "origin": [8, 0, 8], "rescale": true},
			"faces": {
				"north": {"uv": [0, 8, 8, 12], "texture": "#1"},
				"east": {"uv": [0, 0, 0, 16], "texture": "#1"},
				"south": {"uv": [8, 0, 16, 4], "texture": "#1"},
				"west": {"uv": [0, 0, 0, 16], "texture": "#1"},
				"up": {"uv": [0, 0, 0, 16], "rotation": 270, "texture": "#1"},
				"down": {"uv": [0, 0, 0, 16], "rotation": 90, "texture": "#1"}
			}
		}
	]
}