{
	"credit": "Made with Blockbench",
	"textures": {
		"0": "block/anvil_base",
		"1": "block/anvil_head_front",
		"2": "block/anvil_head_back",
		"particle": "block/anvil_base"
	},
	"elements": [
		{
			"from": [4, 8, 1],
			"to": [12, 13, 11],
			"faces": {
				"north": {"uv": [10, 0, 15, 8], "rotation": 90, "texture": "#1"},
				"east": {"uv": [10, 8, 0, 13], "texture": "#1"},
				"south": {"uv": [10, 0, 15, 8], "rotation": 90, "texture": "#1"},
				"west": {"uv": [0, 8, 10, 13], "texture": "#1"},
				"up": {"uv": [0, 0, 10, 8], "rotation": 90, "texture": "#1"},
				"down": {"uv": [0, 0, 10, 8], "rotation": 270, "texture": "#1"}
			}
		},
		{
			"from": [6, 5, 5],
			"to": [10, 8, 11],
			"faces": {
				"north": {"uv": [10, 0, 15, 8], "rotation": 90, "texture": "#1"},
				"east": {"uv": [4, 13, 10, 16], "texture": "#0"},
				"south": {"uv": [0, 13, 4, 16], "texture": "#0"},
				"west": {"uv": [4, 13, 10, 16], "texture": "#0"},
				"up": {"uv": [0, 0, 6, 4], "rotation": 90, "texture": "#missing"},
				"down": {"uv": [0, 0, 6, 4], "rotation": 270, "texture": "#missing"}
			}
		},
		{
			"from": [4, 10, 11],
			"to": [12, 13, 16],
			"faces": {
				"north": {"uv": [10, 0, 15, 8], "rotation": 90, "texture": "#1"},
				"east": {"uv": [5, 8, 0, 11], "texture": "#2"},
				"south": {"uv": [5, 0, 8, 8], "rotation": 90, "texture": "#2"},
				"west": {"uv": [0, 8, 5, 11], "texture": "#2"},
				"up": {"uv": [0, 0, 5, 8], "rotation": 90, "texture": "#2"},
				"down": {"uv": [0, 0, 5, 8], "rotation": 270, "texture": "#2"}
			}
		},
		{
			"from": [5, 7.77164, 12.14805],
			"to": [11, 9.77164, 17.39805],
			"rotation": {"angle": -22.5, "axis": "x", "origin": [8, 5, 11]},
			"faces": {
				"north": {"uv": [10, 0, 15, 8], "rotation": 90, "texture": "#1"},
				"east": {"uv": [10, 6, 15.25, 8], "texture": "#2"},
				"south": {"uv": [0, 0, 6, 2], "texture": "#missing"},
				"west": {"uv": [10, 6, 15.25, 8], "texture": "#2"},
				"up": {"uv": [0, 0, 5.25, 6], "rotation": 90, "texture": "#missing"},
				"down": {"uv": [10, 0.75, 16, 6], "texture": "#2"}
			}
		},
		{
			"from": [3, 0, 3],
			"to": [13, 3, 13],
			"faces": {
				"north": {"uv": [10, 0, 15, 8], "rotation": 90, "texture": "#1"},
				"east": {"uv": [10, 0, 13, 10], "rotation": 90, "texture": "#0"},
				"south": {"uv": [10, 0, 13, 10], "rotation": 90, "texture": "#0"},
				"west": {"uv": [10, 0, 13, 10], "rotation": 90, "texture": "#0"},
				"up": {"uv": [0, 0, 10, 10], "rotation": 90, "texture": "#0"},
				"down": {"uv": [0, 0, 10, 10], "rotation": 270, "texture": "#0"}
			}
		},
		{
			"from": [6, 2.70711, 2.29289],
			"to": [10, 5.70711, 4.29289],
			"rotation": {"angle": 45, "axis": "x", "origin": [8, 2, 3]},
			"faces": {
				"north": {"uv": [10, 0, 15, 8], "rotation": 90, "texture": "#1"},
				"east": {"uv": [2, 13, 4, 16], "texture": "#0"},
				"south": {"uv": [0, 0, 4, 3], "texture": "#missing"},
				"west": {"uv": [4, 13, 6, 16], "texture": "#0"},
				"up": {"uv": [0, 0, 2, 4], "rotation": 90, "texture": "#missing"},
				"down": {"uv": [0, 0, 2, 4], "rotation": 270, "texture": "#missing"}
			}
		},
		{
			"from": [6, 2.70711, 11.70711],
			"to": [10, 5.70711, 13.70711],
			"rotation": {"angle": -45, "axis": "x", "origin": [8, 2, 13]},
			"faces": {
				"north": {"uv": [10, 0, 15, 8], "rotation": 90, "texture": "#1"},
				"east": {"uv": [4, 13, 6, 16], "texture": "#0"},
				"south": {"uv": [0, 10, 4, 13], "texture": "#0"},
				"west": {"uv": [2, 13, 4, 16], "texture": "#0"},
				"up": {"uv": [0, 0, 2, 4], "rotation": 90, "texture": "#missing"},
				"down": {"uv": [0, 0, 2, 4], "rotation": 270, "texture": "#missing"}
			}
		},
		{
			"from": [8.29289, 0.70711, 5],
			"to": [11.29289, 2.70711, 11],
			"rotation": {"angle": -45, "axis": "z", "origin": [12, 2, 8]},
			"faces": {
				"north": {"uv": [10, 0, 15, 8], "rotation": 90, "texture": "#1"},
				"east": {"uv": [0, 0, 6, 2], "rotation": 180, "texture": "#missing"},
				"south": {"uv": [8, 13, 10, 16], "rotation": 270, "texture": "#0"},
				"west": {"uv": [0, 0, 6, 2], "texture": "#missing"},
				"up": {"uv": [4, 10, 10, 13], "rotation": 270, "texture": "#0"},
				"down": {"uv": [0, 0, 6, 3], "rotation": 270, "texture": "#missing"}
			}
		},
		{
			"from": [3.29289, 2.70711, 5],
			"to": [5.29289, 5.70711, 11],
			"rotation": {"angle": -45, "axis": "z", "origin": [4, 2, 8]},
			"faces": {
				"north": {"uv": [10, 0, 15, 8], "rotation": 90, "texture": "#1"},
				"east": {"uv": [0, 0, 6, 3], "texture": "#missing"},
				"south": {"uv": [4, 13, 6, 16], "texture": "#0"},
				"west": {"uv": [4, 10, 10, 13], "texture": "#0"},
				"up": {"uv": [0, 0, 6, 2], "rotation": 90, "texture": "#missing"},
				"down": {"uv": [0, 0, 6, 2], "rotation": 270, "texture": "#missing"}
			}
		}
	],
	"display": {
		"thirdperson_righthand": {
			"rotation": [75, 45, 0],
			"translation": [0, 2.5, 0],
			"scale": [0.375, 0.375, 0.375]
		},
		"thirdperson_lefthand": {
			"rotation": [75, 45, 0],
			"translation": [0, 2.5, 0],
			"scale": [0.375, 0.375, 0.375]
		},
		"firstperson_righthand": {
			"rotation": [0, 45, 0],
			"scale": [0.4, 0.4, 0.4]
		},
		"firstperson_lefthand": {
			"rotation": [0, 225, 0],
			"scale": [0.4, 0.4, 0.4]
		},
		"ground": {
			"translation": [0, 3, 0],
			"scale": [0.25, 0.25, 0.25]
		},
		"gui": {
			"rotation": [30, 225, 0],
			"scale": [0.625, 0.625, 0.625]
		},
		"head": {
			"translation": [0, 2, 0],
			"scale": [1.24, 1.24, 1.24]
		},
		"fixed": {
			"scale": [0.5, 0.5, 0.5]
		}
	}
}