{
	"credit": "Made with Blockbench",
	"texture_size": [32, 32],
	"textures": {
		"0": "block/birch_sapling",
		"particle": "block/birch_sapling"
	},
	"elements": [
		{
			"from": [3, 0, 8],
			"to": [13, 12, 8],
			"rotation": {"angle": 45, "axis": "y", "origin": [8, 6, 8]},
			"faces": {
				"north": {"uv": [8, 0, 13, 6], "texture": "#0"},
				"east": {"uv": [0, 0, 0, 6], "texture": "#0"},
				"south": {"uv": [8, 0, 13, 6], "texture": "#0"},
				"west": {"uv": [0, 0, 0, 6], "texture": "#0"},
				"up": {"uv": [0, 0, 5, 0], "texture": "#0"},
				"down": {"uv": [0, 0, 5, 0], "texture": "#0"}
			}
		},
		{
			"from": [8, 0, 3],
			"to": [8, 12, 13],
			"rotation": {"angle": 45, "axis": "y", "origin": [8, 6, 8]},
			"faces": {
				"north": {"uv": [0, 8, 0, 14], "texture": "#0"},
				"east": {"uv": [8, 0, 13, 6], "texture": "#0"},
				"south": {"uv": [8, 8, 8, 14], "texture": "#0"},
				"west": {"uv": [8, 0, 13, 6], "texture": "#0"},
				"up": {"uv": [0, 0, 0, 5], "texture": "#0"},
				"down": {"uv": [0, 0, 0, 5], "texture": "#0"}
			}
		},
		{
			"from": [4, 4, 4],
			"to": [12, 12, 12],
			"faces": {
				"north": {"uv": [0, 10, 4, 14], "texture": "#0"},
				"east": {"uv": [0, 10, 4, 14], "texture": "#0"},
				"south": {"uv": [0, 10, 4, 14], "texture": "#0"},
				"west": {"uv": [0, 10, 4, 14], "texture": "#0"},
				"up": {"uv": [0, 0, 4, 4], "texture": "#0"}
			}
		}
	]
}