{
	"credit": "Made with Blockbench",
	"texture_size": [32, 32],
	"textures": {
		"1": "block/birch_sapling",
		"particle": "block/birch_sapling"
	},
	"elements": [
		{
			"from": [0, 8, 0],
			"to": [16, 20, 16],
			"rotation": {"angle": 0, "axis": "y", "origin": [0, -4, 0]},
			"faces": {
				"north": {"uv": [0, 8, 8, 14], "texture": "#1"},
				"east": {"uv": [0, 8, 8, 14], "texture": "#1"},
				"south": {"uv": [0, 8, 8, 14], "texture": "#1"},
				"west": {"uv": [0, 8, 8, 14], "texture": "#1"},
				"up": {"uv": [0, 0, 8, 8], "texture": "#1"}
			}
		},
		{
			"from": [0, 0, 8],
			"to": [16, 20, 8],
			"rotation": {"angle": -45, "axis": "y", "origin": [8, 0, 8], "rescale": true},
			"faces": {
				"north": {"uv": [8, 6, 16, 16], "texture": "#1"},
				"east": {"uv": [0, 0, 0, 16], "texture": "#1"},
				"south": {"uv": [8, 6, 16, 16], "texture": "#1"},
				"west": {"uv": [0, 0, 0, 16], "texture": "#1"},
				"up": {"uv": [0, 0, 0, 16], "rotation": 90, "texture": "#1"},
				"down": {"uv": [0, 0, 0, 16], "rotation": 270, "texture": "#1"}
			}
		},
		{
			"from": [0, 0, 8],
			"to": [16, 20, 8],
			"rotation": {"angle": 45, "axis": "y", "origin": [8, 0, 8], "rescale": true},
			"faces": {
				"north": {"uv": [8, 6, 16, 16], "texture": "#1"},
				"east": {"uv": [0, 0, 0, 16], "texture": "#1"},
				"south": {"uv": [8, 6, 16, 16], "texture": "#1"},
				"west": {"uv": [0, 0, 0, 16], "texture": "#1"},
				"up": {"uv": [0, 0, 0, 16], "rotation": 270, "texture": "#1"},
				"down": {"uv": [0, 0, 0, 16], "rotation": 90, "texture": "#1"}
			}
		}
	]
}