{
	"credit": "Made with Blockbench",
	"parent": "block/block",
	"ambientocclusion": false,
	"textures": {
		"3": "block/cactus_flowers",
		"bottom": "block/cactus_bottom",
		"top": "block/cactus_top",
		"particle": "block/cactus_side",
		"side": "block/cactus_side"
	},
	"elements": [
		{
			"from": [0, 0, 0],
			"to": [16, 16, 16],
			"faces": {
				"up": {"uv": [0, 0, 16, 16], "texture": "#top", "cullface": "up"},
				"down": {"uv": [0, 0, 16, 16], "texture": "#bottom", "cullface": "down"}
			}
		},
		{
			"from": [0, 0, 1],
			"to": [16, 16, 15],
			"faces": {
				"north": {"uv": [0, 0, 16, 16], "texture": "#side"},
				"south": {"uv": [0, 0, 16, 16], "texture": "#side"}
			}
		},
		{
			"from": [1, 0, 0],
			"to": [15, 16, 16],
			"faces": {
				"east": {"uv": [0, 0, 16, 16], "texture": "#side"},
				"west": {"uv": [0, 0, 16, 16], "texture": "#side"}
			}
		},
		{
			"from": [7, 16.025, 7],
			"to": [9, 16.025, 9],
			"rotation": {"angle": 0, "axis": "y", "origin": [1, 0.025, 1]},
			"faces": {
				"north": {"uv": [0, 0, 2, 0], "texture": "#missing", "cullface": "up"},
				"east": {"uv": [0, 0, 2, 0], "texture": "#missing", "cullface": "up"},
				"south": {"uv": [0, 0, 2, 0], "texture": "#missing", "cullface": "up"},
				"west": {"uv": [0, 0, 2, 0], "texture": "#missing", "cullface": "up"},
				"up": {"uv": [1, 3, 3, 5], "texture": "#3", "cullface": "up"},
				"down": {"uv": [1, 3, 3, 5], "texture": "#3", "cullface": "up"}
			}
		},
		{
			"from": [4, 16.025, 6],
			"to": [7, 16.025, 10],
			"rotation": {"angle": -22.5, "axis": "z", "origin": [7, 16.025, 8]},
			"faces": {
				"north": {"uv": [0, 0, 2, 0], "texture": "#3", "cullface": "up"},
				"east": {"uv": [0, 0, 4, 0], "texture": "#3", "cullface": "up"},
				"south": {"uv": [0, 0, 2, 0], "texture": "#3", "cullface": "up"},
				"west": {"uv": [0, 0, 4, 0], "texture": "#3", "cullface": "up"},
				"up": {"uv": [0, 0, 4, 3], "rotation": 270, "texture": "#3", "cullface": "up"},
				"down": {"uv": [0, 0, 4, 3], "rotation": 270, "texture": "#3", "cullface": "up"}
			}
		},
		{
			"from": [6, 16.025, 9],
			"to": [10, 16.025, 12],
			"rotation": {"angle": -22.5, "axis": "x", "origin": [8, 16.025, 9]},
			"faces": {
				"north": {"uv": [0, 0, 4, 0], "texture": "#3", "cullface": "up"},
				"east": {"uv": [0, 0, 3, 0], "texture": "#3", "cullface": "up"},
				"south": {"uv": [0, 0, 4, 0], "texture": "#3", "cullface": "up"},
				"west": {"uv": [0, 0, 3, 0], "texture": "#3", "cullface": "up"},
				"up": {"uv": [0, 0, 4, 3], "rotation": 180, "texture": "#3", "cullface": "up"},
				"down": {"uv": [0, 0, 4, 3], "texture": "#3", "cullface": "up"}
			}
		},
		{
			"from": [6, 16.025, 4],
			"to": [10, 16.025, 7],
			"rotation": {"angle": 22.5, "axis": "x", "origin": [8, 16.025, 7]},
			"faces": {
				"north": {"uv": [0, 0, 4, 0], "texture": "#3", "cullface": "up"},
				"east": {"uv": [0, 0, 3, 0], "texture": "#3", "cullface": "up"},
				"south": {"uv": [0, 0, 4, 0], "texture": "#3", "cullface": "up"},
				"west": {"uv": [0, 0, 3, 0], "texture": "#3", "cullface": "up"},
				"up": {"uv": [0, 0, 4, 3], "texture": "#3", "cullface": "up"},
				"down": {"uv": [0, 0, 4, 3], "rotation": 180, "texture": "#3", "cullface": "up"}
			}
		},
		{
			"from": [9, 16.025, 6],
			"to": [12, 16.025, 10],
			"rotation": {"angle": 22.5, "axis": "z", "origin": [9, 16.025, 8]},
			"faces": {
				"north": {"uv": [0, 0, 2, 0], "texture": "#3", "cullface": "up"},
				"east": {"uv": [0, 0, 4, 0], "texture": "#3", "cullface": "up"},
				"south": {"uv": [0, 0, 2, 0], "texture": "#3", "cullface": "up"},
				"west": {"uv": [0, 0, 4, 0], "texture": "#3", "cullface": "up"},
				"up": {"uv": [0, 0, 4, 3], "rotation": 90, "texture": "#3", "cullface": "up"},
				"down": {"uv": [0, 0, 4, 3], "rotation": 90, "texture": "#3", "cullface": "up"}
			}
		}
	]
}