{
	"credit": "Made with Blockbench",
	"parent": "block/block",
	"ambientocclusion": false,
	"textures": {
		"3": "block/cactus_flowers",
		"bottom": "block/cactus_bottom",
		"top": "block/cactus_top",
		"particle": "block/cactus_side",
		"side": "block/cactus_side"
	},
	"elements": [
		{
			"from": [0, 0, 0],
			"to": [16, 16, 16],
			"faces": {
				"up": {"uv": [0, 0, 16, 16], "texture": "#top", "cullface": "up"},
				"down": {"uv": [0, 0, 16, 16], "texture": "#bottom", "cullface": "down"}
			}
		},
		{
			"from": [0, 0, 1],
			"to": [16, 16, 15],
			"faces": {
				"north": {"uv": [0, 0, 16, 16], "texture": "#side"},
				"south": {"uv": [0, 0, 16, 16], "texture": "#side"}
			}
		},
		{
			"from": [1, 0, 0],
			"to": [15, 16, 16],
			"faces": {
				"east": {"uv": [0, 0, 16, 16], "texture": "#side"},
				"west": {"uv": [0, 0, 16, 16], "texture": "#side"}
			}
		},
		{
			"from": [8, 10, 0.975],
			"to": [10, 12, 0.975],
			"rotation": {"angle": 0, "axis": "y", "origin": [2, 4, 16.975]},
			"faces": {
				"north": {"uv": [1, 3, 3, 5], "rotation": 180, "texture": "#3"},
				"east": {"uv": [0, 0, 2, 0], "rotation": 90, "texture": "#missing"},
				"south": {"uv": [1, 3, 3, 5], "texture": "#3"},
				"west": {"uv": [0, 0, 2, 0], "rotation": 270, "texture": "#missing"},
				"up": {"uv": [0, 0, 2, 0], "texture": "#missing"},
				"down": {"uv": [0, 0, 2, 0], "rotation": 180, "texture": "#missing"}
			}
		},
		{
			"from": [6, 4, 15.025],
			"to": [8, 6, 15.025],
			"rotation": {"angle": 0, "axis": "y", "origin": [0, -2, -0.975]},
			"faces": {
				"north": {"uv": [3, 3, 1, 5], "texture": "#3"},
				"east": {"uv": [0, 0, 2, 0], "rotation": 90, "texture": "#missing"},
				"south": {"uv": [3, 3, 1, 5], "rotation": 180, "texture": "#3"},
				"west": {"uv": [0, 0, 2, 0], "rotation": 270, "texture": "#missing"},
				"up": {"uv": [0, 0, 2, 0], "texture": "#missing"},
				"down": {"uv": [0, 0, 2, 0], "rotation": 180, "texture": "#missing"}
			}
		},
		{
			"from": [5, 9, 0.975],
			"to": [8, 13, 0.975],
			"rotation": {"angle": -22.5, "axis": "y", "origin": [8, 11, 0.975]},
			"faces": {
				"north": {"uv": [4, 0, 8, 3], "rotation": 90, "texture": "#3"},
				"east": {"uv": [0, 0, 4, 0], "rotation": 90, "texture": "#3"},
				"south": {"uv": [4, 0, 8, 3], "rotation": 270, "texture": "#3"},
				"west": {"uv": [0, 0, 4, 0], "rotation": 270, "texture": "#3"},
				"up": {"uv": [0, 0, 2, 0], "texture": "#3"},
				"down": {"uv": [0, 0, 2, 0], "rotation": 180, "texture": "#3"}
			}
		},
		{
			"from": [3, 3, 15.025],
			"to": [6, 7, 15.025],
			"rotation": {"angle": 22.5, "axis": "y", "origin": [6, 5, 15.025]},
			"faces": {
				"north": {"uv": [4, 3, 8, 0], "rotation": 270, "texture": "#3"},
				"east": {"uv": [0, 0, 4, 0], "rotation": 90, "texture": "#3"},
				"south": {"uv": [4, 3, 8, 0], "rotation": 90, "texture": "#3"},
				"west": {"uv": [0, 0, 4, 0], "rotation": 270, "texture": "#3"},
				"up": {"uv": [0, 0, 2, 0], "texture": "#3"},
				"down": {"uv": [0, 0, 2, 0], "rotation": 180, "texture": "#3"}
			}
		},
		{
			"from": [7, 12, 0.975],
			"to": [11, 15, 0.975],
			"rotation": {"angle": -22.5, "axis": "x", "origin": [9, 12, 0.975]},
			"faces": {
				"north": {"uv": [4, 0, 8, 3], "texture": "#3"},
				"east": {"uv": [0, 0, 3, 0], "rotation": 90, "texture": "#3"},
				"south": {"uv": [4, 0, 8, 3], "texture": "#3"},
				"west": {"uv": [0, 0, 3, 0], "rotation": 270, "texture": "#3"},
				"up": {"uv": [0, 0, 4, 0], "texture": "#3"},
				"down": {"uv": [0, 0, 4, 0], "rotation": 180, "texture": "#3"}
			}
		},
		{
			"from": [5, 6, 15.025],
			"to": [9, 9, 15.025],
			"rotation": {"angle": 22.5, "axis": "x", "origin": [7, 6, 15.025]},
			"faces": {
				"north": {"uv": [4, 0, 8, 3], "texture": "#3"},
				"east": {"uv": [0, 0, 3, 0], "rotation": 90, "texture": "#3"},
				"south": {"uv": [4, 0, 8, 3], "texture": "#3"},
				"west": {"uv": [0, 0, 3, 0], "rotation": 270, "texture": "#3"},
				"up": {"uv": [0, 0, 4, 0], "texture": "#3"},
				"down": {"uv": [0, 0, 4, 0], "rotation": 180, "texture": "#3"}
			}
		},
		{
			"from": [7, 7, 0.975],
			"to": [11, 10, 0.975],
			"rotation": {"angle": 22.5, "axis": "x", "origin": [9, 10, 0.975]},
			"faces": {
				"north": {"uv": [4, 0, 8, 3], "rotation": 180, "texture": "#3"},
				"east": {"uv": [0, 0, 3, 0], "rotation": 90, "texture": "#3"},
				"south": {"uv": [4, 0, 8, 3], "rotation": 180, "texture": "#3"},
				"west": {"uv": [0, 0, 3, 0], "rotation": 270, "texture": "#3"},
				"up": {"uv": [0, 0, 4, 0], "texture": "#3"},
				"down": {"uv": [0, 0, 4, 0], "rotation": 180, "texture": "#3"}
			}
		},
		{
			"from": [5, 1, 15.025],
			"to": [9, 4, 15.025],
			"rotation": {"angle": -22.5, "axis": "x", "origin": [7, 4, 15.025]},
			"faces": {
				"north": {"uv": [4, 0, 8, 3], "rotation": 180, "texture": "#3"},
				"east": {"uv": [0, 0, 3, 0], "rotation": 90, "texture": "#3"},
				"south": {"uv": [4, 0, 8, 3], "rotation": 180, "texture": "#3"},
				"west": {"uv": [0, 0, 3, 0], "rotation": 270, "texture": "#3"},
				"up": {"uv": [0, 0, 4, 0], "texture": "#3"},
				"down": {"uv": [0, 0, 4, 0], "rotation": 180, "texture": "#3"}
			}
		},
		{
			"from": [10, 9, 0.975],
			"to": [13, 13, 0.975],
			"rotation": {"angle": 22.5, "axis": "y", "origin": [10, 11, 0.975]},
			"faces": {
				"north": {"uv": [4, 0, 8, 3], "rotation": 270, "texture": "#3"},
				"east": {"uv": [0, 0, 4, 0], "rotation": 90, "texture": "#3"},
				"south": {"uv": [4, 0, 8, 3], "rotation": 90, "texture": "#3"},
				"west": {"uv": [0, 0, 4, 0], "rotation": 270, "texture": "#3"},
				"up": {"uv": [0, 0, 2, 0], "texture": "#3"},
				"down": {"uv": [0, 0, 2, 0], "rotation": 180, "texture": "#3"}
			}
		},
		{
			"from": [8, 3, 15.025],
			"to": [11, 7, 15.025],
			"rotation": {"angle": -22.5, "axis": "y", "origin": [8, 5, 15.025]},
			"faces": {
				"north": {"uv": [4, 3, 8, 0], "rotation": 90, "texture": "#3"},
				"east": {"uv": [0, 0, 4, 0], "rotation": 90, "texture": "#3"},
				"south": {"uv": [4, 3, 8, 0], "rotation": 270, "texture": "#3"},
				"west": {"uv": [0, 0, 4, 0], "rotation": 270, "texture": "#3"},
				"up": {"uv": [0, 0, 2, 0], "texture": "#3"},
				"down": {"uv": [0, 0, 2, 0], "rotation": 180, "texture": "#3"}
			}
		}
	]
}