{
	"credit": "Made with Blockbench",
	"textures": {
		"1": "block/redstone_torch_off",
		"4": "block/redstone_torch",
		"5": "block/comparator_on",
		"6": "block/comparator_base_on",
		"particle": "block/comparator"
	},
	"elements": [
		{
			"from": [3, 1, 0],
			"to": [13, 2, 7],
			"faces": {
				"north": {"uv": [1, 3, 2, 13], "rotation": 90, "texture": "#5"},
				"east": {"uv": [0, 0, 7, 1], "texture": "#6"},
				"south": {"uv": [6, 6, 16, 7], "texture": "#5"},
				"west": {"uv": [0, 0, 7, 1], "texture": "#6"},
				"up": {"uv": [6, 9, 16, 16], "rotation": 180, "texture": "#5"},
				"down": {"uv": [0, 0, 16, 10], "rotation": 90, "texture": "#6"}
			}
		},
		{
			"from": [3, 1, 9],
			"to": [13, 2, 12],
			"faces": {
				"north": {"uv": [6, 6, 16, 7], "texture": "#5"},
				"east": {"uv": [3, 0, 6, 1], "texture": "#6"},
				"south": {"uv": [1, 3, 2, 13], "rotation": 90, "texture": "#5"},
				"west": {"uv": [3, 0, 6, 1], "texture": "#6"},
				"up": {"uv": [6, 4, 16, 7], "rotation": 180, "texture": "#5"},
				"down": {"uv": [0, 0, 16, 10], "rotation": 90, "texture": "#6"}
			}
		},
		{
			"from": [3, 1, 14],
			"to": [13, 2, 16],
			"faces": {
				"north": {"uv": [6, 6, 16, 7], "texture": "#5"},
				"east": {"uv": [0, 0, 2, 1], "texture": "#6"},
				"south": {"uv": [1, 3, 2, 13], "rotation": 90, "texture": "#5"},
				"west": {"uv": [0, 0, 2, 1], "texture": "#6"},
				"up": {"uv": [6, 0, 16, 2], "rotation": 180, "texture": "#5"},
				"down": {"uv": [0, 0, 16, 10], "rotation": 90, "texture": "#6"}
			}
		},
		{
			"from": [3, 1, 12],
			"to": [6, 2, 14],
			"faces": {
				"north": {"uv": [15, 1, 16, 4], "rotation": 90, "texture": "#5"},
				"east": {"uv": [0, 0, 2, 1], "texture": "#6"},
				"south": {"uv": [1, 3, 2, 6], "rotation": 90, "texture": "#5"},
				"west": {"uv": [0, 0, 2, 1], "texture": "#6"},
				"up": {"uv": [13, 2, 16, 4], "rotation": 180, "texture": "#5"},
				"down": {"uv": [0, 0, 16, 10], "rotation": 90, "texture": "#6"}
			}
		},
		{
			"from": [10, 1, 12],
			"to": [13, 2, 14],
			"faces": {
				"north": {"uv": [1, 3, 2, 6], "rotation": 90, "texture": "#5"},
				"east": {"uv": [0, 0, 2, 1], "texture": "#6"},
				"south": {"uv": [15, 1, 16, 4], "rotation": 90, "texture": "#5"},
				"west": {"uv": [0, 0, 2, 1], "texture": "#6"},
				"up": {"uv": [13, 2, 16, 4], "texture": "#5"},
				"down": {"uv": [0, 0, 16, 10], "rotation": 270, "texture": "#6"}
			}
		},
		{
			"from": [0, 0, 0],
			"to": [16, 1, 16],
			"faces": {
				"north": {"uv": [0, 0, 1, 16], "rotation": 90, "texture": "#5"},
				"east": {"uv": [0, 0, 1, 16], "rotation": 90, "texture": "#5"},
				"south": {"uv": [0, 0, 1, 16], "rotation": 90, "texture": "#5"},
				"west": {"uv": [0, 0, 1, 16], "rotation": 90, "texture": "#5"},
				"up": {"uv": [0, 0, 16, 16], "rotation": 180, "texture": "#6"},
				"down": {"uv": [0, 0, 16, 16], "rotation": 180, "texture": "#6"}
			}
		},
		{
			"from": [10, 2, 12],
			"to": [12, 7, 14],
			"faces": {
				"north": {"uv": [7, 6, 9, 11], "texture": "#4"},
				"east": {"uv": [7, 6, 9, 11], "texture": "#4"},
				"south": {"uv": [7, 6, 9, 11], "texture": "#4"},
				"west": {"uv": [7, 6, 9, 11], "texture": "#4"},
				"up": {"uv": [7, 6, 9, 8], "rotation": 180, "texture": "#4"},
				"down": {"uv": [7, 6, 9, 8], "rotation": 180, "texture": "#4"}
			}
		},
		{
			"from": [4, 2, 12],
			"to": [6, 7, 14],
			"faces": {
				"north": {"uv": [7, 6, 9, 11], "texture": "#4"},
				"east": {"uv": [7, 6, 9, 11], "texture": "#4"},
				"south": {"uv": [7, 6, 9, 11], "texture": "#4"},
				"west": {"uv": [7, 6, 9, 11], "texture": "#4"},
				"up": {"uv": [7, 6, 9, 8], "rotation": 180, "texture": "#4"},
				"down": {"uv": [7, 6, 9, 8], "rotation": 180, "texture": "#4"}
			}
		},
		{
			"from": [7, 1, 7],
			"to": [9, 4, 9],
			"faces": {
				"north": {"uv": [7, 6, 9, 9], "texture": "#1"},
				"east": {"uv": [7, 6, 9, 9], "texture": "#1"},
				"south": {"uv": [7, 6, 9, 9], "texture": "#1"},
				"west": {"uv": [7, 6, 9, 9], "texture": "#1"},
				"up": {"uv": [7, 6, 9, 8], "rotation": 180, "texture": "#1"},
				"down": {"uv": [7, 6, 9, 8], "rotation": 180, "texture": "#1"}
			}
		},
		{
			"from": [15, 1, 6],
			"to": [16, 2, 10],
			"faces": {
				"north": {"uv": [0, 0, 1, 1], "texture": "#5"},
				"east": {"uv": [2, 0, 6, 1], "texture": "#5"},
				"south": {"uv": [0, 0, 1, 1], "texture": "#5"},
				"west": {"uv": [0, 0, 4, 1], "texture": "#5"},
				"up": {"uv": [2, 0, 6, 1], "rotation": 90, "texture": "#5"},
				"down": {"uv": [0, 0, 3, 4], "rotation": 180, "texture": "#5"}
			}
		},
		{
			"from": [0, 1, 6],
			"to": [1, 2, 10],
			"faces": {
				"north": {"uv": [0, 0, 1, 1], "texture": "#5"},
				"east": {"uv": [0, 0, 4, 1], "texture": "#5"},
				"south": {"uv": [2, 0, 3, 1], "texture": "#5"},
				"west": {"uv": [2, 0, 6, 1], "texture": "#5"},
				"up": {"uv": [2, 0, 6, 1], "rotation": 270, "texture": "#5"},
				"down": {"uv": [0, 0, 3, 4], "texture": "#5"}
			}
		},
		{
			"from": [13, 1, 9],
			"to": [15, 2, 10],
			"faces": {
				"north": {"uv": [0, 0, 3, 1], "texture": "#5"},
				"east": {"uv": [0, 0, 4, 1], "texture": "#5"},
				"south": {"uv": [2, 0, 4, 1], "texture": "#5"},
				"west": {"uv": [0, 0, 4, 1], "texture": "#5"},
				"up": {"uv": [2, 1, 3, 3], "rotation": 90, "texture": "#5"},
				"down": {"uv": [0, 0, 3, 4], "rotation": 180, "texture": "#5"}
			}
		},
		{
			"from": [1, 1, 6],
			"to": [3, 2, 7],
			"faces": {
				"north": {"uv": [0, 0, 1, 1], "texture": "#5"},
				"east": {"uv": [0, 0, 4, 1], "texture": "#5"},
				"south": {"uv": [0, 0, 3, 1], "texture": "#5"},
				"west": {"uv": [0, 0, 4, 1], "texture": "#5"},
				"up": {"uv": [2, 1, 3, 3], "rotation": 270, "texture": "#5"},
				"down": {"uv": [0, 0, 3, 4], "texture": "#5"}
			}
		},
		{
			"from": [13, 1, 6],
			"to": [15, 2, 7],
			"faces": {
				"north": {"uv": [4, 0, 6, 1], "texture": "#5"},
				"east": {"uv": [0, 0, 4, 1], "texture": "#5"},
				"south": {"uv": [0, 0, 1, 1], "texture": "#5"},
				"west": {"uv": [0, 0, 4, 1], "texture": "#5"},
				"up": {"uv": [2, 1, 3, 3], "rotation": 90, "texture": "#5"},
				"down": {"uv": [0, 0, 3, 4], "rotation": 180, "texture": "#5"}
			}
		},
		{
			"from": [1, 1, 9],
			"to": [3, 2, 10],
			"faces": {
				"north": {"uv": [0, 0, 1, 1], "texture": "#5"},
				"east": {"uv": [0, 0, 4, 1], "texture": "#5"},
				"south": {"uv": [4, 0, 6, 1], "texture": "#5"},
				"west": {"uv": [0, 0, 4, 1], "texture": "#5"},
				"up": {"uv": [2, 1, 3, 3], "rotation": 270, "texture": "#5"},
				"down": {"uv": [0, 0, 3, 4], "texture": "#5"}
			}
		},
		{
			"from": [6, 1, 12],
			"to": [10, 1.5, 14],
			"faces": {
				"north": {"uv": [0, 0, 4, 0.5], "texture": "#5"},
				"east": {"uv": [0, 0, 2, 0.5], "texture": "#5"},
				"south": {"uv": [0, 0, 4, 0.5], "texture": "#5"},
				"west": {"uv": [0, 0, 2, 0.5], "texture": "#5"},
				"up": {"uv": [9, 2, 13, 4], "rotation": 180, "texture": "#5"},
				"down": {"uv": [0, 0, 4, 2], "rotation": 180, "texture": "#5"}
			}
		},
		{
			"from": [1, 1, 7],
			"to": [15, 1.5, 9],
			"faces": {
				"north": {"uv": [0, 0, 14, 0.5], "texture": "#5"},
				"east": {"uv": [0, 0, 2, 0.5], "texture": "#5"},
				"south": {"uv": [0, 0, 14, 0.5], "texture": "#5"},
				"west": {"uv": [0, 0, 2, 0.5], "texture": "#5"},
				"up": {"uv": [3, 1, 5, 15], "rotation": 90, "texture": "#5"},
				"down": {"uv": [0, 0, 14, 2], "rotation": 180, "texture": "#5"}
			}
		},
		{
			"from": [6, 2, 3],
			"to": [10, 2.5, 7],
			"faces": {
				"north": {"uv": [9, 12, 13, 12.5], "texture": "#5"},
				"east": {"uv": [9, 12, 13, 12.5], "texture": "#5"},
				"south": {"uv": [9, 12, 13, 12.5], "texture": "#5"},
				"west": {"uv": [9, 12, 13, 12.5], "texture": "#5"},
				"up": {"uv": [9, 9, 13, 13], "texture": "#5"},
				"down": {"uv": [9, 9, 13, 13], "texture": "#5"}
			}
		}
	]
}