{
	"credit": "Made with Blockbench",
	"ambientocclusion": false,
	"textures": {
		"0": "block/crafting_table_top",
		"1": "block/crafting_table_bottom",
		"2": "block/crafting_table_front",
		"3": "block/crafting_table_side",
		"particle": "block/crafting_table_top"
	},
	"elements": [
		{
			"from": [0, 0, 0],
			"to": [16, 16, 16],
			"faces": {
				"north": {"uv": [0, 0, 16, 16], "texture": "#2"},
				"east": {"uv": [0, 0, 16, 16], "texture": "#3"},
				"south": {"uv": [0, 0, 16, 16], "texture": "#2"},
				"west": {"uv": [0, 0, 16, 16], "texture": "#3"},
				"up": {"uv": [0, 0, 16, 16], "texture": "#0"},
				"down": {"uv": [0, 0, 16, 16], "texture": "#1"}
			}
		},
		{
			"from": [12.5, -0.5, -0.5],
			"to": [16.5, 3.5, 3.5],
			"faces": {
				"north": {"uv": [0, 12, 4, 16], "texture": "#1"},
				"east": {"uv": [12, 12, 16, 16], "texture": "#1"},
				"south": {"uv": [0, 0, 4, 4], "texture": "#1"},
				"west": {"uv": [12, 12, 16, 16], "texture": "#1"},
				"up": {"uv": [0, 12, 4, 16], "texture": "#1"},
				"down": {"uv": [12, 12, 16, 16], "texture": "#1"}
			}
		},
		{
			"from": [-0.5, -0.5, -0.5],
			"to": [3.5, 3.5, 3.5],
			"faces": {
				"north": {"uv": [12, 12, 16, 16], "texture": "#1"},
				"east": {"uv": [0, 13, 3, 16], "texture": "#1"},
				"south": {"uv": [12, 0, 16, 4], "texture": "#1"},
				"west": {"uv": [0, 12, 4, 16], "texture": "#1"},
				"up": {"uv": [12, 12, 16, 16], "texture": "#1"},
				"down": {"uv": [0, 12, 4, 16], "texture": "#1"}
			}
		},
		{
			"from": [12.5, -0.5, 12.5],
			"to": [16.5, 3.5, 16.5],
			"faces": {
				"north": {"uv": [12, 0, 16, 4], "texture": "#1"},
				"east": {"uv": [0, 12, 4, 16], "texture": "#1"},
				"south": {"uv": [12, 12, 16, 16], "texture": "#1"},
				"west": {"uv": [0, 12, 4, 16], "texture": "#1"},
				"up": {"uv": [0, 0, 4, 4], "texture": "#1"},
				"down": {"uv": [12, 0, 16, 4], "texture": "#1"}
			}
		},
		{
			"from": [-0.5, -0.5, 12.5],
			"to": [3.5, 3.5, 16.5],
			"faces": {
				"north": {"uv": [0, 0, 4, 4], "texture": "#1"},
				"east": {"uv": [0, 12, 4, 16], "texture": "#1"},
				"south": {"uv": [0, 12, 4, 16], "texture": "#1"},
				"west": {"uv": [12, 12, 16, 16], "texture": "#1"},
				"up": {"uv": [12, 0, 16, 4], "texture": "#1"},
				"down": {"uv": [0, 0, 4, 4], "texture": "#1"}
			}
		},
		{
			"from": [12.5, 12.5, -0.5],
			"to": [16.5, 16.5, 3.5],
			"faces": {
				"north": {"uv": [0, 0, 4, 4], "texture": "#1"},
				"east": {"uv": [12, 0, 16, 4], "texture": "#1"},
				"south": {"uv": [0, 12, 4, 16], "texture": "#1"},
				"west": {"uv": [12, 12, 16, 16], "texture": "#1"},
				"up": {"uv": [12, 0, 16, 4], "texture": "#1"},
				"down": {"uv": [0, 0, 4, 4], "texture": "#1"}
			}
		},
		{
			"from": [-0.5, 12.5, -0.5],
			"to": [3.5, 16.5, 3.5],
			"faces": {
				"north": {"uv": [12, 0, 16, 4], "texture": "#1"},
				"east": {"uv": [0, 12, 4, 16], "texture": "#1"},
				"south": {"uv": [12, 12, 16, 16], "texture": "#1"},
				"west": {"uv": [0, 0, 4, 4], "texture": "#1"},
				"up": {"uv": [0, 0, 4, 4], "texture": "#1"},
				"down": {"uv": [12, 0, 16, 4], "texture": "#1"}
			}
		},
		{
			"from": [12.5, 12.5, 12.5],
			"to": [16.5, 16.5, 16.5],
			"faces": {
				"north": {"uv": [12, 12, 16, 16], "texture": "#1"},
				"east": {"uv": [0, 0, 4, 4], "texture": "#1"},
				"south": {"uv": [12, 0, 16, 4], "texture": "#1"},
				"west": {"uv": [0, 12, 4, 16], "texture": "#1"},
				"up": {"uv": [12, 12, 16, 16], "texture": "#1"},
				"down": {"uv": [0, 12, 4, 16], "texture": "#1"}
			}
		},
		{
			"from": [-0.5, 12.5, 12.5],
			"to": [3.5, 16.5, 16.5],
			"faces": {
				"north": {"uv": [0, 12, 4, 16], "texture": "#1"},
				"east": {"uv": [12, 12, 16, 16], "texture": "#1"},
				"south": {"uv": [0, 0, 4, 4], "texture": "#1"},
				"west": {"uv": [12, 0, 16, 4], "texture": "#1"},
				"up": {"uv": [0, 12, 4, 16], "texture": "#1"},
				"down": {"uv": [12, 12, 16, 16], "texture": "#1"}
			}
		},
		{
			"from": [6, 4, -0.5],
			"to": [10, 10, 16.5],
			"faces": {
				"north": {"uv": [6, 6, 10, 12], "texture": "#2"},
				"east": {"uv": [0, 10, 16, 16], "texture": "#1"},
				"south": {"uv": [6, 6, 10, 12], "texture": "#2"},
				"west": {"uv": [0, 10, 16, 16], "texture": "#1"},
				"up": {"uv": [0, 0, 4, 16], "texture": "#1"},
				"down": {"uv": [0, 0, 4, 16], "texture": "#1"}
			}
		},
		{
			"from": [4, 8, -0.5],
			"to": [6, 12, 16.5],
			"faces": {
				"north": {"uv": [10, 4, 12, 8], "texture": "#2"},
				"east": {"uv": [0, 0, 16, 4], "texture": "#1"},
				"south": {"uv": [4, 4, 6, 8], "texture": "#2"},
				"west": {"uv": [0, 0, 16, 4], "texture": "#1"},
				"up": {"uv": [0, 0, 2, 16], "texture": "#1"},
				"down": {"uv": [0, 0, 2, 16], "texture": "#1"}
			}
		},
		{
			"from": [5, 6, -0.5],
			"to": [6, 8, 16.5],
			"faces": {
				"north": {"uv": [10, 8, 11, 10], "texture": "#2"},
				"east": {"uv": [0, 0, 16, 2], "texture": "#missing"},
				"south": {"uv": [5, 8, 6, 10], "texture": "#2"},
				"west": {"uv": [0, 0, 16, 2], "texture": "#1"},
				"up": {"uv": [0, 0, 1, 16], "texture": "#missing"},
				"down": {"uv": [0, 0, 1, 16], "texture": "#1"}
			}
		},
		{
			"from": [10, 8, -0.5],
			"to": [12, 12, 16.5],
			"faces": {
				"north": {"uv": [4, 4, 6, 8], "texture": "#2"},
				"east": {"uv": [0, 0, 16, 4], "texture": "#1"},
				"south": {"uv": [10, 4, 12, 8], "texture": "#2"},
				"west": {"uv": [0, 0, 16, 4], "texture": "#1"},
				"up": {"uv": [0, 0, 2, 16], "texture": "#1"},
				"down": {"uv": [0, 0, 2, 16], "texture": "#1"}
			}
		},
		{
			"from": [10, 6, -0.5],
			"to": [11, 8, 16.5],
			"faces": {
				"north": {"uv": [5, 8, 6, 10], "texture": "#2"},
				"east": {"uv": [0, 0, 16, 2], "texture": "#1"},
				"south": {"uv": [10, 8, 11, 10], "texture": "#2"},
				"west": {"uv": [0, 0, 16, 2], "texture": "#missing"},
				"up": {"uv": [0, 0, 1, 16], "texture": "#missing"},
				"down": {"uv": [0, 0, 1, 16], "texture": "#1"}
			}
		},
		{
			"from": [9, 10, -0.5],
			"to": [10, 11, 16.5],
			"faces": {
				"north": {"uv": [6, 5, 7, 6], "texture": "#2"},
				"east": {"uv": [0, 0, 16, 1], "texture": "#missing"},
				"south": {"uv": [9, 5, 10, 6], "texture": "#2"},
				"west": {"uv": [0, 0, 16, 1], "texture": "#1"},
				"up": {"uv": [0, 0, 1, 16], "texture": "#1"},
				"down": {"uv": [0, 0, 1, 16], "texture": "#missing"}
			}
		},
		{
			"from": [6, 10, -0.5],
			"to": [7, 11, 16.5],
			"faces": {
				"north": {"uv": [9, 5, 10, 6], "texture": "#2"},
				"east": {"uv": [0, 0, 16, 1], "texture": "#1"},
				"south": {"uv": [6, 5, 7, 6], "texture": "#2"},
				"west": {"uv": [0, 0, 16, 1], "texture": "#missing"},
				"up": {"uv": [0, 0, 1, 16], "texture": "#1"},
				"down": {"uv": [0, 0, 1, 16], "texture": "#missing"}
			}
		},
		{
			"from": [7, 3, -0.5],
			"to": [9, 4, 16.5],
			"faces": {
				"north": {"uv": [7, 12, 9, 13], "texture": "#2"},
				"east": {"uv": [0, 0, 16, 1], "texture": "#1"},
				"south": {"uv": [7, 12, 9, 13], "texture": "#2"},
				"west": {"uv": [0, 0, 16, 1], "texture": "#1"},
				"up": {"uv": [0, 0, 2, 16], "texture": "#missing"},
				"down": {"uv": [0, 0, 2, 16], "texture": "#1"}
			}
		},
		{
			"from": [-0.25, 3, 2],
			"to": [16.25, 7, 14],
			"faces": {
				"north": {"uv": [2, 5, 3, 9], "texture": "#3"},
				"east": {"uv": [2, 9, 14, 13], "texture": "#3"},
				"south": {"uv": [2, 5, 3, 9], "texture": "#3"},
				"west": {"uv": [2, 9, 14, 13], "texture": "#3"},
				"up": {"uv": [2, 9, 14, 10], "rotation": 90, "texture": "#3"},
				"down": {"uv": [2, 12, 14, 13], "rotation": 90, "texture": "#3"}
			}
		},
		{
			"from": [-0.5, 7, 2],
			"to": [16, 11, 14],
			"faces": {
				"north": {"uv": [13, 5, 14, 9], "texture": "#3"},
				"east": {"uv": [2, 5, 14, 9], "texture": "#3"},
				"south": {"uv": [2, 5, 3, 9], "texture": "#3"},
				"west": {"uv": [2, 5, 14, 9], "texture": "#3"},
				"up": {"uv": [2, 5, 14, 6], "rotation": 90, "texture": "#3"},
				"down": {"uv": [2, 8, 14, 9], "rotation": 90, "texture": "#3"}
			}
		},
		{
			"from": [-1, 10, 7],
			"to": [16.5, 11, 9],
			"faces": {
				"north": {"uv": [7, 5, 8, 6], "texture": "#3"},
				"east": {"uv": [7, 5, 9, 6], "texture": "#3"},
				"south": {"uv": [0, 0, 16, 1], "texture": "#3"},
				"west": {"uv": [7, 5, 9, 6], "texture": "#3"},
				"up": {"uv": [7, 5, 9, 6], "rotation": 90, "texture": "#3"},
				"down": {"uv": [0, 0, 16, 2], "texture": "#3"}
			}
		},
		{
			"from": [-0.75, 6, 7],
			"to": [16.75, 7, 9],
			"faces": {
				"north": {"uv": [0, 0, 16, 1], "texture": "#3"},
				"east": {"uv": [7, 9, 9, 10], "texture": "#3"},
				"south": {"uv": [0, 0, 16, 1], "texture": "#3"},
				"west": {"uv": [7, 9, 9, 10], "texture": "#3"},
				"up": {"uv": [7, 9, 9, 10], "rotation": 90, "texture": "#3"},
				"down": {"uv": [0, 0, 16, 2], "texture": "#3"}
			}
		}
	],
	"display": {
		"thirdperson_righthand": {
			"rotation": [75, 45, 0],
			"translation": [0, 2.5, 0],
			"scale": [0.375, 0.375, 0.375]
		},
		"thirdperson_lefthand": {
			"rotation": [75, 45, 0],
			"translation": [0, 2.5, 0],
			"scale": [0.375, 0.375, 0.375]
		},
		"firstperson_righthand": {
			"rotation": [0, 45, 0],
			"scale": [0.4, 0.4, 0.4]
		},
		"firstperson_lefthand": {
			"rotation": [0, 225, 0],
			"scale": [0.4, 0.4, 0.4]
		},
		"ground": {
			"translation": [0, 3, 0],
			"scale": [0.25, 0.25, 0.25]
		},
		"gui": {
			"rotation": [30, 225, 0],
			"scale": [0.625, 0.625, 0.625]
		},
		"fixed": {
			"scale": [0.5, 0.5, 0.5]
		}
	}
}