{
	"credit": "Made with Blockbench",
	"textures": {
		"4": "block/daylight_sensor_side",
		"5": "block/daylight_sensor_panel_inverted_on",
		"6": "block/daylight_sensor_base_on",
		"particle": "block/daylight_sensor_base_on"
	},
	"elements": [
		{
			"from": [0, 0, 0],
			"to": [16, 2, 16],
			"faces": {
				"north": {"uv": [0, 0, 16, 2], "texture": "#4"},
				"east": {"uv": [0, 0, 16, 2], "texture": "#4"},
				"south": {"uv": [0, 0, 16, 2], "texture": "#4"},
				"west": {"uv": [0, 0, 16, 2], "texture": "#4"},
				"up": {"uv": [0, 0, 16, 16], "texture": "#6"},
				"down": {"uv": [0, 0, 16, 16], "texture": "#6"}
			}
		},
		{
			"from": [0, 2, 0],
			"to": [16, 6, 16],
			"rotation": {"angle": -22.5, "axis": "z", "origin": [16, 2, 8]},
			"faces": {
				"north": {"uv": [0, 10, 16, 14], "texture": "#4"},
				"east": {"uv": [0, 10, 16, 14], "texture": "#4"},
				"south": {"uv": [0, 10, 16, 14], "texture": "#4"},
				"west": {"uv": [0, 10, 16, 14], "texture": "#4"},
				"up": {"uv": [0, 0, 16, 16], "texture": "#5"},
				"down": {"uv": [0, 0, 16, 16], "texture": "#6"}
			}
		},
		{
			"from": [3, 2, 2],
			"to": [5, 8, 4],
			"faces": {
				"north": {"uv": [14, 10, 16, 16], "texture": "#4"},
				"east": {"uv": [14, 10, 16, 16], "texture": "#4"},
				"south": {"uv": [14, 10, 16, 16], "texture": "#4"},
				"west": {"uv": [14, 10, 16, 16], "texture": "#4"},
				"up": {"uv": [0, 0, 2, 2], "texture": "#4"},
				"down": {"uv": [0, 0, 2, 2], "texture": "#4"}
			}
		},
		{
			"from": [3, 2, 12],
			"to": [5, 8, 14],
			"faces": {
				"north": {"uv": [14, 10, 16, 16], "texture": "#4"},
				"east": {"uv": [14, 10, 16, 16], "texture": "#4"},
				"south": {"uv": [14, 10, 16, 16], "texture": "#4"},
				"west": {"uv": [14, 10, 16, 16], "texture": "#4"},
				"up": {"uv": [0, 0, 2, 2], "texture": "#4"},
				"down": {"uv": [0, 0, 2, 2], "texture": "#4"}
			}
		}
	],
	"display": {
		"thirdperson_righthand": {
			"rotation": [75, 45, 0],
			"translation": [0, 2.5, 0],
			"scale": [0.375, 0.375, 0.375]
		},
		"thirdperson_lefthand": {
			"rotation": [75, 45, 0],
			"translation": [0, 2.5, 0],
			"scale": [0.375, 0.375, 0.375]
		},
		"firstperson_righthand": {
			"rotation": [0, 45, 0],
			"scale": [0.4, 0.4, 0.4]
		},
		"firstperson_lefthand": {
			"rotation": [0, 225, 0],
			"scale": [0.4, 0.4, 0.4]
		},
		"ground": {
			"translation": [0, 3, 0],
			"scale": [0.25, 0.25, 0.25]
		},
		"gui": {
			"rotation": [30, -45, 0],
			"scale": [0.625, 0.625, 0.625]
		},
		"head": {
			"rotation": [0, 90, 0]
		},
		"fixed": {
			"rotation": [0, -90, 0],
			"scale": [0.5, 0.5, 0.5]
		}
	}
}