{
	"credit": "Made with Blockbench",
	"parent": "block/orientable_vertical",
	"textures": {
		"0": "block/dispenser_bottom_on",
		"1": "block/dispenser_side_vertical_on",
		"2": "block/dispenser_side2_vertical_on",
		"particle": "block/dispenser_bottom_on",
		"front": "block/dispenser_front_vertical_on"
	},
	"elements": [
		{
			"from": [0, 0, 0],
			"to": [16, 16, 16],
			"faces": {
				"north": {"uv": [0, 0, 16, 16], "texture": "#2"},
				"east": {"uv": [0, 0, 16, 16], "texture": "#1"},
				"south": {"uv": [0, 0, 16, 16], "texture": "#2"},
				"west": {"uv": [0, 0, 16, 16], "texture": "#1"},
				"up": {"uv": [0, 0, 16, 16], "texture": "#front"},
				"down": {"uv": [0, 0, 16, 16], "texture": "#0"}
			}
		}
	]
}