{
	"credit": "Made with Blockbench",
	"textures": {
		"0": "block/dragon_egg_container",
		"2": "block/dragon_egg_container_top",
		"3": "block/dragon_egg_base",
		"4": "block/dragon_egg",
		"5": "block/dragon_egg_top",
		"6": "block/obsidian",
		"particle": "block/dragon_egg_container"
	},
	"elements": [
		{
			"from": [2, 15, 1],
			"to": [14, 16, 2],
			"faces": {
				"north": {"uv": [2, 0, 14, 1], "texture": "#0"},
				"east": {"uv": [13, 0, 14, 1], "texture": "#0"},
				"west": {"uv": [2, 0, 3, 1], "texture": "#0"},
				"up": {"uv": [2, 1, 14, 2], "texture": "#2"}
			}
		},
		{
			"from": [2, 15, 2],
			"to": [3, 16, 3],
			"rotation": {"angle": 0, "axis": "y", "origin": [8, 15.5, 8]},
			"faces": {
				"up": {"uv": [2, 2, 3, 3], "texture": "#2"}
			}
		},
		{
			"from": [1, 15, 2],
			"to": [2, 16, 14],
			"rotation": {"angle": 0, "axis": "y", "origin": [8, 15.5, 8]},
			"faces": {
				"north": {"uv": [13, 0, 14, 1], "texture": "#0"},
				"south": {"uv": [2, 0, 3, 1], "texture": "#0"},
				"west": {"uv": [2, 0, 14, 1], "texture": "#0"},
				"up": {"uv": [1, 2, 2, 14], "texture": "#2"}
			}
		},
		{
			"from": [2, 15, 14],
			"to": [14, 16, 15],
			"rotation": {"angle": 0, "axis": "y", "origin": [8, 15.5, 14.5]},
			"faces": {
				"east": {"uv": [2, 0, 3, 1], "texture": "#0"},
				"south": {"uv": [2, 0, 14, 1], "texture": "#0"},
				"west": {"uv": [13, 0, 14, 1], "texture": "#0"},
				"up": {"uv": [2, 14, 14, 15], "texture": "#2"}
			}
		},
		{
			"from": [2, 15, 13],
			"to": [3, 16, 14],
			"rotation": {"angle": 0, "axis": "y", "origin": [8, 15.5, 8]},
			"faces": {
				"up": {"uv": [2, 13, 3, 14], "texture": "#2"}
			}
		},
		{
			"from": [14, 15, 2],
			"to": [15, 16, 14],
			"rotation": {"angle": 0, "axis": "y", "origin": [8, 15.5, 8]},
			"faces": {
				"north": {"uv": [2, 0, 3, 1], "texture": "#0"},
				"east": {"uv": [2, 0, 14, 1], "texture": "#0"},
				"south": {"uv": [13, 0, 14, 1], "texture": "#0"},
				"up": {"uv": [14, 2, 15, 14], "texture": "#2"}
			}
		},
		{
			"from": [13, 15, 13],
			"to": [14, 16, 14],
			"rotation": {"angle": 0, "axis": "y", "origin": [8, 15.5, 8]},
			"faces": {
				"up": {"uv": [13, 13, 14, 14], "texture": "#2"}
			}
		},
		{
			"from": [13, 15, 2],
			"to": [14, 16, 3],
			"rotation": {"angle": 0, "axis": "y", "origin": [8, 15.5, 8]},
			"faces": {
				"up": {"uv": [13, 2, 14, 3], "texture": "#2"}
			}
		},
		{
			"from": [14, 0, 2],
			"to": [15, 16, 3],
			"faces": {
				"north": {"uv": [2, 0, 3, 16], "texture": "#0"},
				"east": {"uv": [13, 0, 14, 16], "texture": "#0"}
			}
		},
		{
			"from": [14, 14, 3],
			"to": [15, 15, 4],
			"rotation": {"angle": 0, "axis": "y", "origin": [8, 14.5, 8]},
			"faces": {
				"east": {"uv": [12, 1, 13, 2], "texture": "#0"}
			}
		},
		{
			"from": [14, 0, 13],
			"to": [15, 16, 14],
			"faces": {
				"east": {"uv": [2, 0, 3, 16], "texture": "#0"},
				"south": {"uv": [13, 0, 14, 16], "texture": "#0"}
			}
		},
		{
			"from": [14, 14, 12],
			"to": [15, 15, 13],
			"rotation": {"angle": 0, "axis": "y", "origin": [8, 14.5, 8]},
			"faces": {
				"east": {"uv": [3, 1, 4, 2], "texture": "#0"}
			}
		},
		{
			"from": [14, 1, 12],
			"to": [15, 2, 13],
			"faces": {
				"east": {"uv": [3, 14, 4, 15], "texture": "#0"}
			}
		},
		{
			"from": [14, 1, 3],
			"to": [15, 2, 4],
			"faces": {
				"east": {"uv": [12, 14, 13, 15], "texture": "#0"}
			}
		},
		{
			"from": [1, 1, 3],
			"to": [2, 2, 4],
			"rotation": {"angle": 0, "axis": "y", "origin": [1.5, 1.5, 8]},
			"faces": {
				"west": {"uv": [3, 14, 4, 15], "texture": "#0"}
			}
		},
		{
			"from": [1, 0, 2],
			"to": [2, 16, 3],
			"rotation": {"angle": 0, "axis": "y", "origin": [1.5, 8, 2.5]},
			"faces": {
				"north": {"uv": [13, 0, 14, 16], "texture": "#0"},
				"west": {"uv": [2, 0, 3, 16], "texture": "#0"}
			}
		},
		{
			"from": [1, 0, 13],
			"to": [2, 16, 14],
			"rotation": {"angle": 0, "axis": "y", "origin": [1.5, 8, 13.5]},
			"faces": {
				"south": {"uv": [2, 0, 3, 16], "texture": "#0"},
				"west": {"uv": [13, 0, 14, 16], "texture": "#0"}
			}
		},
		{
			"from": [1, 1, 12],
			"to": [2, 2, 13],
			"rotation": {"angle": 0, "axis": "y", "origin": [1.5, 1.5, 8]},
			"faces": {
				"west": {"uv": [12, 14, 13, 15], "texture": "#0"}
			}
		},
		{
			"from": [1, 14, 12],
			"to": [2, 15, 13],
			"rotation": {"angle": 0, "axis": "y", "origin": [8, 14.5, 8]},
			"faces": {
				"west": {"uv": [12, 1, 13, 2], "texture": "#0"}
			}
		},
		{
			"from": [1, 14, 3],
			"to": [2, 15, 4],
			"rotation": {"angle": 0, "axis": "y", "origin": [8, 14.5, 8]},
			"faces": {
				"west": {"uv": [3, 1, 4, 2], "texture": "#0"}
			}
		},
		{
			"from": [2, 0, 1],
			"to": [3, 16, 2],
			"faces": {
				"north": {"uv": [13, 0, 14, 16], "texture": "#0"},
				"west": {"uv": [2, 0, 3, 16], "texture": "#0"}
			}
		},
		{
			"from": [3, 14, 1],
			"to": [4, 15, 2],
			"rotation": {"angle": 0, "axis": "y", "origin": [8, 14.5, 8]},
			"faces": {
				"north": {"uv": [12, 1, 13, 2], "texture": "#0"}
			}
		},
		{
			"from": [13, 0, 1],
			"to": [14, 16, 2],
			"faces": {
				"north": {"uv": [2, 0, 3, 16], "texture": "#0"},
				"east": {"uv": [13, 0, 14, 16], "texture": "#0"}
			}
		},
		{
			"from": [12, 14, 1],
			"to": [13, 15, 2],
			"rotation": {"angle": 0, "axis": "y", "origin": [8, 14.5, 8]},
			"faces": {
				"north": {"uv": [3, 1, 4, 2], "texture": "#0"}
			}
		},
		{
			"from": [12, 1, 1],
			"to": [13, 2, 2],
			"rotation": {"angle": 0, "axis": "y", "origin": [8, 1.5, 8]},
			"faces": {
				"north": {"uv": [3, 14, 4, 15], "texture": "#0"}
			}
		},
		{
			"from": [3, 1, 1],
			"to": [4, 2, 2],
			"rotation": {"angle": 0, "axis": "y", "origin": [8, 1.5, 8]},
			"faces": {
				"north": {"uv": [12, 14, 13, 15], "texture": "#0"}
			}
		},
		{
			"from": [2, 0, 14],
			"to": [3, 16, 15],
			"faces": {
				"south": {"uv": [2, 0, 3, 16], "texture": "#0"},
				"west": {"uv": [13, 0, 14, 16], "texture": "#0"}
			}
		},
		{
			"from": [3, 1, 14],
			"to": [4, 2, 15],
			"rotation": {"angle": 0, "axis": "y", "origin": [8, 1.5, 8]},
			"faces": {
				"south": {"uv": [3, 14, 4, 15], "texture": "#0"}
			}
		},
		{
			"from": [3, 14, 14],
			"to": [4, 15, 15],
			"rotation": {"angle": 0, "axis": "y", "origin": [8, 14.5, 8]},
			"faces": {
				"south": {"uv": [3, 1, 4, 2], "texture": "#0"}
			}
		},
		{
			"from": [12, 14, 14],
			"to": [13, 15, 15],
			"rotation": {"angle": 0, "axis": "y", "origin": [8, 14.5, 8]},
			"faces": {
				"south": {"uv": [12, 1, 13, 2], "texture": "#0"}
			}
		},
		{
			"from": [13, 0, 14],
			"to": [14, 16, 15],
			"faces": {
				"east": {"uv": [2, 0, 3, 16], "texture": "#0"},
				"south": {"uv": [13, 0, 14, 16], "texture": "#0"}
			}
		},
		{
			"from": [12, 1, 14],
			"to": [13, 2, 15],
			"rotation": {"angle": 0, "axis": "y", "origin": [8, 1.5, 8]},
			"faces": {
				"south": {"uv": [12, 14, 13, 15], "texture": "#0"}
			}
		},
		{
			"from": [2, 0, 14],
			"to": [14, 1, 15],
			"faces": {
				"east": {"uv": [13, 15, 14, 16], "texture": "#0"},
				"south": {"uv": [2, 15, 14, 16], "texture": "#0"},
				"west": {"uv": [2, 15, 3, 16], "texture": "#0"},
				"down": {"uv": [2, 1, 14, 2], "texture": "#2"}
			}
		},
		{
			"from": [2, 0, 1],
			"to": [14, 1, 2],
			"faces": {
				"north": {"uv": [2, 15, 14, 16], "texture": "#0"},
				"east": {"uv": [2, 15, 3, 16], "texture": "#0"},
				"west": {"uv": [13, 15, 14, 16], "texture": "#0"},
				"down": {"uv": [2, 14, 14, 15], "texture": "#2"}
			}
		},
		{
			"from": [1, 0, 2],
			"to": [2, 1, 14],
			"faces": {
				"north": {"uv": [2, 15, 3, 16], "texture": "#0"},
				"south": {"uv": [13, 15, 14, 16], "texture": "#0"},
				"west": {"uv": [2, 15, 14, 16], "texture": "#0"},
				"down": {"uv": [1, 2, 2, 14], "texture": "#2"}
			}
		},
		{
			"from": [2, 0, 2],
			"to": [3, 1, 3],
			"rotation": {"angle": 0, "axis": "y", "origin": [8, 1.5, 8]},
			"faces": {
				"down": {"uv": [2, 13, 3, 14], "texture": "#2"}
			}
		},
		{
			"from": [2, 0, 13],
			"to": [3, 1, 14],
			"rotation": {"angle": 0, "axis": "y", "origin": [8, 1.5, 8]},
			"faces": {
				"down": {"uv": [2, 2, 3, 3], "texture": "#2"}
			}
		},
		{
			"from": [13, 0, 13],
			"to": [14, 1, 14],
			"rotation": {"angle": 0, "axis": "y", "origin": [8, 1.5, 8]},
			"faces": {
				"down": {"uv": [13, 2, 14, 3], "texture": "#2"}
			}
		},
		{
			"from": [14, 0, 2],
			"to": [15, 1, 14],
			"faces": {
				"north": {"uv": [13, 15, 14, 16], "texture": "#0"},
				"east": {"uv": [2, 15, 14, 16], "texture": "#0"},
				"south": {"uv": [2, 15, 3, 16], "texture": "#0"},
				"down": {"uv": [14, 2, 15, 14], "texture": "#2"}
			}
		},
		{
			"from": [13, 0, 2],
			"to": [14, 1, 3],
			"rotation": {"angle": 0, "axis": "y", "origin": [8, 1.5, 8]},
			"faces": {
				"down": {"uv": [13, 13, 14, 14], "texture": "#2"}
			}
		},
		{
			"from": [4, 3, 4],
			"to": [12, 4, 12],
			"faces": {
				"north": {"uv": [4, 12, 12, 13], "texture": "#4"},
				"east": {"uv": [4, 12, 12, 13], "texture": "#4"},
				"south": {"uv": [4, 12, 12, 13], "texture": "#4"},
				"west": {"uv": [4, 12, 12, 13], "texture": "#4"},
				"up": {"uv": [4, 12, 12, 13], "texture": "#4"},
				"down": {"uv": [4, 4, 12, 12], "texture": "#5"}
			}
		},
		{
			"from": [5, 2, 5],
			"to": [11, 3, 11],
			"faces": {
				"north": {"uv": [5, 13, 11, 14], "texture": "#4"},
				"east": {"uv": [5, 13, 11, 14], "texture": "#4"},
				"south": {"uv": [5, 13, 11, 14], "texture": "#4"},
				"west": {"uv": [5, 13, 11, 14], "texture": "#4"},
				"up": {"uv": [5, 13, 11, 14], "texture": "#4"},
				"down": {"uv": [5, 5, 11, 11], "texture": "#5"}
			}
		},
		{
			"from": [3, 4, 3],
			"to": [13, 8, 13],
			"faces": {
				"north": {"uv": [3, 8, 13, 12], "texture": "#4"},
				"east": {"uv": [3, 8, 13, 12], "texture": "#4"},
				"south": {"uv": [3, 8, 13, 12], "texture": "#4"},
				"west": {"uv": [3, 8, 13, 12], "texture": "#4"},
				"up": {"uv": [3, 3, 13, 13], "texture": "#6"},
				"down": {"uv": [3, 3, 13, 13], "texture": "#5"}
			}
		},
		{
			"from": [4, 8, 4],
			"to": [12, 11, 12],
			"faces": {
				"north": {"uv": [4, 5, 12, 8], "texture": "#4"},
				"east": {"uv": [4, 5, 12, 8], "texture": "#4"},
				"south": {"uv": [4, 5, 12, 8], "texture": "#4"},
				"west": {"uv": [4, 5, 12, 8], "texture": "#4"},
				"up": {"uv": [4, 4, 12, 12], "texture": "#6"},
				"down": {"uv": [4, 5, 12, 8], "texture": "#4"}
			}
		},
		{
			"from": [5, 11, 5],
			"to": [11, 13, 11],
			"faces": {
				"north": {"uv": [5, 3, 11, 5], "texture": "#4"},
				"east": {"uv": [5, 3, 11, 5], "texture": "#4"},
				"south": {"uv": [5, 3, 11, 5], "texture": "#4"},
				"west": {"uv": [5, 3, 11, 5], "texture": "#4"},
				"up": {"uv": [5, 5, 11, 11], "texture": "#6"},
				"down": {"uv": [5, 3, 11, 5], "texture": "#4"}
			}
		},
		{
			"from": [7, 13, 7],
			"to": [9, 14, 9],
			"faces": {
				"north": {"uv": [7, 2, 9, 3], "texture": "#4"},
				"east": {"uv": [7, 2, 9, 3], "texture": "#4"},
				"south": {"uv": [7, 2, 9, 3], "texture": "#4"},
				"west": {"uv": [7, 2, 9, 3], "texture": "#4"},
				"up": {"uv": [7, 7, 9, 9], "texture": "#4"},
				"down": {"uv": [7, 2, 9, 3], "texture": "#4"}
			}
		},
		{
			"from": [7, 1, 2.5],
			"to": [9, 5, 4.5],
			"faces": {
				"north": {"uv": [12, 0, 14, 4], "texture": "#3"},
				"east": {"uv": [14, 0, 16, 4], "texture": "#3"},
				"south": {"uv": [14, 0, 16, 4], "texture": "#3"},
				"west": {"uv": [14, 0, 16, 4], "texture": "#3"},
				"up": {"uv": [14, 4, 16, 6], "rotation": 180, "texture": "#3"},
				"down": {"uv": [14, 4, 16, 6], "texture": "#3"}
			}
		},
		{
			"from": [11.5, 1, 7],
			"to": [13.5, 5, 9],
			"rotation": {"angle": 0, "axis": "y", "origin": [8, 3, 8]},
			"faces": {
				"north": {"uv": [14, 0, 16, 4], "texture": "#3"},
				"east": {"uv": [12, 0, 14, 4], "texture": "#3"},
				"south": {"uv": [14, 0, 16, 4], "texture": "#3"},
				"west": {"uv": [14, 0, 16, 4], "texture": "#3"},
				"up": {"uv": [14, 4, 16, 6], "rotation": 270, "texture": "#3"},
				"down": {"uv": [14, 4, 16, 6], "rotation": 270, "texture": "#3"}
			}
		},
		{
			"from": [7, 1, 11.5],
			"to": [9, 5, 13.5],
			"rotation": {"angle": 0, "axis": "y", "origin": [8, 3, 12.5]},
			"faces": {
				"north": {"uv": [14, 0, 16, 4], "texture": "#3"},
				"east": {"uv": [14, 0, 16, 4], "texture": "#3"},
				"south": {"uv": [12, 0, 14, 4], "texture": "#3"},
				"west": {"uv": [14, 0, 16, 4], "texture": "#3"},
				"up": {"uv": [14, 4, 16, 6], "texture": "#3"},
				"down": {"uv": [14, 4, 16, 6], "rotation": 180, "texture": "#3"}
			}
		},
		{
			"from": [2.5, 1, 7],
			"to": [4.5, 5, 9],
			"rotation": {"angle": 0, "axis": "y", "origin": [8, 3, 8]},
			"faces": {
				"north": {"uv": [14, 0, 16, 4], "texture": "#3"},
				"east": {"uv": [14, 0, 16, 4], "texture": "#3"},
				"south": {"uv": [14, 0, 16, 4], "texture": "#3"},
				"west": {"uv": [12, 0, 14, 4], "texture": "#3"},
				"up": {"uv": [14, 4, 16, 6], "rotation": 90, "texture": "#3"},
				"down": {"uv": [14, 4, 16, 6], "rotation": 90, "texture": "#3"}
			}
		},
		{
			"from": [6, 0, 2],
			"to": [10, 1, 14],
			"faces": {
				"north": {"uv": [4, 11, 8, 12], "texture": "#3"},
				"east": {"uv": [0, 7, 12, 8], "texture": "#3"},
				"south": {"uv": [4, 11, 8, 12], "texture": "#3"},
				"west": {"uv": [0, 4, 12, 5], "texture": "#3"},
				"up": {"uv": [4, 0, 8, 12], "texture": "#3"},
				"down": {"uv": [4, 0, 8, 12], "texture": "#3"}
			}
		},
		{
			"from": [2, 0, 6],
			"to": [14, 1, 10],
			"faces": {
				"north": {"uv": [0, 7, 12, 8], "texture": "#3"},
				"east": {"uv": [4, 11, 8, 12], "texture": "#3"},
				"south": {"uv": [0, 7, 12, 8], "texture": "#3"},
				"west": {"uv": [4, 11, 8, 12], "texture": "#3"},
				"up": {"uv": [0, 4, 12, 8], "texture": "#3"},
				"down": {"uv": [0, 4, 12, 8], "texture": "#3"}
			}
		},
		{
			"from": [6.5, 13.5, 7.5],
			"to": [9.5, 15.5, 8.5],
			"faces": {
				"north": {"uv": [7, 14, 10, 16], "texture": "#3"},
				"east": {"uv": [7, 14, 8, 16], "texture": "#3"},
				"south": {"uv": [7, 14, 10, 16], "texture": "#3"},
				"west": {"uv": [7, 14, 8, 16], "texture": "#3"},
				"up": {"uv": [7, 14, 10, 16], "texture": "#3"},
				"down": {"uv": [7, 13, 10, 14], "texture": "#3"}
			}
		},
		{
			"from": [7.5, 13.5, 6.5],
			"to": [8.5, 15.5, 9.5],
			"faces": {
				"north": {"uv": [7, 14, 10, 16], "texture": "#3"},
				"east": {"uv": [7, 14, 10, 16], "texture": "#3"},
				"south": {"uv": [7, 14, 10, 16], "texture": "#3"},
				"west": {"uv": [7, 14, 10, 16], "texture": "#3"},
				"up": {"uv": [7, 14, 10, 16], "texture": "#3"},
				"down": {"uv": [7, 13, 8, 16], "texture": "#3"}
			}
		},
		{
			"from": [7, 15, 5],
			"to": [9, 16, 11],
			"faces": {
				"north": {"uv": [12, 10, 14, 11], "texture": "#3"},
				"east": {"uv": [10, 13, 16, 14], "texture": "#3"},
				"south": {"uv": [12, 10, 14, 11], "texture": "#3"},
				"west": {"uv": [10, 12, 16, 13], "texture": "#3"},
				"up": {"uv": [12, 10, 14, 16], "texture": "#3"},
				"down": {"uv": [12, 10, 14, 16], "texture": "#3"}
			}
		},
		{
			"from": [5, 15, 7],
			"to": [11, 16, 9],
			"faces": {
				"north": {"uv": [10, 13, 16, 14], "texture": "#3"},
				"east": {"uv": [12, 10, 14, 11], "texture": "#3"},
				"south": {"uv": [10, 13, 16, 14], "texture": "#3"},
				"west": {"uv": [12, 10, 14, 11], "texture": "#3"},
				"up": {"uv": [10, 12, 16, 14], "texture": "#3"},
				"down": {"uv": [10, 12, 16, 14], "texture": "#3"}
			}
		}
	],
	"display": {
		"thirdperson_righthand": {
			"rotation": [75, 45, 0],
			"translation": [0, 2.5, 0],
			"scale": [0.375, 0.375, 0.375]
		},
		"thirdperson_lefthand": {
			"rotation": [75, 45, 0],
			"translation": [0, 2.5, 0],
			"scale": [0.375, 0.375, 0.375]
		},
		"firstperson_righthand": {
			"rotation": [0, 45, 0],
			"scale": [0.4, 0.4, 0.4]
		},
		"firstperson_lefthand": {
			"rotation": [0, 225, 0],
			"scale": [0.4, 0.4, 0.4]
		},
		"ground": {
			"translation": [0, 3, 0],
			"scale": [0.25, 0.25, 0.25]
		},
		"gui": {
			"rotation": [30, 225, 0],
			"scale": [0.625, 0.625, 0.625]
		},
		"head": {
			"scale": [1.1, 1.1, 1.1]
		},
		"fixed": {
			"scale": [0.5, 0.5, 0.5]
		}
	},
	"groups": [
		{
			"name": "group",
			"origin": [8, 15.5, 8],
			"children": [0, 1, 2, 3, 4, 5, 6, 7]
		},
		{
			"name": "group",
			"origin": [8, 8, 8],
			"children": [8, 9, 10, 11, 12, 13]
		},
		{
			"name": "group",
			"origin": [8, 14.5, 8],
			"children": [14, 15, 16, 17, 18, 19]
		},
		{
			"name": "group",
			"origin": [8, 1.5, 8],
			"children": [20, 21, 22, 23, 24, 25]
		},
		{
			"name": "group",
			"origin": [8, 1.5, 8],
			"children": [26, 27, 28, 29, 30, 31]
		},
		{
			"name": "group",
			"origin": [8, 1.5, 8],
			"children": [32, 33, 34, 35, 36, 37, 38, 39]
		},
		{
			"name": "group",
			"origin": [8, 8, 8],
			"children": [40, 41, 42, 43, 44, 45]
		}, 46, 47, 48, 49, 50, 51, 52, 53, 54, 55]
}