{
	"credit": "Made with Blockbench",
	"parent": "block/block",
	"ambientocclusion": false,
	"textures": {
		"0": "block/enchanting_table_top",
		"1": "block/enchanting_table_side",
		"2": "block/enchanting_table_bottom",
		"particle": "block/enchanting_table_side"
	},
	"elements": [
		{
			"from": [2, 2, 2],
			"to": [14, 6, 14],
			"faces": {
				"north": {"uv": [2, 10, 14, 14], "texture": "#1", "cullface": "north"},
				"east": {"uv": [2, 10, 14, 14], "texture": "#1", "cullface": "east"},
				"south": {"uv": [2, 10, 14, 14], "texture": "#1", "cullface": "south"},
				"west": {"uv": [2, 10, 14, 14], "texture": "#1", "cullface": "west"},
				"up": {"uv": [0, 0, 16, 16], "texture": "#1"},
				"down": {"uv": [0, 0, 16, 16], "texture": "#1", "cullface": "down"}
			}
		},
		{
			"from": [0, 0, 0],
			"to": [16, 2, 16],
			"faces": {
				"north": {"uv": [0, 14, 16, 16], "texture": "#2", "cullface": "north"},
				"east": {"uv": [0, 14, 16, 16], "texture": "#2", "cullface": "east"},
				"south": {"uv": [0, 14, 16, 16], "texture": "#2", "cullface": "south"},
				"west": {"uv": [0, 14, 16, 16], "texture": "#2", "cullface": "west"},
				"up": {"uv": [0, 0, 16, 16], "texture": "#2"},
				"down": {"uv": [0, 0, 16, 16], "texture": "#2", "cullface": "down"}
			}
		},
		{
			"from": [0, 6, 0],
			"to": [16, 12, 16],
			"faces": {
				"north": {"uv": [0, 4, 16, 10], "texture": "#1", "cullface": "north"},
				"east": {"uv": [0, 4, 16, 10], "texture": "#1", "cullface": "east"},
				"south": {"uv": [0, 4, 16, 10], "texture": "#1", "cullface": "south"},
				"west": {"uv": [0, 4, 16, 10], "texture": "#1", "cullface": "west"},
				"up": {"uv": [0, 0, 16, 16], "texture": "#0"},
				"down": {"uv": [0, 0, 16, 16], "texture": "#2", "cullface": "down"}
			}
		},
		{
			"from": [15, 11.5, 13],
			"to": [16, 12.5, 16],
			"faces": {
				"north": {"uv": [0, 0, 1, 1], "texture": "#0"},
				"east": {"uv": [0, 0, 3, 1], "texture": "#0"},
				"south": {"uv": [0, 0, 1, 1], "texture": "#0"},
				"west": {"uv": [0, 0, 3, 1], "texture": "#0"},
				"up": {"uv": [0, 0, 1, 3], "rotation": 180, "texture": "#0"},
				"down": {"uv": [0, 0, 1, 3], "rotation": 180, "texture": "#0"}
			}
		},
		{
			"from": [14, 11.5, 14],
			"to": [16, 12.5, 16],
			"faces": {
				"north": {"uv": [0, 0, 2, 1], "texture": "#0"},
				"east": {"uv": [0, 0, 2, 1], "texture": "#0"},
				"south": {"uv": [0, 0, 2, 1], "texture": "#0"},
				"west": {"uv": [0, 0, 2, 1], "texture": "#0"},
				"up": {"uv": [0, 0, 2, 2], "rotation": 180, "texture": "#0"},
				"down": {"uv": [0, 0, 2, 2], "rotation": 180, "texture": "#0"}
			}
		},
		{
			"from": [13, 11.5, 15],
			"to": [16, 12.5, 16],
			"faces": {
				"north": {"uv": [0, 0, 3, 1], "texture": "#0"},
				"east": {"uv": [0, 0, 1, 1], "texture": "#0"},
				"south": {"uv": [0, 0, 3, 1], "texture": "#0"},
				"west": {"uv": [0, 0, 1, 1], "texture": "#0"},
				"up": {"uv": [0, 0, 3, 1], "rotation": 180, "texture": "#0"},
				"down": {"uv": [0, 0, 3, 1], "rotation": 180, "texture": "#0"}
			}
		},
		{
			"from": [13, 9, 15.5],
			"to": [14, 12, 16.5],
			"faces": {
				"north": {"uv": [0, 0, 1, 3], "texture": "#1"},
				"east": {"uv": [0, 0, 1, 3], "texture": "#1"},
				"south": {"uv": [13, 4, 14, 7], "texture": "#1"},
				"west": {"uv": [13, 4, 14, 7], "texture": "#1"},
				"up": {"uv": [13, 4, 14, 5], "rotation": 180, "texture": "#1"},
				"down": {"uv": [13, 6, 14, 7], "rotation": 180, "texture": "#1"}
			}
		},
		{
			"from": [14, 8, 16],
			"to": [16, 13, 16.5],
			"faces": {
				"north": {"uv": [0, 3, 2, 8], "texture": "#1"},
				"east": {"uv": [15, 3, 15.5, 8], "texture": "#1"},
				"south": {"uv": [14, 3, 16, 8], "texture": "#1"},
				"west": {"uv": [0, 3, 0.5, 8], "texture": "#1"},
				"up": {"uv": [0, 3, 2, 3.5], "rotation": 180, "texture": "#1"},
				"down": {"uv": [0, 0, 2, 0.5], "rotation": 180, "texture": "#0"}
			}
		},
		{
			"from": [15.5, 9, 13],
			"to": [16.5, 12, 14],
			"faces": {
				"north": {"uv": [2, 4, 3, 7], "texture": "#1"},
				"east": {"uv": [2, 4, 3, 7], "texture": "#1"},
				"south": {"uv": [0, 0, 1, 3], "texture": "#1"},
				"west": {"uv": [0, 0, 1, 3], "texture": "#1"},
				"up": {"uv": [2, 4, 4, 5], "rotation": 180, "texture": "#1"},
				"down": {"uv": [0, 0, 1, 1], "rotation": 180, "texture": "#0"}
			}
		},
		{
			"from": [16, 8, 14],
			"to": [16.5, 13, 16],
			"faces": {
				"north": {"uv": [0, 3, 0.5, 8], "texture": "#1"},
				"east": {"uv": [0, 3, 2, 8], "texture": "#1"},
				"south": {"uv": [0, 3, 0.5, 8], "texture": "#1"},
				"west": {"uv": [0, 3, 2, 8], "texture": "#1"},
				"up": {"uv": [2, 4, 2.5, 6], "rotation": 180, "texture": "#1"},
				"down": {"uv": [0, 3, 0.5, 5], "rotation": 180, "texture": "#1"}
			}
		},
		{
			"from": [-0.5, 8, 0],
			"to": [0, 13, 2],
			"faces": {
				"north": {"uv": [0, 3, 0.5, 8], "texture": "#1"},
				"east": {"uv": [0, 3, 2, 8], "texture": "#1"},
				"south": {"uv": [0, 3, 0.5, 8], "texture": "#1"},
				"west": {"uv": [0, 3, 2, 8], "texture": "#1"},
				"up": {"uv": [2, 4, 2.5, 6], "texture": "#1"},
				"down": {"uv": [0, 0, 0.5, 2], "texture": "#0"}
			}
		},
		{
			"from": [-0.5, 9, 2],
			"to": [0.5, 12, 3],
			"faces": {
				"north": {"uv": [0, 0, 1, 3], "texture": "#1"},
				"east": {"uv": [0, 0, 1, 3], "texture": "#1"},
				"south": {"uv": [2, 4, 3, 7], "texture": "#1"},
				"west": {"uv": [2, 4, 3, 7], "texture": "#1"},
				"up": {"uv": [2, 4, 4, 5], "texture": "#1"},
				"down": {"uv": [0, 0, 1, 1], "texture": "#0"}
			}
		},
		{
			"from": [0, 8, -0.5],
			"to": [2, 13, 0],
			"faces": {
				"north": {"uv": [14, 3, 16, 8], "texture": "#1"},
				"east": {"uv": [0, 3, 0.5, 8], "texture": "#1"},
				"south": {"uv": [0, 3, 2, 8], "texture": "#1"},
				"west": {"uv": [15, 3, 15.5, 8], "texture": "#1"},
				"up": {"uv": [0, 3, 2, 3.5], "texture": "#1"},
				"down": {"uv": [0, 0, 2, 0.5], "texture": "#0"}
			}
		},
		{
			"from": [2, 9, -0.5],
			"to": [3, 12, 0.5],
			"faces": {
				"north": {"uv": [13, 4, 14, 7], "texture": "#1"},
				"east": {"uv": [13, 4, 14, 7], "texture": "#1"},
				"south": {"uv": [0, 0, 1, 3], "texture": "#1"},
				"west": {"uv": [0, 0, 1, 3], "texture": "#1"},
				"up": {"uv": [13, 4, 14, 5], "texture": "#1"},
				"down": {"uv": [13, 6, 14, 7], "texture": "#1"}
			}
		},
		{
			"from": [0, 11.5, 0],
			"to": [3, 12.5, 1],
			"faces": {
				"north": {"uv": [0, 0, 3, 1], "texture": "#0"},
				"east": {"uv": [0, 0, 1, 1], "texture": "#0"},
				"south": {"uv": [0, 0, 3, 1], "texture": "#0"},
				"west": {"uv": [0, 0, 1, 1], "texture": "#0"},
				"up": {"uv": [0, 0, 3, 1], "texture": "#0"},
				"down": {"uv": [0, 0, 3, 1], "texture": "#0"}
			}
		},
		{
			"from": [0, 11.5, 0],
			"to": [2, 12.5, 2],
			"faces": {
				"north": {"uv": [0, 0, 2, 1], "texture": "#0"},
				"east": {"uv": [0, 0, 2, 1], "texture": "#0"},
				"south": {"uv": [0, 0, 2, 1], "texture": "#0"},
				"west": {"uv": [0, 0, 2, 1], "texture": "#0"},
				"up": {"uv": [0, 0, 2, 2], "texture": "#0"},
				"down": {"uv": [0, 0, 2, 2], "texture": "#0"}
			}
		},
		{
			"from": [0, 11.5, 0],
			"to": [1, 12.5, 3],
			"faces": {
				"north": {"uv": [0, 0, 1, 1], "texture": "#0"},
				"east": {"uv": [0, 0, 3, 1], "texture": "#0"},
				"south": {"uv": [0, 0, 1, 1], "texture": "#0"},
				"west": {"uv": [0, 0, 3, 1], "texture": "#0"},
				"up": {"uv": [0, 0, 1, 3], "texture": "#0"},
				"down": {"uv": [0, 0, 1, 3], "texture": "#0"}
			}
		},
		{
			"from": [0, 11.5, 14],
			"to": [2, 12.5, 16],
			"faces": {
				"north": {"uv": [0, 0, 2, 1], "texture": "#0"},
				"east": {"uv": [0, 0, 2, 1], "texture": "#0"},
				"south": {"uv": [0, 0, 2, 1], "texture": "#0"},
				"west": {"uv": [0, 0, 2, 1], "texture": "#0"},
				"up": {"uv": [0, 0, 2, 2], "rotation": 270, "texture": "#0"},
				"down": {"uv": [0, 0, 2, 2], "rotation": 90, "texture": "#0"}
			}
		},
		{
			"from": [0, 11.5, 13],
			"to": [1, 12.5, 16],
			"faces": {
				"north": {"uv": [0, 0, 1, 1], "texture": "#0"},
				"east": {"uv": [0, 0, 3, 1], "texture": "#0"},
				"south": {"uv": [0, 0, 1, 1], "texture": "#0"},
				"west": {"uv": [0, 0, 3, 1], "texture": "#0"},
				"up": {"uv": [0, 0, 3, 1], "rotation": 270, "texture": "#0"},
				"down": {"uv": [0, 0, 3, 1], "rotation": 90, "texture": "#0"}
			}
		},
		{
			"from": [0, 11.5, 15],
			"to": [3, 12.5, 16],
			"faces": {
				"north": {"uv": [0, 0, 3, 1], "texture": "#0"},
				"east": {"uv": [0, 0, 1, 1], "texture": "#0"},
				"south": {"uv": [0, 0, 3, 1], "texture": "#0"},
				"west": {"uv": [0, 0, 1, 1], "texture": "#0"},
				"up": {"uv": [0, 0, 1, 3], "rotation": 270, "texture": "#0"},
				"down": {"uv": [0, 0, 1, 3], "rotation": 90, "texture": "#0"}
			}
		},
		{
			"from": [-0.5, 9, 13],
			"to": [0.5, 12, 14],
			"faces": {
				"north": {"uv": [13, 4, 14, 7], "texture": "#1"},
				"east": {"uv": [0, 0, 1, 3], "texture": "#1"},
				"south": {"uv": [0, 0, 1, 3], "texture": "#1"},
				"west": {"uv": [13, 4, 14, 7], "texture": "#1"},
				"up": {"uv": [13, 4, 14, 5], "rotation": 270, "texture": "#1"},
				"down": {"uv": [13, 6, 14, 7], "rotation": 90, "texture": "#1"}
			}
		},
		{
			"from": [2, 9, 15.5],
			"to": [3, 12, 16.5],
			"faces": {
				"north": {"uv": [0, 0, 1, 3], "texture": "#1"},
				"east": {"uv": [2, 4, 3, 7], "texture": "#1"},
				"south": {"uv": [2, 4, 3, 7], "texture": "#1"},
				"west": {"uv": [0, 0, 1, 3], "texture": "#1"},
				"up": {"uv": [2, 4, 4, 5], "rotation": 270, "texture": "#1"},
				"down": {"uv": [0, 0, 1, 1], "rotation": 90, "texture": "#0"}
			}
		},
		{
			"from": [-0.5, 8, 14],
			"to": [0, 13, 16],
			"faces": {
				"north": {"uv": [0, 3, 0.5, 8], "texture": "#1"},
				"east": {"uv": [0, 3, 2, 8], "texture": "#1"},
				"south": {"uv": [15, 3, 15.5, 8], "texture": "#1"},
				"west": {"uv": [14, 3, 16, 8], "texture": "#1"},
				"up": {"uv": [0, 3, 2, 3.5], "rotation": 270, "texture": "#1"},
				"down": {"uv": [0, 0, 2, 0.5], "rotation": 90, "texture": "#0"}
			}
		},
		{
			"from": [0, 8, 16],
			"to": [2, 13, 16.5],
			"faces": {
				"north": {"uv": [0, 3, 2, 8], "texture": "#1"},
				"east": {"uv": [0, 3, 0.5, 8], "texture": "#1"},
				"south": {"uv": [0, 3, 2, 8], "texture": "#1"},
				"west": {"uv": [0, 3, 0.5, 8], "texture": "#1"},
				"up": {"uv": [2, 4, 2.5, 6], "rotation": 270, "texture": "#1"},
				"down": {"uv": [0, 0, 0.5, 2], "rotation": 90, "texture": "#0"}
			}
		},
		{
			"from": [13, 11.5, 0],
			"to": [16, 12.5, 1],
			"faces": {
				"north": {"uv": [0, 0, 3, 1], "texture": "#0"},
				"east": {"uv": [0, 0, 1, 1], "texture": "#0"},
				"south": {"uv": [0, 0, 3, 1], "texture": "#0"},
				"west": {"uv": [0, 0, 1, 1], "texture": "#0"},
				"up": {"uv": [0, 0, 1, 3], "rotation": 90, "texture": "#0"},
				"down": {"uv": [0, 0, 1, 3], "rotation": 270, "texture": "#0"}
			}
		},
		{
			"from": [14, 11.5, 0],
			"to": [16, 12.5, 2],
			"faces": {
				"north": {"uv": [0, 0, 2, 1], "texture": "#0"},
				"east": {"uv": [0, 0, 2, 1], "texture": "#0"},
				"south": {"uv": [0, 0, 2, 1], "texture": "#0"},
				"west": {"uv": [0, 0, 2, 1], "texture": "#0"},
				"up": {"uv": [0, 0, 2, 2], "rotation": 90, "texture": "#0"},
				"down": {"uv": [0, 0, 2, 2], "rotation": 270, "texture": "#0"}
			}
		},
		{
			"from": [15, 11.5, 0],
			"to": [16, 12.5, 3],
			"faces": {
				"north": {"uv": [0, 0, 1, 1], "texture": "#0"},
				"east": {"uv": [0, 0, 3, 1], "texture": "#0"},
				"south": {"uv": [0, 0, 1, 1], "texture": "#0"},
				"west": {"uv": [0, 0, 3, 1], "texture": "#0"},
				"up": {"uv": [0, 0, 3, 1], "rotation": 90, "texture": "#0"},
				"down": {"uv": [0, 0, 3, 1], "rotation": 270, "texture": "#0"}
			}
		},
		{
			"from": [15.5, 9, 2],
			"to": [16.5, 12, 3],
			"faces": {
				"north": {"uv": [0, 0, 1, 3], "texture": "#1"},
				"east": {"uv": [13, 4, 14, 7], "texture": "#1"},
				"south": {"uv": [13, 4, 14, 7], "texture": "#1"},
				"west": {"uv": [0, 0, 1, 3], "texture": "#1"},
				"up": {"uv": [13, 4, 14, 5], "rotation": 90, "texture": "#1"},
				"down": {"uv": [13, 6, 14, 7], "rotation": 270, "texture": "#1"}
			}
		},
		{
			"from": [16, 8, 0],
			"to": [16.5, 13, 2],
			"faces": {
				"north": {"uv": [15, 3, 15.5, 8], "texture": "#1"},
				"east": {"uv": [14, 3, 16, 8], "texture": "#1"},
				"south": {"uv": [0, 3, 0.5, 8], "texture": "#1"},
				"west": {"uv": [0, 3, 2, 8], "texture": "#1"},
				"up": {"uv": [0, 3, 2, 3.5], "rotation": 90, "texture": "#1"},
				"down": {"uv": [0, 0, 2, 0.5], "rotation": 270, "texture": "#1"}
			}
		},
		{
			"from": [13, 9, -0.5],
			"to": [14, 12, 0.5],
			"faces": {
				"north": {"uv": [2, 4, 3, 7], "texture": "#1"},
				"east": {"uv": [0, 0, 1, 3], "texture": "#1"},
				"south": {"uv": [0, 0, 1, 3], "texture": "#1"},
				"west": {"uv": [2, 4, 3, 7], "texture": "#1"},
				"up": {"uv": [2, 4, 4, 5], "rotation": 90, "texture": "#1"},
				"down": {"uv": [0, 0, 1, 1], "rotation": 270, "texture": "#1"}
			}
		},
		{
			"from": [14, 8, -0.5],
			"to": [16, 13, 0],
			"faces": {
				"north": {"uv": [0, 3, 2, 8], "texture": "#1"},
				"east": {"uv": [0, 3, 0.5, 8], "texture": "#1"},
				"south": {"uv": [0, 3, 2, 8], "texture": "#1"},
				"west": {"uv": [0, 3, 0.5, 8], "texture": "#1"},
				"up": {"uv": [2, 4, 2.5, 6], "rotation": 90, "texture": "#1"},
				"down": {"uv": [0, 0, 0.5, 2], "rotation": 270, "texture": "#1"}
			}
		},
		{
			"from": [16, 7, 7],
			"to": [16.25, 8, 9],
			"faces": {
				"north": {"uv": [0, 0, 0.25, 1], "texture": "#1"},
				"east": {"uv": [7, 8, 9, 9], "texture": "#1"},
				"south": {"uv": [0, 0, 0.25, 1], "texture": "#1"},
				"west": {"uv": [0, 0, 2, 1], "texture": "#1"},
				"up": {"uv": [0, 0, 2, 0.25], "rotation": 270, "texture": "#1"},
				"down": {"uv": [0, 0, 2, 0.25], "rotation": 90, "texture": "#1"}
			}
		},
		{
			"from": [16, 8, 5],
			"to": [16.25, 9, 11],
			"faces": {
				"north": {"uv": [0, 0, 0.25, 1], "texture": "#1"},
				"east": {"uv": [5, 7, 11, 8], "texture": "#1"},
				"south": {"uv": [0, 0, 0.25, 1], "texture": "#1"},
				"west": {"uv": [0, 0, 6, 1], "texture": "#1"},
				"up": {"uv": [0, 0, 6, 0.25], "rotation": 270, "texture": "#1"},
				"down": {"uv": [0, 0, 6, 0.25], "rotation": 90, "texture": "#1"}
			}
		},
		{
			"from": [16, 9, 4],
			"to": [16.25, 10, 12],
			"faces": {
				"north": {"uv": [0, 0, 0.25, 1], "texture": "#1"},
				"east": {"uv": [4, 6, 12, 7], "texture": "#1"},
				"south": {"uv": [0, 0, 0.25, 1], "texture": "#1"},
				"west": {"uv": [0, 0, 8, 1], "texture": "#1"},
				"up": {"uv": [0, 0, 8, 0.25], "rotation": 270, "texture": "#1"},
				"down": {"uv": [0, 0, 8, 0.25], "rotation": 90, "texture": "#1"}
			}
		},
		{
			"from": [16, 10, 3],
			"to": [16.25, 12, 13],
			"faces": {
				"north": {"uv": [0, 0, 0.25, 2], "texture": "#1"},
				"east": {"uv": [3, 4, 13, 6], "texture": "#1"},
				"south": {"uv": [0, 0, 0.25, 2], "texture": "#1"},
				"west": {"uv": [0, 0, 10, 2], "texture": "#1"},
				"up": {"uv": [3, 4, 13, 4.25], "rotation": 270, "texture": "#1"},
				"down": {"uv": [0, 0, 10, 0.25], "rotation": 90, "texture": "#1"}
			}
		},
		{
			"from": [-0.25, 7, 7],
			"to": [0, 8, 9],
			"faces": {
				"north": {"uv": [0, 0, 0.25, 1], "texture": "#1"},
				"east": {"uv": [0, 0, 2, 1], "texture": "#1"},
				"south": {"uv": [0, 0, 0.25, 1], "texture": "#1"},
				"west": {"uv": [7, 8, 9, 9], "texture": "#1"},
				"up": {"uv": [0, 0, 2, 0.25], "rotation": 90, "texture": "#1"},
				"down": {"uv": [0, 0, 2, 0.25], "rotation": 270, "texture": "#1"}
			}
		},
		{
			"from": [-0.25, 8, 5],
			"to": [0, 9, 11],
			"faces": {
				"north": {"uv": [0, 0, 0.25, 1], "texture": "#1"},
				"east": {"uv": [0, 0, 6, 1], "texture": "#1"},
				"south": {"uv": [0, 0, 0.25, 1], "texture": "#1"},
				"west": {"uv": [5, 7, 11, 8], "texture": "#1"},
				"up": {"uv": [0, 0, 6, 0.25], "rotation": 90, "texture": "#1"},
				"down": {"uv": [0, 0, 6, 0.25], "rotation": 270, "texture": "#1"}
			}
		},
		{
			"from": [-0.25, 9, 4],
			"to": [0, 10, 12],
			"faces": {
				"north": {"uv": [0, 0, 0.25, 1], "texture": "#1"},
				"east": {"uv": [0, 0, 8, 1], "texture": "#1"},
				"south": {"uv": [0, 0, 0.25, 1], "texture": "#1"},
				"west": {"uv": [4, 6, 12, 7], "texture": "#1"},
				"up": {"uv": [0, 0, 8, 0.25], "rotation": 90, "texture": "#1"},
				"down": {"uv": [0, 0, 8, 0.25], "rotation": 270, "texture": "#1"}
			}
		},
		{
			"from": [-0.25, 10, 3],
			"to": [0, 12, 13],
			"faces": {
				"north": {"uv": [0, 0, 0.25, 2], "texture": "#1"},
				"east": {"uv": [0, 0, 10, 2], "texture": "#1"},
				"south": {"uv": [0, 0, 0.25, 2], "texture": "#1"},
				"west": {"uv": [3, 4, 13, 6], "texture": "#1"},
				"up": {"uv": [3, 4, 13, 4.25], "rotation": 90, "texture": "#1"},
				"down": {"uv": [0, 0, 10, 0.25], "rotation": 270, "texture": "#1"}
			}
		},
		{
			"from": [3, 10, 16],
			"to": [13, 12, 16.25],
			"faces": {
				"north": {"uv": [0, 0, 10, 2], "texture": "#1"},
				"east": {"uv": [0, 0, 0.25, 2], "texture": "#1"},
				"south": {"uv": [3, 4, 13, 6], "texture": "#1"},
				"west": {"uv": [0, 0, 0.25, 2], "texture": "#1"},
				"up": {"uv": [3, 4, 13, 4.25], "texture": "#1"},
				"down": {"uv": [0, 0, 10, 0.25], "texture": "#1"}
			}
		},
		{
			"from": [4, 9, 16],
			"to": [12, 10, 16.25],
			"faces": {
				"north": {"uv": [0, 0, 8, 1], "texture": "#1"},
				"east": {"uv": [0, 0, 0.25, 1], "texture": "#1"},
				"south": {"uv": [4, 6, 12, 7], "texture": "#1"},
				"west": {"uv": [0, 0, 0.25, 1], "texture": "#1"},
				"up": {"uv": [0, 0, 8, 0.25], "texture": "#1"},
				"down": {"uv": [0, 0, 8, 0.25], "texture": "#1"}
			}
		},
		{
			"from": [5, 8, 16],
			"to": [11, 9, 16.25],
			"faces": {
				"north": {"uv": [0, 0, 6, 1], "texture": "#1"},
				"east": {"uv": [0, 0, 0.25, 1], "texture": "#1"},
				"south": {"uv": [5, 7, 11, 8], "texture": "#1"},
				"west": {"uv": [0, 0, 0.25, 1], "texture": "#1"},
				"up": {"uv": [0, 0, 6, 0.25], "texture": "#1"},
				"down": {"uv": [0, 0, 6, 0.25], "texture": "#1"}
			}
		},
		{
			"from": [7, 7, 16],
			"to": [9, 8, 16.25],
			"faces": {
				"north": {"uv": [0, 0, 2, 1], "texture": "#1"},
				"east": {"uv": [0, 0, 0.25, 1], "texture": "#1"},
				"south": {"uv": [7, 8, 9, 9], "texture": "#1"},
				"west": {"uv": [0, 0, 0.25, 1], "texture": "#1"},
				"up": {"uv": [0, 0, 2, 0.25], "texture": "#1"},
				"down": {"uv": [0, 0, 2, 0.25], "texture": "#1"}
			}
		},
		{
			"from": [7, 7, -0.25],
			"to": [9, 8, 0],
			"faces": {
				"north": {"uv": [7, 8, 9, 9], "texture": "#1"},
				"east": {"uv": [0, 0, 0.25, 1], "texture": "#1"},
				"south": {"uv": [0, 0, 2, 1], "texture": "#1"},
				"west": {"uv": [0, 0, 0.25, 1], "texture": "#1"},
				"up": {"uv": [0, 0, 2, 0.25], "rotation": 180, "texture": "#1"},
				"down": {"uv": [0, 0, 2, 0.25], "rotation": 180, "texture": "#1"}
			}
		},
		{
			"from": [5, 8, -0.25],
			"to": [11, 9, 0],
			"faces": {
				"north": {"uv": [5, 7, 11, 8], "texture": "#1"},
				"east": {"uv": [0, 0, 0.25, 1], "texture": "#1"},
				"south": {"uv": [0, 0, 6, 1], "texture": "#1"},
				"west": {"uv": [0, 0, 0.25, 1], "texture": "#1"},
				"up": {"uv": [0, 0, 6, 0.25], "rotation": 180, "texture": "#1"},
				"down": {"uv": [0, 0, 6, 0.25], "rotation": 180, "texture": "#1"}
			}
		},
		{
			"from": [4, 9, -0.25],
			"to": [12, 10, 0],
			"faces": {
				"north": {"uv": [4, 6, 12, 7], "texture": "#1"},
				"east": {"uv": [0, 0, 0.25, 1], "texture": "#1"},
				"south": {"uv": [0, 0, 8, 1], "texture": "#1"},
				"west": {"uv": [0, 0, 0.25, 1], "texture": "#1"},
				"up": {"uv": [0, 0, 8, 0.25], "rotation": 180, "texture": "#1"},
				"down": {"uv": [0, 0, 8, 0.25], "rotation": 180, "texture": "#1"}
			}
		},
		{
			"from": [3, 10, -0.25],
			"to": [13, 12, 0],
			"faces": {
				"north": {"uv": [3, 4, 13, 6], "texture": "#1"},
				"east": {"uv": [0, 0, 0.25, 2], "texture": "#1"},
				"south": {"uv": [0, 0, 10, 2], "texture": "#1"},
				"west": {"uv": [0, 0, 0.25, 2], "texture": "#1"},
				"up": {"uv": [3, 4, 13, 4.25], "rotation": 180, "texture": "#1"},
				"down": {"uv": [0, 0, 10, 0.25], "rotation": 180, "texture": "#1"}
			}
		},
		{
			"from": [3, 12, 14],
			"to": [13, 12.25, 16],
			"faces": {
				"north": {"uv": [3, 0, 13, 0.25], "texture": "#0"},
				"east": {"uv": [0, 0, 2, 0.25], "texture": "#0"},
				"south": {"uv": [3, 0, 13, 0.25], "texture": "#0"},
				"west": {"uv": [0, 0, 2, 0.25], "texture": "#0"},
				"up": {"uv": [3, 14, 13, 16], "texture": "#0"},
				"down": {"uv": [0, 0, 10, 2], "texture": "#0"}
			}
		},
		{
			"from": [3, 12, 0],
			"to": [13, 12.25, 2],
			"faces": {
				"north": {"uv": [3, 0, 13, 0.25], "texture": "#0"},
				"east": {"uv": [0, 0, 2, 0.25], "texture": "#0"},
				"south": {"uv": [0, 0, 10, 0.25], "texture": "#0"},
				"west": {"uv": [0, 0, 2, 0.25], "texture": "#0"},
				"up": {"uv": [3, 0, 13, 2], "texture": "#0"},
				"down": {"uv": [0, 0, 10, 2], "texture": "#0"}
			}
		},
		{
			"from": [0, 12, 3],
			"to": [4, 12.25, 4],
			"faces": {
				"north": {"uv": [0, 0, 4, 0.25], "texture": "#0"},
				"east": {"uv": [6, 1, 7, 1.25], "texture": "#0"},
				"south": {"uv": [0, 0, 4, 0.25], "texture": "#0"},
				"west": {"uv": [3, 0, 4, 0.25], "texture": "#0"},
				"up": {"uv": [0, 3, 4, 4], "texture": "#0"},
				"down": {"uv": [0, 0, 4, 1], "texture": "#0"}
			}
		},
		{
			"from": [0, 12, 4],
			"to": [2, 12.25, 12],
			"faces": {
				"north": {"uv": [0, 0, 2, 0.25], "texture": "#0"},
				"east": {"uv": [4, 1, 12, 1.25], "texture": "#0"},
				"south": {"uv": [0, 0, 2, 0.25], "texture": "#0"},
				"west": {"uv": [4, 0, 12, 0.25], "texture": "#0"},
				"up": {"uv": [0, 4, 2, 12], "texture": "#0"},
				"down": {"uv": [0, 0, 2, 8], "texture": "#0"}
			}
		},
		{
			"from": [13, 12, 10],
			"to": [16, 12.25, 12],
			"faces": {
				"north": {"uv": [0, 0, 3, 0.25], "texture": "#0"},
				"east": {"uv": [0, 0, 2, 0.25], "texture": "#0"},
				"south": {"uv": [0, 0, 3, 0.25], "texture": "#0"},
				"west": {"uv": [0, 0, 2, 0.25], "texture": "#0"},
				"up": {"uv": [0, 0, 3, 2], "texture": "#0"},
				"down": {"uv": [0, 0, 3, 2], "texture": "#0"}
			}
		},
		{
			"from": [14, 12, 4],
			"to": [16, 12.25, 12],
			"faces": {
				"north": {"uv": [0, 0, 2, 0.25], "texture": "#0"},
				"east": {"uv": [4, 0, 12, 0.25], "texture": "#0"},
				"south": {"uv": [0, 0, 2, 0.25], "texture": "#0"},
				"west": {"uv": [4, 0, 12, 0.25], "texture": "#0"},
				"up": {"uv": [14, 4, 16, 12], "texture": "#0"},
				"down": {"uv": [0, 0, 2, 8], "texture": "#0"}
			}
		},
		{
			"from": [13, 12, 10],
			"to": [16, 12.25, 12],
			"faces": {
				"north": {"uv": [6, 1, 9, 1.25], "texture": "#0"},
				"east": {"uv": [4, 1, 6, 1.25], "texture": "#0"},
				"south": {"uv": [0, 0, 3, 0.25], "texture": "#0"},
				"west": {"uv": [3, 0, 5, 0.25], "texture": "#0"},
				"up": {"uv": [13, 10, 16, 12], "texture": "#0"},
				"down": {"uv": [0, 0, 3, 2], "texture": "#0"}
			}
		},
		{
			"from": [13, 12, 4],
			"to": [16, 12.25, 6],
			"faces": {
				"north": {"uv": [0, 0, 3, 0.25], "texture": "#0"},
				"east": {"uv": [0, 0, 2, 0.25], "texture": "#0"},
				"south": {"uv": [0, 0, 3, 0.25], "texture": "#0"},
				"west": {"uv": [0, 0, 2, 0.25], "texture": "#0"},
				"up": {"uv": [0, 0, 3, 2], "texture": "#0"},
				"down": {"uv": [0, 0, 3, 2], "texture": "#0"}
			}
		},
		{
			"from": [0, 12, 10],
			"to": [3, 12.25, 12],
			"faces": {
				"north": {"uv": [7, 0, 10, 1.25], "texture": "#0"},
				"east": {"uv": [4, 1, 6, 1.25], "texture": "#0"},
				"south": {"uv": [0, 0, 3, 0.25], "texture": "#0"},
				"west": {"uv": [7, 0, 9, 0.25], "texture": "#0"},
				"up": {"uv": [0, 10, 3, 12], "texture": "#0"},
				"down": {"uv": [0, 0, 3, 2], "texture": "#0"}
			}
		},
		{
			"from": [0, 12, 4],
			"to": [3, 12.25, 6],
			"faces": {
				"north": {"uv": [0, 0, 3, 0.25], "texture": "#0"},
				"east": {"uv": [7, 0, 9, 0.25], "texture": "#0"},
				"south": {"uv": [8, 0, 11, 0.25], "texture": "#0"},
				"west": {"uv": [7, 0, 9, 0.25], "texture": "#0"},
				"up": {"uv": [0, 4, 3, 6], "texture": "#0"},
				"down": {"uv": [0, 0, 3, 2], "texture": "#0"}
			}
		},
		{
			"from": [13, 12, 4],
			"to": [16, 12.25, 6],
			"faces": {
				"north": {"uv": [0, 0, 3, 0.25], "texture": "#0"},
				"east": {"uv": [4, 0, 6, 0.25], "texture": "#0"},
				"south": {"uv": [5, 0, 8, 0.25], "texture": "#0"},
				"west": {"uv": [5, 0, 7, 0.25], "texture": "#0"},
				"up": {"uv": [13, 4, 16, 6], "texture": "#0"},
				"down": {"uv": [0, 0, 3, 2], "texture": "#0"}
			}
		},
		{
			"from": [6, 12, 3],
			"to": [10, 12.25, 5],
			"faces": {
				"north": {"uv": [5, 4, 9, 4.25], "texture": "#0"},
				"east": {"uv": [8, 3, 10, 3.25], "texture": "#0"},
				"south": {"uv": [4, 0, 8, 0.25], "texture": "#0"},
				"west": {"uv": [6, 4, 8, 4.25], "texture": "#0"},
				"up": {"uv": [6, 3, 10, 5], "texture": "#0"},
				"down": {"uv": [0, 0, 4, 2], "texture": "#0"}
			}
		},
		{
			"from": [10, 12, 9],
			"to": [11, 12.25, 11],
			"faces": {
				"north": {"uv": [7, 6, 8, 6.25], "texture": "#0"},
				"east": {"uv": [0, 0, 2, 0.25], "texture": "#0"},
				"south": {"uv": [0, 0, 1, 0.25], "texture": "#0"},
				"west": {"uv": [4, 0, 6, 0.25], "texture": "#0"},
				"up": {"uv": [10, 9, 11, 11], "texture": "#0"},
				"down": {"uv": [0, 0, 1, 2], "texture": "#0"}
			}
		},
		{
			"from": [7, 12, 6],
			"to": [9, 12.25, 10],
			"faces": {
				"north": {"uv": [6, 1, 8, 1.25], "texture": "#0"},
				"east": {"uv": [6, 7, 10, 7.25], "texture": "#0"},
				"south": {"uv": [4, 0, 6, 0.25], "texture": "#0"},
				"west": {"uv": [5, 0, 9, 0.25], "texture": "#0"},
				"up": {"uv": [7, 6, 9, 10], "texture": "#0"},
				"down": {"uv": [0, 0, 2, 4], "texture": "#0"}
			}
		},
		{
			"from": [6, 12, 7],
			"to": [10, 12.25, 9],
			"faces": {
				"north": {"uv": [6, 3, 10, 3.25], "texture": "#0"},
				"east": {"uv": [6, 8, 8, 8.25], "texture": "#0"},
				"south": {"uv": [8, 0, 12, 0.25], "texture": "#0"},
				"west": {"uv": [6, 0, 8, 0.25], "texture": "#0"},
				"up": {"uv": [6, 7, 10, 9], "texture": "#0"},
				"down": {"uv": [0, 0, 4, 2], "texture": "#0"}
			}
		},
		{
			"from": [5, 12, 10],
			"to": [7, 12.25, 11],
			"faces": {
				"north": {"uv": [7, 0, 9, 0.25], "texture": "#0"},
				"east": {"uv": [5, 0, 6, 0.25], "texture": "#0"},
				"south": {"uv": [0, 0, 2, 0.25], "texture": "#0"},
				"west": {"uv": [0, 0, 1, 0.25], "texture": "#0"},
				"up": {"uv": [5, 10, 7, 11], "texture": "#0"},
				"down": {"uv": [0, 0, 2, 1], "texture": "#0"}
			}
		},
		{
			"from": [5, 12, 5],
			"to": [7, 12.25, 6],
			"faces": {
				"north": {"uv": [0, 0, 2, 0.25], "texture": "#0"},
				"east": {"uv": [4, 0, 5, 0.25], "texture": "#0"},
				"south": {"uv": [4, 0, 6, 0.25], "texture": "#0"},
				"west": {"uv": [0, 0, 1, 0.25], "texture": "#0"},
				"up": {"uv": [5, 5, 7, 6], "texture": "#0"},
				"down": {"uv": [0, 0, 2, 1], "texture": "#0"}
			}
		},
		{
			"from": [9, 12, 5],
			"to": [11, 12.25, 6],
			"faces": {
				"north": {"uv": [0, 0, 2, 0.25], "texture": "#0"},
				"east": {"uv": [0, 0, 1, 0.25], "texture": "#0"},
				"south": {"uv": [4, 0, 6, 0.25], "texture": "#0"},
				"west": {"uv": [4, 0, 5, 0.25], "texture": "#0"},
				"up": {"uv": [9, 5, 11, 6], "texture": "#0"},
				"down": {"uv": [0, 0, 2, 1], "texture": "#0"}
			}
		},
		{
			"from": [9, 12, 10],
			"to": [11, 12.25, 11],
			"faces": {
				"north": {"uv": [4, 5, 6, 5.25], "texture": "#0"},
				"east": {"uv": [0, 0, 1, 0.25], "texture": "#0"},
				"south": {"uv": [0, 0, 2, 0.25], "texture": "#0"},
				"west": {"uv": [5, 0, 6, 0.25], "texture": "#0"},
				"up": {"uv": [9, 10, 11, 11], "texture": "#0"},
				"down": {"uv": [0, 0, 2, 1], "texture": "#0"}
			}
		},
		{
			"from": [10, 12, 5],
			"to": [11, 12.25, 7],
			"faces": {
				"north": {"uv": [0, 0, 1, 0.25], "texture": "#0"},
				"east": {"uv": [0, 0, 2, 0.25], "texture": "#0"},
				"south": {"uv": [4, 0, 5, 0.25], "texture": "#0"},
				"west": {"uv": [4, 0, 6, 0.25], "texture": "#0"},
				"up": {"uv": [10, 5, 11, 7], "texture": "#0"},
				"down": {"uv": [0, 0, 1, 2], "texture": "#0"}
			}
		},
		{
			"from": [5, 12, 5],
			"to": [6, 12.25, 7],
			"faces": {
				"north": {"uv": [0, 0, 1, 0.25], "texture": "#0"},
				"east": {"uv": [7, 1, 9, 1.25], "texture": "#0"},
				"south": {"uv": [3, 0, 4, 0.25], "texture": "#0"},
				"west": {"uv": [0, 0, 2, 0.25], "texture": "#0"},
				"up": {"uv": [5, 5, 6, 7], "texture": "#0"},
				"down": {"uv": [0, 0, 1, 2], "texture": "#0"}
			}
		},
		{
			"from": [5, 12, 9],
			"to": [6, 12.25, 11],
			"faces": {
				"north": {"uv": [5, 0, 6, 0.25], "texture": "#0"},
				"east": {"uv": [5, 0, 7, 0.25], "texture": "#0"},
				"south": {"uv": [0, 0, 1, 0.25], "texture": "#0"},
				"west": {"uv": [0, 0, 2, 0.25], "texture": "#0"},
				"up": {"uv": [5, 9, 6, 11], "texture": "#0"},
				"down": {"uv": [0, 0, 1, 2], "texture": "#0"}
			}
		},
		{
			"from": [11, 12, 5],
			"to": [12, 12.25, 11],
			"faces": {
				"north": {"uv": [0, 0, 1, 0.25], "texture": "#0"},
				"east": {"uv": [6, 0, 12, 0.25], "texture": "#0"},
				"south": {"uv": [0, 0, 1, 0.25], "texture": "#0"},
				"west": {"uv": [5, 0, 11, 0.25], "texture": "#0"},
				"up": {"uv": [11, 5, 12, 11], "texture": "#0"},
				"down": {"uv": [0, 0, 1, 6], "texture": "#0"}
			}
		},
		{
			"from": [3, 12, 6],
			"to": [5, 12.25, 10],
			"faces": {
				"north": {"uv": [4, 4, 6, 4.25], "texture": "#0"},
				"east": {"uv": [4, 0, 8, 0.25], "texture": "#0"},
				"south": {"uv": [4, 0, 6, 0.25], "texture": "#0"},
				"west": {"uv": [4, 0, 8, 0.25], "texture": "#0"},
				"up": {"uv": [3, 6, 5, 10], "texture": "#0"},
				"down": {"uv": [0, 0, 2, 4], "texture": "#0"}
			}
		},
		{
			"from": [4, 12, 5],
			"to": [5, 12.25, 11],
			"faces": {
				"north": {"uv": [0, 0, 1, 0.25], "texture": "#0"},
				"east": {"uv": [4, 0, 10, 0.25], "texture": "#0"},
				"south": {"uv": [0, 0, 1, 0.25], "texture": "#0"},
				"west": {"uv": [5, 0, 11, 0.25], "texture": "#0"},
				"up": {"uv": [4, 5, 5, 11], "texture": "#0"},
				"down": {"uv": [0, 0, 1, 6], "texture": "#0"}
			}
		},
		{
			"from": [11, 12, 6],
			"to": [13, 12.25, 10],
			"faces": {
				"north": {"uv": [5, 0, 7, 0.25], "texture": "#0"},
				"east": {"uv": [5, 4, 9, 4.25], "texture": "#0"},
				"south": {"uv": [5, 0, 7, 0.25], "texture": "#0"},
				"west": {"uv": [5, 0, 9, 0.25], "texture": "#0"},
				"up": {"uv": [11, 6, 13, 10], "texture": "#0"},
				"down": {"uv": [0, 0, 2, 4], "texture": "#0"}
			}
		},
		{
			"from": [4, 12, 4],
			"to": [12, 12.25, 5],
			"faces": {
				"north": {"uv": [4, 4, 12, 4.25], "texture": "#0"},
				"east": {"uv": [4, 6, 5, 6.25], "texture": "#0"},
				"south": {"uv": [0, 0, 8, 0.25], "texture": "#0"},
				"west": {"uv": [3, 0, 4, 0.25], "texture": "#0"},
				"up": {"uv": [4, 4, 12, 5], "texture": "#0"},
				"down": {"uv": [0, 0, 8, 1], "texture": "#0"}
			}
		},
		{
			"from": [4, 12, 11],
			"to": [12, 12.25, 12],
			"faces": {
				"north": {"uv": [0, 0, 8, 0.25], "texture": "#0"},
				"east": {"uv": [0, 9, 1, 9.25], "texture": "#0"},
				"south": {"uv": [4, 0, 12, 0.25], "texture": "#0"},
				"west": {"uv": [5, 0, 6, 0.25], "texture": "#0"},
				"up": {"uv": [4, 11, 12, 12], "texture": "#0"},
				"down": {"uv": [0, 0, 8, 1], "texture": "#0"}
			}
		},
		{
			"from": [6, 12, 11],
			"to": [10, 12.25, 13],
			"faces": {
				"north": {"uv": [6, 0, 10, 0.25], "texture": "#0"},
				"east": {"uv": [0, 5, 2, 5.25], "texture": "#0"},
				"south": {"uv": [4, 0, 8, 0.25], "texture": "#0"},
				"west": {"uv": [5, 0, 7, 0.25], "texture": "#0"},
				"up": {"uv": [6, 11, 10, 13], "texture": "#0"},
				"down": {"uv": [0, 0, 4, 2], "texture": "#0"}
			}
		},
		{
			"from": [0, 12, 12],
			"to": [4, 12.25, 13],
			"faces": {
				"north": {"uv": [5, 4, 9, 4.25], "texture": "#0"},
				"east": {"uv": [6, 7, 9, 8.25], "texture": "#0"},
				"south": {"uv": [0, 0, 4, 0.25], "texture": "#0"},
				"west": {"uv": [3, 0, 4, 0.25], "texture": "#0"},
				"up": {"uv": [0, 12, 4, 13], "texture": "#0"},
				"down": {"uv": [0, 0, 4, 1], "texture": "#0"}
			}
		},
		{
			"from": [12, 12, 12],
			"to": [16, 12.25, 13],
			"faces": {
				"north": {"uv": [0, 0, 4, 0.25], "texture": "#0"},
				"east": {"uv": [0, 0, 1, 0.25], "texture": "#0"},
				"south": {"uv": [0, 0, 4, 0.25], "texture": "#0"},
				"west": {"uv": [0, 0, 1, 0.25], "texture": "#0"},
				"up": {"uv": [0, 0, 4, 1], "texture": "#0"},
				"down": {"uv": [0, 0, 4, 1], "texture": "#0"}
			}
		},
		{
			"from": [12, 12, 12],
			"to": [16, 12.25, 13],
			"faces": {
				"north": {"uv": [0, 0, 4, 0.25], "texture": "#0"},
				"east": {"uv": [3, 0, 4, 0.25], "texture": "#0"},
				"south": {"uv": [0, 0, 4, 0.25], "texture": "#0"},
				"west": {"uv": [5, 0, 6, 0.25], "texture": "#0"},
				"up": {"uv": [12, 12, 16, 13], "texture": "#0"},
				"down": {"uv": [0, 0, 4, 1], "texture": "#0"}
			}
		},
		{
			"from": [12, 12, 3],
			"to": [16, 12.25, 4],
			"faces": {
				"north": {"uv": [0, 0, 4, 0.25], "texture": "#0"},
				"east": {"uv": [3, 0, 4, 0.25], "texture": "#0"},
				"south": {"uv": [4, 0, 8, 0.25], "texture": "#0"},
				"west": {"uv": [4, 0, 5, 0.25], "texture": "#0"},
				"up": {"uv": [12, 3, 16, 4], "texture": "#0"},
				"down": {"uv": [0, 0, 4, 1], "texture": "#0"}
			}
		},
		{
			"from": [10, 12, 2],
			"to": [15, 12.25, 3],
			"faces": {
				"north": {"uv": [0, 0, 5, 0.25], "texture": "#0"},
				"east": {"uv": [0, 0, 1, 0.25], "texture": "#0"},
				"south": {"uv": [0, 0, 5, 0.25], "texture": "#0"},
				"west": {"uv": [0, 0, 1, 0.25], "texture": "#0"},
				"up": {"uv": [0, 0, 5, 1], "texture": "#0"},
				"down": {"uv": [0, 0, 5, 1], "texture": "#0"}
			}
		},
		{
			"from": [1, 12, 13],
			"to": [6, 12.25, 14],
			"faces": {
				"north": {"uv": [6, 1, 11, 1.25], "texture": "#0"},
				"east": {"uv": [8, 15, 9, 15.25], "texture": "#0"},
				"south": {"uv": [0, 0, 5, 0.25], "texture": "#0"},
				"west": {"uv": [0, 0, 1, 0.25], "texture": "#0"},
				"up": {"uv": [1, 13, 6, 14], "texture": "#0"},
				"down": {"uv": [0, 0, 5, 1], "texture": "#0"}
			}
		},
		{
			"from": [10, 12, 13],
			"to": [15, 12.25, 14],
			"faces": {
				"north": {"uv": [0, 0, 5, 0.25], "texture": "#0"},
				"east": {"uv": [0, 0, 1, 0.25], "texture": "#0"},
				"south": {"uv": [0, 0, 5, 0.25], "texture": "#0"},
				"west": {"uv": [4, 0, 5, 0.25], "texture": "#0"},
				"up": {"uv": [10, 13, 15, 14], "texture": "#0"},
				"down": {"uv": [0, 0, 5, 1], "texture": "#0"}
			}
		},
		{
			"from": [10, 12, 2],
			"to": [15, 12.25, 3],
			"faces": {
				"north": {"uv": [0, 0, 5, 0.25], "texture": "#0"},
				"east": {"uv": [0, 0, 1, 0.25], "texture": "#0"},
				"south": {"uv": [4, 0, 9, 0.25], "texture": "#0"},
				"west": {"uv": [5, 0, 6, 0.25], "texture": "#0"},
				"up": {"uv": [10, 2, 15, 3], "texture": "#0"},
				"down": {"uv": [0, 0, 5, 1], "texture": "#0"}
			}
		},
		{
			"from": [1, 12, 2],
			"to": [6, 12.25, 3],
			"faces": {
				"north": {"uv": [0, 0, 5, 0.25], "texture": "#0"},
				"east": {"uv": [4, 2, 5, 2.25], "texture": "#0"},
				"south": {"uv": [0, 0, 5, 0.25], "texture": "#0"},
				"west": {"uv": [0, 0, 1, 0.25], "texture": "#0"},
				"up": {"uv": [1, 2, 6, 3], "texture": "#0"},
				"down": {"uv": [0, 0, 5, 1], "texture": "#0"}
			}
		},
		{
			"from": [2, 12, 1],
			"to": [14, 12.25, 2],
			"faces": {
				"north": {"uv": [0, 0, 12, 0.25], "texture": "#0"},
				"east": {"uv": [0, 0, 1, 0.25], "texture": "#0"},
				"south": {"uv": [0, 0, 12, 0.25], "texture": "#0"},
				"west": {"uv": [0, 0, 1, 0.25], "texture": "#0"},
				"up": {"uv": [0, 0, 12, 1], "texture": "#0"},
				"down": {"uv": [0, 0, 12, 1], "texture": "#0"}
			}
		},
		{
			"from": [2, 12, 14],
			"to": [14, 12.25, 15],
			"faces": {
				"north": {"uv": [0, 0, 12, 0.25], "texture": "#0"},
				"east": {"uv": [0, 0, 1, 0.25], "texture": "#0"},
				"south": {"uv": [0, 0, 12, 0.25], "texture": "#0"},
				"west": {"uv": [0, 0, 1, 0.25], "texture": "#0"},
				"up": {"uv": [2, 14, 14, 15], "texture": "#0"},
				"down": {"uv": [0, 0, 12, 1], "texture": "#0"}
			}
		},
		{
			"from": [2, 12, 1],
			"to": [14, 12.25, 2],
			"faces": {
				"north": {"uv": [0, 0, 12, 0.25], "texture": "#0"},
				"east": {"uv": [0, 0, 1, 0.25], "texture": "#0"},
				"south": {"uv": [0, 0, 12, 0.25], "texture": "#0"},
				"west": {"uv": [0, 0, 1, 0.25], "texture": "#0"},
				"up": {"uv": [2, 1, 14, 2], "texture": "#0"},
				"down": {"uv": [0, 0, 12, 1], "texture": "#0"}
			}
		},
		{
			"from": [1.75, 3, 7],
			"to": [14.25, 5, 9],
			"faces": {
				"north": {"uv": [0, 14, 12.5, 16], "texture": "#1"},
				"east": {"uv": [7, 11, 9, 13], "texture": "#1"},
				"south": {"uv": [0, 14, 12.5, 16], "texture": "#1"},
				"west": {"uv": [7, 11, 9, 13], "texture": "#1"},
				"up": {"uv": [0, 0, 2, 12.5], "rotation": 90, "texture": "#1"},
				"down": {"uv": [0, 0, 2, 12.5], "rotation": 270, "texture": "#1"}
			}
		},
		{
			"from": [1.75, 2, 10],
			"to": [14.25, 6, 14],
			"faces": {
				"north": {"uv": [0, 0, 12.5, 4], "texture": "#1"},
				"east": {"uv": [2, 10, 6, 14], "texture": "#1"},
				"south": {"uv": [1.75, 10, 14.25, 14], "texture": "#1"},
				"west": {"uv": [10, 10, 14, 14], "texture": "#1"},
				"up": {"uv": [0, 0, 4, 12.5], "rotation": 90, "texture": "#1"},
				"down": {"uv": [0, 0, 4, 12.5], "rotation": 270, "texture": "#1"}
			}
		},
		{
			"from": [1.75, 2, 9],
			"to": [14.25, 3, 13],
			"faces": {
				"north": {"uv": [0, 0, 12.5, 1], "texture": "#1"},
				"east": {"uv": [3, 13, 7, 14], "texture": "#1"},
				"south": {"uv": [0, 0, 12.5, 1], "texture": "#1"},
				"west": {"uv": [0, 0, 4, 1], "texture": "#1"},
				"up": {"uv": [0, 0, 4, 12.5], "rotation": 90, "texture": "#1"},
				"down": {"uv": [0, 0, 4, 12.5], "rotation": 270, "texture": "#1"}
			}
		},
		{
			"from": [1.75, 5, 9],
			"to": [14.25, 6, 13],
			"faces": {
				"north": {"uv": [0, 0, 12.5, 1], "texture": "#1"},
				"east": {"uv": [3, 10, 7, 11], "texture": "#1"},
				"south": {"uv": [0, 0, 12.5, 1], "texture": "#1"},
				"west": {"uv": [9, 10, 13, 11], "texture": "#1"},
				"up": {"uv": [0, 0, 4, 12.5], "rotation": 90, "texture": "#1"},
				"down": {"uv": [0, 0, 4, 12.5], "rotation": 270, "texture": "#1"}
			}
		},
		{
			"from": [1.75, 5, 3],
			"to": [14.25, 6, 7],
			"faces": {
				"north": {"uv": [0, 0, 12.5, 1], "texture": "#1"},
				"east": {"uv": [0, 0, 4, 1], "texture": "#1"},
				"south": {"uv": [1, 14, 13.5, 15], "texture": "#1"},
				"west": {"uv": [3, 10, 7, 11], "texture": "#1"},
				"up": {"uv": [0, 0, 4, 12.5], "rotation": 90, "texture": "#1"},
				"down": {"uv": [0, 0, 4, 12.5], "rotation": 270, "texture": "#1"}
			}
		},
		{
			"from": [1.75, 2, 3],
			"to": [14.25, 3, 7],
			"faces": {
				"north": {"uv": [0, 0, 12.5, 1], "texture": "#1"},
				"east": {"uv": [9, 13, 13, 14], "texture": "#1"},
				"south": {"uv": [0, 0, 12.5, 1], "texture": "#1"},
				"west": {"uv": [3, 13, 7, 14], "texture": "#1"},
				"up": {"uv": [0, 0, 4, 12.5], "rotation": 90, "texture": "#1"},
				"down": {"uv": [0, 0, 4, 12.5], "rotation": 270, "texture": "#1"}
			}
		},
		{
			"from": [1.75, 2, 2],
			"to": [14.25, 6, 6],
			"faces": {
				"north": {"uv": [1.75, 10, 14.25, 14], "texture": "#1"},
				"east": {"uv": [10, 10, 14, 14], "texture": "#1"},
				"south": {"uv": [3, 12, 15.5, 16], "texture": "#1"},
				"west": {"uv": [2, 10, 6, 14], "texture": "#1"},
				"up": {"uv": [0, 0, 4, 12.5], "rotation": 90, "texture": "#1"},
				"down": {"uv": [0, 0, 4, 12.5], "rotation": 270, "texture": "#1"}
			}
		},
		{
			"from": [7, 3, 1.75],
			"to": [9, 5, 14.25],
			"faces": {
				"north": {"uv": [7, 11, 9, 13], "texture": "#1"},
				"east": {"uv": [0, 14, 12.5, 16], "texture": "#1"},
				"south": {"uv": [7, 11, 9, 13], "texture": "#1"},
				"west": {"uv": [0, 14, 12.5, 16], "texture": "#1"},
				"up": {"uv": [0, 0, 2, 12.5], "texture": "#1"},
				"down": {"uv": [0, 0, 2, 12.5], "texture": "#1"}
			}
		},
		{
			"from": [10, 2, 1.75],
			"to": [14, 6, 14.25],
			"faces": {
				"north": {"uv": [2, 10, 6, 14], "texture": "#1"},
				"east": {"uv": [1.75, 10, 14.25, 14], "texture": "#1"},
				"south": {"uv": [10, 10, 14, 14], "texture": "#1"},
				"west": {"uv": [0, 0, 12.5, 4], "texture": "#1"},
				"up": {"uv": [0, 0, 4, 12.5], "texture": "#1"},
				"down": {"uv": [0, 0, 4, 12.5], "texture": "#1"}
			}
		},
		{
			"from": [9, 5, 1.75],
			"to": [13, 6, 14.25],
			"faces": {
				"north": {"uv": [3, 10, 7, 11], "texture": "#1"},
				"east": {"uv": [0, 0, 12.5, 1], "texture": "#1"},
				"south": {"uv": [9, 10, 13, 11], "texture": "#1"},
				"west": {"uv": [0, 0, 12.5, 1], "texture": "#1"},
				"up": {"uv": [0, 0, 4, 12.5], "texture": "#1"},
				"down": {"uv": [0, 0, 4, 12.5], "texture": "#1"}
			}
		},
		{
			"from": [9, 2, 1.75],
			"to": [13, 3, 14.25],
			"faces": {
				"north": {"uv": [3, 13, 7, 14], "texture": "#1"},
				"east": {"uv": [0, 0, 12.5, 1], "texture": "#1"},
				"south": {"uv": [0, 0, 4, 1], "texture": "#1"},
				"west": {"uv": [0, 0, 12.5, 1], "texture": "#1"},
				"up": {"uv": [0, 0, 4, 12.5], "texture": "#1"},
				"down": {"uv": [0, 0, 4, 12.5], "texture": "#1"}
			}
		},
		{
			"from": [3, 2, 1.75],
			"to": [7, 3, 14.25],
			"faces": {
				"north": {"uv": [9, 13, 13, 14], "texture": "#1"},
				"east": {"uv": [0, 0, 12.5, 1], "texture": "#1"},
				"south": {"uv": [3, 13, 7, 14], "texture": "#1"},
				"west": {"uv": [0, 0, 12.5, 1], "texture": "#1"},
				"up": {"uv": [0, 0, 4, 12.5], "texture": "#1"},
				"down": {"uv": [0, 0, 4, 12.5], "texture": "#1"}
			}
		},
		{
			"from": [3, 5, 1.75],
			"to": [7, 6, 14.25],
			"faces": {
				"north": {"uv": [0, 0, 4, 1], "texture": "#1"},
				"east": {"uv": [1, 14, 13.5, 15], "texture": "#1"},
				"south": {"uv": [3, 10, 7, 11], "texture": "#1"},
				"west": {"uv": [0, 0, 12.5, 1], "texture": "#1"},
				"up": {"uv": [0, 0, 4, 12.5], "texture": "#1"},
				"down": {"uv": [0, 0, 4, 12.5], "texture": "#1"}
			}
		},
		{
			"from": [2, 2, 1.75],
			"to": [6, 6, 14.25],
			"faces": {
				"north": {"uv": [10, 10, 14, 14], "texture": "#1"},
				"east": {"uv": [3, 12, 15.5, 16], "texture": "#1"},
				"south": {"uv": [2, 10, 6, 14], "texture": "#1"},
				"west": {"uv": [1.75, 10, 14.25, 14], "texture": "#1"},
				"up": {"uv": [0, 0, 4, 12.5], "texture": "#1"},
				"down": {"uv": [0, 0, 4, 12.5], "texture": "#1"}
			}
		}
	],
	"groups": [0, 1, 2,
		{
			"name": "group",
			"children": [3, 4, 5, 6, 7, 8, 9]
		},
		{
			"name": "group",
			"children": [10, 11, 12, 13, 14, 15, 16]
		},
		{
			"name": "group",
			"children": [17, 18, 19, 20, 21, 22, 23]
		},
		{
			"name": "group",
			"children": [24, 25, 26, 27, 28, 29, 30]
		},
		{
			"name": "group",
			"children": [31, 32, 33, 34]
		},
		{
			"name": "group",
			"children": [35, 36, 37, 38]
		},
		{
			"name": "group",
			"children": [39, 40, 41, 42]
		},
		{
			"name": "group",
			"children": [43, 44, 45, 46]
		},
		{
			"name": "group",
			"children": [47, 48, 49, 50, 51, 52, 53, 54, 55, 56, 57, 58, 59, 60, 61, 62, 63, 64, 65, 66, 67, 68, 69, 70, 71, 72, 73, 74, 75, 76, 77, 78, 79, 80, 81, 82, 83, 84, 85, 86, 87]
		},
		{
			"name": "group",
			"children": [88, 89, 90, 91, 92, 93, 94, 95, 96, 97, 98, 99, 100, 101]
		}
	]
}