{
	"credit": "Made with Blockbench",
	"ambientocclusion": false,
	"textures": {
		"0": "block/enchanting_table_side",
		"1": "block/enchanting_table_top",
		"2": "block/enchanting_table_bottom",
		"3": "block/obsidian",
		"4": "block/enchanting_table_corners",
		"particle": "block/enchanting_table_side"
	},
	"elements": [
		{
			"from": [0, 0, 0],
			"to": [16, 3, 16],
			"faces": {
				"north": {"uv": [0, 13, 16, 16], "texture": "#0"},
				"east": {"uv": [0, 13, 16, 16], "texture": "#0"},
				"south": {"uv": [0, 13, 16, 16], "texture": "#0"},
				"west": {"uv": [0, 13, 16, 16], "texture": "#0"},
				"up": {"uv": [0, 0, 16, 16], "texture": "#2"},
				"down": {"uv": [0, 0, 16, 16], "texture": "#3"}
			}
		},
		{
			"from": [3, 3, 3],
			"to": [13, 7, 13],
			"faces": {
				"north": {"uv": [3, 9, 13, 13], "texture": "#0"},
				"east": {"uv": [3, 9, 13, 13], "texture": "#0"},
				"south": {"uv": [3, 9, 13, 13], "texture": "#0"},
				"west": {"uv": [3, 9, 13, 13], "texture": "#0"},
				"up": {"uv": [0, 0, 10, 10], "texture": "#missing"},
				"down": {"uv": [0, 0, 10, 10], "texture": "#missing"}
			}
		},
		{
			"from": [0, 7, 0],
			"to": [16, 12, 16],
			"faces": {
				"north": {"uv": [0, 4, 16, 9], "texture": "#0"},
				"east": {"uv": [0, 4, 16, 9], "texture": "#0"},
				"south": {"uv": [0, 4, 16, 9], "texture": "#0"},
				"west": {"uv": [0, 4, 16, 9], "texture": "#0"},
				"up": {"uv": [0, 0, 16, 16], "texture": "#1"},
				"down": {"uv": [0, 0, 16, 16], "texture": "#2"}
			}
		},
		{
			"from": [0.70711, 3.29289, 4],
			"to": [4.70711, 9.29289, 12],
			"rotation": {"angle": -45, "axis": "z", "origin": [0, 4, 8]},
			"faces": {
				"north": {"uv": [8, 7, 12, 13], "texture": "#2"},
				"east": {"uv": [0, 0, 8, 6], "texture": "#missing"},
				"south": {"uv": [4, 7, 8, 13], "texture": "#2"},
				"west": {"uv": [4, 7, 12, 13], "texture": "#2"},
				"up": {"uv": [0, 0, 4, 8], "texture": "#missing"},
				"down": {"uv": [0, 0, 4, 8], "texture": "#missing"}
			}
		},
		{
			"from": [11.29289, 3.29289, 4],
			"to": [15.29289, 9.29289, 12],
			"rotation": {"angle": 45, "axis": "z", "origin": [16, 4, 8]},
			"faces": {
				"north": {"uv": [4, 7, 8, 13], "texture": "#2"},
				"east": {"uv": [4, 7, 12, 13], "texture": "#2"},
				"south": {"uv": [8, 7, 12, 13], "texture": "#2"},
				"west": {"uv": [0, 0, 8, 6], "texture": "#missing"},
				"up": {"uv": [0, 0, 4, 8], "texture": "#missing"},
				"down": {"uv": [0, 0, 4, 8], "texture": "#missing"}
			}
		},
		{
			"from": [4, 3.29289, 0.70711],
			"to": [12, 9.29289, 4.70711],
			"rotation": {"angle": 45, "axis": "x", "origin": [8, 4, 0]},
			"faces": {
				"north": {"uv": [4, 7, 12, 13], "texture": "#2"},
				"east": {"uv": [8, 7, 12, 13], "texture": "#2"},
				"south": {"uv": [0, 0, 8, 6], "texture": "#missing"},
				"west": {"uv": [4, 7, 8, 13], "texture": "#2"},
				"up": {"uv": [0, 0, 8, 4], "texture": "#missing"},
				"down": {"uv": [0, 0, 8, 4], "texture": "#missing"}
			}
		},
		{
			"from": [4, 3.29289, 11.29289],
			"to": [12, 9.29289, 15.29289],
			"rotation": {"angle": -45, "axis": "x", "origin": [8, 4, 16]},
			"faces": {
				"north": {"uv": [0, 0, 8, 6], "texture": "#missing"},
				"east": {"uv": [4, 7, 8, 13], "texture": "#2"},
				"south": {"uv": [4, 7, 12, 13], "texture": "#2"},
				"west": {"uv": [8, 7, 12, 13], "texture": "#2"},
				"up": {"uv": [0, 0, 8, 4], "texture": "#missing"},
				"down": {"uv": [0, 0, 8, 4], "texture": "#missing"}
			}
		},
		{
			"from": [-0.5, 8, -0.5],
			"to": [2.5, 13, 2.5],
			"faces": {
				"north": {"uv": [5, 0, 10, 3], "rotation": 90, "texture": "#4"},
				"east": {"uv": [5, 0, 10, 3], "rotation": 270, "texture": "#4"},
				"south": {"uv": [0, 0, 5, 3], "rotation": 270, "texture": "#4"},
				"west": {"uv": [0, 0, 5, 3], "rotation": 90, "texture": "#4"},
				"up": {"uv": [10, 0, 13, 3], "texture": "#4"},
				"down": {"uv": [10, 0, 13, 3], "rotation": 90, "texture": "#4"}
			}
		},
		{
			"from": [-0.5, 8, 13.5],
			"to": [2.5, 13, 16.5],
			"faces": {
				"north": {"uv": [5, 0, 10, 3], "rotation": 270, "texture": "#4"},
				"east": {"uv": [0, 0, 5, 3], "rotation": 270, "texture": "#4"},
				"south": {"uv": [0, 0, 5, 3], "rotation": 90, "texture": "#4"},
				"west": {"uv": [5, 0, 10, 3], "rotation": 90, "texture": "#4"},
				"up": {"uv": [13, 0, 16, 3], "rotation": 90, "texture": "#4"},
				"down": {"uv": [13, 0, 16, 3], "texture": "#4"}
			}
		},
		{
			"from": [13.5, 8, -0.5],
			"to": [16.5, 13, 2.5],
			"faces": {
				"north": {"uv": [0, 0, 5, 3], "rotation": 90, "texture": "#4"},
				"east": {"uv": [5, 0, 10, 3], "rotation": 90, "texture": "#4"},
				"south": {"uv": [5, 0, 10, 3], "rotation": 270, "texture": "#4"},
				"west": {"uv": [0, 0, 5, 3], "rotation": 270, "texture": "#4"},
				"up": {"uv": [10, 0, 13, 3], "rotation": 90, "texture": "#4"},
				"down": {"uv": [10, 0, 13, 3], "texture": "#4"}
			}
		},
		{
			"from": [13.5, 8, 13.5],
			"to": [16.5, 13, 16.5],
			"faces": {
				"north": {"uv": [0, 0, 5, 3], "rotation": 270, "texture": "#4"},
				"east": {"uv": [0, 0, 5, 3], "rotation": 90, "texture": "#4"},
				"south": {"uv": [5, 0, 10, 3], "rotation": 90, "texture": "#4"},
				"west": {"uv": [5, 0, 10, 3], "rotation": 270, "texture": "#4"},
				"up": {"uv": [13, 0, 16, 3], "texture": "#4"},
				"down": {"uv": [13, 0, 16, 3], "rotation": 90, "texture": "#4"}
			}
		},
		{
			"from": [7, 10, 0],
			"to": [9, 12, 4],
			"rotation": {"angle": -22.5, "axis": "x", "origin": [8, 12, 0]},
			"faces": {
				"north": {"uv": [7, 5, 9, 7], "rotation": 180, "texture": "#0"},
				"east": {"uv": [7, 5, 9, 9], "rotation": 90, "texture": "#0"},
				"south": {"uv": [7, 3, 9, 5], "texture": "#1"},
				"west": {"uv": [7, 5, 9, 9], "rotation": 270, "texture": "#0"},
				"up": {"uv": [7, 5, 9, 9], "rotation": 180, "texture": "#0"},
				"down": {"uv": [7, 5, 9, 9], "rotation": 180, "texture": "#0"}
			}
		},
		{
			"from": [0, 10, 7],
			"to": [4, 12, 9],
			"rotation": {"angle": 22.5, "axis": "z", "origin": [0, 12, 8]},
			"faces": {
				"north": {"uv": [7, 5, 9, 9], "rotation": 90, "texture": "#0"},
				"east": {"uv": [2, 7, 4, 9], "rotation": 90, "texture": "#1"},
				"south": {"uv": [7, 5, 9, 9], "rotation": 270, "texture": "#0"},
				"west": {"uv": [7, 5, 9, 7], "texture": "#0"},
				"up": {"uv": [7, 4, 9, 8], "rotation": 90, "texture": "#0"},
				"down": {"uv": [7, 5, 9, 9], "rotation": 90, "texture": "#0"}
			}
		},
		{
			"from": [12, 10, 7],
			"to": [16, 12, 9],
			"rotation": {"angle": -22.5, "axis": "z", "origin": [16, 12, 8]},
			"faces": {
				"north": {"uv": [7, 4, 9, 8], "rotation": 270, "texture": "#0"},
				"east": {"uv": [7, 4, 9, 6], "rotation": 90, "texture": "#0"},
				"south": {"uv": [7, 4, 9, 8], "rotation": 90, "texture": "#0"},
				"west": {"uv": [12, 7, 14, 9], "rotation": 270, "texture": "#1"},
				"up": {"uv": [7, 4, 9, 8], "rotation": 270, "texture": "#0"},
				"down": {"uv": [7, 4, 9, 8], "rotation": 90, "texture": "#0"}
			}
		},
		{
			"from": [7, 10, 12],
			"to": [9, 12, 16],
			"rotation": {"angle": 22.5, "axis": "x", "origin": [8, 12, 16]},
			"faces": {
				"north": {"uv": [7, 12, 9, 14], "rotation": 180, "texture": "#1"},
				"east": {"uv": [7, 5, 9, 9], "rotation": 270, "texture": "#0"},
				"south": {"uv": [7, 14, 9, 16], "texture": "#1"},
				"west": {"uv": [7, 5, 9, 9], "rotation": 90, "texture": "#0"},
				"up": {"uv": [7, 5, 9, 9], "texture": "#0"},
				"down": {"uv": [7, 4, 9, 8], "texture": "#0"}
			}
		}
	],
	"display": {
		"thirdperson_righthand": {
			"rotation": [75, 45, 0],
			"translation": [0, 2.5, 0],
			"scale": [0.375, 0.375, 0.375]
		},
		"thirdperson_lefthand": {
			"rotation": [75, 45, 0],
			"translation": [0, 2.5, 0],
			"scale": [0.375, 0.375, 0.375]
		},
		"firstperson_righthand": {
			"rotation": [0, 45, 0],
			"scale": [0.4, 0.4, 0.4]
		},
		"firstperson_lefthand": {
			"rotation": [0, 225, 0],
			"scale": [0.4, 0.4, 0.4]
		},
		"ground": {
			"translation": [0, 3, 0],
			"scale": [0.25, 0.25, 0.25]
		},
		"gui": {
			"rotation": [30, 225, 0],
			"scale": [0.625, 0.625, 0.625]
		},
		"fixed": {
			"scale": [0.5, 0.5, 0.5]
		}
	}
}