{
	"credit": "Made with Blockbench",
	"parent": "block/template_farmland",
	"textures": {
		"0": "block/farmland_side",
		"1": "block/farmland_front",
		"dirt": "block/dirt",
		"particle": "block/dirt",
		"top": "block/farmland"
	},
	"elements": [
		{
			"from": [0, 0, 0],
			"to": [16, 15, 16],
			"faces": {
				"north": {"uv": [0, 1, 16, 16], "texture": "#1"},
				"east": {"uv": [0, 1, 16, 16], "texture": "#0"},
				"south": {"uv": [0, 1, 16, 16], "texture": "#1"},
				"west": {"uv": [0, 1, 16, 16], "texture": "#0"},
				"up": {"uv": [0, 0, 16, 16], "texture": "#top"},
				"down": {"uv": [0, 0, 16, 16], "texture": "#dirt"}
			}
		}
	]
}