{
	"credit": "Made with Blockbench",
	"textures": {
		"0": "block/grass",
		"particle": "block/grass"
	},
	"elements": [
		{
			"from": [0, 0, 7],
			"to": [16, 13, 7],
			"rotation": {"angle": -22.5, "axis": "x", "origin": [8, 0, 7]},
			"faces": {
				"north": {"uv": [0, 1, 16, 14], "texture": "#0", "tintindex": 0},
				"east": {"uv": [0, 0, 0, 12], "texture": "#missing"},
				"south": {"uv": [0, 2, 16, 14], "texture": "#0", "tintindex": 0},
				"west": {"uv": [0, 0, 0, 12], "texture": "#missing"},
				"up": {"uv": [0, 0, 16, 0], "texture": "#missing"},
				"down": {"uv": [0, 0, 16, 0], "texture": "#missing"}
			}
		},
		{
			"from": [0, 0, 9],
			"to": [16, 13, 9],
			"rotation": {"angle": 22.5, "axis": "x", "origin": [8, 0, 9]},
			"faces": {
				"north": {"uv": [0, 2, 16, 14], "texture": "#0", "tintindex": 0},
				"east": {"uv": [0, 0, 0, 12], "texture": "#missing"},
				"south": {"uv": [0, 1, 16, 14], "texture": "#0", "tintindex": 0},
				"west": {"uv": [0, 0, 0, 12], "texture": "#missing"},
				"up": {"uv": [0, 0, 16, 0], "texture": "#missing"},
				"down": {"uv": [0, 0, 16, 0], "texture": "#missing"}
			}
		},
		{
			"from": [9, 0, 0],
			"to": [9, 13, 16],
			"rotation": {"angle": -22.5, "axis": "z", "origin": [9, 0, 8]},
			"faces": {
				"north": {"uv": [0, 0, 0, 12], "texture": "#missing"},
				"east": {"uv": [0, 1, 16, 14], "texture": "#0", "tintindex": 0},
				"south": {"uv": [0, 0, 0, 12], "texture": "#missing"},
				"west": {"uv": [0, 2, 16, 14], "texture": "#0", "tintindex": 0},
				"up": {"uv": [0, 0, 0, 16], "texture": "#missing"},
				"down": {"uv": [0, 0, 0, 16], "texture": "#missing"}
			}
		},
		{
			"from": [7, 0, 0],
			"to": [7, 13, 16],
			"rotation": {"angle": 22.5, "axis": "z", "origin": [7, 0, 8]},
			"faces": {
				"north": {"uv": [0, 0, 0, 12], "texture": "#missing"},
				"east": {"uv": [0, 2, 16, 14], "texture": "#0", "tintindex": 0},
				"south": {"uv": [0, 0, 0, 12], "texture": "#missing"},
				"west": {"uv": [0, 1, 16, 14], "texture": "#0", "tintindex": 0},
				"up": {"uv": [0, 0, 0, 16], "texture": "#missing"},
				"down": {"uv": [0, 0, 0, 16], "texture": "#missing"}
			}
		},
		{
			"from": [4, 0, 0],
			"to": [4, 6, 16],
			"rotation": {"angle": 45, "axis": "z", "origin": [4, 0, 8]},
			"faces": {
				"north": {"uv": [0, 0, 0, 6], "texture": "#missing"},
				"east": {"uv": [0, 4, 16, 10], "texture": "#0", "tintindex": 0},
				"south": {"uv": [0, 0, 0, 6], "texture": "#missing"},
				"west": {"uv": [0, 1, 16, 7], "texture": "#0", "tintindex": 0},
				"up": {"uv": [0, 0, 0, 16], "texture": "#missing"},
				"down": {"uv": [0, 0, 0, 16], "texture": "#missing"}
			}
		},
		{
			"from": [12, 0, 0],
			"to": [12, 6, 16],
			"rotation": {"angle": -45, "axis": "z", "origin": [12, 0, 8]},
			"faces": {
				"north": {"uv": [0, 0, 0, 6], "texture": "#missing"},
				"east": {"uv": [0, 1, 16, 7], "texture": "#0", "tintindex": 0},
				"south": {"uv": [0, 0, 0, 6], "texture": "#missing"},
				"west": {"uv": [0, 4, 16, 10], "texture": "#0", "tintindex": 0},
				"up": {"uv": [0, 0, 0, 16], "texture": "#missing"},
				"down": {"uv": [0, 0, 0, 16], "texture": "#missing"}
			}
		},
		{
			"from": [0, 0, 4],
			"to": [16, 6, 4],
			"rotation": {"angle": -45, "axis": "x", "origin": [8, 0, 4]},
			"faces": {
				"north": {"uv": [0, 1, 16, 7], "texture": "#0", "tintindex": 0},
				"east": {"uv": [0, 0, 0, 6], "texture": "#missing"},
				"south": {"uv": [0, 4, 16, 10], "texture": "#0", "tintindex": 0},
				"west": {"uv": [0, 0, 0, 6], "texture": "#missing"},
				"up": {"uv": [0, 0, 16, 0], "texture": "#missing"},
				"down": {"uv": [0, 0, 16, 0], "texture": "#missing"}
			}
		},
		{
			"from": [0, 0, 12],
			"to": [16, 6, 12],
			"rotation": {"angle": 45, "axis": "x", "origin": [8, 0, 12]},
			"faces": {
				"north": {"uv": [0, 4, 16, 10], "texture": "#0", "tintindex": 0},
				"east": {"uv": [0, 0, 0, 6], "texture": "#missing"},
				"south": {"uv": [0, 1, 16, 7], "texture": "#0", "tintindex": 0},
				"west": {"uv": [0, 0, 0, 6], "texture": "#missing"},
				"up": {"uv": [0, 0, 16, 0], "texture": "#missing"},
				"down": {"uv": [0, 0, 16, 0], "texture": "#missing"}
			}
		},
		{
			"from": [8, 0, 3],
			"to": [8, 4, 13],
			"rotation": {"angle": 45, "axis": "y", "origin": [8, 8, 8]},
			"faces": {
				"north": {"uv": [0, 0, 0, 4], "texture": "#0"},
				"east": {"uv": [6, 3, 16, 7], "texture": "#0", "tintindex": 0},
				"south": {"uv": [0, 0, 0, 4], "texture": "#0"},
				"west": {"uv": [2, 5, 12, 9], "texture": "#0", "tintindex": 0},
				"up": {"uv": [0, 0, 10, 0], "rotation": 90, "texture": "#0"},
				"down": {"uv": [0, 0, 10, 0], "rotation": 270, "texture": "#0"}
			}
		},
		{
			"from": [3, 0, 8],
			"to": [13, 4, 8],
			"rotation": {"angle": 45, "axis": "y", "origin": [8, 8, 8]},
			"faces": {
				"north": {"uv": [2, 5, 12, 9], "texture": "#0", "tintindex": 0},
				"east": {"uv": [0, 0, 0, 4], "texture": "#missing"},
				"south": {"uv": [5, 3, 15, 7], "texture": "#0", "tintindex": 0},
				"west": {"uv": [0, 0, 0, 4], "texture": "#missing"},
				"up": {"uv": [0, 0, 10, 0], "texture": "#missing"},
				"down": {"uv": [0, 0, 10, 0], "texture": "#missing"}
			}
		}
	],
	"display": {
		"thirdperson_righthand": {
			"rotation": [75, 45, 0],
			"translation": [0, 2.5, 0],
			"scale": [0.375, 0.375, 0.375]
		},
		"thirdperson_lefthand": {
			"rotation": [75, 45, 0],
			"translation": [0, 2.5, 0],
			"scale": [0.375, 0.375, 0.375]
		},
		"firstperson_righthand": {
			"rotation": [0, 45, 0],
			"scale": [0.4, 0.4, 0.4]
		},
		"firstperson_lefthand": {
			"rotation": [0, 225, 0],
			"scale": [0.4, 0.4, 0.4]
		},
		"ground": {
			"translation": [0, 3, 0],
			"scale": [0.25, 0.25, 0.25]
		},
		"gui": {
			"rotation": [30, 225, 0],
			"scale": [0.625, 0.625, 0.625]
		},
		"head": {
			"translation": [0, 10.25, 0],
			"scale": [0.5, 0.5, 0.5]
		},
		"fixed": {
			"scale": [0.5, 0.5, 0.5]
		}
	}
}