{
	"credit": "Made with Blockbench",
	"ambientocclusion": false,
	"textures": {
		"3": "block/hopper_inside_side",
		"4": "block/hopper_side",
		"5": "block/hopper_top_side",
		"particle": "block/hopper_outside",
		"side": "block/hopper_outside"
	},
	"elements": [
		{
			"from": [0, 11, 0],
			"to": [2, 16, 16],
			"faces": {
				"north": {"uv": [14, 0, 16, 5], "texture": "#side", "cullface": "north"},
				"east": {"uv": [0, 0, 16, 5], "texture": "#side", "cullface": "up"},
				"south": {"uv": [0, 0, 2, 5], "texture": "#side", "cullface": "south"},
				"west": {"uv": [0, 0, 16, 5], "texture": "#4", "cullface": "west"},
				"up": {"uv": [0, 0, 2, 16], "texture": "#5", "cullface": "up"}
			}
		},
		{
			"from": [14, 11, 0],
			"to": [16, 16, 16],
			"faces": {
				"north": {"uv": [0, 0, 2, 5], "texture": "#side", "cullface": "north"},
				"east": {"uv": [16, 0, 0, 5], "texture": "#4", "cullface": "east"},
				"south": {"uv": [14, 0, 16, 5], "texture": "#side", "cullface": "south"},
				"west": {"uv": [0, 0, 16, 5], "texture": "#side", "cullface": "up"},
				"up": {"uv": [14, 0, 16, 16], "texture": "#5", "cullface": "up"}
			}
		},
		{
			"from": [10, 10, 0],
			"to": [16, 11, 16],
			"faces": {
				"north": {"uv": [0, 5, 6, 6], "texture": "#side", "cullface": "north"},
				"east": {"uv": [0, 5, 16, 6], "texture": "#side", "cullface": "east"},
				"south": {"uv": [10, 5, 16, 6], "texture": "#side", "cullface": "south"},
				"west": {"uv": [0, 5, 16, 6], "texture": "#side", "cullface": "up"},
				"up": {"uv": [10, 0, 16, 16], "texture": "#3", "cullface": "up"},
				"down": {"uv": [0, 0, 6, 16], "rotation": 180, "texture": "#5"}
			}
		},
		{
			"from": [0, 10, 0],
			"to": [6, 11, 16],
			"faces": {
				"north": {"uv": [10, 5, 16, 6], "texture": "#side", "cullface": "north"},
				"east": {"uv": [0, 5, 16, 6], "texture": "#side", "cullface": "east"},
				"south": {"uv": [0, 5, 6, 6], "texture": "#side", "cullface": "south"},
				"west": {"uv": [0, 5, 16, 6], "texture": "#4", "cullface": "up"},
				"up": {"uv": [0, 0, 6, 16], "texture": "#3", "cullface": "up"},
				"down": {"uv": [10, 0, 16, 16], "rotation": 180, "texture": "#5"}
			}
		},
		{
			"from": [6, 10, 10],
			"to": [10, 11, 16],
			"faces": {
				"north": {"uv": [6, 5, 10, 6], "texture": "#side", "cullface": "north"},
				"east": {"uv": [0, 5, 6, 6], "texture": "#side", "cullface": "east"},
				"south": {"uv": [6, 5, 10, 6], "texture": "#side", "cullface": "south"},
				"west": {"uv": [10, 5, 16, 6], "texture": "#side", "cullface": "up"},
				"up": {"uv": [6, 10, 10, 16], "texture": "#3", "cullface": "up"},
				"down": {"uv": [5, 10, 9, 16], "rotation": 180, "texture": "#5"}
			}
		},
		{
			"from": [6, 10, 0],
			"to": [10, 11, 6],
			"faces": {
				"north": {"uv": [6, 5, 10, 6], "texture": "#side", "cullface": "north"},
				"east": {"uv": [10, 5, 16, 6], "texture": "#side", "cullface": "east"},
				"south": {"uv": [6, 5, 10, 6], "texture": "#side", "cullface": "south"},
				"west": {"uv": [0, 5, 6, 6], "texture": "#side", "cullface": "up"},
				"up": {"uv": [6, 0, 10, 6], "texture": "#3", "cullface": "up"},
				"down": {"uv": [6, 0, 10, 6], "rotation": 180, "texture": "#5"}
			}
		},
		{
			"from": [2, 11, 0],
			"to": [14, 16, 2],
			"faces": {
				"north": {"uv": [2, 0, 14, 5], "texture": "#side", "cullface": "north"},
				"south": {"uv": [2, 0, 14, 5], "texture": "#side", "cullface": "up"},
				"up": {"uv": [2, 0, 14, 2], "texture": "#5", "cullface": "up"}
			}
		},
		{
			"from": [2, 11, 14],
			"to": [14, 16, 16],
			"faces": {
				"north": {"uv": [2, 0, 14, 5], "texture": "#side", "cullface": "up"},
				"south": {"uv": [2, 0, 14, 5], "texture": "#side", "cullface": "south"},
				"up": {"uv": [2, 14, 14, 16], "texture": "#5", "cullface": "up"}
			}
		},
		{
			"from": [4, 4, 4],
			"to": [12, 6, 12],
			"faces": {
				"north": {"uv": [4, 10, 12, 12], "texture": "#side"},
				"east": {"uv": [4, 10, 12, 12], "texture": "#side"},
				"south": {"uv": [4, 10, 12, 12], "texture": "#side"},
				"west": {"uv": [4, 10, 12, 12], "texture": "#side"},
				"up": {"uv": [4, 4, 12, 12], "texture": "#3"},
				"down": {"uv": [4, 4, 12, 12], "texture": "#5"}
			}
		},
		{
			"from": [4, 6, 4],
			"to": [6, 10, 12],
			"faces": {
				"north": {"uv": [10, 6, 12, 10], "texture": "#side"},
				"east": {"uv": [4, 6, 12, 10], "texture": "#side"},
				"south": {"uv": [4, 6, 6, 10], "texture": "#side"},
				"west": {"uv": [4, 6, 12, 10], "texture": "#side"},
				"down": {"uv": [4, 4, 6, 12], "texture": "#5"}
			}
		},
		{
			"from": [10, 6, 4],
			"to": [12, 10, 12],
			"faces": {
				"north": {"uv": [4, 6, 6, 10], "texture": "#side"},
				"east": {"uv": [4, 6, 12, 10], "texture": "#side"},
				"south": {"uv": [10, 6, 12, 10], "texture": "#side"},
				"west": {"uv": [4, 6, 12, 10], "texture": "#side"},
				"down": {"uv": [10, 4, 12, 12], "texture": "#5"}
			}
		},
		{
			"from": [6, 6, 10],
			"to": [10, 10, 12],
			"faces": {
				"north": {"uv": [6, 6, 10, 10], "texture": "#side"},
				"east": {"uv": [4, 6, 6, 10], "texture": "#side"},
				"south": {"uv": [6, 6, 10, 10], "texture": "#side"},
				"west": {"uv": [10, 6, 12, 10], "texture": "#side"},
				"down": {"uv": [6, 4, 10, 6], "texture": "#5"}
			}
		},
		{
			"from": [6, 6, 4],
			"to": [10, 10, 6],
			"faces": {
				"north": {"uv": [6, 6, 10, 10], "texture": "#side"},
				"east": {"uv": [10, 6, 12, 10], "texture": "#side"},
				"south": {"uv": [6, 6, 10, 10], "texture": "#side"},
				"west": {"uv": [4, 6, 6, 10], "texture": "#side"},
				"down": {"uv": [6, 10, 10, 12], "texture": "#5"}
			}
		},
		{
			"from": [6, 4, 0],
			"to": [10, 8, 4],
			"faces": {
				"north": {"uv": [6, 6, 10, 10], "texture": "#5", "cullface": "north"},
				"east": {"uv": [6, 12, 10, 16], "rotation": 270, "texture": "#side"},
				"west": {"uv": [6, 12, 10, 16], "rotation": 90, "texture": "#side"},
				"up": {"uv": [6, 12, 10, 16], "rotation": 180, "texture": "#side"},
				"down": {"uv": [6, 12, 10, 16], "texture": "#side"}
			}
		}
	]
}