{
	"credit": "Made with Blockbench",
	"texture_size": [32, 32],
	"textures": {
		"0": "block/jungle_sapling",
		"particle": "block/jungle_sapling"
	},
	"elements": [
		{
			"from": [4, 8, 4],
			"to": [12, 16, 12],
			"faces": {
				"north": {"uv": [0, 4, 4, 8], "texture": "#0"},
				"east": {"uv": [0, 4, 4, 8], "texture": "#0"},
				"south": {"uv": [0, 4, 4, 8], "texture": "#0"},
				"west": {"uv": [0, 4, 4, 8], "texture": "#0"},
				"up": {"uv": [0, 0, 4, 4], "texture": "#0"}
			}
		},
		{
			"from": [8, 0, 3],
			"to": [8, 16, 13],
			"rotation": {"angle": 45, "axis": "y", "origin": [8, 6, 8]},
			"faces": {
				"north": {"uv": [0, 8, 0, 16], "texture": "#0"},
				"east": {"uv": [11, 0, 16, 8], "texture": "#0"},
				"south": {"uv": [13, 4, 13, 12], "texture": "#0"},
				"west": {"uv": [11, 0, 16, 8], "texture": "#0"},
				"up": {"uv": [0, 0, 0, 5], "texture": "#0"},
				"down": {"uv": [0, 0, 0, 5], "texture": "#0"}
			}
		},
		{
			"from": [3, 0, 8],
			"to": [13, 16, 8],
			"rotation": {"angle": 45, "axis": "y", "origin": [8, 6, 8]},
			"faces": {
				"north": {"uv": [6, 0, 11, 8], "texture": "#0"},
				"south": {"uv": [11, 0, 6, 8], "texture": "#0"},
				"west": {"uv": [-3, -12, -3, -4], "texture": "#0"}
			}
		},
		{
			"from": [4, 5, 9],
			"to": [8, 8, 13],
			"faces": {
				"north": {"uv": [2, 6, 4, 7.5], "texture": "#0"},
				"east": {"uv": [2, 6, 4, 7.5], "texture": "#0"},
				"south": {"uv": [2, 6, 4, 7.5], "texture": "#0"},
				"west": {"uv": [2, 6, 4, 7.5], "texture": "#0"},
				"up": {"uv": [1, 1, 3, 3], "texture": "#0"}
			}
		}
	],
	"display": {
		"thirdperson_righthand": {
			"translation": [0, 3, 1],
			"scale": [0.55, 0.55, 0.55]
		},
		"thirdperson_lefthand": {
			"translation": [0, 3, 1],
			"scale": [0.55, 0.55, 0.55]
		},
		"firstperson_righthand": {
			"rotation": [-8.5, -90, 0],
			"translation": [1.13, 3.2, 1.13],
			"scale": [0.68, 0.68, 0.68]
		},
		"firstperson_lefthand": {
			"rotation": [-8.5, -90, 0],
			"translation": [1.13, 3.2, 1.13],
			"scale": [0.68, 0.68, 0.68]
		},
		"ground": {
			"translation": [0, 2, 0],
			"scale": [0.5, 0.5, 0.5]
		},
		"gui": {
			"rotation": [30, 45, 0],
			"translation": [0, -1.25, 0],
			"scale": [0.9, 0.9, 0.9]
		},
		"head": {
			"rotation": [0, 180, 0],
			"translation": [0, 15.75, 0],
			"scale": [1.2, 1.2, 1.2]
		},
		"fixed": {
			"rotation": [0, 180, 0]
		}
	}
}