{
	"credit": "Made with Blockbench",
	"texture_size": [32, 32],
	"textures": {
		"1": "block/jungle_sapling_1",
		"particle": "block/oak_sapling"
	},
	"elements": [
		{
			"from": [0, 14, 0],
			"to": [16, 26, 16],
			"rotation": {"angle": 0, "axis": "y", "origin": [0, -4, 0]},
			"faces": {
				"north": {"uv": [0, 8, 8, 14], "texture": "#1"},
				"east": {"uv": [0, 8, 8, 14], "texture": "#1"},
				"south": {"uv": [0, 8, 8, 14], "texture": "#1"},
				"west": {"uv": [0, 8, 8, 14], "texture": "#1"},
				"up": {"uv": [0, 0, 8, 8], "texture": "#1"}
			}
		},
		{
			"from": [0, 4, 8],
			"to": [16, 10, 8],
			"rotation": {"angle": -45, "axis": "y", "origin": [8, 0, 8], "rescale": true},
			"faces": {
				"north": {"uv": [8, 13, 16, 16], "texture": "#1"},
				"south": {"uv": [16, 13, 8, 16], "texture": "#1"},
				"west": {"uv": [0, 0, 0, 6.5], "texture": "#1"},
				"up": {"uv": [0, 0, 0, 4], "rotation": 90, "texture": "#1"},
				"down": {"uv": [0, 0, 0, 16], "rotation": 270, "texture": "#1"}
			}
		},
		{
			"from": [0, 0, 8],
			"to": [16, 26, 8],
			"rotation": {"angle": 45, "axis": "y", "origin": [8, 0, 8], "rescale": true},
			"faces": {
				"north": {"uv": [8, 0, 16, 13], "texture": "#1"},
				"south": {"uv": [8, 0, 16, 13], "texture": "#1"}
			}
		},
		{
			"from": [8, 0, 0],
			"to": [8, 26, 16],
			"rotation": {"angle": 45, "axis": "y", "origin": [8, 0, 8], "rescale": true},
			"faces": {
				"north": {"uv": [4, 0, 4, 13], "texture": "#1"},
				"east": {"uv": [8, 0, 16, 13], "texture": "#1"},
				"south": {"uv": [4, 0, 4, 13], "texture": "#1"},
				"west": {"uv": [8, 0, 16, 13], "texture": "#1"},
				"up": {"uv": [4, 0, 4, 8], "texture": "#1"},
				"down": {"uv": [4, 0, 4, 8], "texture": "#1"}
			}
		},
		{
			"from": [9, 7, 9],
			"to": [16, 12, 16],
			"faces": {
				"north": {"uv": [1.5, 11, 5, 13.5], "texture": "#1"},
				"east": {"uv": [1.5, 11, 5, 13.5], "texture": "#1"},
				"south": {"uv": [1.5, 11, 5, 13.5], "texture": "#1"},
				"west": {"uv": [1.5, 11, 5, 13.5], "texture": "#1"},
				"up": {"uv": [2, 2, 5.5, 5.5], "texture": "#1"}
			}
		}
	]
}