{
	"credit": "Made with Blockbench",
	"ambientocclusion": false,
	"textures": {
		"particle": "block/ladder",
		"texture": "block/ladder"
	},
	"elements": [
		{
			"from": [2, 0, 15.5],
			"to": [4, 16, 16],
			"faces": {
				"north": {"uv": [12, 0, 14, 16], "texture": "#texture"},
				"east": {"uv": [12, 0, 12.5, 16], "texture": "#texture"},
				"south": {"uv": [12, 0, 14, 16], "texture": "#texture"},
				"west": {"uv": [12, 0, 12.5, 16], "texture": "#texture"},
				"up": {"uv": [2, 0, 4, 0.5], "texture": "#texture"},
				"down": {"uv": [2, 0, 4, 0.5], "texture": "#texture"}
			}
		},
		{
			"from": [8, 13, 15],
			"to": [15, 15, 16],
			"faces": {
				"north": {"uv": [1, 1, 8, 3], "texture": "#texture"},
				"east": {"uv": [1, 1, 2, 3], "texture": "#texture"},
				"south": {"uv": [1, 1, 8, 3], "texture": "#texture"},
				"west": {"uv": [7, 1, 8, 3], "texture": "#texture"},
				"up": {"uv": [1, 1, 8, 2], "texture": "#texture"},
				"down": {"uv": [1, 2, 8, 3], "texture": "#texture"}
			}
		},
		{
			"from": [1, 5, 15],
			"to": [8, 7, 16],
			"rotation": {"angle": 0, "axis": "z", "origin": [8, 10, 8]},
			"faces": {
				"north": {"uv": [8, 9, 15, 11], "texture": "#texture"},
				"east": {"uv": [8, 9, 9, 11], "texture": "#texture"},
				"south": {"uv": [8, 9, 15, 11], "texture": "#texture"},
				"west": {"uv": [14, 9, 15, 11], "texture": "#texture"},
				"up": {"uv": [8, 9, 15, 10], "texture": "#texture"},
				"down": {"uv": [8, 10, 15, 11], "texture": "#texture"}
			}
		},
		{
			"from": [0, 2, 15],
			"to": [5, 4, 16],
			"rotation": {"angle": 0, "axis": "z", "origin": [8, 7, 8]},
			"faces": {
				"north": {"uv": [11, 12, 16, 14], "texture": "#texture"},
				"east": {"uv": [11, 12, 12, 14], "texture": "#texture"},
				"south": {"uv": [11, 12, 16, 14], "texture": "#texture"},
				"west": {"uv": [15, 12, 16, 14], "texture": "#texture"},
				"up": {"uv": [11, 12, 16, 13], "texture": "#texture"},
				"down": {"uv": [11, 13, 16, 14], "texture": "#texture"}
			}
		},
		{
			"from": [0, 12, 15],
			"to": [9, 14, 16],
			"faces": {
				"north": {"uv": [7, 2, 16, 4], "texture": "#texture"},
				"east": {"uv": [1, 1, 2, 3], "texture": "#texture"},
				"south": {"uv": [7, 2, 16, 4], "texture": "#texture"},
				"west": {"uv": [15, 2, 16, 4], "texture": "#texture"},
				"up": {"uv": [7, 2, 16, 3], "texture": "#texture"},
				"down": {"uv": [7, 3, 16, 4], "texture": "#texture"}
			}
		},
		{
			"from": [7, 4, 15],
			"to": [16, 6, 16],
			"rotation": {"angle": 0, "axis": "z", "origin": [8, 10, 8]},
			"faces": {
				"north": {"uv": [0, 10, 9, 12], "texture": "#texture"},
				"east": {"uv": [0, 10, 1, 12], "texture": "#texture"},
				"south": {"uv": [0, 10, 9, 12], "texture": "#texture"},
				"west": {"uv": [8, 10, 9, 12], "texture": "#texture"},
				"up": {"uv": [0, 10, 9, 11], "texture": "#texture"},
				"down": {"uv": [0, 11, 9, 12], "texture": "#texture"}
			}
		},
		{
			"from": [4, 1, 15],
			"to": [15, 3, 16],
			"rotation": {"angle": 0, "axis": "z", "origin": [8, 7, 8]},
			"faces": {
				"north": {"uv": [1, 13, 12, 15], "texture": "#texture"},
				"east": {"uv": [1, 13, 2, 15], "texture": "#texture"},
				"south": {"uv": [1, 13, 12, 15], "texture": "#texture"},
				"west": {"uv": [0, 0, 2, 1], "rotation": 90, "texture": "#texture"},
				"up": {"uv": [1, 13, 12, 14], "texture": "#texture"},
				"down": {"uv": [1, 14, 12, 15], "texture": "#texture"}
			}
		},
		{
			"from": [1, 9, 15],
			"to": [16, 11, 16],
			"faces": {
				"north": {"uv": [0, 5, 15, 7], "texture": "#texture"},
				"east": {"uv": [0, 5, 1, 7], "texture": "#texture"},
				"south": {"uv": [0, 5, 15, 7], "texture": "#texture"},
				"west": {"uv": [14, 5, 15, 7], "texture": "#texture"},
				"up": {"uv": [0, 5, 15, 6], "texture": "#texture"},
				"down": {"uv": [0, 6, 15, 7], "texture": "#texture"}
			}
		},
		{
			"from": [12, 0, 15.5],
			"to": [14, 16, 16],
			"faces": {
				"north": {"uv": [2, 0, 4, 16], "texture": "#texture"},
				"east": {"uv": [2, 0, 2.5, 16], "texture": "#texture"},
				"south": {"uv": [2, 0, 4, 16], "texture": "#texture"},
				"west": {"uv": [2, 0, 2.5, 16], "texture": "#texture"},
				"up": {"uv": [2, 0, 4, 0.5], "texture": "#texture"},
				"down": {"uv": [2, 0, 4, 0.5], "texture": "#texture"}
			}
		}
	],
	"display": {}
}