{
	"credit": "Made with Blockbench",
	"textures": {
		"0": "block/lever_on",
		"particle": "block/lever_on"
	},
	"elements": [
		{
			"from": [4, 0, 2],
			"to": [12, 1, 14],
			"faces": {
				"north": {"uv": [0, 12, 8, 13], "texture": "#0"},
				"east": {"uv": [14, 0, 15, 12], "rotation": 90, "texture": "#0"},
				"south": {"uv": [0, 12, 8, 13], "texture": "#0"},
				"west": {"uv": [14, 0, 15, 12], "rotation": 90, "texture": "#0"},
				"up": {"uv": [0, 0, 8, 12], "texture": "#0"},
				"down": {"uv": [0, 0, 8, 12], "texture": "#0"}
			}
		},
		{
			"from": [9, 2, 6],
			"to": [10, 3, 10],
			"rotation": {"angle": 22.5, "axis": "x", "origin": [8, 8, 8]},
			"faces": {
				"north": {"uv": [0, 0, 1, 1], "rotation": 180, "texture": "#0"},
				"east": {"uv": [9, 9, 10, 13], "rotation": 90, "texture": "#0"},
				"south": {"uv": [9, 12, 10, 13], "rotation": 180, "texture": "#0"},
				"west": {"uv": [9, 9, 10, 13], "rotation": 270, "texture": "#0"},
				"up": {"uv": [9, 9, 10, 13], "texture": "#0"},
				"down": {"uv": [9, 9, 10, 13], "rotation": 180, "texture": "#0"}
			}
		},
		{
			"from": [6, 2, 6],
			"to": [7, 3, 10],
			"rotation": {"angle": 22.5, "axis": "x", "origin": [8, 8, 8]},
			"faces": {
				"north": {"uv": [0, 0, 1, 1], "rotation": 180, "texture": "#0"},
				"east": {"uv": [9, 9, 10, 13], "rotation": 90, "texture": "#0"},
				"south": {"uv": [9, 12, 10, 13], "rotation": 180, "texture": "#0"},
				"west": {"uv": [9, 9, 10, 13], "rotation": 270, "texture": "#0"},
				"up": {"uv": [9, 9, 10, 13], "texture": "#0"},
				"down": {"uv": [9, 9, 10, 13], "rotation": 180, "texture": "#0"}
			}
		},
		{
			"from": [5, 2, 5],
			"to": [11, 3, 6],
			"rotation": {"angle": 22.5, "axis": "x", "origin": [8, 8, 8]},
			"faces": {
				"north": {"uv": [8, 8, 14, 9], "rotation": 180, "texture": "#0"},
				"east": {"uv": [8, 8, 9, 9], "rotation": 180, "texture": "#0"},
				"south": {"uv": [8, 8, 14, 9], "rotation": 180, "texture": "#0"},
				"west": {"uv": [8, 8, 9, 9], "rotation": 180, "texture": "#0"},
				"up": {"uv": [8, 8, 14, 9], "texture": "#0"},
				"down": {"uv": [8, 8, 14, 9], "texture": "#0"}
			}
		},
		{
			"from": [5, 1, 4],
			"to": [7, 2, 12],
			"faces": {
				"north": {"uv": [0, 0, 2, 1], "texture": "#0"},
				"east": {"uv": [0, 0, 8, 1], "texture": "#0"},
				"south": {"uv": [0, 0, 2, 1], "texture": "#0"},
				"west": {"uv": [0, 0, 8, 1], "texture": "#0"},
				"up": {"uv": [8, 0, 10, 8], "texture": "#0"},
				"down": {"uv": [0, 0, 2, 8], "texture": "#0"}
			}
		},
		{
			"from": [9, 1, 4],
			"to": [11, 2, 12],
			"faces": {
				"north": {"uv": [0, 0, 2, 1], "texture": "#0"},
				"east": {"uv": [0, 0, 8, 1], "texture": "#0"},
				"south": {"uv": [0, 0, 2, 1], "texture": "#0"},
				"west": {"uv": [0, 0, 8, 1], "texture": "#0"},
				"up": {"uv": [12, 0, 14, 8], "texture": "#0"},
				"down": {"uv": [0, 0, 2, 8], "texture": "#0"}
			}
		},
		{
			"from": [7, 1, 4],
			"to": [9, 2, 5],
			"faces": {
				"north": {"uv": [0, 0, 2, 1], "texture": "#0"},
				"east": {"uv": [0, 0, 1, 1], "texture": "#0"},
				"south": {"uv": [0, 0, 2, 1], "texture": "#0"},
				"west": {"uv": [0, 0, 1, 1], "texture": "#0"},
				"up": {"uv": [10, 0, 12, 1], "texture": "#0"},
				"down": {"uv": [0, 0, 2, 1], "texture": "#0"}
			}
		},
		{
			"from": [7, 1, 11],
			"to": [9, 2, 12],
			"faces": {
				"north": {"uv": [0, 0, 2, 1], "texture": "#0"},
				"east": {"uv": [0, 0, 1, 1], "texture": "#0"},
				"south": {"uv": [0, 0, 2, 1], "texture": "#0"},
				"west": {"uv": [0, 0, 1, 1], "texture": "#0"},
				"up": {"uv": [10, 7, 12, 8], "texture": "#0"},
				"down": {"uv": [0, 0, 2, 1], "texture": "#0"}
			}
		},
		{
			"from": [5.999, 1, 7],
			"to": [10.001, 2.5, 9],
			"faces": {
				"north": {"uv": [9, 3.5, 13, 5], "rotation": 180, "texture": "#0"},
				"east": {"uv": [10, 4, 12, 5.5], "texture": "#0"},
				"south": {"uv": [9, 3.5, 13, 5], "rotation": 180, "texture": "#0"},
				"west": {"uv": [10, 4, 12, 5.5], "texture": "#0"},
				"up": {"uv": [9, 3, 13, 5], "texture": "#0"},
				"down": {"uv": [0, 0, 4, 2], "texture": "#0"}
			}
		},
		{
			"from": [7, 1, 5],
			"to": [9, 1.5, 11],
			"faces": {
				"north": {"uv": [0, 0, 2, 0.5], "texture": "#0"},
				"east": {"uv": [0, 0, 6, 0.5], "texture": "#0"},
				"south": {"uv": [0, 0, 2, 0.5], "texture": "#0"},
				"west": {"uv": [0, 0, 6, 0.5], "texture": "#0"},
				"up": {"uv": [10, 1, 12, 7], "texture": "#0"},
				"down": {"uv": [0, 0, 2, 6], "texture": "#0"}
			}
		}
	]
}