{
	"credit": "Made with Blockbench",
	"textures": {
		"3": "block/piston_side_on",
		"4": "block/piston_bottom_on",
		"5": "block/piston_inner",
		"particle": "#side"
	},
	"elements": [
		{
			"from": [0, 0, 4],
			"to": [16, 16, 16],
			"faces": {
				"north": {"uv": [0, 0, 16, 16], "texture": "#5"},
				"east": {"uv": [0, 4, 16, 16], "rotation": 90, "texture": "#3", "cullface": "east"},
				"south": {"uv": [0, 0, 16, 16], "texture": "#4", "cullface": "south"},
				"west": {"uv": [0, 4, 16, 16], "rotation": 270, "texture": "#3", "cullface": "west"},
				"up": {"uv": [0, 4, 16, 16], "texture": "#3", "cullface": "up"},
				"down": {"uv": [0, 4, 16, 16], "rotation": 180, "texture": "#3", "cullface": "down"}
			}
		}
	]
}