{
	"credit": "Made with Blockbench",
	"ambientocclusion": false,
	"texture_size": [32, 32],
	"textures": {
		"4": "block/acacia_sapling",
		"particle": "block/flower_pot",
		"flowerpot": "block/flower_pot",
		"dirt": "block/dirt"
	},
	"elements": [
		{
			"from": [5, 0, 5],
			"to": [6, 6, 11],
			"faces": {
				"north": {"uv": [10, 10, 11, 16], "texture": "#flowerpot"},
				"east": {"uv": [5, 10, 11, 16], "texture": "#flowerpot"},
				"south": {"uv": [5, 10, 6, 16], "texture": "#flowerpot"},
				"west": {"uv": [5, 10, 11, 16], "texture": "#flowerpot"},
				"up": {"uv": [5, 5, 6, 11], "texture": "#flowerpot"},
				"down": {"uv": [5, 5, 6, 11], "texture": "#flowerpot", "cullface": "down"}
			}
		},
		{
			"from": [10, 0, 5],
			"to": [11, 6, 11],
			"faces": {
				"north": {"uv": [5, 10, 6, 16], "texture": "#flowerpot"},
				"east": {"uv": [5, 10, 11, 16], "texture": "#flowerpot"},
				"south": {"uv": [10, 10, 11, 16], "texture": "#flowerpot"},
				"west": {"uv": [5, 10, 11, 16], "texture": "#flowerpot"},
				"up": {"uv": [10, 5, 11, 11], "texture": "#flowerpot"},
				"down": {"uv": [10, 5, 11, 11], "texture": "#flowerpot", "cullface": "down"}
			}
		},
		{
			"from": [6, 0, 5],
			"to": [10, 6, 6],
			"faces": {
				"north": {"uv": [6, 10, 10, 16], "texture": "#flowerpot"},
				"south": {"uv": [6, 10, 10, 16], "texture": "#flowerpot"},
				"up": {"uv": [6, 5, 10, 6], "texture": "#flowerpot"},
				"down": {"uv": [6, 10, 10, 11], "texture": "#flowerpot", "cullface": "down"}
			}
		},
		{
			"from": [6, 0, 10],
			"to": [10, 6, 11],
			"faces": {
				"north": {"uv": [6, 10, 10, 16], "texture": "#flowerpot"},
				"south": {"uv": [6, 10, 10, 16], "texture": "#flowerpot"},
				"up": {"uv": [6, 10, 10, 11], "texture": "#flowerpot"},
				"down": {"uv": [6, 5, 10, 6], "texture": "#flowerpot", "cullface": "down"}
			}
		},
		{
			"from": [6, 0, 6],
			"to": [10, 4, 10],
			"faces": {
				"up": {"uv": [6, 6, 10, 10], "texture": "#dirt"},
				"down": {"uv": [6, 12, 10, 16], "texture": "#flowerpot", "cullface": "down"}
			}
		},
		{
			"from": [-2.75, 12, 8],
			"to": [7.25, 18, 8],
			"rotation": {"angle": 45, "axis": "y", "origin": [8, 10, 8]},
			"faces": {
				"north": {"uv": [11, 0, 16, 3], "texture": "#4"},
				"east": {"uv": [0, 0, 0, 0], "texture": "#4"},
				"south": {"uv": [16, 0, 11, 3], "texture": "#4"},
				"west": {"uv": [0, 0, 0, 0], "texture": "#4"},
				"up": {"uv": [0, 0, 0, 0], "texture": "#4"},
				"down": {"uv": [0, 0, 0, 0], "texture": "#4"}
			}
		},
		{
			"from": [8, 4, 4],
			"to": [8, 12, 12],
			"rotation": {"angle": 45, "axis": "y", "origin": [8, 10, 8]},
			"faces": {
				"north": {"uv": [0, 0, 0, 4], "texture": "#4"},
				"east": {"uv": [4, 0, 8, 4], "texture": "#4"},
				"south": {"uv": [0, 0, 0, 4], "texture": "#4"},
				"west": {"uv": [4, 0, 8, 4], "texture": "#4"},
				"up": {"uv": [0, 0, 0, 0], "texture": "#4"},
				"down": {"uv": [0, 0, 0, 0], "texture": "#4"}
			}
		},
		{
			"from": [5, 9, 5],
			"to": [11, 12, 11],
			"rotation": {"angle": 0, "axis": "y", "origin": [0, 4, 0]},
			"faces": {
				"north": {"uv": [0.5, 4.5, 3.5, 6], "texture": "#4"},
				"east": {"uv": [0.5, 4.5, 3.5, 6], "texture": "#4"},
				"south": {"uv": [0.5, 4.5, 3.5, 6], "texture": "#4"},
				"west": {"uv": [0.5, 4.5, 3.5, 6], "texture": "#4"},
				"up": {"uv": [0, 0, 3, 3], "texture": "#4"}
			}
		},
		{
			"from": [0, 14, 8],
			"to": [8, 18, 16],
			"rotation": {"angle": 0, "axis": "y", "origin": [0, 4, 0]},
			"faces": {
				"north": {"uv": [0, 4, 4, 6], "texture": "#4"},
				"east": {"uv": [0, 4, 4, 6], "texture": "#4"},
				"south": {"uv": [0, 4, 4, 6], "texture": "#4"},
				"west": {"uv": [0, 4, 4, 6], "texture": "#4"},
				"up": {"uv": [0, 0, 4, 4], "texture": "#4"}
			}
		},
		{
			"from": [4, 4, 8],
			"to": [12, 12, 8],
			"rotation": {"angle": 45, "axis": "y", "origin": [8, 10, 8]},
			"faces": {
				"north": {"uv": [4, 0, 8, 4], "texture": "#4"},
				"east": {"uv": [0, 0, 0, 4], "texture": "#4"},
				"south": {"uv": [4, 0, 8, 4], "texture": "#4"},
				"west": {"uv": [0, 0, 0, 4], "texture": "#4"},
				"up": {"uv": [0, 0, 0, 0], "rotation": 90, "texture": "#4"},
				"down": {"uv": [0, 0, 0, 0], "rotation": 270, "texture": "#4"}
			}
		},
		{
			"from": [4, 13, 7],
			"to": [4, 18, 17],
			"rotation": {"angle": 45, "axis": "y", "origin": [4, 15.5, 12]},
			"faces": {
				"north": {"uv": [0, 0, 0, 0], "texture": "#4"},
				"east": {"uv": [16, 3, 11, 5.5], "texture": "#4"},
				"south": {"uv": [0, 0, 0, 0], "texture": "#4"},
				"west": {"uv": [11, 3, 16, 5.5], "texture": "#4"},
				"up": {"uv": [0, 0, 0, 0], "rotation": 270, "texture": "#4"},
				"down": {"uv": [0, 0, 0, 0], "rotation": 90, "texture": "#4"}
			}
		}
	]
}