{
	"credit": "Made with Blockbench",
	"ambientocclusion": false,
	"textures": {
		"2": "block/redstone_overlay",
		"particle": "block/redstone_dust_dot",
		"line": "block/redstone_dust_dot"
	},
	"elements": [
		{
			"from": [4, -0.001, 6],
			"to": [12, 0.25, 10],
			"faces": {
				"north": {"uv": [0, 0, 8, 0.25], "texture": "#2"},
				"east": {"uv": [6, 5, 10, 5.25], "texture": "#2"},
				"south": {"uv": [4, 7, 12, 7.25], "texture": "#2"},
				"west": {"uv": [6, 3, 10, 3.25], "texture": "#2"},
				"up": {"uv": [4, 6, 12, 10], "texture": "#2"},
				"down": {"uv": [4, 6, 12, 10], "texture": "#2"}
			}
		},
		{
			"from": [6, -0.001, 4],
			"to": [10, 0.25, 12],
			"faces": {
				"north": {"uv": [6, 4, 10, 4.25], "texture": "#2"},
				"east": {"uv": [4, 6, 12, 6.25], "texture": "#2"},
				"south": {"uv": [6, 8, 10, 8.25], "texture": "#2"},
				"west": {"uv": [4, 6, 12, 6.25], "texture": "#2"},
				"up": {"uv": [6, 4, 10, 12], "texture": "#2"},
				"down": {"uv": [6, 4, 10, 12], "texture": "#2"}
			}
		},
		{
			"from": [3.999, 0, 7],
			"to": [12.001, 0.75, 9],
			"faces": {
				"north": {"uv": [4, 7, 12, 7.75], "texture": "#line", "tintindex": 0},
				"east": {"uv": [7, 4, 9, 4.75], "texture": "#line", "tintindex": 0},
				"south": {"uv": [4, 7, 12, 7.75], "texture": "#line", "tintindex": 0},
				"west": {"uv": [7, 4, 9, 4.75], "texture": "#line", "tintindex": 0},
				"up": {"uv": [4, 7, 12, 9], "texture": "#line", "tintindex": 0},
				"down": {"uv": [0, 0, 2, 8.02], "rotation": 90, "texture": "#line"}
			}
		},
		{
			"from": [7, 0, 3.999],
			"to": [9, 0.75, 12.001],
			"faces": {
				"north": {"uv": [7, 7, 9, 7.75], "texture": "#line", "tintindex": 0},
				"east": {"uv": [4, 7, 12, 7.75], "texture": "#line", "tintindex": 0},
				"south": {"uv": [7, 7, 9, 7.75], "texture": "#line", "tintindex": 0},
				"west": {"uv": [4, 7, 12, 7.75], "texture": "#line", "tintindex": 0},
				"up": {"uv": [7, 4, 9, 12], "texture": "#line", "tintindex": 0},
				"down": {"uv": [0, 0, 2, 8.02], "texture": "#line", "tintindex": 0}
			}
		},
		{
			"from": [9, 0, 6],
			"to": [10, 1, 10],
			"faces": {
				"north": {"uv": [6, 6, 7, 7], "texture": "#2"},
				"east": {"uv": [6, 6, 10, 7], "texture": "#2"},
				"south": {"uv": [6, 6, 7, 7], "texture": "#2"},
				"west": {"uv": [6, 6, 10, 7], "texture": "#2"},
				"up": {"uv": [6, 6, 10, 7], "rotation": 90, "texture": "#2"},
				"down": {"uv": [10, 6, 11, 10], "texture": "#2"}
			}
		},
		{
			"from": [6, 0, 6],
			"to": [10, 1, 7],
			"faces": {
				"north": {"uv": [6, 6, 10, 7], "texture": "#2"},
				"east": {"uv": [6, 6, 7, 7], "texture": "#2"},
				"south": {"uv": [6, 6, 10, 7], "texture": "#2"},
				"west": {"uv": [6, 6, 7, 7], "texture": "#2"},
				"up": {"uv": [6, 6, 10, 7], "texture": "#2"},
				"down": {"uv": [6, 6, 10, 7], "texture": "#2"}
			}
		},
		{
			"from": [6, 0, 6],
			"to": [7, 1, 10],
			"faces": {
				"north": {"uv": [6, 6, 7, 7], "texture": "#2"},
				"east": {"uv": [6, 6, 10, 7], "texture": "#2"},
				"south": {"uv": [6, 6, 7, 7], "texture": "#2"},
				"west": {"uv": [6, 6, 10, 7], "texture": "#2"},
				"up": {"uv": [6, 6, 10, 7], "rotation": 90, "texture": "#2"},
				"down": {"uv": [6, 6, 7, 10], "texture": "#2"}
			}
		},
		{
			"from": [6, 0, 9],
			"to": [10, 1, 10],
			"faces": {
				"north": {"uv": [6, 6, 10, 7], "texture": "#2"},
				"east": {"uv": [6, 6, 7, 7], "texture": "#2"},
				"south": {"uv": [6, 6, 10, 7], "texture": "#2"},
				"west": {"uv": [6, 6, 7, 7], "texture": "#2"},
				"up": {"uv": [6, 6, 10, 7], "texture": "#2"},
				"down": {"uv": [6, 9, 10, 10], "texture": "#2"}
			}
		}
	]
}