{
	"credit": "Made with Blockbench",
	"textures": {
		"1": "block/redstone_torch_off",
		"particle": "block/redstone_torch"
	},
	"elements": [
		{
			"from": [-1, 3.5, 7],
			"to": [1, 10.5, 9],
			"rotation": {"angle": -22.5, "axis": "z", "origin": [0, 3.5, 8]},
			"faces": {
				"north": {"uv": [7, 9, 9, 16], "texture": "#1"},
				"east": {"uv": [7, 9, 9, 16], "texture": "#1"},
				"south": {"uv": [7, 9, 9, 16], "texture": "#1"},
				"west": {"uv": [7, 9, 9, 16], "texture": "#1"},
				"up": {"uv": [7, 8, 9, 10], "texture": "#1"},
				"down": {"uv": [7, 14, 9, 16], "texture": "#1"}
			}
		},
		{
			"from": [2.44415, 10.81492, 7],
			"to": [4.44415, 12.81492, 9],
			"rotation": {"angle": -22.5, "axis": "z", "origin": [3.44415, 11.81492, 8]},
			"faces": {
				"north": {"uv": [7, 6, 9, 8], "texture": "#1"},
				"east": {"uv": [7, 6, 9, 8], "texture": "#1"},
				"south": {"uv": [7, 6, 9, 8], "texture": "#1"},
				"west": {"uv": [7, 6, 9, 8], "texture": "#1"},
				"up": {"uv": [7, 6, 9, 8], "texture": "#1"},
				"down": {"uv": [7, 6, 9, 8], "texture": "#1"}
			}
		},
		{
			"from": [4.69415, 13.06492, 9.25],
			"to": [2.19415, 10.56492, 6.75],
			"rotation": {"angle": -22.5, "axis": "z", "origin": [3.44415, 11.81492, 8]},
			"faces": {
				"north": {"uv": [0, 0, 2, 2], "texture": "#1"},
				"east": {"uv": [0, 0, 2, 2], "texture": "#1"},
				"south": {"uv": [0, 0, 2, 2], "texture": "#1"},
				"west": {"uv": [0, 0, 2, 2], "texture": "#1"},
				"up": {"uv": [0, 0, 2, 2], "texture": "#1"},
				"down": {"uv": [0, 0, 2, 2], "texture": "#1"}
			}
		}
	],
	"display": {
		"thirdperson_righthand": {
			"translation": [0, 3, 1],
			"scale": [0.8, 0.8, 0.8]
		},
		"thirdperson_lefthand": {
			"translation": [0, 3, 1],
			"scale": [0.8, 0.8, 0.8]
		},
		"firstperson_righthand": {
			"rotation": [0, -90, 25],
			"translation": [1.13, 3.2, 1.13],
			"scale": [0.68, 0.68, 0.68]
		},
		"firstperson_lefthand": {
			"rotation": [0, -90, 25],
			"translation": [1.13, 3.2, 1.13],
			"scale": [0.68, 0.68, 0.68]
		},
		"ground": {
			"translation": [0, 2, 0],
			"scale": [0.5, 0.5, 0.5]
		},
		"gui": {
			"rotation": [36, 45, 0],
			"translation": [0, 1.5, 0],
			"scale": [1.1, 1.1, 1.1]
		},
		"head": {
			"rotation": [0, 180, 0],
			"translation": [0, 13, 0]
		},
		"fixed": {
			"rotation": [0, 180, 0]
		}
	}
}