{
	"credit": "Made with Blockbench",
	"ambientocclusion": false,
	"textures": {
		"2": "block/redstone_overlay",
		"particle": "block/redstone_overlay",
		"line": "block/redstone_dust_line0"
	},
	"elements": [
		{
			"from": [6, 1, 0],
			"to": [10, 2, 1],
			"rotation": {"angle": 0, "axis": "y", "origin": [12, 8, 8]},
			"faces": {
				"north": {"uv": [0, 0, 1, 4], "rotation": 270, "texture": "#2"},
				"east": {"uv": [6, 14, 7, 15], "rotation": 270, "texture": "#2"},
				"south": {"uv": [6, 14, 10, 15], "texture": "#2"},
				"west": {"uv": [6, 14, 7, 15], "rotation": 90, "texture": "#2"},
				"up": {"uv": [6, 14, 10, 15], "rotation": 180, "texture": "#2"},
				"down": {"uv": [6, 6, 10, 7], "texture": "#2"}
			}
		},
		{
			"from": [6, 9, 0],
			"to": [10, 10, 1],
			"rotation": {"angle": 0, "axis": "y", "origin": [12, 8, 8]},
			"faces": {
				"north": {"uv": [0, 0, 1, 4], "rotation": 270, "texture": "#2"},
				"east": {"uv": [6, 14, 7, 15], "rotation": 270, "texture": "#2"},
				"south": {"uv": [6, 14, 10, 15], "texture": "#2"},
				"west": {"uv": [6, 14, 7, 15], "rotation": 90, "texture": "#2"},
				"up": {"uv": [6, 14, 10, 15], "rotation": 180, "texture": "#2"},
				"down": {"uv": [6, 6, 10, 7], "texture": "#2"}
			}
		},
		{
			"from": [6, 0, -0.001],
			"to": [10, 16, 0.25],
			"shade": false,
			"rotation": {"angle": 0, "axis": "y", "origin": [12, 8, 8]},
			"faces": {
				"north": {"uv": [6, 0, 10, 16], "texture": "#2"},
				"east": {"uv": [6, 0, 7, 16], "texture": "#2"},
				"south": {"uv": [6, 0, 10, 16], "texture": "#2"},
				"west": {"uv": [9, 0, 10, 16], "texture": "#2"},
				"up": {"uv": [6, 15, 10, 16], "texture": "#2"},
				"down": {"uv": [6, 0, 10, 1], "texture": "#2"}
			}
		},
		{
			"from": [7, -0.001, 0],
			"to": [9, 16.001, 0.75],
			"rotation": {"angle": 0, "axis": "y", "origin": [12, 8, 8]},
			"faces": {
				"north": {"uv": [0, 0, 16, 2], "rotation": 270, "texture": "#line", "tintindex": 0},
				"east": {"uv": [0, 0, 16, 0.75], "rotation": 270, "texture": "#line", "tintindex": 0},
				"south": {"uv": [0, 0, 16, 2], "rotation": 270, "texture": "#line", "tintindex": 0},
				"west": {"uv": [0, 0, 16, 0.75], "rotation": 90, "texture": "#line", "tintindex": 0},
				"up": {"uv": [0, 0, 2, 0.75], "rotation": 180, "texture": "#line", "tintindex": 0},
				"down": {"uv": [0, 0, 2, 0.75], "texture": "#line"}
			}
		}
	]
}