{
	"credit": "Made with Blockbench",
	"ambientocclusion": false,
	"textures": {
		"1": "block/redstone_overlay",
		"2": "block/redstone_dust_line0",
		"particle": "block/redstone_overlay"
	},
	"elements": [
		{
			"from": [6, 0, 14],
			"to": [10, 1, 15],
			"rotation": {"angle": 0, "axis": "x", "origin": [12, 8, 8]},
			"faces": {
				"north": {"uv": [6, 14, 10, 15], "texture": "#1"},
				"east": {"uv": [6, 14, 7, 15], "texture": "#1"},
				"south": {"uv": [6, 6, 10, 7], "texture": "#1"},
				"west": {"uv": [6, 14, 7, 15], "texture": "#1"},
				"up": {"uv": [6, 14, 10, 15], "texture": "#1"},
				"down": {"uv": [0, 0, 1, 4], "rotation": 90, "texture": "#1"}
			}
		},
		{
			"from": [6, 0, 6],
			"to": [10, 1, 7],
			"rotation": {"angle": 0, "axis": "x", "origin": [12, 8, 8]},
			"faces": {
				"north": {"uv": [6, 14, 10, 15], "texture": "#1"},
				"east": {"uv": [6, 14, 7, 15], "texture": "#1"},
				"south": {"uv": [6, 6, 10, 7], "texture": "#1"},
				"west": {"uv": [6, 14, 7, 15], "texture": "#1"},
				"up": {"uv": [6, 14, 10, 15], "texture": "#1"},
				"down": {"uv": [0, 0, 1, 4], "rotation": 90, "texture": "#1"}
			}
		},
		{
			"from": [6, -0.001, 0],
			"to": [10, 0.25, 16],
			"shade": false,
			"rotation": {"angle": 0, "axis": "x", "origin": [12, 8, 8]},
			"faces": {
				"north": {"uv": [6, 15, 10, 16], "rotation": 180, "texture": "#1"},
				"east": {"uv": [6, 0, 7, 16], "rotation": 90, "texture": "#1"},
				"south": {"uv": [6, 0, 10, 1], "texture": "#1"},
				"west": {"uv": [9, 0, 10, 16], "rotation": 270, "texture": "#1"},
				"up": {"uv": [6, 0, 10, 16], "texture": "#1"},
				"down": {"uv": [6, 0, 10, 16], "rotation": 180, "texture": "#1"}
			}
		},
		{
			"from": [7, 0, -0.001],
			"to": [9, 0.75, 16.001],
			"rotation": {"angle": 0, "axis": "x", "origin": [12, 8, 8]},
			"faces": {
				"north": {"uv": [0, 0, 2, 0.75], "texture": "#2", "tintindex": 0},
				"east": {"uv": [0, 0, 16, 0.75], "texture": "#2", "tintindex": 0},
				"south": {"uv": [0, 0, 2, 0.75], "texture": "#2", "tintindex": 0},
				"west": {"uv": [0, 0, 16, 0.75], "texture": "#2", "tintindex": 0},
				"up": {"uv": [0, 0, 16, 2], "rotation": 270, "texture": "#2", "tintindex": 0},
				"down": {"uv": [0, 0, 16, 2], "rotation": 90, "texture": "#2", "tintindex": 0}
			}
		}
	]
}