{
	"credit": "Made with Blockbench",
	"textures": {
		"0": "block/redstone_dust_line0",
		"1": "block/redstone_overlay",
		"particle": "block/redstone_dust_line0"
	},
	"elements": [
		{
			"from": [7, 0, -0.001],
			"to": [9, 0.75, 7],
			"faces": {
				"north": {"uv": [0, 0, 2, 0.75], "texture": "#0", "tintindex": 0},
				"east": {"uv": [0, 0, 7, 0.75], "texture": "#0", "tintindex": 0},
				"south": {"uv": [0, 0, 2, 0.75], "texture": "#0", "tintindex": 0},
				"west": {"uv": [0, 0, 7, 0.75], "texture": "#0", "tintindex": 0},
				"up": {"uv": [0, 0, 7, 2], "rotation": 90, "texture": "#0", "tintindex": 0},
				"down": {"uv": [0, 0, 7, 2], "rotation": 90, "texture": "#0", "tintindex": 0}
			}
		},
		{
			"from": [-0.001, 0, 7],
			"to": [16.001, 0.75, 9],
			"faces": {
				"north": {"uv": [0, 0, 16, 0.75], "texture": "#0", "tintindex": 0},
				"east": {"uv": [0, 0, 2, 0.75], "texture": "#0", "tintindex": 0},
				"south": {"uv": [0, 0, 16, 0.75], "texture": "#0", "tintindex": 0},
				"west": {"uv": [0, 0, 2, 0.75], "texture": "#0", "tintindex": 0},
				"up": {"uv": [0, 0, 16, 2], "texture": "#0", "tintindex": 0},
				"down": {"uv": [0, 0, 9, 2], "texture": "#0", "tintindex": 0}
			}
		},
		{
			"from": [0, -0.001, 6],
			"to": [16, 0.25, 10],
			"faces": {
				"north": {"uv": [8, 0, 8.25, 16], "rotation": 90, "texture": "#1"},
				"east": {"uv": [6, 4, 10, 4.25], "texture": "#1"},
				"south": {"uv": [9, 0, 9.25, 16], "rotation": 90, "texture": "#1"},
				"west": {"uv": [6, 0, 10, 0.25], "texture": "#1"},
				"up": {"uv": [6, 0, 10, 16], "rotation": 90, "texture": "#1"},
				"down": {"uv": [6, 0, 10, 10], "rotation": 90, "texture": "#1"}
			}
		},
		{
			"from": [6, -0.001, 0],
			"to": [10, 0.25, 6],
			"faces": {
				"north": {"uv": [6, 7, 10, 7.25], "texture": "#1"},
				"east": {"uv": [4, 7, 10, 7.25], "texture": "#1"},
				"south": {"uv": [0, 0, 4, 0.25], "texture": "#1"},
				"west": {"uv": [4, 7, 10, 7.25], "texture": "#1"},
				"up": {"uv": [6, 0, 10, 6], "texture": "#1"},
				"down": {"uv": [6, 0, 10, 6], "texture": "#1"}
			}
		},
		{
			"from": [6, 0, 6],
			"to": [10, 1, 7],
			"faces": {
				"north": {"uv": [6, 6, 10, 7], "texture": "#1"},
				"east": {"uv": [6, 6, 7, 7], "texture": "#1"},
				"south": {"uv": [6, 6, 10, 7], "texture": "#1"},
				"west": {"uv": [6, 6, 7, 7], "texture": "#1"},
				"up": {"uv": [6, 6, 10, 7], "texture": "#1"},
				"down": {"uv": [6, 6, 10, 7], "texture": "#1"}
			}
		},
		{
			"from": [6, 0, 7],
			"to": [7, 1, 10],
			"faces": {
				"north": {"uv": [0, 0, 1, 1], "texture": "#1"},
				"east": {"uv": [6, 6, 9, 7], "texture": "#1"},
				"south": {"uv": [9, 8, 10, 9], "texture": "#1"},
				"west": {"uv": [7, 6, 10, 7], "texture": "#1"},
				"up": {"uv": [6, 6, 9, 7], "rotation": 90, "texture": "#1"},
				"down": {"uv": [6, 7, 7, 10], "texture": "#1"}
			}
		},
		{
			"from": [9, 0, 7],
			"to": [10, 1, 10],
			"faces": {
				"north": {"uv": [0, 0, 1, 1], "texture": "#1"},
				"east": {"uv": [6, 6, 9, 7], "texture": "#1"},
				"south": {"uv": [6, 6, 7, 7], "texture": "#1"},
				"west": {"uv": [7, 6, 10, 7], "texture": "#1"},
				"up": {"uv": [6, 6, 9, 7], "rotation": 90, "texture": "#1"},
				"down": {"uv": [6, 7, 7, 10], "texture": "#1"}
			}
		}
	]
}