{
	"credit": "Made with Blockbench",
	"textures": {
		"0": "block/repeater",
		"1": "block/redstone_torch_off",
		"2": "block/repeater_base",
		"3": "block/redstone_torch",
		"4": "block/bedrock",
		"particle": "block/repeater"
	},
	"elements": [
		{
			"from": [9, 0, 0],
			"to": [11, 2, 16],
			"faces": {
				"north": {"uv": [2, 14, 4, 16], "rotation": 90, "texture": "#0"},
				"east": {"uv": [0, 0, 2, 16], "rotation": 90, "texture": "#0"},
				"south": {"uv": [2, 10, 4, 12], "rotation": 90, "texture": "#0"},
				"west": {"uv": [14, 0, 16, 16], "rotation": 90, "texture": "#0"},
				"up": {"uv": [8, 0, 10, 16], "texture": "#0"},
				"down": {"uv": [5, 0, 7, 16], "texture": "#2"}
			}
		},
		{
			"from": [5, 0, 0],
			"to": [7, 2, 16],
			"faces": {
				"north": {"uv": [2, 10, 4, 12], "rotation": 90, "texture": "#0"},
				"east": {"uv": [11, 0, 13, 16], "rotation": 90, "texture": "#0"},
				"south": {"uv": [2, 14, 4, 16], "rotation": 90, "texture": "#0"},
				"west": {"uv": [0, 16, 2, 0], "rotation": 90, "texture": "#0"},
				"up": {"uv": [4, 0, 6, 16], "texture": "#0"},
				"down": {"uv": [6, 0, 8, 16], "texture": "#2"}
			}
		},
		{
			"from": [7, 0, 6],
			"to": [9, 1.5, 14],
			"faces": {
				"north": {"uv": [0, 0, 2, 1.75], "texture": "#0"},
				"east": {"uv": [0, 0, 8, 1.75], "texture": "#0"},
				"south": {"uv": [0, 0, 2, 1.75], "texture": "#0"},
				"west": {"uv": [0, 0, 8, 1.75], "texture": "#0"},
				"up": {"uv": [6, 6, 8, 14], "texture": "#0"},
				"down": {"uv": [7, 2, 9, 10], "texture": "#2"}
			}
		},
		{
			"from": [7, 0, 14],
			"to": [9, 2, 16],
			"faces": {
				"north": {"uv": [12, 5, 14, 7], "texture": "#0"},
				"east": {"uv": [0, 0, 2, 2], "texture": "#0"},
				"south": {"uv": [2, 12, 4, 14], "rotation": 90, "texture": "#0"},
				"west": {"uv": [0, 0, 2, 2], "texture": "#0"},
				"up": {"uv": [6, 14, 8, 16], "texture": "#0"},
				"down": {"uv": [7, 0, 9, 2], "texture": "#2"}
			}
		},
		{
			"from": [7, 0, 0],
			"to": [9, 2, 6],
			"faces": {
				"north": {"uv": [2, 12, 4, 14], "rotation": 90, "texture": "#0"},
				"east": {"uv": [0, 0, 6, 2], "texture": "#0"},
				"south": {"uv": [0, 0, 2, 2], "texture": "#0"},
				"west": {"uv": [0, 0, 6, 2], "texture": "#0"},
				"up": {"uv": [6, 0, 8, 6], "texture": "#0"},
				"down": {"uv": [7, 10, 9, 16], "texture": "#2"}
			}
		},
		{
			"from": [7, 2, 2],
			"to": [9, 5, 4],
			"faces": {
				"north": {"uv": [7, 6, 9, 9], "texture": "#3"},
				"east": {"uv": [7, 6, 9, 9], "texture": "#3"},
				"south": {"uv": [7, 6, 9, 9], "texture": "#3"},
				"west": {"uv": [7, 6, 9, 9], "texture": "#3"},
				"up": {"uv": [7, 6, 9, 8], "texture": "#3"},
				"down": {"uv": [7, 6, 9, 8], "texture": "#3"}
			}
		},
		{
			"from": [7, 1, 12],
			"to": [9, 7, 14],
			"faces": {
				"north": {"uv": [7, 6, 9, 12], "texture": "#1"},
				"east": {"uv": [7, 6, 9, 12], "texture": "#1"},
				"south": {"uv": [7, 6, 9, 12], "texture": "#1"},
				"west": {"uv": [7, 6, 9, 12], "texture": "#1"},
				"up": {"uv": [7, 6, 9, 8], "texture": "#1"},
				"down": {"uv": [0, 0, 2, 2], "texture": "#0"}
			}
		},
		{
			"from": [11, 0, 0],
			"to": [16, 1, 16],
			"faces": {
				"north": {"uv": [4, 0, 9, 0.25], "texture": "#0"},
				"east": {"uv": [10, 0, 10.25, 16], "rotation": 90, "texture": "#0"},
				"south": {"uv": [5, 0, 10, 0.25], "texture": "#0"},
				"west": {"uv": [0, 0, 16, 0.25], "texture": "#missing"},
				"up": {"uv": [11, 0, 16, 16], "texture": "#2"},
				"down": {"uv": [11, 0, 16, 16], "texture": "#2"}
			}
		},
		{
			"from": [0, 0, 0],
			"to": [5, 1, 16],
			"faces": {
				"north": {"uv": [4, 0, 9, 0.25], "texture": "#0"},
				"east": {"uv": [0, 0, 16, 0.25], "texture": "#missing"},
				"south": {"uv": [5, 0, 10, 0.25], "texture": "#0"},
				"west": {"uv": [10, 0, 10.25, 16], "rotation": 90, "texture": "#0"},
				"up": {"uv": [0, 0, 5, 16], "texture": "#2"},
				"down": {"uv": [0, 0, 5, 16], "texture": "#2"}
			}
		},
		{
			"from": [7, 2, 1],
			"to": [9, 3, 5],
			"faces": {
				"north": {"uv": [7, 3, 9, 4], "texture": "#4"},
				"east": {"uv": [7, 3, 11, 4], "texture": "#4"},
				"south": {"uv": [7, 3, 9, 7], "texture": "#4"},
				"west": {"uv": [7, 3, 11, 4], "texture": "#4"},
				"up": {"uv": [7, 3, 9, 7], "texture": "#4"},
				"down": {"uv": [7, 3, 9, 7], "texture": "#4"}
			}
		},
		{
			"from": [6, 2, 2],
			"to": [10, 3, 4],
			"faces": {
				"north": {"uv": [5, 3, 6, 7], "rotation": 90, "texture": "#4"},
				"east": {"uv": [5, 3, 6, 5], "rotation": 90, "texture": "#4"},
				"south": {"uv": [5, 3, 6, 7], "rotation": 90, "texture": "#4"},
				"west": {"uv": [5, 3, 6, 5], "rotation": 90, "texture": "#4"},
				"up": {"uv": [5, 3, 7, 7], "rotation": 90, "texture": "#4"},
				"down": {"uv": [5, 3, 7, 7], "rotation": 90, "texture": "#4"}
			}
		}
	]
}