{
	"credit": "Made with Blockbench",
	"texture_size": [32, 32],
	"textures": {
		"1": "block/spruce_sapling",
		"particle": "block/oak_sapling"
	},
	"elements": [
		{
			"from": [3, 0, 8],
			"to": [13, 16, 8],
			"rotation": {"angle": 45, "axis": "y", "origin": [8, 6, 8]},
			"faces": {
				"north": {"uv": [9.5, 0, 14.5, 8], "texture": "#1"},
				"east": {"uv": [1.5, 0, 1.5, 6], "texture": "#1"},
				"south": {"uv": [9.5, 0, 14.5, 8], "texture": "#1"},
				"west": {"uv": [1.5, 0, 1.5, 6], "texture": "#1"},
				"up": {"uv": [0, 0, 5, 0], "texture": "#1"},
				"down": {"uv": [0, 0, 5, 0], "texture": "#1"}
			}
		},
		{
			"from": [8, 0, 3],
			"to": [8, 16, 13],
			"rotation": {"angle": 45, "axis": "y", "origin": [8, 6, 8]},
			"faces": {
				"east": {"uv": [9.5, 0, 14.5, 8], "texture": "#1"},
				"west": {"uv": [9.5, 0, 14.5, 8], "texture": "#1"}
			}
		},
		{
			"from": [4, 4, 4],
			"to": [12, 10, 12],
			"faces": {
				"north": {"uv": [2, 10.5, 6, 13.5], "texture": "#1"},
				"east": {"uv": [2, 10.5, 6, 13.5], "texture": "#1"},
				"south": {"uv": [2, 10.5, 6, 13.5], "texture": "#1"},
				"west": {"uv": [2, 10.5, 6, 13.5], "texture": "#1"},
				"up": {"uv": [2, 2.5, 6, 6.5], "texture": "#1"}
			}
		},
		{
			"from": [5, 11, 5],
			"to": [11, 17, 11],
			"faces": {
				"north": {"uv": [3.5, 10.5, 6.5, 13.5], "texture": "#1"},
				"east": {"uv": [3.5, 10.5, 6.5, 13.5], "texture": "#1"},
				"south": {"uv": [3.5, 10.5, 6.5, 13.5], "texture": "#1"},
				"west": {"uv": [3.5, 10.5, 6.5, 13.5], "texture": "#1"},
				"up": {"uv": [2, 2.5, 5, 5.5], "texture": "#1"}
			}
		}
	],
	"display": {
		"thirdperson_righthand": {
			"translation": [0, 3, 1],
			"scale": [0.55, 0.55, 0.55]
		},
		"thirdperson_lefthand": {
			"translation": [0, 3, 1],
			"scale": [0.55, 0.55, 0.55]
		},
		"firstperson_righthand": {
			"rotation": [0, -90, 25],
			"translation": [1.13, 3.2, 1.13],
			"scale": [0.68, 0.68, 0.68]
		},
		"firstperson_lefthand": {
			"rotation": [0, -90, 25],
			"translation": [1.13, 3.2, 1.13],
			"scale": [0.68, 0.68, 0.68]
		},
		"ground": {
			"translation": [0, 2, 0],
			"scale": [0.5, 0.5, 0.5]
		},
		"gui": {
			"rotation": [30, 45, 0],
			"translation": [0, 0.5, 0]
		},
		"head": {
			"rotation": [0, 180, 0],
			"translation": [0, 15.75, 0],
			"scale": [1.2, 1.2, 1.2]
		},
		"fixed": {
			"rotation": [0, 180, 0]
		}
	}
}