{
	"credit": "Made with Blockbench",
	"texture_size": [32, 32],
	"textures": {
		"1": "block/spruce_sapling",
		"3": "block/spruce_sapling_1",
		"particle": "block/oak_sapling"
	},
	"elements": [
		{
			"from": [0, 4, 0],
			"to": [16, 16, 16],
			"rotation": {"angle": 0, "axis": "y", "origin": [0, -4, 0]},
			"faces": {
				"north": {"uv": [0, 8, 8, 14], "texture": "#1"},
				"east": {"uv": [0, 8, 8, 14], "texture": "#1"},
				"south": {"uv": [0, 8, 8, 14], "texture": "#1"},
				"west": {"uv": [0, 8, 8, 14], "texture": "#1"},
				"up": {"uv": [0, 0, 8, 8], "texture": "#1"}
			}
		},
		{
			"from": [0, 0, 8],
			"to": [16, 16, 8],
			"rotation": {"angle": -45, "axis": "y", "origin": [8, 0, 8], "rescale": true},
			"faces": {
				"north": {"uv": [8, 8, 16, 16], "texture": "#1"},
				"east": {"uv": [0, 0, 0, 16], "texture": "#1"},
				"south": {"uv": [8, 8, 16, 16], "texture": "#1"},
				"west": {"uv": [0, 0, 0, 16], "texture": "#1"},
				"up": {"uv": [0, 0, 0, 16], "rotation": 90, "texture": "#1"},
				"down": {"uv": [0, 0, 0, 16], "rotation": 270, "texture": "#1"}
			}
		},
		{
			"from": [2, 16, 8],
			"to": [14, 28, 8],
			"rotation": {"angle": -45, "axis": "y", "origin": [8, 0, 8], "rescale": true},
			"faces": {
				"north": {"uv": [2, 4, 14, 16], "texture": "#3"},
				"east": {"uv": [0, 0, 0, 16], "texture": "#1"},
				"south": {"uv": [2, 4, 14, 16], "texture": "#3"},
				"west": {"uv": [0, 0, 0, 16], "texture": "#1"},
				"up": {"uv": [0, 0, 0, 16], "rotation": 90, "texture": "#1"},
				"down": {"uv": [0, 0, 0, 16], "rotation": 270, "texture": "#1"}
			}
		},
		{
			"from": [3, 16, 8],
			"to": [13, 28, 8],
			"rotation": {"angle": 45, "axis": "y", "origin": [8, 0, 8], "rescale": true},
			"faces": {
				"north": {"uv": [2, 4, 14, 16], "texture": "#3"},
				"east": {"uv": [0, 0, 0, 16], "texture": "#1"},
				"south": {"uv": [2, 4, 14, 16], "texture": "#3"},
				"west": {"uv": [0, 0, 0, 16], "texture": "#1"},
				"up": {"uv": [0, 0, 0, 16], "rotation": 90, "texture": "#1"},
				"down": {"uv": [0, 0, 0, 16], "rotation": 270, "texture": "#1"}
			}
		},
		{
			"from": [0, 0, 8],
			"to": [16, 16, 8],
			"rotation": {"angle": 45, "axis": "y", "origin": [8, 0, 8], "rescale": true},
			"faces": {
				"north": {"uv": [8, 8, 16, 16], "texture": "#1"},
				"east": {"uv": [0, 0, 0, 16], "texture": "#1"},
				"south": {"uv": [8, 8, 16, 16], "texture": "#1"},
				"west": {"uv": [0, 0, 0, 16], "texture": "#1"},
				"up": {"uv": [0, 0, 0, 16], "rotation": 270, "texture": "#1"},
				"down": {"uv": [0, 0, 0, 16], "rotation": 90, "texture": "#1"}
			}
		},
		{
			"from": [2, 18, 2],
			"to": [14, 28, 14],
			"faces": {
				"north": {"uv": [0, 9, 6, 14], "texture": "#1"},
				"east": {"uv": [0, 9, 6, 14], "texture": "#1"},
				"south": {"uv": [0, 9, 6, 14], "texture": "#1"},
				"west": {"uv": [0, 9, 6, 14], "texture": "#1"},
				"up": {"uv": [1.5, 2, 7.5, 8], "texture": "#1"}
			}
		}
	]
}