{
	"credit": "Made with Blockbench",
	"textures": {
		"3": "block/piston_arm",
		"4": "block/piston_inner",
		"5": "block/piston_back",
		"particle": "#platform"
	},
	"elements": [
		{
			"from": [0, 0, 0],
			"to": [16, 16, 4],
			"faces": {
				"north": {"uv": [0, 0, 16, 16], "texture": "#platform", "cullface": "north"},
				"east": {"uv": [0, 0, 16, 4], "rotation": 90, "texture": "#side", "cullface": "east"},
				"south": {"uv": [0, 0, 16, 16], "texture": "#5"},
				"west": {"uv": [0, 0, 16, 4], "rotation": 270, "texture": "#side", "cullface": "west"},
				"up": {"uv": [0, 0, 16, 4], "texture": "#side", "cullface": "up"},
				"down": {"uv": [0, 0, 16, 4], "rotation": 180, "texture": "#side", "cullface": "down"}
			}
		},
		{
			"from": [6, 6, 4],
			"to": [10, 10, 20],
			"faces": {
				"east": {"uv": [6, 0, 10, 16], "rotation": 90, "texture": "#3"},
				"west": {"uv": [10, 16, 6, 0], "rotation": 90, "texture": "#3"},
				"up": {"uv": [6, 0, 10, 16], "texture": "#3"},
				"down": {"uv": [6, 0, 10, 16], "rotation": 180, "texture": "#3"}
			}
		},
		{
			"from": [5, 5, 12],
			"to": [11, 11, 20],
			"faces": {
				"north": {"uv": [5, 5, 11, 11], "texture": "#4"},
				"east": {"uv": [5, 8, 11, 16], "rotation": 90, "texture": "#3"},
				"south": {"uv": [0, 0, 0, 0], "texture": "#3"},
				"west": {"uv": [11, 16, 5, 8], "rotation": 90, "texture": "#3"},
				"up": {"uv": [5, 8, 11, 16], "texture": "#3"},
				"down": {"uv": [5, 8, 11, 16], "rotation": 180, "texture": "#3"}
			}
		}
	]
}