{
    "variants": {
        "": [
			{ "model": "block/cactus", "weight":60},
			{ "model": "block/cactus_1"},
			{ "model": "block/cactus_1", "y":90},
			{ "model": "block/cactus_2"},
			{ "model": "block/cactus_2", "y":90},
			{ "model": "block/cactus_3"},
			{ "model": "block/cactus_3", "y":90},
			{ "model": "block/cactus_4"},
			{ "model": "block/cactus_4", "y":90},
			{ "model": "block/cactus_5"},
			{ "model": "block/cactus_5", "y":90},
			{ "model": "block/cactus_w_1"},
			{ "model": "block/cactus_w_1", "y":90},
			{ "model": "block/cactus_w_2"},
			{ "model": "block/cactus_w_2", "y":90},
			{ "model": "block/cactus_w_3"},
			{ "model": "block/cactus_w_3", "y":90},
			{ "model": "block/cactus_w_4"},
			{ "model": "block/cactus_w_4", "y":90},
			{ "model": "block/cactus_w_5"},
			{ "model": "block/cactus_w_5", "y":90}
        ]
    }
}
