{
  "variants": {
    "facing=east": [
	{"model": "minecraft:block/carved_pumpkin","y": 90},
	{"model": "minecraft:block/carved_pumpkin_1","y": 90}
	],
    "facing=north": [
	{"model": "minecraft:block/carved_pumpkin"},
	{"model": "minecraft:block/carved_pumpkin_1"}
	],
    "facing=south": [
	{"model": "minecraft:block/carved_pumpkin","y": 180},
	{"model": "minecraft:block/carved_pumpkin_1","y": 180}
	],
    "facing=west": [
	{"model": "minecraft:block/carved_pumpkin","y": 270},
	{"model": "minecraft:block/carved_pumpkin_1","y": 270}
	]
  }
}