{
    "variants": {
        "facing=down,triggered=false":  { "model": "block/dispenser_vertical", "x": 180 },
        "facing=up,triggered=false":    { "model": "block/dispenser_vertical" },
        "facing=north,triggered=false": { "model": "block/dispenser" },
        "facing=south,triggered=false": { "model": "block/dispenser", "y": 180 },
        "facing=west,triggered=false":  { "model": "block/dispenser", "y": 270 },
        "facing=east,triggered=false":  { "model": "block/dispenser", "y": 90 },
		"facing=down,triggered=true":  { "model": "block/dispenser_vertical_on", "x": 180 },
        "facing=up,triggered=true":    { "model": "block/dispenser_vertical_on" },
        "facing=north,triggered=true": { "model": "block/dispenser_on" },
        "facing=south,triggered=true": { "model": "block/dispenser_on", "y": 180 },
        "facing=west,triggered=true":  { "model": "block/dispenser_on", "y": 270 },
        "facing=east,triggered=true":  { "model": "block/dispenser_on", "y": 90 }
    }
}
