{
    "multipart": [
        {   "when": { "OR": [
                {"north": "none", "east": "none", "south": "none", "west": "none"},
				{"north": "side|up", "east": "side|up", "south": "side|up", "west": "side|up"}
            ]},
            "apply": { "model": "block/redstone_dust_dot" }
        },
        {   "when": { "OR": [
                { "north": "side|up", "east": "none", "south": "none", "west": "none" },
                { "north": "none", "east": "none", "south": "side|up", "west": "none" },
				{ "north": "side|up", "east": "none", "south": "side|up", "west": "none" },
				{ "north": "side|up", "east": "side|up", "south": "side|up", "west": "side|up" }
            ]},
            "apply": { "model": "block/redstone_dust_side0" }
        },
        {   "when": { "OR": [
                { "north": "none", "east": "side|up", "south": "none", "west": "none" },
                { "north": "none", "east": "none", "south": "none", "west": "side|up" },
				{ "north": "none", "east": "side|up", "south": "none", "west": "side|up" },
				{ "north": "side|up", "east": "side|up", "south": "side|up", "west": "side|up" }
            ]},
            "apply": { "model": "block/redstone_dust_side0", "y": 90 }
		
        },
        {   "when": { "north": "side|up", "east": "side|up", "south": "none", "west": "side|up" },
            "apply": { "model": "block/redstone_dust_connect" }
		},
		{   "when": { "north": "side|up", "east": "none", "south": "side|up", "west": "side|up" },
            "apply": { "model": "block/redstone_dust_connect", "y": 270 }
        },
		{   "when": { "north": "side|up", "east": "side|up", "south": "side|up", "west": "none" },
            "apply": { "model": "block/redstone_dust_connect", "y": 90 }
        },
		{   "when": { "north": "none", "east": "side|up", "south": "side|up", "west": "side|up" },
            "apply": { "model": "block/redstone_dust_connect", "y": 180 }
        },
		{   "when": { "north": "side|up", "east": "none", "south": "none", "west": "side|up" },
            "apply": { "model": "block/redstone_dust_corner"}
		},
		{   "when": { "north": "side|up", "east": "side|up", "south": "none", "west": "none" },
            "apply": { "model": "block/redstone_dust_corner", "y": 90}
        },
		{   "when": { "north": "none", "east": "side|up", "south": "side|up", "west": "none" },
            "apply": { "model": "block/redstone_dust_corner", "y": 180}
		},
		{   "when": { "north": "none", "east": "none", "south": "side|up", "west": "side|up" },
            "apply": { "model": "block/redstone_dust_corner", "y": 270}
        },
        {   "when": { "north": "up" },
            "apply": { "model": "block/redstone_dust_up" }
        },
        {   "when": { "east": "up" },
            "apply": { "model": "block/redstone_dust_up", "y": 90 }
        },
        {   "when": { "south": "up" },
            "apply": { "model": "block/redstone_dust_up", "y": 180 }
        },
        {   "when": { "west": "up" },
            "apply": { "model": "block/redstone_dust_up", "y": 270 }
        }
    ]
}
