{
    "type": "minecraft:crafting_shaped",
    "pattern": [
        "#C#",
        "WOC",
        "#W#"
    ],
    "key": {
        "#": {
            "item": "scguns:rivet"
        },
        "C": {
            "item": "create:cogwheel"
        },
        "W": {
            "item": "create:large_cogwheel"
        },
        "O": {
            "item": "create:andesite_alloy"
        }
    },
    "result": {
        "item": "scguns:basic_mechanism",
        "count": 1
    }
}