{
  "type": "create:sequenced_assembly",
  "ingredient": {
    "item": "scguns:brass_slag"
  },
  "transitionalItem": {
    "item": "scguns:brass_slag"
  },
  "sequence": [
    {
      "type": "create:filling",
      "ingredients": [
        {
          "item": "scguns:brass_slag"
        },
        {
          "fluid": "minecraft:lava",
          "nbt": {},
          "amount": 50
        }
      ],
      "results": [
        {
          "item": "scguns:brass_slag"
        }
      ]
    },
    {
      "type": "create:pressing",
      "ingredients": [
        {
          "item": "scguns:brass_slag"
        }
      ],
      "results": [
        {
          "item": "scguns:brass_slag"
        }
      ]
    },
    {
      "type": "create:pressing",
      "ingredients": [
        {
          "item": "scguns:brass_slag"
        }
      ],
      "results": [
        {
          "item": "scguns:brass_slag"
        }
      ]
    }
  ],
  "results": [
    {
      "item": "create:brass_ingot",
      "chance": 1
    }
  ],
  "loops": 1
}