{
  "type": "create:sequenced_assembly",
  "ingredient": {
    "item": "scguns:brass_conversion_kit"
  },
  "transitionalItem": {
    "item": "scguns:brass_conversion_kit"
  },
  "sequence": [
    {
      "type": "create:filling",
      "ingredients": [
        {
          "item": "scguns:brass_conversion_kit"
        },
        {
          "fluid": "minecraft:lava",
          "nbt": {},
          "amount": 250
        }
      ],
      "results": [
        {
          "item": "scguns:brass_conversion_kit"
        }
      ]
    },
    {
      "type": "create:deploying",
      "ingredients": [
        {
          "item": "scguns:brass_conversion_kit"
        },
        {
          "item": "scguns:scorched_bronze_ingot"
        }
      ],
      "results": [
        {
          "item": "scguns:brass_conversion_kit"
        }
      ]
    },
    {
      "type": "create:deploying",
      "ingredients": [
        {
          "item": "scguns:brass_conversion_kit"
        },
        {
          "item": "scguns:scorched_bronze_ingot"
        }
      ],
      "results": [
        {
          "item": "scguns:brass_conversion_kit"
        }
      ]
    },
    {
      "type": "create:pressing",
      "ingredients": [
        {
          "item": "scguns:brass_conversion_kit"
        }
      ],
      "results": [
        {
          "item": "scguns:brass_conversion_kit"
        }
      ]
    },
    {
      "type": "create:filling",
      "ingredients": [
        {
          "item": "scguns:brass_conversion_kit"
        },
        {
          "fluid": "minecraft:water",
          "nbt": {},
          "amount": 500
        }
      ],
      "results": [
        {
          "item": "scguns:brass_conversion_kit"
        }
      ]
    },
    {
      "type": "create:deploying",
      "ingredients": [
        {
          "item": "scguns:brass_conversion_kit"
        },
        {
          "item": "create:cogwheel"
        }
      ],
      "results": [
        {
          "item": "scguns:brass_conversion_kit"
        }
      ]
    },
    {
      "type": "create:deploying",
      "ingredients": [
        {
          "item": "scguns:brass_conversion_kit"
        },
        {
          "item": "create:large_cogwheel"
        }
      ],
      "results": [
        {
          "item": "scguns:brass_conversion_kit"
        }
      ]
    }
  ],
  "results": [
    {
      "item": "scguns:special_conversion_kit",
      "chance": 20
    }
  ],
  "loops": 2
}