{
  "type": "create:sequenced_assembly",
  "ingredient": {
    "item": "scguns:diamond_steel_slag"
  },
  "transitionalItem": {
    "item": "scguns:diamond_steel_slag"
  },
  "sequence": [
    {
      "type": "create:filling",
      "ingredients": [
        {
          "item": "scguns:diamond_steel_slag"
        },
        {
          "fluid": "minecraft:lava",
          "nbt": {},
          "amount": 250
        }
      ],
      "results": [
        {
          "item": "scguns:diamond_steel_slag"
        }
      ]
    },
    {
      "type": "create:pressing",
      "ingredients": [
        {
          "item": "scguns:diamond_steel_slag"
        }
      ],
      "results": [
        {
          "item": "scguns:diamond_steel_slag"
        }
      ]
    },
    {
      "type": "create:pressing",
      "ingredients": [
        {
          "item": "scguns:diamond_steel_slag"
        }
      ],
      "results": [
        {
          "item": "scguns:diamond_steel_slag"
        }
      ]
    },
    {
      "type": "create:pressing",
      "ingredients": [
        {
          "item": "scguns:diamond_steel_slag"
        }
      ],
      "results": [
        {
          "item": "scguns:diamond_steel_slag"
        }
      ]
    },    {
      "type": "create:filling",
      "ingredients": [
        {
          "item": "scguns:diamond_steel_slag"
        },
        {
          "fluid": "minecraft:water",
          "nbt": {},
          "amount": 500
        }
      ],
      "results": [
        {
          "item": "scguns:diamond_steel_slag"
        }
      ]
    }
  ],
  "results": [
    {
      "item": "scguns:diamond_steel_nugget",
      "chance": 1
    }
  ],
  "loops": 4
}